repo,data_str
flask,2026-09-08 09:40:33 -0700
flask,2026-08-16 11:35:31 -0700
flask,2026-08-11 15:32:49 -0700
flask,2026-08-11 13:19:14 -0700
flask,2026-08-11 13:15:18 -0700
flask,2026-08-11 12:56:09 -0700
flask,2026-08-11 12:48:40 -0700
flask,2026-07-14 16:42:09 +0200
flask,2026-07-14 16:40:58 +0200
flask,2026-08-11 12:43:58 -0700
flask,2026-08-11 11:59:41 -0700
flask,2026-08-10 16:45:01 -0700
flask,2026-07-30 10:29:33 -0700
flask,2026-07-30 10:27:54 -0700
flask,2026-07-30 10:25:54 -0700
flask,2026-07-30 10:05:04 -0700
flask,2026-07-14 12:07:37 +0200
flask,2026-06-10 11:03:21 -0700
flask,2026-05-31 07:42:46 -0700
flask,2026-05-18 16:35:44 -0700
flask,2026-05-13 07:37:53 -0700
flask,2026-05-13 07:37:21 -0700
flask,2026-05-02 05:59:12 -0700
flask,2026-05-01 20:58:56 -0700
flask,2026-05-01 20:53:36 -0700
flask,2026-05-01 20:17:23 -0700
flask,2026-04-08 21:04:03 -0700
flask,2026-04-08 21:01:29 -0700
flask,2026-04-05 12:32:14 -0700
flask,2026-04-05 12:31:01 -0700
flask,2026-04-05 11:24:48 -0700
flask,2026-04-05 11:13:13 -0700
flask,2026-04-03 15:59:16 -0700
flask,2026-03-24 06:55:57 -0700
flask,2026-03-24 06:47:30 -0700
flask,2026-03-08 16:21:50 -0700
flask,2026-03-08 16:20:07 -0700
flask,2026-03-08 16:15:00 -0700
flask,2026-03-08 16:05:00 -0700
flask,2026-03-04 07:36:21 -0800
flask,2026-03-04 07:36:09 -0800
flask,2026-02-19 20:00:34 -0800
flask,2026-02-19 19:41:50 -0800
flask,2026-02-19 08:42:33 -0800
flask,2026-02-19 08:35:48 -0800
flask,2026-02-18 21:56:24 -0800
flask,2026-02-18 21:01:53 -0800
flask,2026-02-18 19:41:55 -0800
flask,2026-02-18 19:35:58 -0800
flask,2026-02-18 19:02:54 -0800
flask,2026-02-18 14:52:52 -0800
flask,2026-02-12 13:11:01 -0800
flask,2026-02-12 13:07:50 -0800
flask,2026-02-12 13:03:03 -0800
flask,2026-02-06 13:22:54 -0800
flask,2026-02-03 10:22:19 -0800
flask,2026-02-03 10:20:49 -0800
flask,2026-02-03 10:19:45 -0800
flask,2026-01-28 07:43:00 -0800
flask,2026-01-20 14:16:17 +0100
flask,2026-01-25 10:38:42 -0800
flask,2026-01-25 10:35:12 -0800
flask,2026-01-25 10:31:31 -0800
flask,2026-01-24 19:55:36 -0800
flask,2026-01-24 19:53:11 -0800
flask,2026-01-24 19:52:11 -0800
flask,2026-01-24 19:50:30 -0800
flask,2026-01-24 19:11:02 -0800
flask,2026-01-24 19:05:26 -0800
flask,2026-01-24 19:04:07 -0800
flask,2025-12-17 15:44:15 +0100
flask,2026-01-24 19:00:23 -0800
flask,2026-01-24 18:58:45 -0800
flask,2025-11-05 18:13:26 +0100
flask,2026-01-25 08:16:56 +0530
flask,2026-01-24 18:25:31 -0800
flask,2026-01-24 17:18:35 -0800
flask,2026-01-24 16:50:54 -0800
flask,2026-01-24 17:15:54 -0800
flask,2026-01-24 17:14:20 -0800
flask,2026-01-05 08:49:46 -0800
flask,2025-11-28 11:05:47 -0800
flask,2025-11-17 10:05:51 -0800
flask,2025-11-17 10:05:39 -0800
flask,2025-11-17 10:03:42 -0800
flask,2025-11-17 10:02:53 -0800
flask,2025-11-17 09:45:56 -0800
flask,2025-11-17 09:43:40 -0800
flask,2025-11-17 08:49:53 -0800
flask,2025-10-14 22:26:26 +0200
flask,2025-09-19 16:58:48 -0700
flask,2025-09-19 16:45:27 -0700
flask,2025-09-12 14:52:03 -0700
flask,2025-09-06 22:01:22 +0530
flask,2025-08-19 14:09:56 -0700
flask,2025-08-19 14:03:43 -0700
flask,2025-08-19 13:42:11 -0700
flask,2025-08-19 13:56:49 -0700
flask,2025-08-06 21:44:28 -0700
flask,2025-08-19 13:41:24 -0700
flask,2025-08-19 12:36:00 -0700
flask,2025-08-19 12:29:47 -0700
flask,2025-05-17 12:17:18 +0800
flask,2025-08-19 10:43:16 -0700
flask,2025-08-19 08:23:51 -0700
flask,2025-08-19 08:18:55 -0700
flask,2025-08-18 11:44:57 -0700
flask,2025-08-18 11:42:48 -0700
flask,2025-08-18 10:51:12 -0700
flask,2025-08-18 10:26:12 -0700
flask,2025-07-16 12:21:50 +0300
flask,2025-08-18 10:20:06 -0700
flask,2025-05-21 20:35:11 +0200
flask,2025-08-18 10:08:07 -0700
flask,2025-08-18 09:56:39 -0700
flask,2025-08-18 09:41:03 -0700
flask,2025-08-18 09:42:21 -0700
flask,2025-06-12 13:48:07 -0700
flask,2025-06-12 13:46:49 -0700
flask,2025-06-10 13:18:26 -0700
flask,2025-06-10 13:18:15 -0700
flask,2025-06-09 21:20:46 -0700
flask,2025-06-09 21:20:36 -0700
flask,2025-06-09 14:33:44 -0700
flask,2025-06-09 14:33:26 -0700
flask,2025-06-09 14:31:31 -0700
flask,2025-06-08 09:54:32 -0700
flask,2025-06-08 09:52:11 -0700
flask,2025-06-08 09:47:45 -0700
flask,2025-06-08 09:43:05 -0700
flask,2025-05-01 21:10:57 +0530
flask,2025-05-20 12:30:04 -0400
flask,2025-05-18 11:11:00 -0400
flask,2025-05-13 08:35:41 -0700
flask,2025-05-13 08:31:54 -0700
flask,2025-05-13 08:10:30 -0700
flask,2025-05-13 08:09:39 -0700
flask,2025-05-13 08:01:42 -0700
flask,2025-05-13 07:51:12 -0700
flask,2025-05-13 07:46:54 -0700
flask,2025-03-29 16:18:43 -0700
flask,2025-03-10 16:34:12 +0000
flask,2025-05-11 18:08:43 -0700
flask,2025-05-11 18:04:35 -0700
flask,2025-05-11 17:45:03 -0700
flask,2025-05-11 05:58:48 -0700
flask,2025-03-30 13:17:17 -0700
flask,2025-03-30 13:15:54 -0700
flask,2024-11-18 12:55:14 -0600
flask,2025-03-29 15:57:16 -0700
flask,2025-03-29 15:45:11 -0700
flask,2025-03-29 15:42:58 -0700
flask,2025-03-29 15:32:28 -0700
flask,2025-03-29 15:30:56 -0700
flask,2025-03-29 15:28:27 -0700
flask,2025-03-29 15:23:34 -0700
flask,2025-03-29 15:17:48 -0700
flask,2025-03-24 10:42:52 +0100
flask,2025-03-29 15:15:04 -0700
flask,2025-01-29 22:22:52 -0500
flask,2025-03-29 15:10:55 -0700
flask,2025-01-26 01:12:11 +0300
flask,2025-03-29 14:49:06 -0700
flask,2024-11-27 18:14:18 +0800
flask,2025-03-29 14:44:59 -0700
flask,2025-03-29 14:37:13 -0700
flask,2025-01-05 09:10:00 -0800
flask,2025-01-05 09:02:41 -0800
flask,2025-01-05 09:01:49 -0800
flask,2025-01-05 09:02:41 -0800
flask,2025-01-05 09:01:49 -0800
flask,2024-11-23 17:54:29 -0800
flask,2024-11-23 17:52:56 -0800
flask,2024-11-23 03:23:09 +0300
flask,2024-11-23 16:06:37 -0800
flask,2024-11-23 16:03:47 -0800
flask,2024-11-23 16:01:16 -0800
flask,2024-11-23 15:59:30 -0800
flask,2024-11-23 15:41:36 -0800
flask,2024-11-23 15:33:38 -0800
flask,2024-11-20 19:37:06 -0800
flask,2024-11-13 10:27:38 -0800
flask,2024-11-13 08:43:28 -0800
flask,2024-11-13 09:23:24 -0800
flask,2024-11-13 08:48:10 -0800
flask,2024-11-13 08:43:48 -0800
flask,2024-11-13 08:27:11 -0800
flask,2024-11-13 08:22:57 -0800
flask,2024-11-12 21:03:23 -0800
flask,2024-11-12 20:32:53 -0800
flask,2024-11-12 10:13:39 -0800
flask,2024-11-10 20:13:05 -0800
flask,2024-11-08 09:55:00 -0800
flask,2024-11-08 09:48:59 -0800
flask,2024-11-08 08:16:04 -0800
flask,2024-11-08 08:09:01 -0800
flask,2024-11-07 11:56:26 -0800
flask,2024-11-07 11:27:51 -0800
flask,2024-11-06 17:47:57 +0000
flask,2024-11-01 18:06:34 -0700
flask,2024-11-01 18:06:11 -0700
flask,2024-11-01 18:00:39 -0700
flask,2024-11-01 17:18:52 -0700
flask,2024-11-01 16:44:17 -0700
flask,2024-11-01 16:26:37 -0700
flask,2024-06-09 19:55:22 -0600
flask,2024-11-01 13:21:35 -0700
flask,2024-11-01 13:13:05 -0700
flask,2024-10-31 13:15:29 -0700
flask,2024-10-31 13:11:06 -0700
flask,2024-10-31 13:04:44 -0700
flask,2024-10-31 12:59:47 -0700
flask,2024-10-31 12:32:10 -0700
flask,2024-10-31 12:28:46 -0700
flask,2024-10-24 14:54:53 -0700
flask,2024-08-06 16:46:15 -0600
flask,2024-10-24 13:29:34 -0700
flask,2024-10-24 13:28:57 -0700
flask,2024-10-24 13:28:46 -0700
flask,2024-10-24 13:27:52 -0700
flask,2024-10-23 13:45:17 -0700
flask,2024-10-22 14:16:56 -0700
flask,2024-10-22 17:32:02 -0300
flask,2024-10-18 13:22:45 -0700
flask,2024-10-18 13:19:51 -0700
flask,2024-10-18 13:04:35 -0700
flask,2024-10-18 12:59:21 -0700
flask,2024-10-18 10:03:49 -0700
flask,2024-10-18 10:03:09 -0700
flask,2024-10-18 10:02:35 -0700
flask,2024-09-22 21:42:35 +0800
flask,2024-09-01 09:04:14 -0700
flask,2024-09-01 08:48:02 -0700
flask,2024-09-01 08:32:27 -0700
flask,2024-08-23 18:05:21 -0700
flask,2024-08-23 17:20:31 -0700
flask,2024-08-23 17:18:38 -0700
flask,2024-08-23 16:41:53 -0700
flask,2024-08-23 16:41:39 -0700
flask,2024-08-23 16:34:57 -0700
flask,2024-08-23 16:33:59 -0700
flask,2024-08-23 16:33:52 -0700
flask,2024-08-23 16:33:40 -0700
flask,2024-08-23 16:33:27 -0700
flask,2024-08-23 16:32:33 -0700
flask,2024-08-06 08:31:00 -0700
flask,2024-08-05 23:09:19 +0000
flask,2024-08-03 07:28:45 -0700
flask,2024-08-01 15:48:34 +0000
flask,2024-07-10 19:16:46 -0700
flask,2024-07-10 14:37:32 +0000
flask,2024-07-10 18:08:49 -0700
flask,2024-07-09 13:50:44 +0330
flask,2024-07-02 04:17:59 -0700
flask,2024-07-02 00:15:33 +0000
flask,2024-07-01 16:14:08 -0700
flask,2024-07-01 12:47:02 -0700
flask,2024-07-01 15:56:20 +0000
flask,2024-07-01 15:28:16 +0000
flask,2024-06-05 13:23:18 +0100
flask,2024-06-03 15:25:32 -0700
flask,2024-06-03 22:10:27 +0000
flask,2024-06-01 09:01:46 -0700
flask,2024-06-01 15:55:45 +0000
flask,2024-06-01 08:16:45 -0700
flask,2024-06-01 15:12:17 +0000
flask,2024-05-25 11:32:15 -0700
flask,2024-05-19 16:34:00 -0400
flask,2024-05-25 11:27:37 -0700
flask,2024-05-21 23:08:57 +0000
flask,2024-05-25 10:27:04 -0700
flask,2024-04-15 18:28:25 +0200
flask,2024-05-11 08:40:26 -0700
flask,2024-05-11 08:39:30 -0700
flask,2024-05-11 08:37:47 -0700
flask,2024-05-06 15:28:44 -0700
flask,2024-05-06 22:05:35 +0000
flask,2024-05-06 10:24:44 -0700
flask,2024-05-06 10:23:10 -0700
flask,2024-05-06 17:19:27 +0000
flask,2024-05-06 10:17:48 -0700
flask,2024-05-06 17:16:26 +0000
flask,2024-05-06 10:13:35 -0700
flask,2024-05-06 10:12:32 -0700
flask,2024-05-06 10:09:58 -0700
flask,2024-05-02 05:10:51 -0700
flask,2024-05-02 17:57:34 +1000
flask,2024-04-23 16:54:09 -0700
flask,2024-04-23 23:52:58 +0000
flask,2024-04-23 16:52:13 -0700
flask,2024-04-23 23:50:43 +0000
flask,2024-04-23 16:49:42 -0700
flask,2024-04-23 16:31:03 -0700
flask,2024-04-08 15:29:31 -0700
flask,2024-04-08 15:28:57 -0700
flask,2024-04-08 15:28:28 -0700
flask,2024-04-07 12:29:49 -0700
flask,2024-04-07 12:28:51 -0700
flask,2024-04-07 12:27:04 -0700
flask,2024-04-07 12:17:41 -0700
flask,2024-04-07 12:16:22 -0700
flask,2023-10-01 16:37:05 +0100
flask,2024-04-07 12:03:19 -0700
flask,2024-04-07 11:42:24 -0700
flask,2024-04-07 11:30:30 -0700
flask,2024-04-07 11:22:02 -0700
flask,2024-04-07 11:11:26 -0700
flask,2024-04-07 18:04:59 +0000
flask,2024-04-07 11:03:46 -0700
flask,2024-04-07 10:24:40 -0700
flask,2024-04-06 16:17:13 -0700
flask,2024-02-27 01:24:27 +0100
flask,2024-02-12 12:50:45 -0800
flask,2024-02-05 20:28:43 +0000
flask,2024-02-03 13:13:41 -0800
flask,2024-02-03 13:12:15 -0800
flask,2024-02-03 12:54:41 -0800
flask,2024-02-03 12:39:33 -0800
flask,2024-01-26 10:08:55 +0800
flask,2024-02-03 12:18:40 -0800
flask,2024-01-23 11:28:51 -0500
flask,2024-02-03 09:41:38 -0800
flask,2024-02-03 07:40:27 -0800
flask,2024-02-03 07:35:16 -0800
flask,2024-02-01 15:41:57 +0000
flask,2024-02-01 15:31:35 +0000
flask,2024-01-18 12:20:56 -0800
flask,2024-01-18 12:03:25 -0800
flask,2024-01-18 09:19:14 -0800
flask,2024-01-18 11:57:22 -0800
flask,2024-01-18 11:53:19 -0800
flask,2024-01-18 11:41:38 -0800
flask,2024-01-18 09:16:53 -0800
flask,2024-01-18 09:15:01 -0800
flask,2024-01-16 10:12:10 -0800
flask,2023-12-14 08:58:13 -0800
flask,2024-01-15 07:52:57 -0800
flask,2024-01-15 07:52:35 -0800
flask,2024-01-15 07:47:13 -0800
flask,2024-01-01 20:24:30 +0000
flask,2024-01-01 20:24:10 +0000
flask,2024-01-01 07:21:54 -0800
flask,2024-01-01 15:11:19 +0000
flask,2023-12-13 16:28:13 -0800
flask,2023-12-13 16:27:37 -0800
flask,2023-12-13 15:13:41 -0800
flask,2023-12-13 15:13:22 -0800
flask,2023-12-05 09:58:59 -0800
flask,2023-12-13 15:06:37 -0800
flask,2023-11-24 16:03:31 -0600
flask,2023-12-13 15:01:14 -0800
flask,2023-12-01 15:32:16 +0000
flask,2023-12-04 14:26:30 -0800
flask,2023-12-04 14:26:15 -0800
flask,2023-12-04 20:29:39 +0000
flask,2023-12-01 15:47:14 +0000
flask,2023-11-15 13:03:05 -0800
flask,2023-11-15 12:55:43 -0800
flask,2023-11-13 16:58:47 +0530
flask,2023-11-15 12:50:46 -0800
flask,2023-11-15 12:48:42 -0800
flask,2023-11-15 12:47:41 -0800
flask,2023-11-09 08:46:01 -0800
flask,2023-11-09 08:45:23 -0800
flask,2023-11-09 08:39:48 -0800
flask,2023-11-15 12:14:51 -0800
flask,2023-11-09 09:20:27 -0800
flask,2023-11-09 13:29:20 -0800
flask,2023-11-09 09:20:27 -0800
flask,2023-11-09 09:04:52 -0800
flask,2023-11-09 17:01:38 +0000
flask,2023-11-09 09:00:37 -0800
flask,2023-11-09 08:46:13 -0800
flask,2023-11-09 08:46:01 -0800
flask,2023-11-09 08:45:23 -0800
flask,2023-11-09 08:40:39 -0800
flask,2023-11-09 08:39:48 -0800
flask,2023-10-28 08:42:53 -0700
flask,2023-10-28 08:04:03 +0000
flask,2023-10-28 07:38:33 +0000
flask,2023-10-20 09:50:00 -0700
flask,2023-10-20 17:17:24 +0200
flask,2023-10-07 00:36:39 +0000
flask,2023-10-07 00:37:42 +0100
flask,2023-09-16 16:01:21 +0100
flask,2023-09-30 15:08:50 +0100
flask,2023-09-24 16:16:55 +0100
flask,2023-09-22 10:13:43 +0200
flask,2023-09-05 14:02:38 -0700
flask,2023-09-05 14:02:28 -0700
flask,2023-09-05 14:01:15 -0700
flask,2023-09-01 16:30:35 +0000
flask,2023-09-01 16:30:31 +0000
flask,2023-09-01 16:30:27 +0000
flask,2023-08-29 06:09:59 -0700
flask,2023-08-29 06:03:11 -0700
flask,2023-08-27 09:21:54 -0700
flask,2023-08-27 10:17:12 +0100
flask,2023-08-21 12:52:54 -0700
flask,2023-08-21 10:25:35 -0700
flask,2023-08-21 09:39:10 -0700
flask,2023-08-21 09:42:21 -0700
flask,2023-08-21 09:39:10 -0700
flask,2023-08-20 09:32:09 -0700
flask,2023-08-19 19:25:36 +0100
flask,2023-08-15 08:29:57 +0100
flask,2023-08-14 11:10:15 +0100
flask,2023-07-16 14:04:23 +0100
flask,2023-07-15 23:21:12 +0100
flask,2023-07-15 17:28:04 +0100
flask,2023-06-11 15:03:45 +0100
flask,2023-06-10 12:42:24 +0100
flask,2023-08-16 15:08:52 -0700
flask,2023-08-16 15:00:49 -0700
flask,2023-08-16 14:41:57 -0700
flask,2023-08-16 14:30:03 -0700
flask,2023-08-16 14:29:39 -0700
flask,2023-08-16 14:25:53 -0700
flask,2023-08-13 17:42:25 +0530
flask,2023-08-16 13:38:05 -0700
flask,2023-08-16 13:37:56 -0700
flask,2023-08-16 13:37:26 -0700
flask,2023-08-16 13:35:46 -0700
flask,2023-08-16 13:35:13 -0700
flask,2023-08-08 02:10:49 -0700
flask,2023-08-16 13:30:18 -0700
flask,2023-08-16 13:29:25 -0700
flask,2023-08-01 09:59:06 -0700
flask,2023-08-01 09:58:55 -0700
flask,2023-08-01 16:56:22 +0000
flask,2023-08-01 16:56:18 +0000
flask,2023-08-01 09:17:47 -0700
flask,2023-08-01 08:45:55 +0000
flask,2023-07-04 06:18:22 -0700
flask,2023-07-04 06:36:29 +0000
flask,2023-07-03 05:58:14 -0700
flask,2023-07-01 07:09:51 -0700
flask,2023-07-01 09:24:20 -0700
flask,2023-07-01 09:24:11 -0700
flask,2023-07-01 09:23:57 -0700
flask,2023-07-01 09:23:35 -0700
flask,2023-07-01 16:16:28 +0000
flask,2023-07-01 16:16:25 +0000
flask,2023-07-01 16:16:22 +0000
flask,2023-07-01 16:16:19 +0000
flask,2023-06-29 17:28:25 -0700
flask,2023-06-29 17:20:35 -0700
flask,2023-06-27 14:18:56 -0700
flask,2023-06-27 14:18:18 -0700
flask,2023-06-27 14:17:46 -0700
flask,2023-06-27 14:11:18 -0700
flask,2023-06-27 14:03:41 -0700
flask,2023-06-27 14:03:25 -0700
flask,2023-06-27 08:30:43 -0700
flask,2023-06-27 08:29:41 -0700
flask,2023-06-27 07:42:06 -0700
flask,2023-06-27 07:41:15 -0700
flask,2023-06-27 07:11:37 -0700
flask,2023-06-27 07:11:22 -0700
flask,2023-06-21 09:32:37 -0700
flask,2023-06-21 18:24:33 +0330
flask,2023-06-09 09:41:25 -0700
flask,2023-06-09 09:41:17 -0700
flask,2023-06-09 09:38:59 -0700
flask,2023-06-09 09:34:42 -0700
flask,2023-06-08 14:33:28 -0700
flask,2023-06-08 14:33:16 -0700
flask,2023-06-07 13:22:15 -0700
flask,2023-06-07 13:21:49 -0700
flask,2023-06-07 13:09:07 -0700
flask,2023-06-07 13:07:41 -0700
flask,2023-06-07 13:10:39 -0700
flask,2023-06-07 12:53:30 -0700
flask,2023-06-06 09:30:34 -0700
flask,2023-06-06 04:21:31 +0000
flask,2023-06-06 09:26:05 -0700
flask,2023-06-06 09:25:47 -0700
flask,2023-06-01 11:49:16 -0700
flask,2023-06-01 11:47:53 -0700
flask,2023-06-01 11:46:49 -0700
flask,2023-06-01 16:56:50 +0000
flask,2023-06-01 16:56:46 +0000
flask,2023-06-01 16:56:43 +0000
flask,2023-05-31 09:19:14 -0700
flask,2023-05-31 09:18:33 -0700
flask,2023-05-31 09:17:51 -0700
flask,2023-05-31 09:14:56 -0700
flask,2023-05-24 11:13:36 +0200
flask,2023-05-18 09:33:44 -0300
flask,2023-05-14 09:43:35 -0700
flask,2023-05-14 16:09:25 +0100
flask,2023-05-09 12:38:00 -0700
flask,2023-05-09 12:37:33 -0700
flask,2023-05-02 10:42:04 -0700
flask,2023-05-02 10:41:41 -0700
flask,2023-05-02 10:38:27 -0700
flask,2023-05-02 09:53:31 -0700
flask,2023-05-02 07:52:49 -0700
flask,2023-05-02 07:50:30 -0700
flask,2023-05-02 07:43:48 -0700
flask,2023-05-02 07:35:27 -0700
flask,2023-05-02 07:18:08 -0700
flask,2023-05-02 07:17:52 -0700
flask,2023-05-01 08:01:32 -0700
flask,2023-05-02 07:12:59 -0700
flask,2023-05-02 07:05:51 -0700
flask,2023-05-02 06:56:08 -0700
flask,2023-05-01 10:22:01 -0700
flask,2023-05-01 10:21:02 -0700
flask,2023-05-01 17:18:16 +0000
flask,2023-05-01 10:17:25 -0700
flask,2023-05-01 16:57:14 +0000
flask,2023-05-01 16:57:10 +0000
flask,2023-05-01 09:01:40 -0700
flask,2023-05-01 08:42:27 -0700
flask,2023-05-01 08:32:16 -0700
flask,2023-05-01 08:35:01 -0700
flask,2023-05-01 08:22:58 -0700
flask,2023-05-01 08:18:03 -0700
flask,2023-05-01 08:13:12 -0700
flask,2023-05-01 08:11:41 -0700
flask,2023-05-01 08:01:32 -0700
flask,2023-05-01 08:10:25 -0700
flask,2023-05-01 08:02:46 -0700
flask,2023-04-25 15:21:36 -0600
flask,2023-04-25 14:08:38 -0600
flask,2023-04-25 14:06:22 -0600
flask,2023-04-25 21:10:05 +0200
flask,2023-04-25 13:48:16 -0600
flask,2023-04-25 12:42:22 -0600
flask,2023-04-25 12:35:06 -0600
flask,2023-04-25 12:33:30 -0600
flask,2023-04-25 12:27:06 -0600
flask,2023-04-25 11:55:41 -0600
flask,2023-04-25 11:53:09 -0600
flask,2023-04-25 11:41:20 -0600
flask,2023-04-25 11:02:28 -0600
flask,2023-04-25 11:06:20 -0600
flask,2023-04-25 11:40:57 -0600
flask,2023-04-25 11:00:01 -0600
flask,2023-04-24 12:21:42 -0600
flask,2023-04-24 11:06:27 -0600
flask,2023-04-20 11:49:26 -0700
flask,2023-04-20 11:34:48 -0700
flask,2023-04-20 11:11:52 -0700
flask,2023-04-20 11:07:30 -0700
flask,2023-04-20 10:05:53 -0700
flask,2023-04-20 09:53:38 -0700
flask,2023-04-20 09:36:51 -0700
flask,2023-04-20 08:30:45 -0700
flask,2023-04-15 12:30:20 -0700
flask,2023-04-15 12:27:24 -0700
flask,2023-04-15 12:25:09 -0700
flask,2023-04-15 12:20:57 -0700
flask,2023-04-15 11:57:46 -0700
flask,2023-04-15 11:53:06 -0700
flask,2023-04-15 07:39:35 -0700
flask,2023-04-14 09:45:20 -0700
flask,2023-04-14 09:34:26 -0700
flask,2023-04-13 10:03:49 -0700
flask,2023-04-13 08:24:58 -0700
flask,2023-04-13 08:18:14 -0700
flask,2023-04-13 08:08:27 -0700
flask,2023-04-10 10:21:13 +0100
flask,2023-04-13 07:51:11 -0700
flask,2023-04-13 07:34:14 -0700
flask,2023-04-12 13:43:23 -0700
flask,2023-03-26 14:38:11 +0100
flask,2023-04-12 13:29:05 -0700
flask,2023-03-17 11:58:49 +0100
flask,2023-04-12 13:10:34 -0700
flask,2023-04-12 12:38:22 -0700
flask,2023-04-12 10:57:53 -0700
flask,2023-04-12 10:57:14 -0700
flask,2023-04-12 10:33:52 -0700
flask,2023-04-11 15:34:39 -0700
flask,2023-04-11 15:33:44 -0700
flask,2023-04-11 15:33:34 -0700
flask,2023-04-05 14:56:26 -0700
flask,2023-04-04 07:00:49 -0700
flask,2023-04-04 06:31:29 +0000
flask,2023-04-03 06:19:09 -0700
flask,2023-04-03 06:18:57 -0700
flask,2023-04-03 06:18:45 -0700
flask,2023-04-01 16:57:11 +0000
flask,2023-04-01 16:57:06 +0000
flask,2023-04-01 16:57:01 +0000
flask,2023-03-31 12:20:27 -0700
flask,2023-03-11 08:34:56 -0800
flask,2023-03-04 21:09:34 +0300
flask,2023-03-11 08:23:08 -0800
flask,2023-03-11 08:21:58 -0800
flask,2023-03-11 08:16:19 -0800
flask,2023-03-11 07:41:19 -0800
flask,2023-03-11 07:36:51 -0800
flask,2023-03-11 07:32:12 -0800
flask,2023-03-11 07:29:51 -0800
flask,2023-03-08 11:04:53 -0800
flask,2023-03-08 21:28:33 +0300
flask,2023-03-01 09:04:40 -0800
flask,2023-03-01 09:02:06 -0800
flask,2023-03-01 16:57:34 +0000
flask,2023-03-01 16:57:31 +0000
flask,2023-02-23 15:58:29 -0800
flask,2023-02-23 15:58:21 -0800
flask,2023-02-23 11:13:18 -0800
flask,2023-02-22 14:40:49 +0100
flask,2023-02-23 10:59:28 -0800
flask,2023-02-23 10:05:57 -0800
flask,2023-02-23 09:34:17 -0800
flask,2023-02-23 09:29:36 -0800
flask,2023-02-23 09:28:42 -0800
flask,2023-02-23 08:59:37 -0800
flask,2023-02-23 08:55:01 -0800
flask,2023-02-23 08:45:38 -0800
flask,2023-02-23 08:35:16 -0800
flask,2023-02-16 06:27:41 -0800
flask,2023-02-16 06:27:25 -0800
flask,2023-02-15 14:48:09 -0800
flask,2023-02-15 14:44:24 -0800
flask,2023-02-15 14:20:33 -0800
flask,2023-02-15 14:24:56 -0800
flask,2023-02-10 15:07:24 -0800
flask,2023-02-10 15:06:38 -0800
flask,2023-02-10 14:54:49 -0800
flask,2023-02-10 14:48:02 -0800
flask,2023-02-10 10:53:02 -0800
flask,2023-02-10 10:50:48 -0800
flask,2023-02-10 10:42:47 -0800
flask,2023-02-10 09:58:48 -0800
flask,2023-02-10 09:35:31 -0800
flask,2023-02-09 10:50:57 -0800
flask,2023-02-08 17:30:53 -0800
flask,2023-02-08 18:44:10 -0800
flask,2023-02-09 09:38:57 +0700
flask,2023-02-07 07:18:54 -0800
flask,2023-02-07 07:11:50 -0800
flask,2023-02-07 04:43:02 +0000
flask,2023-02-07 04:42:52 +0000
flask,2023-02-02 09:01:21 -0800
flask,2023-02-02 09:01:03 -0800
flask,2023-02-03 00:43:02 +0900
flask,2023-02-01 08:55:09 -0800
flask,2023-02-01 08:54:52 -0800
flask,2023-02-01 16:01:30 +0000
flask,2023-02-01 16:01:23 +0000
flask,2023-01-23 17:01:49 +0200
flask,2023-01-20 13:50:23 -0800
flask,2023-01-20 13:49:30 -0800
flask,2023-01-20 13:45:15 -0800
flask,2023-01-18 10:31:08 -0800
flask,2023-01-19 06:35:15 -0800
flask,2023-01-18 10:38:38 -0800
flask,2023-01-18 10:31:08 -0800
flask,2023-01-18 10:21:37 -0800
flask,2023-01-18 09:50:41 -0800
flask,2023-01-09 12:45:16 -0800
flask,2023-01-09 12:39:48 -0800
flask,2023-01-09 11:11:02 -0800
flask,2023-01-06 22:14:03 -0500
flask,2023-01-09 10:42:14 -0800
flask,2023-01-09 10:37:04 -0800
flask,2023-01-04 14:06:35 -0700
flask,2023-01-04 16:45:20 +0000
flask,2022-10-31 12:49:16 +0400
flask,2023-01-03 08:24:17 -0700
flask,2023-01-01 16:01:00 +0000
flask,2022-12-29 09:52:18 -0800
flask,2022-12-29 09:51:58 -0800
flask,2022-12-29 09:51:34 -0800
flask,2022-12-24 15:31:07 -0700
flask,2022-12-24 15:28:21 -0700
flask,2022-08-23 12:44:50 +0800
flask,2022-08-21 17:36:30 +0800
flask,2022-10-30 07:55:51 -0700
flask,2022-12-24 11:21:59 -0700
flask,2022-12-24 11:20:56 -0700
flask,2022-12-23 00:19:18 +0700
flask,2022-12-24 11:07:46 -0700
flask,2022-12-22 23:23:23 +0700
flask,2022-12-24 10:57:53 -0700
flask,2022-12-22 23:23:23 +0700
flask,2022-12-24 10:36:40 -0700
flask,2022-12-01 18:57:08 +0600
flask,2022-12-24 10:25:43 -0700
flask,2022-12-22 09:30:31 -0800
flask,2022-12-22 09:23:48 -0800
flask,2022-12-22 21:48:45 +0800
flask,2022-12-21 10:41:11 +0700
flask,2022-12-13 16:36:49 -0800
flask,2022-12-13 13:27:38 -0800
flask,2022-12-10 13:42:03 +0800
flask,2022-12-06 00:34:53 +0000
flask,2022-11-27 06:51:08 -0800
flask,2022-11-27 06:50:46 -0800
flask,2022-11-27 12:53:08 +0100
flask,2022-11-27 13:51:09 +0400
flask,2022-11-25 07:51:37 -0800
flask,2022-11-25 07:43:46 -0800
flask,2022-11-25 07:39:54 -0800
flask,2022-11-07 20:38:32 -0800
flask,2022-11-01 09:41:21 +0800
flask,2022-11-01 00:06:23 +0000
flask,2022-10-30 23:00:37 +0800
flask,2022-10-30 08:55:51 -0600
flask,2022-10-15 18:34:37 -0400
flask,2022-10-19 07:16:04 -0700
flask,2022-10-04 20:09:06 -0700
flask,2022-10-04 21:12:13 -0400
flask,2022-10-03 23:30:28 +0000
flask,2022-09-18 19:53:47 +0800
flask,2022-09-14 15:08:38 +0200
flask,2022-09-14 23:07:20 +1000
flask,2022-09-11 06:33:56 -0700
flask,2022-09-11 06:33:44 -0700
flask,2022-09-07 12:07:20 -0700
flask,2022-09-02 08:53:04 -0700
flask,2022-09-02 16:52:13 +0100
flask,2022-08-27 06:04:55 -0700
flask,2022-08-27 06:03:46 -0700
flask,2022-08-22 12:05:52 -0400
flask,2022-08-22 09:00:33 -0700
flask,2022-08-21 07:56:09 -0700
flask,2022-08-14 18:59:19 -0400
flask,2022-08-17 09:24:58 -0700
flask,2022-08-17 17:00:25 +0100
flask,2022-08-15 12:37:11 -0700
flask,2022-08-15 07:34:50 -0700
flask,2022-08-15 07:29:34 -0700
flask,2022-08-13 10:22:10 +0800
flask,2022-08-12 13:26:26 +0300
flask,2022-08-09 22:08:08 +0800
flask,2022-08-09 22:03:39 +0800
flask,2022-08-09 09:45:02 +0100
flask,2022-08-09 09:48:02 +0200
flask,2022-08-08 16:28:50 -0700
flask,2022-08-08 16:24:25 -0700
flask,2022-08-08 16:21:40 -0700
flask,2022-08-08 16:19:32 -0700
flask,2022-08-08 16:14:00 -0700
flask,2022-08-08 10:28:08 -0700
flask,2022-08-08 10:27:57 -0700
flask,2022-08-05 11:35:36 -0700
flask,2022-08-05 11:35:15 -0700
flask,2022-08-05 11:29:39 -0700
flask,2022-08-05 11:28:22 -0700
flask,2022-08-04 07:32:51 -0700
flask,2022-08-04 07:27:50 -0700
flask,2022-08-04 07:24:20 -0700
flask,2022-08-04 07:21:17 -0700
flask,2022-08-03 17:09:43 -0700
flask,2022-08-03 16:51:22 -0700
flask,2022-08-03 16:40:28 -0700
flask,2022-08-03 16:39:35 -0700
flask,2022-08-03 10:02:18 -0700
flask,2022-08-03 09:11:37 -0700
flask,2022-08-03 06:47:31 -0700
flask,2022-08-01 17:46:58 -0700
flask,2022-08-01 17:46:38 -0700
flask,2022-08-01 17:12:09 -0700
flask,2022-07-26 09:40:02 -0700
flask,2022-08-01 17:07:58 -0700
flask,2022-08-01 17:07:27 -0700
flask,2022-08-01 17:04:12 -0700
flask,2022-08-01 16:53:15 -0700
flask,2022-08-01 23:18:11 +0000
flask,2022-08-01 15:19:16 -0700
flask,2022-08-01 15:11:35 -0700
flask,2022-08-01 15:11:21 -0700
flask,2022-08-01 11:39:31 -0700
flask,2022-08-01 10:56:14 -0700
flask,2022-08-01 10:52:12 -0700
flask,2022-08-01 10:44:31 -0700
flask,2022-08-01 09:13:01 -0700
flask,2022-07-25 07:35:17 -0700
flask,2022-07-24 19:37:30 -0700
flask,2022-07-24 19:35:44 -0700
flask,2022-07-24 19:35:28 -0700
flask,2022-07-24 18:40:52 -0700
flask,2022-07-14 14:17:38 -0700
flask,2022-07-14 11:22:22 +0200
flask,2022-07-13 14:03:01 -0700
flask,2022-07-13 14:02:50 -0700
flask,2022-07-13 13:58:07 -0700
flask,2022-07-13 13:54:33 -0700
flask,2022-07-13 13:51:42 -0700
flask,2022-07-13 13:50:05 -0700
flask,2022-07-13 22:48:28 +0300
flask,2022-07-13 13:39:51 -0700
flask,2022-07-13 09:55:00 -0700
flask,2022-07-13 07:41:43 -0700
flask,2022-07-11 16:50:10 -0700
flask,2022-07-11 18:02:00 -0400
flask,2022-07-10 04:36:55 -0700
flask,2022-07-10 07:22:56 -0400
flask,2022-07-09 05:44:52 -0700
flask,2022-07-09 13:41:35 +0100
flask,2022-07-08 12:02:18 -0700
flask,2022-07-08 11:58:44 -0700
flask,2022-07-08 07:08:54 -0700
flask,2022-07-05 06:33:03 -0700
flask,2022-07-04 22:50:51 -0700
flask,2022-06-27 07:57:03 -0700
flask,2022-07-08 10:58:29 -0700
flask,2022-07-08 10:28:01 -0700
flask,2022-07-08 10:21:42 -0700
flask,2022-07-08 06:41:56 -0700
flask,2022-07-08 14:33:20 +0100
flask,2022-07-06 22:05:20 +0100
flask,2022-07-06 05:33:05 -0700
flask,2022-07-06 11:38:33 +0200
flask,2022-07-04 17:03:08 -0700
flask,2022-07-04 15:55:54 -0700
flask,2022-07-04 22:37:19 +0000
flask,2022-07-04 08:35:36 -0700
flask,2022-07-02 21:48:06 -0700
flask,2022-07-02 21:40:20 -0700
flask,2022-07-02 21:32:55 -0700
flask,2022-07-02 10:39:18 +0800
flask,2022-07-02 21:03:09 -0700
flask,2022-07-02 21:02:00 -0700
flask,2022-07-01 14:14:37 -0700
flask,2022-07-01 13:59:44 -0700
flask,2022-07-01 13:44:31 -0700
flask,2022-07-01 13:32:50 -0700
flask,2022-07-01 12:35:24 -0700
flask,2022-06-29 21:02:44 -0700
flask,2022-07-01 09:45:43 -0700
flask,2022-07-01 16:05:52 +0000
flask,2022-06-29 21:21:52 -0700
flask,2022-06-29 21:11:58 -0700
flask,2022-06-28 16:38:09 -0700
flask,2022-06-28 16:28:33 -0700
flask,2022-06-28 06:27:24 -0700
flask,2022-06-26 10:14:40 +0100
flask,2022-06-23 06:00:33 -0700
flask,2022-06-23 10:59:43 +0100
flask,2022-06-18 12:24:13 -0700
flask,2022-06-09 09:21:48 +0100
flask,2022-06-09 09:30:21 +0100
flask,2022-06-17 12:05:19 -0700
flask,2022-06-17 10:38:17 -0400
flask,2022-06-17 11:57:22 -0700
flask,2022-06-17 11:14:22 -0700
flask,2022-06-17 09:30:28 -0700
flask,2022-06-17 09:26:26 -0700
flask,2022-06-17 07:54:06 -0700
flask,2022-06-15 14:17:45 -0700
flask,2022-06-15 14:07:00 -0700
flask,2022-06-15 12:45:22 -0700
flask,2022-06-13 06:08:45 -0700
flask,2022-06-12 16:04:01 -0700
flask,2022-06-12 16:03:51 -0700
flask,2022-06-12 14:10:51 -0700
flask,2022-06-12 14:03:55 -0700
flask,2022-06-12 13:45:31 -0700
flask,2022-06-11 14:16:51 -0700
flask,2022-06-11 14:03:01 -0700
flask,2022-06-11 13:44:46 -0700
flask,2022-06-09 09:24:26 -0700
flask,2022-06-09 09:12:10 -0700
flask,2022-02-14 10:33:25 -0800
flask,2022-06-06 15:52:48 -0700
flask,2022-06-06 15:40:04 -0700
flask,2022-06-06 15:33:30 -0700
flask,2022-06-06 11:04:04 -0700
flask,2022-06-06 10:11:00 -0700
flask,2022-06-06 10:00:21 -0700
flask,2022-06-06 09:30:30 -0700
flask,2022-06-06 09:26:53 -0700
flask,2022-06-06 09:17:53 -0700
flask,2022-06-06 08:24:05 -0700
flask,2022-05-26 21:12:36 +0200
flask,2022-06-05 15:54:08 -0700
flask,2022-06-05 15:49:41 -0700
flask,2022-06-05 15:45:22 -0700
flask,2022-06-05 15:44:28 -0700
flask,2022-06-03 12:54:54 -0700
flask,2022-06-05 02:57:49 +0200
flask,2022-06-01 16:10:31 -0700
flask,2022-06-01 12:16:21 -0700
flask,2022-05-02 15:22:08 -0300
flask,2022-06-01 11:27:08 -0700
flask,2022-06-01 11:23:09 -0700
flask,2022-05-31 09:10:36 -0700
flask,2022-05-31 17:51:39 +0200
flask,2022-05-23 13:56:19 -0700
flask,2022-05-23 13:15:26 -0700
flask,2022-05-19 13:34:46 -0400
flask,2022-05-23 10:54:02 -0700
flask,2022-05-23 10:44:48 -0700
flask,2022-05-12 19:57:50 -0400
flask,2022-05-23 10:19:59 -0700
flask,2022-05-02 17:28:23 -0300
flask,2022-05-23 10:08:52 -0700
flask,2022-05-23 10:08:43 -0700
flask,2022-05-23 09:51:58 -0700
flask,2022-05-23 09:46:20 -0700
flask,2022-05-23 09:12:45 -0700
flask,2022-05-23 08:50:13 -0700
flask,2022-05-23 08:49:30 -0700
flask,2022-05-02 11:33:29 -0600
flask,2022-05-15 08:54:26 -0700
flask,2022-05-15 08:48:07 -0700
flask,2022-05-14 12:50:37 -0700
flask,2022-05-14 12:43:38 -0700
flask,2022-05-02 12:29:55 -0600
flask,2022-05-12 16:30:01 -0700
flask,2022-05-12 13:45:37 -0700
flask,2022-05-02 10:16:12 -0600
flask,2022-05-11 09:39:26 -0700
flask,2022-05-11 09:22:19 -0700
flask,2022-05-02 12:44:15 -0400
flask,2022-05-10 09:35:05 -0700
flask,2022-05-10 09:27:54 -0700
flask,2022-05-10 09:19:03 -0700
flask,2022-05-09 22:22:16 -0700
flask,2022-05-04 07:07:40 -0600
flask,2022-05-04 06:03:31 -0700
flask,2022-05-03 12:17:03 -0600
flask,2022-05-02 14:42:23 +0200
flask,2022-05-03 11:56:11 -0600
flask,2022-04-29 01:49:23 +0800
flask,2022-05-02 12:11:56 -0600
flask,2022-05-02 11:58:24 -0600
flask,2022-05-02 10:29:38 -0600
flask,2022-05-02 07:46:09 -0700
flask,2022-04-28 10:48:05 -0700
flask,2022-04-28 10:46:41 -0700
flask,2022-04-28 10:44:02 -0700
flask,2022-04-28 09:35:49 -0700
flask,2022-04-28 09:32:31 -0700
flask,2022-04-28 08:59:47 -0700
flask,2022-04-28 08:59:40 -0700
flask,2022-04-25 09:03:29 -0700
flask,2022-04-25 10:28:36 -0500
flask,2022-04-24 10:20:07 -0700
flask,2022-04-24 10:19:58 -0700
flask,2022-04-24 10:14:53 -0700
flask,2022-04-24 10:07:31 -0700
flask,2022-04-18 08:52:01 -0400
flask,2022-04-24 09:58:01 -0700
flask,2022-04-12 13:17:24 -0300
flask,2022-04-24 09:50:55 -0700
flask,2022-04-13 10:03:22 -0700
flask,2022-04-13 18:49:51 +0200
flask,2022-04-11 06:11:37 -0700
flask,2022-04-08 11:06:32 -0700
flask,2022-04-08 11:05:19 -0700
flask,2022-04-08 18:29:42 +0200
flask,2022-04-08 11:02:45 -0700
flask,2022-04-08 17:45:44 +0200
flask,2022-04-08 10:56:25 -0700
flask,2022-04-08 10:53:28 -0700
flask,2022-04-04 20:25:57 +0000
flask,2022-04-01 13:55:05 -0700
flask,2022-04-01 13:54:39 -0700
flask,2022-04-01 13:44:13 -0700
flask,2022-04-01 09:08:47 -0700
flask,2022-04-01 16:04:08 +0000
flask,2022-03-30 14:39:31 -0700
flask,2022-03-30 14:37:30 -0700
flask,2022-03-30 14:35:07 -0700
flask,2022-03-30 14:33:50 -0700
flask,2022-03-30 14:28:18 -0700
flask,2022-03-30 14:23:02 -0700
flask,2022-03-30 14:10:12 -0700
flask,2022-03-30 14:01:10 -0700
flask,2022-03-28 12:17:25 -0700
flask,2022-03-28 12:12:02 -0700
flask,2022-03-28 11:05:58 -0700
flask,2022-03-28 12:09:20 -0700
flask,2022-03-28 11:39:24 -0700
flask,2022-03-25 12:24:31 -0700
flask,2022-03-25 12:14:29 -0700
flask,2022-03-25 12:05:07 -0700
flask,2022-03-25 11:00:32 -0700
flask,2022-03-08 21:40:48 +0000
flask,2022-03-25 11:53:03 -0700
flask,2022-03-25 11:48:26 -0700
flask,2022-03-23 09:18:20 -0700
flask,2022-03-23 08:26:46 -0700
flask,2022-03-23 08:25:58 -0700
flask,2022-03-23 08:25:22 -0700
flask,2022-03-22 06:46:52 -0700
flask,2022-03-22 10:29:00 +0100
flask,2022-03-15 08:48:47 -0700
flask,2022-03-15 08:44:09 -0700
flask,2022-03-15 08:36:16 -0700
flask,2022-03-15 07:36:21 -0700
flask,2022-03-15 07:35:59 -0700
flask,2022-03-15 06:38:35 -0700
flask,2022-03-15 10:22:38 +0100
flask,2022-03-08 06:50:25 -0800
flask,2022-03-08 20:13:30 +0530
flask,2022-03-01 08:49:14 -0800
flask,2022-03-01 16:04:16 +0000
flask,2022-02-22 19:13:29 -0800
flask,2022-02-22 19:04:03 -0800
flask,2022-02-19 07:12:40 -0800
flask,2022-02-17 16:26:16 -0800
flask,2022-02-17 16:26:06 -0800
flask,2022-02-16 21:12:01 -0800
flask,2022-02-14 12:06:57 -0800
flask,2022-02-14 11:46:23 -0800
flask,2022-02-14 11:34:37 -0800
flask,2022-02-13 14:09:07 -0800
flask,2022-02-13 13:57:33 -0800
flask,2022-02-09 12:53:19 -0800
flask,2021-07-06 13:32:45 +0200
flask,2022-02-09 11:39:48 -0800
flask,2022-02-09 11:13:03 -0800
flask,2022-02-09 07:39:33 -0800
flask,2022-02-09 07:37:43 -0800
flask,2022-02-08 12:36:55 -0800
flask,2022-02-08 12:09:22 -0800
flask,2022-02-08 12:08:19 -0800
flask,2022-02-08 12:05:17 -0800
flask,2022-02-08 12:05:05 -0800
flask,2022-02-08 10:27:11 -0800
flask,2022-02-08 10:26:21 -0800
flask,2022-02-08 10:24:57 -0800
flask,2022-02-08 07:39:59 -0800
flask,2022-02-07 21:19:46 +0000
flask,2022-01-27 11:43:42 +0100
flask,2022-01-17 19:11:24 +0300
flask,2022-01-14 09:38:02 -0800
flask,2022-01-14 09:34:07 -0800
flask,2022-01-14 08:34:55 -0800
flask,2021-12-30 23:08:49 -0600
flask,2022-01-14 08:29:30 -0800
flask,2022-01-11 07:59:08 -0500
flask,2022-01-13 14:43:23 -0800
flask,2022-01-13 14:42:36 -0800
flask,2022-01-13 11:10:12 -0800
flask,2022-01-13 11:10:06 -0800
flask,2021-12-22 20:07:07 -0700
flask,2021-12-22 20:06:08 -0700
flask,2021-12-22 20:02:52 -0700
flask,2021-12-22 19:58:07 -0700
flask,2021-12-22 19:58:07 -0700
flask,2021-12-22 18:24:48 -0800
flask,2021-12-12 12:05:44 +0800
flask,2021-12-22 17:49:30 -0800
flask,2021-12-22 18:44:37 -0700
flask,2021-11-19 23:09:38 +0300
flask,2021-12-22 17:10:24 -0800
flask,2021-11-20 14:05:57 +0000
flask,2021-12-22 15:56:45 -0800
flask,2021-12-22 15:53:23 -0800
flask,2021-12-22 15:45:44 -0800
flask,2021-12-22 23:43:55 +0000
flask,2021-12-22 15:43:28 -0800
flask,2021-12-22 15:43:13 -0800
flask,2021-12-22 15:21:31 -0800
flask,2021-12-22 15:20:12 -0800
flask,2021-12-22 14:26:34 -0800
flask,2021-12-15 20:31:59 -0800
flask,2021-12-16 04:28:09 +0100
flask,2021-11-16 09:05:33 -0800
flask,2021-11-16 08:38:20 -0800
flask,2021-11-16 08:34:55 -0800
flask,2021-11-16 07:38:42 -0800
flask,2021-11-16 07:35:02 -0800
flask,2021-11-16 06:34:30 -0800
flask,2021-10-16 11:05:56 +0100
flask,2021-11-16 06:30:19 -0800
flask,2021-11-16 06:22:50 -0800
flask,2021-10-31 20:51:16 +0000
flask,2021-11-15 14:03:47 -0800
flask,2021-10-25 11:18:48 -0700
flask,2021-11-15 13:37:42 -0800
flask,2021-10-07 01:09:32 +0200
flask,2021-11-15 13:26:06 -0800
flask,2021-11-15 13:24:49 -0800
flask,2021-11-15 13:08:45 -0800
flask,2021-11-15 13:04:41 -0800
flask,2021-11-15 13:08:34 -0800
flask,2021-11-15 06:46:25 -0800
flask,2021-11-12 09:54:10 -0800
flask,2021-11-12 09:21:09 -0800
flask,2021-11-12 09:37:13 -0800
flask,2021-11-12 09:25:27 -0800
flask,2021-11-12 09:24:32 -0800
flask,2021-11-12 06:59:08 -0800
flask,2021-11-12 06:50:57 -0800
flask,2021-11-12 06:46:54 -0800
flask,2021-11-11 18:37:43 -0800
flask,2021-11-11 18:32:07 -0800
flask,2021-11-11 16:12:08 -0800
flask,2021-11-11 16:11:43 -0800
flask,2021-11-07 06:20:43 -0800
flask,2021-11-07 10:09:37 +0800
flask,2021-11-05 09:18:57 -0700
flask,2021-11-05 09:18:35 -0700
flask,2021-11-05 09:13:55 -0700
flask,2021-11-01 12:41:10 -0700
flask,2021-11-01 12:40:52 -0700
flask,2021-11-01 12:38:38 -0700
flask,2021-10-18 10:37:39 +0200
flask,2021-10-16 11:52:50 -0700
flask,2021-10-16 02:04:07 +0900
flask,2021-10-13 08:39:29 -0700
flask,2021-10-12 09:00:50 -0400
flask,2021-10-05 09:15:54 -0700
flask,2021-10-05 09:15:30 -0700
flask,2021-10-05 09:11:00 -0700
flask,2021-10-05 08:07:04 -0700
flask,2021-10-05 08:06:49 -0700
flask,2021-10-05 08:03:30 -0700
flask,2021-10-04 07:36:44 -0700
flask,2021-10-04 07:31:29 -0700
flask,2021-10-04 07:26:47 -0700
flask,2021-10-03 20:39:19 -0700
flask,2021-10-03 20:38:28 -0700
flask,2021-10-03 20:19:33 -0700
flask,2021-08-10 00:23:57 +0200
flask,2021-10-01 19:52:05 -0700
flask,2021-10-01 18:07:32 -0700
flask,2021-10-01 10:18:07 -0700
flask,2021-09-21 15:44:39 -0700
flask,2021-10-01 10:07:27 -0700
flask,2021-09-22 21:20:26 -0400
flask,2021-10-01 09:59:34 -0700
flask,2021-09-27 10:45:29 +0200
flask,2021-10-01 09:51:09 -0700
flask,2021-10-01 09:50:53 -0700
flask,2021-10-01 09:46:38 -0700
flask,2021-10-01 09:42:17 -0700
flask,2021-10-01 09:39:10 -0700
flask,2021-09-22 13:12:36 -0400
flask,2021-09-15 08:50:07 +0800
flask,2021-09-14 12:29:42 -0400
flask,2021-09-08 16:05:33 -0700
flask,2021-09-08 16:04:26 -0700
flask,2021-09-08 16:03:56 -0700
flask,2021-09-08 10:00:36 +0200
flask,2021-09-07 08:31:30 +0800
flask,2021-09-06 19:06:50 +0000
flask,2021-09-01 16:59:56 +0800
flask,2021-09-01 08:41:42 +0000
flask,2021-09-01 16:40:46 +0800
flask,2021-09-01 16:40:16 +0800
flask,2021-09-01 16:39:47 +0800
flask,2021-09-01 08:03:32 +0000
flask,2021-09-01 08:03:07 +0000
flask,2021-09-01 08:02:40 +0000
flask,2021-08-29 22:21:36 +0900
flask,2021-08-14 05:21:56 -0700
flask,2021-08-14 05:21:11 -0700
flask,2021-08-13 19:11:30 +0800
flask,2021-08-10 07:05:38 -0700
flask,2021-08-10 07:05:23 -0700
flask,2021-08-10 07:02:55 -0700
flask,2021-08-10 07:01:36 -0700
flask,2021-08-10 06:59:35 -0700
flask,2021-08-10 06:51:41 -0700
flask,2021-08-10 06:50:09 -0700
flask,2021-08-10 06:49:38 -0700
flask,2021-08-10 06:33:45 -0700
flask,2021-08-10 06:18:38 -0700
flask,2021-08-08 23:37:54 -0700
flask,2021-08-05 19:48:47 -0700
flask,2021-08-05 19:37:03 -0700
flask,2021-06-25 11:39:13 +0900
flask,2021-08-05 19:17:52 -0700
flask,2021-08-05 19:15:31 -0700
flask,2021-06-23 05:06:03 +0530
flask,2021-08-05 18:40:44 -0700
flask,2021-06-19 17:27:56 +0530
flask,2021-08-05 18:18:04 -0700
flask,2021-06-16 22:40:01 +0300
flask,2021-08-05 18:04:51 -0700
flask,2021-06-07 22:09:58 +0800
flask,2021-08-05 17:42:08 -0700
flask,2021-08-05 17:36:24 -0700
flask,2021-08-05 16:55:51 -0700
flask,2021-08-05 08:55:28 -0700
flask,2021-08-05 11:41:07 +0530
flask,2021-08-03 10:29:25 +0800
flask,2021-08-02 18:50:27 +0000
flask,2021-08-01 16:51:44 +0800
flask,2021-08-01 16:51:05 +0800
flask,2021-08-01 16:50:58 +0800
flask,2021-08-01 16:50:46 +0800
flask,2021-08-01 08:05:42 +0000
flask,2021-08-01 08:05:05 +0000
flask,2021-08-01 08:04:22 +0000
flask,2021-08-01 08:03:36 +0000
flask,2021-07-07 10:59:04 -0700
flask,2021-07-07 19:40:21 +0200
flask,2021-07-07 19:26:24 +0800
flask,2021-07-07 15:18:04 +0800
flask,2021-07-07 15:16:29 +0800
flask,2021-07-06 22:06:20 +0200
flask,2021-07-06 22:05:31 +0200
flask,2021-07-06 08:19:53 +0800
flask,2021-07-05 22:11:00 +0000
flask,2021-07-01 18:54:54 +0800
flask,2021-07-01 18:43:35 +0800
flask,2021-07-01 18:12:32 +0800
flask,2021-07-01 18:09:16 +0800
flask,2021-07-01 10:07:58 +0000
flask,2021-07-01 10:06:57 +0000
flask,2021-07-01 10:06:46 +0000
flask,2021-07-01 18:05:48 +0800
flask,2021-07-01 10:05:36 +0000
flask,2021-07-01 18:03:57 +0800
flask,2021-07-01 08:03:44 +0000
flask,2021-06-27 11:52:54 +0800
flask,2021-06-26 23:35:24 +0800
flask,2021-06-26 18:58:15 +0800
flask,2021-06-21 10:07:33 -0700
flask,2021-06-20 23:20:14 +0800
flask,2021-06-20 06:45:54 -0700
flask,2021-06-20 06:45:37 -0700
flask,2021-06-18 22:18:15 +0800
flask,2021-06-18 20:15:02 +0800
flask,2021-06-18 10:10:29 +0800
flask,2021-06-15 08:49:29 +0800
flask,2021-06-05 16:08:51 +0100
flask,2021-06-14 14:20:04 +0800
flask,2021-06-08 10:06:35 -0700
flask,2021-06-08 19:01:07 +0200
flask,2021-06-06 11:09:03 +0100
flask,2021-06-01 19:09:24 -0700
flask,2021-06-02 01:54:49 +0000
flask,2021-05-31 12:28:44 +0200
flask,2021-06-01 17:56:33 +0000
flask,2021-05-28 00:01:48 +0100
flask,2021-06-01 13:43:28 +0800
flask,2021-06-01 06:33:50 -0700
flask,2021-06-01 08:04:58 +0000
flask,2021-05-12 05:44:00 +0800
flask,2021-05-29 20:55:23 +0200
flask,2021-05-30 00:24:35 +0530
flask,2021-05-25 18:04:41 +0300
flask,2021-05-24 00:31:43 +0200
flask,2021-05-24 16:36:56 +0800
flask,2021-05-24 16:33:02 +0800
flask,2021-05-21 08:56:18 -0700
flask,2021-05-21 08:55:31 -0700
flask,2021-05-21 08:52:24 -0700
flask,2021-05-21 08:50:31 -0700
flask,2021-05-21 08:48:02 -0700
flask,2021-05-21 08:42:44 -0700
flask,2021-05-21 07:10:50 -0700
flask,2021-05-21 07:09:02 -0700
flask,2021-05-21 15:02:05 +0100
flask,2021-05-21 15:01:32 +0100
flask,2021-05-20 13:08:28 -0700
flask,2021-05-20 11:05:36 -0700
flask,2021-05-20 10:32:28 -0700
flask,2021-05-18 13:37:11 +0100
flask,2021-05-18 13:33:45 +0100
flask,2021-05-18 13:06:21 +0100
flask,2021-05-21 17:46:31 +0800
flask,2021-05-21 16:58:58 +0800
flask,2021-05-17 17:14:47 -0400
flask,2021-05-17 15:30:05 -0400
flask,2021-05-17 14:02:27 -0400
flask,2021-05-15 17:38:25 -0400
flask,2021-05-21 00:33:09 -0400
flask,2021-05-20 21:05:59 -0700
flask,2021-05-20 21:05:36 -0700
flask,2021-05-20 21:03:33 -0700
flask,2021-05-20 21:03:02 -0700
flask,2021-05-20 13:52:09 -0700
flask,2021-05-20 12:35:43 -0700
flask,2021-05-17 16:06:10 -0700
flask,2021-05-17 16:03:12 -0700
flask,2021-05-17 08:51:30 -0700
flask,2021-05-16 22:34:32 -0400
flask,2021-05-17 07:56:20 -0700
flask,2021-05-16 19:32:29 +0100
flask,2021-05-14 13:54:21 -0700
flask,2021-05-14 13:23:34 -0700
flask,2021-05-14 08:23:44 -0700
flask,2021-05-14 08:17:37 -0700
flask,2021-05-14 08:11:09 -0700
flask,2021-05-13 18:47:43 -0700
flask,2021-05-13 18:47:06 -0700
flask,2021-05-13 18:44:46 -0700
flask,2021-05-13 18:22:56 -0700
flask,2021-05-13 18:19:46 -0700
flask,2021-05-13 20:19:02 -0400
flask,2021-05-13 16:36:10 -0700
flask,2021-05-13 16:34:58 -0700
flask,2021-05-13 16:24:21 -0700
flask,2021-05-13 16:22:57 -0700
flask,2021-05-13 16:20:28 -0700
flask,2021-05-13 16:16:04 -0700
flask,2021-05-13 16:01:23 -0700
flask,2021-05-13 15:27:41 -0700
flask,2021-05-13 18:26:24 +0800
flask,2021-05-13 14:34:28 -0700
flask,2021-05-13 14:31:50 -0700
flask,2021-05-13 13:35:12 -0700
flask,2021-05-12 22:52:25 +0800
flask,2021-05-13 13:09:49 -0700
flask,2021-05-13 12:53:32 -0700
flask,2021-05-13 11:33:01 -0700
flask,2021-05-13 11:32:19 -0700
flask,2021-05-12 12:47:49 -0700
flask,2021-05-13 16:00:48 +0800
flask,2021-05-13 03:54:41 -0400
flask,2021-05-12 10:23:08 -0700
flask,2021-05-12 19:04:20 +0800
flask,2021-05-12 06:40:57 -0700
flask,2021-05-12 09:14:34 -0400
flask,2021-05-12 12:58:23 +0800
flask,2021-05-12 12:58:23 +0800
flask,2021-05-11 16:33:46 -0700
flask,2021-05-11 16:33:24 -0700
flask,2021-05-12 00:28:56 +0200
flask,2021-05-11 15:26:38 -0700
flask,2021-05-11 15:24:15 -0700
flask,2021-05-11 15:18:41 -0700
flask,2021-05-11 14:56:25 -0700
flask,2021-05-11 14:50:16 -0700
flask,2021-05-11 14:48:48 -0700
flask,2021-05-11 14:48:08 -0700
flask,2021-05-11 14:43:42 -0700
flask,2021-05-11 14:30:47 -0700
flask,2021-05-11 14:41:45 -0700
flask,2021-05-11 14:28:49 -0700
flask,2021-05-11 14:28:21 -0700
flask,2021-05-11 07:07:12 -0700
flask,2021-05-11 06:57:24 -0700
flask,2021-05-10 23:50:04 -0700
flask,2021-05-06 09:27:35 +0800
flask,2021-05-10 22:51:02 -0700
flask,2021-05-10 22:45:42 -0700
flask,2021-05-10 13:41:53 -0700
flask,2021-05-10 20:25:42 +0000
flask,2021-05-03 11:13:36 -0700
flask,2021-05-03 17:21:04 +0000
flask,2021-05-03 07:13:43 -0700
flask,2021-05-03 07:02:42 -0700
flask,2021-05-03 06:23:00 -0700
flask,2021-05-03 10:59:28 +0100
flask,2021-05-02 20:49:46 +0100
flask,2021-05-02 20:23:08 +0100
flask,2021-05-03 08:09:40 +0800
flask,2021-05-02 16:05:08 -0400
flask,2021-05-01 05:08:44 -0700
flask,2021-05-01 08:02:41 +0000
flask,2021-04-29 10:11:09 -0700
flask,2021-04-29 07:40:11 +0800
flask,2021-04-28 20:59:01 +0000
flask,2021-04-28 20:54:53 +0000
flask,2021-04-28 13:53:29 -0700
flask,2021-04-28 16:46:45 +0000
flask,2021-04-28 14:02:19 +0800
flask,2021-04-27 07:58:25 -0700
flask,2021-04-27 07:55:26 -0700
flask,2021-04-24 20:01:09 +0200
flask,2021-04-24 18:35:41 +0200
flask,2021-04-27 07:32:10 -0700
flask,2021-04-27 09:47:43 +0800
flask,2021-04-26 17:21:56 +0000
flask,2021-04-24 12:22:26 +0100
flask,2021-04-23 09:44:15 +0100
flask,2021-04-24 07:31:16 -0700
flask,2021-04-22 20:34:55 +0800
flask,2021-04-17 07:34:56 -0700
flask,2021-04-17 11:49:24 +0100
flask,2021-04-17 11:27:38 +0100
flask,2021-04-16 08:52:35 -0700
flask,2021-04-16 08:45:26 -0700
flask,2021-04-16 08:45:04 -0700
flask,2021-04-16 08:44:30 -0700
flask,2021-04-16 08:44:18 -0700
flask,2021-04-16 08:43:31 -0700
flask,2021-04-16 08:37:56 -0700
flask,2021-04-16 06:28:53 -0700
flask,2021-04-16 12:34:51 +0100
flask,2021-04-15 23:18:39 -0700
flask,2021-04-15 23:07:41 -0700
flask,2021-04-15 23:05:24 -0700
flask,2021-04-15 23:14:24 -0700
flask,2021-04-15 22:59:21 -0700
flask,2021-04-15 15:58:24 -0700
flask,2021-04-14 10:06:50 -0700
flask,2021-04-14 10:01:32 -0700
flask,2021-04-14 09:30:48 -0700
flask,2021-02-24 21:18:12 +0000
flask,2021-04-12 11:47:24 -0700
flask,2021-04-11 09:10:54 +0100
flask,2021-04-12 10:24:22 -0700
flask,2021-04-12 17:12:29 +0000
flask,2021-04-07 05:32:20 -0700
flask,2021-04-06 15:31:28 -0700
flask,2021-04-06 15:31:16 -0700
flask,2021-03-24 20:47:55 +0000
flask,2021-04-06 17:49:45 +0000
flask,2021-04-06 17:46:53 +0000
flask,2021-02-10 21:14:58 +0000
flask,2020-07-06 20:54:26 +0100
flask,2021-04-05 10:24:22 -0700
flask,2021-04-05 17:10:21 +0000
flask,2021-03-22 10:50:37 -0700
flask,2021-03-22 17:04:33 +0000
flask,2021-03-16 10:16:59 -0700
flask,2021-03-16 16:30:54 +0000
flask,2021-03-15 11:36:59 -0700
flask,2021-03-15 17:00:57 +0000
flask,2021-03-10 11:02:16 -0800
flask,2021-03-10 10:51:06 -0800
flask,2021-03-10 10:11:26 -0800
flask,2021-03-09 08:06:43 -0800
flask,2021-03-08 15:05:47 -0800
flask,2021-03-08 12:16:39 -0800
flask,2021-03-10 06:30:24 -0800
flask,2021-03-10 21:40:29 +0800
flask,2021-03-08 10:15:26 -0800
flask,2021-02-23 20:19:53 +0000
flask,2021-02-21 12:55:30 +0000
flask,2021-03-08 08:57:58 -0800
flask,2021-02-14 11:08:21 +0000
flask,2021-03-01 15:25:15 +0000
flask,2021-03-01 15:22:59 +0000
flask,2021-03-01 15:17:54 +0000
flask,2021-03-01 15:15:58 +0000
flask,2021-02-25 09:51:58 -0800
flask,2021-02-25 09:42:44 -0800
flask,2021-02-24 10:35:16 -0800
flask,2021-02-24 10:09:50 -0800
flask,2021-02-24 10:09:38 -0800
flask,2021-02-24 10:09:15 -0800
flask,2021-02-19 07:21:18 -0800
flask,2021-02-19 22:59:09 +0800
flask,2021-02-16 08:36:14 -0800
flask,2021-02-08 18:32:18 -0800
flask,2021-02-08 18:26:37 -0800
flask,2021-02-08 18:23:10 -0800
flask,2021-02-08 18:20:48 -0800
flask,2021-02-08 18:17:24 -0800
flask,2021-02-08 18:15:26 -0800
flask,2021-02-08 18:17:33 -0800
flask,2021-02-08 16:50:03 +0000
flask,2021-02-08 18:11:47 -0800
flask,2021-02-08 18:04:02 -0800
flask,2021-02-01 22:57:42 -0800
flask,2021-02-01 22:41:49 -0800
flask,2021-02-01 20:45:02 -0800
flask,2020-10-16 20:57:56 -0500
flask,2021-02-01 20:31:57 -0800
flask,2021-01-30 16:36:47 -0600
flask,2021-02-01 19:59:58 -0800
flask,2021-02-01 16:50:13 +0000
flask,2021-02-02 03:49:49 +0000
flask,2021-02-02 03:45:39 +0000
flask,2021-02-02 03:44:56 +0000
flask,2021-02-02 03:43:43 +0000
flask,2021-02-02 03:42:43 +0000
flask,2021-02-02 03:41:04 +0000
flask,2021-02-02 03:39:08 +0000
flask,2021-02-02 03:37:53 +0000
flask,2021-02-02 03:37:40 +0000
flask,2021-02-02 03:35:58 +0000
flask,2021-02-02 03:35:44 +0000
flask,2021-02-02 03:33:21 +0000
flask,2021-02-02 03:33:16 +0000
flask,2021-02-02 03:33:13 +0000
flask,2021-02-02 03:31:20 +0000
flask,2021-02-02 03:27:50 +0000
flask,2021-02-01 19:20:20 -0800
flask,2021-02-01 19:14:58 -0800
flask,2021-01-29 11:29:36 -0800
flask,2021-01-29 11:26:17 -0800
flask,2021-01-29 11:03:33 -0800
flask,2021-01-29 10:44:46 -0800
flask,2021-01-29 10:38:40 -0800
flask,2021-01-29 10:35:37 -0800
flask,2021-01-27 10:00:02 -0800
flask,2021-01-27 12:08:02 -0500
flask,2021-01-06 18:57:31 -0600
flask,2021-01-06 07:47:29 -0800
flask,2021-01-06 22:31:23 +0800
flask,2021-01-04 10:32:01 +0800
flask,2021-01-04 10:14:36 +0800
flask,2021-01-03 19:52:36 -0600
flask,2021-01-03 16:00:33 +0800
flask,2021-01-03 14:10:26 +0800
flask,2021-01-03 13:55:10 +0800
flask,2021-01-01 09:54:18 +0000
flask,2021-01-01 09:51:33 +0000
flask,2021-01-01 09:49:25 +0000
flask,2021-01-01 09:46:36 +0000
flask,2021-01-01 09:45:22 +0000
flask,2021-01-01 09:44:48 +0000
flask,2021-01-01 09:42:25 +0000
flask,2021-01-01 09:42:01 +0000
flask,2020-12-30 21:00:49 +0800
flask,2020-12-30 11:57:37 +0100
flask,2020-12-22 13:51:15 +0800
flask,2020-12-21 16:44:52 +0000
flask,2020-11-24 10:51:40 +0800
flask,2020-11-23 17:15:58 +0000
flask,2020-11-17 17:58:43 +0000
flask,2020-11-17 17:38:38 +0000
flask,2020-11-16 17:05:38 +0000
flask,2020-11-14 05:38:05 -0800
flask,2020-11-13 16:28:13 -0800
flask,2020-11-05 09:33:13 -0800
flask,2020-11-05 09:00:57 -0800
flask,2020-11-04 18:25:37 -0800
flask,2020-11-05 07:50:36 +0530
flask,2020-11-04 21:16:05 -0500
flask,2020-11-04 18:00:21 -0800
flask,2020-11-01 05:30:02 -0800
flask,2020-11-01 05:21:41 -0800
flask,2020-11-01 05:21:27 -0800
flask,2020-11-01 05:21:10 -0800
flask,2020-11-01 05:20:48 -0800
flask,2020-10-31 20:20:16 -0700
flask,2020-10-31 20:17:04 -0700
flask,2020-10-31 20:13:03 -0700
flask,2020-11-01 10:09:57 +0700
flask,2020-10-31 20:05:25 -0700
flask,2020-10-31 20:03:27 -0700
flask,2020-10-31 19:19:11 -0700
flask,2020-10-10 05:30:11 +0000
flask,2020-10-29 17:33:20 +0100
flask,2020-10-21 23:13:41 +0200
flask,2020-10-16 05:08:37 +0800
flask,2020-10-15 14:03:39 -0700
flask,2020-10-15 22:02:54 +0100
flask,2020-10-15 14:01:14 -0700
flask,2020-10-11 22:16:17 -0400
flask,2020-10-11 19:15:19 -0700
flask,2020-10-07 17:06:29 +0200
flask,2020-10-03 07:05:05 -0700
flask,2020-10-01 08:26:44 +0000
flask,2020-10-01 08:24:03 +0000
flask,2020-09-28 16:21:13 +0200
flask,2020-09-28 15:21:59 +0200
flask,2020-09-26 01:52:00 +0200
flask,2020-09-15 16:20:10 +0000
flask,2020-09-14 08:21:19 +0000
flask,2020-09-14 08:18:57 +0000
flask,2020-09-07 08:20:06 +0000
flask,2020-09-07 08:17:58 +0000
flask,2020-08-31 10:53:09 +0900
flask,2020-08-26 09:20:21 -0700
flask,2020-08-24 08:19:34 +0000
flask,2020-08-24 08:17:04 +0000
flask,2020-08-23 21:52:28 -0400
flask,2020-08-23 08:18:26 -0400
flask,2020-08-23 08:56:24 +0200
flask,2020-08-17 08:37:21 +0000
flask,2020-08-17 08:34:56 +0000
flask,2020-08-13 10:36:46 +0200
flask,2020-08-10 08:12:04 +0000
flask,2020-08-10 08:09:48 +0000
flask,2020-08-07 19:49:33 +0800
flask,2020-08-07 11:47:17 +0000
flask,2020-08-07 19:19:53 +0800
flask,2020-08-07 19:01:42 +0800
flask,2020-08-03 09:03:22 +0000
flask,2020-08-03 09:00:22 +0000
flask,2020-08-01 07:48:57 -0700
flask,2020-07-22 15:02:31 -0400
flask,2020-07-31 08:45:49 +0000
flask,2020-07-31 08:43:34 +0000
flask,2020-07-30 18:48:45 -0700
flask,2020-07-30 18:36:55 -0700
flask,2020-07-29 08:40:48 +0000
flask,2020-07-29 08:37:24 +0000
flask,2020-07-29 08:32:40 +0000
flask,2020-07-29 08:29:51 +0000
flask,2020-07-28 19:44:23 -0700
flask,2020-07-28 14:17:36 -0700
flask,2020-07-28 11:14:17 -0700
flask,2020-07-28 11:07:02 -0700
flask,2020-07-28 10:46:22 -0700
flask,2020-07-28 07:59:19 -0700
flask,2020-07-28 07:57:24 -0700
flask,2020-07-28 07:10:13 -0700
flask,2020-07-28 14:23:00 +0100
flask,2020-07-27 08:34:35 +0000
flask,2020-07-27 08:31:10 +0000
flask,2020-07-26 15:28:50 +0200
flask,2020-06-29 15:06:09 -0700
flask,2020-07-24 09:23:20 -0700
flask,2020-05-02 12:34:31 +0100
flask,2020-07-24 08:03:51 +0000
flask,2020-07-24 08:01:01 +0000
flask,2020-07-23 16:57:19 -0700
flask,2020-07-11 15:18:37 -0400
flask,2020-07-23 16:52:52 -0700
flask,2020-07-23 16:50:00 -0700
flask,2020-07-21 12:16:19 +0800
flask,2020-07-21 12:06:06 +0800
flask,2020-07-18 13:14:09 -0400
flask,2020-07-16 08:23:45 +0000
flask,2020-07-16 08:21:32 +0000
flask,2020-07-15 08:11:44 +0000
flask,2020-07-15 08:08:41 +0000
flask,2020-07-08 08:36:14 -0700
flask,2020-07-08 08:26:21 -0700
flask,2020-07-08 06:56:11 -0700
flask,2020-07-08 15:53:43 +0200
flask,2020-07-06 13:51:17 -0400
flask,2020-04-20 13:26:33 -0400
flask,2020-07-06 13:45:03 -0400
flask,2020-04-20 13:26:33 -0400
flask,2020-07-06 08:45:55 +0000
flask,2020-07-06 08:43:21 +0000
flask,2020-07-06 08:41:38 +0000
flask,2020-07-06 08:38:44 +0000
flask,2020-04-14 11:31:00 +0800
flask,2020-04-07 21:46:53 +0800
flask,2020-07-05 08:28:28 +0800
flask,2020-07-05 08:25:48 +0800
flask,2020-07-03 15:55:56 +0530
flask,2020-07-02 14:38:18 -0700
flask,2020-07-02 23:54:40 +0300
flask,2020-07-02 08:21:01 +0000
flask,2020-07-02 08:18:52 +0000
flask,2020-07-01 09:09:12 -0700
flask,2020-06-30 08:08:52 +0000
flask,2020-06-30 08:06:52 +0000
flask,2020-06-29 08:37:22 +0000
flask,2020-06-29 08:34:57 +0000
flask,2020-06-24 12:56:41 -0400
flask,2020-06-23 15:14:03 +0100
flask,2020-06-23 15:06:37 +0100
flask,2020-06-23 14:56:51 +0100
flask,2020-06-21 09:29:45 +0100
flask,2020-06-18 07:23:49 -0700
flask,2020-06-17 22:00:35 -0500
flask,2020-06-15 08:57:27 +0000
flask,2020-06-15 08:55:11 +0000
flask,2020-06-11 19:19:35 -0700
flask,2020-06-10 08:46:05 +0000
flask,2020-06-10 08:43:09 +0000
flask,2020-06-10 08:41:31 +0000
flask,2020-06-10 08:38:26 +0000
flask,2020-06-09 08:24:18 +0000
flask,2020-06-09 08:21:52 +0000
flask,2020-06-08 14:18:55 +0000
flask,2020-06-08 14:16:11 +0000
flask,2020-06-08 14:14:52 +0000
flask,2020-06-08 08:44:30 +0000
flask,2020-06-07 17:03:35 -0700
flask,2020-06-07 16:50:17 -0700
flask,2020-06-07 16:47:12 -0700
flask,2020-06-07 16:45:31 -0700
flask,2020-06-05 23:48:37 -0500
flask,2020-05-31 13:51:00 -0700
flask,2020-06-05 07:42:54 -0700
flask,2020-06-05 08:29:19 +0000
flask,2020-06-03 20:27:22 +0800
flask,2020-06-03 08:52:47 +0000
flask,2020-05-28 08:53:14 -0700
flask,2020-05-27 06:46:57 -0700
flask,2020-05-23 14:12:22 -0700
flask,2020-05-23 14:06:54 -0700
flask,2020-05-23 14:05:38 -0700
flask,2020-05-23 14:03:11 -0700
flask,2020-05-23 13:48:24 -0700
flask,2020-05-23 13:25:06 -0700
flask,2020-05-18 15:04:40 -0700
flask,2020-05-18 14:59:31 -0700
flask,2020-05-08 12:42:52 -0700
flask,2020-04-16 10:52:06 -0700
flask,2020-04-16 17:01:51 +0100
flask,2020-04-07 18:01:55 -0700
flask,2020-04-07 17:54:51 -0700
flask,2020-04-07 15:57:45 -0700
flask,2020-04-07 15:54:36 -0700
flask,2020-04-07 14:39:18 -0700
flask,2020-04-07 13:40:39 -0700
flask,2020-04-07 12:33:00 -0700
flask,2020-04-07 12:32:27 -0700
flask,2020-04-07 07:00:15 -0700
flask,2020-04-04 14:36:09 -0700
flask,2020-04-04 12:57:14 -0700
flask,2020-04-04 12:28:08 -0700
flask,2020-04-04 12:13:35 -0700
flask,2020-04-04 11:39:03 -0700
flask,2020-04-04 09:43:06 -0700
flask,2020-04-04 09:25:54 -0700
flask,2020-04-03 18:33:40 -0700
flask,2020-04-03 17:34:32 -0700
flask,2020-04-03 17:23:21 -0700
flask,2020-04-03 11:58:16 -0700
flask,2020-04-03 10:25:51 -0700
flask,2020-04-03 10:08:11 -0700
flask,2020-04-03 10:02:40 -0700
flask,2020-04-03 07:33:20 -0700
flask,2020-03-20 09:41:00 +0000
flask,2020-04-02 12:55:49 -0700
flask,2020-04-02 12:41:35 -0700
flask,2020-04-02 12:09:04 -0700
flask,2020-04-02 11:56:30 -0700
flask,2020-04-02 11:55:01 -0700
flask,2020-04-02 11:54:25 -0700
flask,2020-03-25 10:39:45 -0400
flask,2020-03-25 09:20:55 -0500
flask,2020-03-24 11:17:25 -0400
flask,2020-03-24 09:54:32 -0500
flask,2020-03-18 12:37:51 +0530
flask,2020-03-16 15:26:49 -0700
flask,2020-03-16 19:18:53 -0300
flask,2020-03-11 07:40:06 -0700
flask,2020-03-11 07:31:20 -0700
flask,2020-02-23 21:53:18 +0800
flask,2020-03-05 18:31:21 +0800
flask,2020-03-04 18:40:54 -0500
flask,2020-03-02 10:21:15 -0800
flask,2020-02-28 12:18:04 -0800
flask,2020-02-28 12:09:51 -0800
flask,2020-02-27 16:22:03 -0600
flask,2020-02-15 10:40:32 -0800
flask,2020-02-12 07:09:32 -0800
flask,2020-02-12 13:17:03 +0800
flask,2020-02-10 18:41:07 -0800
flask,2020-02-10 18:40:25 -0800
flask,2020-01-03 15:06:24 +0800
flask,2020-02-10 18:29:43 -0800
flask,2019-12-26 09:33:42 +0800
flask,2020-02-10 18:13:24 -0800
flask,2020-02-10 18:12:50 -0800
flask,2020-02-10 17:56:11 -0800
flask,2020-01-22 23:10:58 +0800
flask,2020-02-06 12:14:10 -0800
flask,2020-02-09 16:01:23 -0800
flask,2020-02-10 17:29:09 -0800
flask,2020-02-10 17:28:14 -0800
flask,2020-02-10 17:27:51 -0800
flask,2019-12-19 21:40:40 +0100
flask,2020-01-04 15:58:04 +0100
flask,2019-11-22 11:12:43 -0500
flask,2020-02-10 16:44:33 -0800
flask,2020-02-10 16:43:49 -0800
flask,2020-02-10 16:36:40 -0800
flask,2020-02-10 13:15:24 -0800
flask,2020-02-10 11:50:48 -0800
flask,2020-02-10 20:37:28 +0100
flask,2020-02-10 20:37:21 +0100
flask,2020-02-10 20:36:55 +0100
flask,2020-02-10 20:32:11 +0100
flask,2020-02-10 20:30:59 +0100
flask,2020-02-10 20:30:54 +0100
flask,2020-02-10 20:27:39 +0100
flask,2020-02-10 11:17:58 -0800
flask,2020-02-10 10:58:31 -0800
flask,2020-02-10 10:16:20 -0800
flask,2020-02-10 10:16:08 -0800
flask,2020-02-09 15:21:13 -0800
flask,2020-02-09 15:20:23 -0800
flask,2020-02-06 12:07:33 -0800
flask,2020-02-06 12:04:49 -0800
flask,2020-02-06 10:57:30 -0800
flask,2020-02-06 10:52:59 -0800
flask,2019-11-25 00:38:50 +0100
flask,2019-11-19 09:37:21 -0800
flask,2019-11-15 12:34:13 +0800
flask,2019-11-15 12:27:44 +0800
flask,2019-11-19 09:08:07 -0800
flask,2019-11-18 23:34:45 -0800
flask,2019-11-18 19:09:30 -0800
flask,2019-11-18 19:07:23 -0800
flask,2019-11-18 19:06:57 -0800
flask,2019-11-18 19:05:01 -0800
flask,2019-11-18 18:57:43 -0800
flask,2019-10-19 02:05:55 +0300
flask,2019-11-18 18:23:39 -0800
flask,2019-11-18 18:22:38 -0800
flask,2019-11-18 13:46:00 -0800
flask,2019-11-18 12:36:00 -0800
flask,2019-11-18 17:54:20 -0800
flask,2019-11-13 23:13:56 +0100
flask,2019-11-02 18:40:20 -0400
flask,2019-11-02 20:56:35 +0000
flask,2019-10-28 18:26:16 -0700
flask,2019-10-28 21:37:25 -0300
flask,2019-10-28 07:59:00 -0700
flask,2019-10-28 09:13:37 +0000
flask,2019-10-26 17:19:00 +1100
flask,2019-10-18 09:28:37 -0700
flask,2019-10-18 09:15:00 -0700
flask,2019-10-11 11:52:29 +0100
flask,2019-10-14 14:00:01 -0700
flask,2019-10-14 23:48:48 +0300
flask,2019-10-12 19:20:31 -0700
flask,2019-09-24 14:39:22 +0300
flask,2019-10-12 19:03:34 -0700
flask,2019-10-12 18:53:47 -0700
flask,2019-10-08 09:11:18 -0700
flask,2019-10-05 17:11:08 -0500
flask,2019-10-06 15:26:00 -0500
flask,2019-09-24 06:44:36 -0700
flask,2019-09-24 06:44:18 -0700
flask,2019-09-24 06:43:25 -0700
flask,2019-09-24 06:41:48 -0700
flask,2019-09-24 06:35:10 -0700
flask,2019-09-23 12:24:08 -0700
flask,2019-09-23 12:22:05 -0700
flask,2019-08-30 13:34:56 -0700
flask,2019-09-23 12:11:18 -0700
flask,2019-09-23 12:10:55 -0700
flask,2019-09-23 12:10:30 -0700
flask,2019-09-23 11:59:59 -0700
flask,2019-09-23 08:38:29 -0700
flask,2019-09-23 08:38:11 -0700
flask,2019-09-23 08:33:50 -0700
flask,2019-09-23 08:19:40 -0700
flask,2019-09-02 09:05:05 -0700
flask,2019-09-02 11:31:34 -0400
flask,2019-08-29 02:44:00 +0400
flask,2019-08-25 15:36:19 -0400
flask,2019-08-25 20:33:41 +0200
flask,2019-08-24 09:09:32 -0700
flask,2019-08-15 21:30:05 -0400
flask,2019-08-15 21:05:33 -0400
flask,2019-08-13 11:02:56 +0300
flask,2019-08-09 13:47:17 -0500
flask,2019-08-01 13:35:52 -0700
flask,2019-08-01 13:35:38 -0700
flask,2019-08-01 13:08:34 -0700
flask,2019-08-01 13:08:12 -0700
flask,2019-08-01 13:07:52 -0700
flask,2019-07-30 14:45:06 +0200
flask,2019-08-01 12:56:30 -0700
flask,2019-08-01 22:49:31 +0800
flask,2019-07-25 11:33:36 -0700
flask,2019-07-24 15:50:37 +0800
flask,2019-07-22 13:31:24 -0700
flask,2019-07-22 13:31:05 -0700
flask,2019-07-22 13:30:43 -0700
flask,2019-07-18 12:45:31 +0800
flask,2019-07-21 12:03:13 -0400
flask,2019-07-21 21:25:29 +0800
flask,2019-07-10 12:44:57 -0700
flask,2019-07-10 11:45:20 -0700
flask,2019-07-10 12:42:58 -0700
flask,2019-07-10 11:45:20 -0700
flask,2019-07-10 10:28:19 -0700
flask,2019-07-10 18:49:40 +0200
flask,2019-07-08 11:04:16 -0700
flask,2019-07-08 10:55:25 -0700
flask,2019-07-08 10:37:16 -0700
flask,2019-07-08 10:26:12 -0700
flask,2019-07-07 15:43:25 -0400
flask,2019-07-08 01:07:45 +0530
flask,2019-07-07 20:55:52 +0530
flask,2019-07-04 16:04:42 -0700
flask,2019-07-04 16:01:14 -0700
flask,2019-07-04 15:33:46 -0700
flask,2019-07-03 12:23:16 -0700
flask,2019-07-03 10:15:32 -0700
flask,2019-07-03 15:04:23 +0200
flask,2019-07-02 11:43:47 -0700
flask,2019-07-02 11:32:28 -0700
flask,2019-07-01 17:42:51 -0700
flask,2019-07-01 14:56:18 -0700
flask,2019-07-01 11:57:00 -0700
flask,2019-07-01 11:31:48 -0700
flask,2019-06-30 14:37:40 +0530
flask,2019-07-01 10:54:31 -0700
flask,2019-07-01 10:47:33 -0700
flask,2019-07-01 07:23:03 -0700
flask,2019-07-01 09:52:06 -0700
flask,2019-07-01 09:49:40 -0700
flask,2019-07-01 09:38:43 -0700
flask,2019-07-01 07:36:20 -0700
flask,2019-06-27 08:04:31 -0700
flask,2019-06-27 07:55:22 -0700
flask,2019-06-26 14:46:10 -0700
flask,2019-06-26 14:43:36 -0700
flask,2019-06-26 14:32:20 -0700
flask,2019-06-23 16:56:42 -0700
flask,2019-06-23 16:25:40 -0700
flask,2019-06-23 15:43:47 -0700
flask,2019-06-23 15:37:51 -0700
flask,2019-06-23 12:27:25 -0700
flask,2019-06-23 12:21:31 -0700
flask,2019-06-22 13:10:50 -0700
flask,2019-06-22 13:09:09 -0700
flask,2019-06-21 09:07:05 -0700
flask,2019-06-21 08:47:27 -0700
flask,2019-06-21 08:33:59 -0700
flask,2019-06-19 14:53:06 -0700
flask,2019-06-19 13:58:55 -0700
flask,2019-06-13 12:46:53 -0700
flask,2019-06-13 12:40:01 -0700
flask,2019-02-24 23:54:57 +0200
flask,2019-06-12 14:10:42 -0700
flask,2019-06-12 14:08:27 -0700
flask,2019-06-07 23:52:42 +0300
flask,2019-06-12 14:02:56 -0700
flask,2019-06-12 14:01:49 -0700
flask,2019-06-02 19:40:47 +0200
flask,2019-06-12 11:07:04 -0700
flask,2019-06-12 11:02:53 -0700
flask,2019-06-12 08:56:01 -0500
flask,2019-06-12 10:41:11 -0700
flask,2019-06-12 10:35:35 -0700
flask,2019-06-12 08:17:25 -0700
flask,2019-06-07 13:23:13 -0700
flask,2019-06-01 12:28:29 -0400
flask,2019-06-01 09:22:20 -0700
flask,2019-06-01 12:12:49 -0400
flask,2019-06-01 08:35:03 -0700
flask,2019-06-01 11:10:33 -0400
flask,2019-06-01 08:00:25 -0700
flask,2019-06-01 06:53:29 -0700
flask,2019-06-01 09:36:23 -0400
flask,2019-05-31 14:53:26 -0400
flask,2019-05-31 13:38:39 -0400
flask,2019-06-01 08:59:01 -0400
flask,2019-06-01 08:57:06 -0400
flask,2019-05-31 11:45:38 -0400
flask,2019-05-31 16:47:32 -0400
flask,2019-05-31 15:33:06 -0400
flask,2019-05-31 14:54:03 -0400
flask,2019-05-31 14:06:54 -0400
flask,2019-05-31 13:58:40 -0400
flask,2019-05-31 13:44:22 -0400
flask,2019-05-31 13:18:54 -0400
flask,2019-05-31 18:04:51 +0100
flask,2019-05-31 17:37:18 +0100
flask,2019-05-31 15:49:23 +0100
flask,2019-05-31 13:05:00 -0400
flask,2019-05-31 12:58:44 -0400
flask,2019-05-31 12:56:43 -0400
flask,2019-05-31 12:50:59 -0400
flask,2019-05-31 16:27:51 +0000
flask,2019-05-31 10:56:01 -0400
flask,2019-05-31 10:43:45 -0500
flask,2019-05-31 16:48:32 +0100
flask,2019-05-31 10:58:44 -0400
flask,2019-05-31 10:55:08 -0400
flask,2019-05-31 09:52:53 -0500
flask,2019-05-31 09:57:21 -0400
flask,2019-05-31 09:34:21 -0400
flask,2019-05-31 09:17:52 -0400
flask,2019-05-31 08:21:24 -0400
flask,2019-05-31 13:14:15 +0100
flask,2019-05-31 07:18:40 -0400
flask,2019-05-31 11:57:28 +0100
flask,2019-05-25 14:09:17 -0700
flask,2019-04-16 17:29:17 -0500
flask,2019-05-25 11:23:00 -0700
flask,2019-05-25 11:14:49 -0700
flask,2019-03-18 18:50:08 +0000
flask,2019-05-24 14:47:48 -0700
flask,2018-05-14 22:05:54 -0400
flask,2019-05-24 10:39:11 -0700
flask,2019-05-24 10:22:34 -0700
flask,2019-03-03 17:34:29 +0000
flask,2019-05-24 07:32:45 -0700
flask,2019-05-24 07:19:56 -0700
flask,2018-08-31 19:06:20 -0300
flask,2019-05-23 08:22:07 -0700
flask,2019-05-23 10:55:06 -0400
flask,2019-05-23 14:51:38 +0000
flask,2019-05-19 11:16:53 -0400
flask,2019-05-19 12:03:45 -0700
flask,2018-10-11 16:52:15 +0530
flask,2019-05-19 11:40:54 -0700
flask,2018-09-29 18:38:32 +0200
flask,2019-05-18 21:57:09 -0700
flask,2019-01-08 15:56:55 +0800
flask,2019-05-18 21:44:21 -0700
flask,2019-05-13 10:29:38 +0200
flask,2019-05-18 21:27:31 -0700
flask,2019-05-06 15:13:09 -0400
flask,2019-05-18 21:19:57 -0700
flask,2019-05-06 15:56:06 -0400
flask,2019-05-18 21:10:12 -0700
flask,2019-05-06 14:59:43 -0400
flask,2019-05-18 08:44:03 -0700
flask,2019-05-18 08:35:47 -0700
flask,2019-05-07 17:28:50 -0400
flask,2019-05-17 14:18:40 -0700
flask,2019-05-06 12:08:28 -0400
flask,2019-05-17 13:32:40 -0700
flask,2019-05-17 13:26:54 -0700
flask,2019-05-17 13:20:31 -0700
flask,2019-05-06 10:56:35 -0400
flask,2019-05-17 11:13:08 -0700
flask,2019-05-17 10:57:51 -0700
flask,2019-05-17 09:04:37 -0700
flask,2019-05-17 08:39:16 -0700
flask,2019-05-16 19:23:19 -0700
flask,2019-05-03 20:59:22 +0200
flask,2019-05-16 18:17:45 -0700
flask,2019-04-14 15:48:02 +0100
flask,2019-05-16 17:56:30 -0700
flask,2019-04-26 17:16:50 -0700
flask,2019-05-16 17:37:05 -0700
flask,2019-05-16 17:32:45 -0700
flask,2019-05-16 13:53:49 -0700
flask,2019-05-16 12:45:03 -0700
flask,2019-05-16 12:18:36 -0700
flask,2019-05-16 12:12:06 -0700
flask,2019-05-16 14:09:26 -0400
flask,2019-05-16 11:54:34 -0700
flask,2019-05-14 15:08:00 -0500
flask,2019-05-16 10:45:50 -0700
flask,2019-04-24 11:17:33 -0700
flask,2019-05-16 10:23:17 -0700
flask,2019-05-16 10:21:35 -0700
flask,2019-04-23 23:23:24 +0530
flask,2019-05-16 09:55:30 -0700
flask,2019-04-07 12:48:58 +0100
flask,2019-05-16 09:52:13 -0700
flask,2019-03-23 23:10:36 +0000
flask,2019-05-16 09:48:59 -0700
flask,2019-05-16 09:47:56 -0700
flask,2019-04-03 12:47:01 +0400
flask,2019-05-16 08:52:23 -0700
flask,2019-03-09 00:41:57 +0000
flask,2019-05-16 08:28:58 -0700
flask,2019-05-16 07:36:02 -0700
flask,2019-05-16 07:30:07 -0700
flask,2019-02-12 11:58:18 -0600
flask,2019-05-13 22:07:37 +0200
flask,2019-05-13 06:45:13 -0700
flask,2019-05-08 10:59:55 -0400
flask,2019-05-06 16:34:46 -0400
flask,2019-05-06 15:39:41 -0400
flask,2019-05-06 15:39:19 -0400
flask,2019-05-06 15:23:35 -0400
flask,2019-05-06 13:46:38 -0400
flask,2019-05-06 12:41:01 -0400
flask,2019-05-06 10:54:57 -0400
flask,2019-05-06 10:49:29 -0400
flask,2019-05-06 09:39:25 -0400
flask,2019-05-04 20:46:33 -0400
flask,2019-05-04 20:28:14 -0400
flask,2019-05-04 16:59:10 -0400
flask,2019-05-04 15:48:17 -0400
flask,2019-05-04 10:51:57 -0400
flask,2019-05-04 10:40:10 -0400
flask,2019-05-04 10:22:29 -0400
flask,2019-05-04 10:19:50 -0400
flask,2019-05-04 09:45:20 -0400
flask,2019-04-15 11:28:17 -0700
flask,2019-04-15 17:01:44 +0200
flask,2019-04-11 19:11:21 -0700
flask,2019-04-12 09:45:58 +0800
flask,2019-03-06 05:40:22 -0800
flask,2019-03-06 10:34:21 +0800
flask,2019-02-24 06:33:44 -0800
flask,2019-02-24 10:40:23 +0000
flask,2019-02-22 16:32:12 -0800
flask,2019-02-23 00:02:01 +0000
flask,2019-01-25 05:56:54 -0800
flask,2019-01-25 09:44:29 +0100
flask,2019-01-18 16:13:13 +0800
flask,2019-01-12 14:51:04 +0800
flask,2019-01-12 19:11:44 +0900
flask,2019-01-12 14:51:04 +0800
flask,2019-01-07 13:20:00 -0800
flask,2019-01-07 13:09:36 -0800
flask,2019-01-07 10:00:10 -0800
flask,2019-01-07 09:58:32 -0800
flask,2019-01-07 09:52:54 -0800
flask,2018-11-01 16:41:53 -0400
flask,2019-01-07 07:22:59 -0800
flask,2018-10-04 20:42:24 +0800
flask,2019-01-07 07:02:02 -0800
flask,2019-01-07 06:56:20 -0800
flask,2018-10-18 23:30:03 +0100
flask,2019-01-06 16:33:17 -0800
flask,2019-01-06 16:30:11 -0800
flask,2019-01-06 16:17:33 -0800
flask,2018-06-11 11:44:48 -0600
flask,2019-01-06 15:46:33 -0800
flask,2019-01-06 15:43:14 -0800
flask,2019-01-06 15:38:14 -0800
flask,2018-10-24 20:06:44 -0300
flask,2019-01-06 15:11:30 -0800
flask,2019-01-06 15:10:38 -0800
flask,2019-01-06 15:06:19 -0800
flask,2018-10-27 10:27:45 -0400
flask,2019-01-06 15:00:00 -0800
flask,2018-07-27 11:36:09 +0200
flask,2019-01-06 14:51:55 -0800
flask,2018-09-21 21:43:23 +0800
flask,2019-01-06 14:43:17 -0800
flask,2018-07-06 13:16:05 -0700
flask,2019-01-06 10:51:51 -0800
flask,2018-09-18 09:48:16 +0200
flask,2019-01-06 10:45:14 -0800
flask,2019-01-06 10:43:53 -0800
flask,2019-01-06 10:36:54 -0800
flask,2019-01-06 10:34:52 -0800
flask,2019-01-06 10:25:47 -0800
flask,2019-01-06 10:25:16 -0800
flask,2018-12-31 08:22:36 +0000
flask,2019-01-06 10:09:18 -0800
flask,2018-12-29 16:46:14 +0530
flask,2019-01-06 09:54:59 -0800
flask,2018-12-27 22:04:27 +0000
flask,2019-01-06 09:16:29 -0800
flask,2018-12-27 00:57:00 -0800
flask,2019-01-06 08:11:39 -0800
flask,2018-12-14 11:59:16 -0500
flask,2019-01-06 08:00:23 -0800
flask,2019-01-06 07:52:03 -0800
flask,2018-12-23 23:55:42 +0800
flask,2019-01-06 07:07:59 -0800
flask,2018-12-07 11:06:38 -0500
flask,2019-01-06 06:38:14 -0800
flask,2018-12-01 09:01:12 +0800
flask,2019-01-06 06:26:07 -0800
flask,2018-11-13 15:41:48 -0600
flask,2019-01-05 15:44:53 -0800
flask,2019-01-03 17:17:45 -0800
flask,2019-01-05 15:12:17 -0800
flask,2019-01-05 15:07:06 -0800
flask,2019-01-05 15:06:41 -0800
flask,2019-01-05 14:59:25 -0800
flask,2019-01-05 12:49:59 -0800
flask,2019-01-04 14:35:14 -0800
flask,2019-01-04 22:12:53 +0000
flask,2018-12-21 06:47:39 -0800
flask,2018-12-21 15:36:58 +0100
flask,2018-12-08 11:20:27 -0800
flask,2018-12-08 12:45:20 +0800
flask,2018-11-28 22:25:21 +0900
flask,2018-11-13 14:09:31 -0500
flask,2018-11-13 14:06:12 -0500
flask,2018-11-12 13:20:07 -0700
flask,2018-11-13 13:55:35 -0500
flask,2018-11-13 13:40:50 -0500
flask,2018-11-13 13:09:16 -0500
flask,2018-11-12 16:59:09 -0500
flask,2018-11-07 21:04:10 +0100
flask,2018-11-07 14:25:52 -0500
flask,2018-11-04 14:32:24 +1100
flask,2018-10-29 20:53:39 -0400
flask,2018-10-27 13:56:09 -0700
flask,2018-10-27 17:58:45 +0530
flask,2018-10-25 08:54:52 -0700
flask,2018-10-25 23:23:48 +0900
flask,2018-10-24 09:06:39 -0700
flask,2018-10-24 21:13:11 +0800
flask,2018-10-23 08:27:46 -0700
flask,2018-10-23 22:10:20 +0800
flask,2018-10-13 18:07:45 +0100
flask,2018-09-30 08:21:17 +0800
flask,2018-09-23 11:14:13 -0700
flask,2018-09-19 10:39:56 +0800
flask,2018-09-21 06:05:52 -0700
flask,2018-09-21 18:33:56 +0800
flask,2018-09-21 13:05:06 +0800
flask,2018-09-19 23:42:35 +0200
flask,2018-09-19 18:55:12 +0200
flask,2018-09-19 10:01:34 -0700
flask,2018-09-19 18:55:12 +0200
flask,2018-09-17 08:56:25 -0700
flask,2018-09-17 08:35:53 -0700
flask,2018-09-17 08:35:28 -0700
flask,2018-09-17 06:39:45 -0700
flask,2018-09-17 21:05:53 +0800
flask,2018-09-17 16:18:52 +0800
flask,2018-09-09 16:41:56 +0800
flask,2018-08-24 17:12:15 +0200
flask,2018-07-24 11:04:58 -0700
flask,2018-07-25 01:57:30 +0800
flask,2018-07-20 10:42:09 -0700
flask,2018-07-20 10:28:04 -0700
flask,2018-07-20 19:20:04 +0200
flask,2018-07-11 09:49:18 -0500
flask,2018-07-11 09:38:17 -0500
flask,2018-06-29 13:49:01 -0700
flask,2018-06-29 14:35:44 -0500
flask,2018-06-28 22:23:08 -0700
flask,2018-06-29 00:10:44 -0300
flask,2018-06-28 07:22:35 -0700
flask,2018-06-28 07:22:17 -0700
flask,2018-06-27 22:25:16 -0700
flask,2018-06-27 21:49:21 -0700
flask,2018-06-27 08:58:26 -0300
flask,2018-06-27 08:23:44 -0300
flask,2018-06-20 06:50:59 -0700
flask,2018-06-20 14:37:52 +0200
flask,2018-06-17 20:43:57 -0700
flask,2018-06-17 12:12:37 +0800
flask,2018-06-15 12:50:15 -0700
flask,2018-06-15 19:12:50 +0800
flask,2018-06-14 13:31:40 +0200
flask,2018-06-14 13:31:00 +0200
flask,2018-05-08 18:05:55 +0200
flask,2018-06-14 10:12:20 +0900
flask,2018-06-13 16:31:54 -0700
flask,2018-06-13 15:48:57 -0400
flask,2018-06-13 20:51:50 +0200
flask,2018-06-03 18:39:17 +0900
flask,2018-05-31 09:10:17 -0700
flask,2018-05-31 11:43:51 +0800
flask,2018-05-29 11:46:04 -0700
flask,2018-05-29 10:11:30 -0700
flask,2018-05-29 09:42:43 -0700
flask,2018-05-29 09:51:08 -0600
flask,2018-05-28 23:49:06 -0600
flask,2018-05-28 12:25:06 -0700
flask,2018-05-28 15:10:55 -0400
flask,2018-05-28 06:57:15 -0700
flask,2018-05-28 06:26:27 -0700
flask,2018-05-24 06:39:13 -0700
flask,2018-05-24 14:57:11 +0200
flask,2018-05-22 18:39:35 +0800
flask,2018-05-21 15:57:11 +0900
flask,2018-05-21 08:10:16 +0200
flask,2018-05-20 21:28:26 -0700
flask,2018-05-21 10:26:14 +0800
flask,2018-05-17 09:24:21 -0400
flask,2018-05-16 14:21:19 +0200
flask,2018-05-16 23:44:52 +0800
flask,2018-05-16 19:13:19 +0800
flask,2018-05-13 09:18:08 -0400
flask,2018-05-12 10:21:49 +0200
flask,2018-05-08 20:31:10 -0700
flask,2018-05-03 02:01:49 +0200
flask,2018-05-08 20:27:16 -0700
flask,2018-05-08 20:11:47 -0700
flask,2018-05-08 20:10:27 -0700
flask,2018-05-08 09:06:58 -0700
flask,2018-05-03 02:01:49 +0200
flask,2018-05-02 07:27:49 -0700
flask,2018-05-02 07:16:58 -0700
flask,2018-05-02 07:16:14 -0700
flask,2018-05-02 07:14:08 -0700
flask,2018-05-02 06:16:11 -0700
flask,2018-05-02 17:08:31 +0800
flask,2018-05-02 06:04:31 -0700
flask,2018-05-01 13:29:48 -0700
flask,2018-05-01 14:35:55 +0900
flask,2018-04-30 19:06:00 -0700
flask,2018-04-30 19:05:46 -0700
flask,2018-04-30 21:28:53 -0400
flask,2018-04-30 19:02:07 -0700
flask,2018-04-30 21:28:53 -0400
flask,2018-04-29 19:37:05 -0700
flask,2018-04-29 19:36:30 -0700
flask,2018-04-29 19:36:07 -0700
flask,2018-04-29 19:11:36 -0700
flask,2018-04-29 19:10:48 -0700
flask,2018-04-29 19:09:23 -0700
flask,2018-04-29 19:08:16 -0700
flask,2018-04-29 18:46:54 -0700
flask,2018-04-29 18:45:50 -0700
flask,2018-04-29 18:28:51 -0700
flask,2018-04-29 18:24:00 -0700
flask,2018-04-29 18:23:30 -0700
flask,2018-04-29 18:22:05 -0700
flask,2018-04-29 15:46:58 -0700
flask,2018-04-29 15:32:12 -0700
flask,2018-04-29 14:57:24 -0700
flask,2018-04-29 17:24:00 -0300
flask,2018-04-29 14:27:05 -0700
flask,2018-04-28 08:07:53 -0700
flask,2018-04-27 08:01:48 +0900
flask,2018-04-28 07:01:42 -0700
flask,2018-04-28 06:51:08 -0700
flask,2018-04-27 12:46:37 -0700
flask,2018-04-27 12:27:31 -0700
flask,2018-04-27 11:12:50 -0700
flask,2018-04-27 11:06:54 -0700
flask,2018-04-27 15:28:38 +0800
flask,2018-04-27 11:05:37 -0600
flask,2018-04-27 15:37:13 +0100
flask,2018-04-27 10:11:41 -0700
flask,2018-04-27 09:53:29 -0700
flask,2018-04-27 23:50:39 +0900
flask,2018-04-27 07:41:19 -0700
flask,2018-04-26 15:47:42 -0500
flask,2018-04-27 15:37:13 +0100
flask,2018-04-27 07:34:20 -0700
flask,2018-04-27 13:56:59 +0200
flask,2018-04-27 13:38:35 +0200
flask,2018-04-27 11:40:12 +0200
flask,2018-04-26 15:15:55 -0700
flask,2018-04-26 15:15:31 -0700
flask,2018-04-26 15:15:05 -0700
flask,2018-04-26 14:14:44 -0700
flask,2018-04-26 14:14:11 -0700
flask,2018-04-26 14:07:04 -0700
flask,2018-04-26 14:02:05 -0700
flask,2018-04-26 15:50:48 -0500
flask,2018-04-26 15:47:42 -0500
flask,2018-04-26 13:06:15 -0700
flask,2018-04-26 12:31:25 -0700
flask,2018-04-26 12:30:40 -0700
flask,2018-04-26 12:29:03 -0700
flask,2018-04-26 12:22:45 -0700
flask,2018-04-26 12:25:54 -0700
flask,2018-04-26 12:22:45 -0700
flask,2018-04-26 12:18:06 -0700
flask,2018-04-26 12:14:22 -0700
flask,2018-04-26 12:12:11 -0700
flask,2018-04-26 12:12:03 -0700
flask,2018-04-26 12:07:01 -0700
flask,2018-04-26 11:57:21 -0700
flask,2018-04-25 00:48:32 +0900
flask,2018-04-26 07:46:50 -0700
flask,2018-04-26 07:44:59 -0700
flask,2018-04-26 06:03:02 -0700
flask,2018-04-26 06:03:33 -0700
flask,2018-04-24 09:57:32 +0900
flask,2018-04-24 08:09:08 +0800
flask,2018-04-23 09:04:05 -0700
flask,2018-04-23 09:02:23 -0700
flask,2018-04-22 20:45:19 -0300
flask,2018-04-21 15:12:06 +0900
flask,2018-04-21 14:48:15 +0900
flask,2018-04-20 13:22:06 -0700
flask,2018-04-19 06:57:11 -0700
flask,2018-04-19 14:11:05 +0100
flask,2018-04-19 13:55:37 +0100
flask,2018-04-18 23:03:17 -0700
flask,2018-04-18 13:45:35 -0700
flask,2018-04-18 13:39:55 -0700
flask,2018-04-18 13:21:16 -0700
flask,2018-04-18 13:10:56 -0700
flask,2018-04-18 13:07:36 -0700
flask,2018-04-12 12:44:09 -0700
flask,2018-04-18 12:13:04 -0700
flask,2018-04-12 22:54:11 -0700
flask,2018-04-18 12:26:30 -0300
flask,2018-04-12 12:37:35 -0700
flask,2018-04-12 12:17:14 -0700
flask,2018-04-12 11:28:49 -0700
flask,2018-04-12 11:06:02 -0700
flask,2018-04-10 13:10:53 -0700
flask,2018-04-10 12:58:45 -0700
flask,2018-04-10 09:29:48 -0700
flask,2018-04-10 12:31:52 -0700
flask,2017-06-04 12:26:21 -0700
flask,2018-04-10 11:26:15 -0700
flask,2017-04-19 05:08:53 -0700
flask,2018-04-10 09:47:14 -0700
flask,2018-04-10 09:29:48 -0700
flask,2018-04-09 03:00:14 -0700
flask,2018-03-19 23:41:54 +0800
flask,2018-04-09 01:37:32 -0700
flask,2018-03-18 21:05:45 +0800
flask,2018-04-09 01:27:25 -0700
flask,2018-04-09 01:11:46 -0700
flask,2018-04-09 01:09:03 -0700
flask,2018-02-09 14:39:05 -0800
flask,2018-04-09 00:22:16 -0700
flask,2018-04-08 10:43:40 -0700
flask,2018-03-22 12:06:05 -0700
flask,2018-03-22 23:38:52 +0900
flask,2018-03-22 23:44:36 +0900
flask,2018-03-06 07:36:58 -0800
flask,2018-03-05 16:45:00 -0800
flask,2018-03-06 07:50:46 +0800
flask,2018-02-28 08:03:04 -0800
flask,2018-02-28 07:52:03 -0800
flask,2018-02-28 07:00:15 -0800
flask,2018-02-28 06:50:49 -0800
flask,2018-02-24 08:23:12 -0800
flask,2018-02-24 08:10:25 -0800
flask,2018-02-24 08:03:30 -0800
flask,2018-02-23 16:00:30 -0800
flask,2018-02-23 15:45:37 -0800
flask,2018-02-12 18:38:54 +0800
flask,2018-02-23 08:47:20 -0800
flask,2018-02-23 07:51:34 -0800
flask,2018-02-19 21:20:03 +0100
flask,2018-02-19 16:14:11 -0800
flask,2018-02-19 15:34:46 -0800
flask,2018-02-13 10:33:08 +0900
flask,2018-02-12 22:26:02 +0000
flask,2018-02-08 13:12:25 -0800
flask,2018-02-08 13:04:19 -0800
flask,2018-02-08 10:57:40 -0800
flask,2018-02-07 06:56:14 -0800
flask,2018-02-06 08:14:09 -0800
flask,2018-02-06 08:03:09 -0800
flask,2018-01-28 18:56:45 -0800
flask,2018-01-28 18:48:39 -0800
flask,2018-01-28 14:48:38 -0800
flask,2018-01-28 14:25:48 -0800
flask,2018-01-28 14:16:33 -0800
flask,2018-01-28 12:06:59 -0800
flask,2018-01-28 11:27:07 -0800
flask,2018-01-28 11:20:42 -0800
flask,2018-01-23 15:39:42 -0800
flask,2018-01-23 15:37:33 -0800
flask,2018-01-23 15:34:52 -0800
flask,2018-01-23 15:20:16 -0800
flask,2018-01-22 11:07:37 +0800
flask,2018-01-23 15:11:50 -0800
flask,2018-01-23 10:09:42 -0800
flask,2018-01-22 12:16:37 -0800
flask,2018-01-23 15:02:07 +0000
flask,2018-01-23 13:57:50 +0000
flask,2018-01-14 20:07:43 -0800
flask,2018-01-14 16:02:43 -0800
flask,2018-01-10 15:46:42 -0800
flask,2018-01-10 15:38:52 -0800
flask,2018-01-10 14:01:59 -0800
flask,2018-01-10 13:53:45 -0800
flask,2018-01-10 12:14:44 -0800
flask,2018-01-10 12:02:13 -0800
flask,2018-01-06 17:07:56 +0100
flask,2018-01-06 18:49:50 +0900
flask,2018-01-06 18:49:01 +0900
flask,2018-01-05 13:32:57 -0800
flask,2018-01-05 13:27:31 -0800
flask,2018-01-05 12:36:01 -0800
flask,2018-01-05 07:55:41 -0800
flask,2018-01-05 07:40:51 -0800
flask,2018-01-04 13:04:29 -0800
flask,2018-01-04 12:56:38 -0800
flask,2018-01-04 08:40:12 -0800
flask,2018-01-04 12:34:25 -0800
flask,2018-01-04 09:39:47 -0800
flask,2018-01-04 07:29:15 -0800
flask,2018-01-03 13:17:59 -0800
flask,2018-01-03 13:06:14 -0800
flask,2017-12-20 20:50:45 +0800
flask,2017-12-17 13:11:53 -0800
flask,2017-12-17 02:43:06 +0900
flask,2017-12-16 07:17:13 -0800
flask,2017-12-16 07:08:31 -0800
flask,2017-12-16 07:06:54 -0800
flask,2017-12-14 13:05:52 -0800
flask,2017-12-16 23:13:55 +0900
flask,2017-12-14 19:45:09 -0800
flask,2017-12-14 12:21:34 -0800
flask,2017-12-14 12:20:03 -0800
flask,2017-12-14 09:40:34 -0500
flask,2017-12-14 05:33:32 -0800
flask,2017-12-14 01:55:22 -0500
flask,2017-12-14 14:38:37 +0800
flask,2017-12-14 14:26:56 +0900
flask,2017-12-14 11:08:33 +0800
flask,2017-12-08 12:59:46 -0800
flask,2017-12-08 15:18:02 -0500
flask,2017-12-05 08:54:59 -0800
flask,2017-12-03 17:05:20 +0900
flask,2017-12-03 16:37:52 +0900
flask,2017-12-02 17:09:28 +0900
flask,2017-12-01 16:03:52 +0800
flask,2017-11-26 12:50:36 -0800
flask,2017-11-25 00:53:43 +0100
flask,2017-11-25 00:44:07 +0100
flask,2017-11-23 10:32:13 +0100
flask,2017-11-25 00:18:10 +0100
flask,2017-11-25 00:17:09 +0100
flask,2017-11-25 00:05:57 +0100
flask,2017-11-22 16:35:47 -0800
flask,2017-11-22 22:40:23 +0100
flask,2017-11-09 14:10:10 -0800
flask,2017-11-09 22:52:24 +0100
flask,2017-10-30 13:48:29 -0700
flask,2017-10-25 04:09:41 -0700
flask,2017-10-25 09:03:27 +0300
flask,2017-10-24 01:10:12 -0500
flask,2017-10-19 22:32:47 +0300
flask,2017-10-13 14:53:50 +0300
flask,2017-10-11 07:03:32 -0700
flask,2017-10-11 16:47:26 +0300
flask,2017-10-10 11:59:28 -0700
flask,2017-10-10 11:10:20 -0700
flask,2017-07-14 20:34:23 -0700
flask,2017-10-09 08:18:34 -0700
flask,2017-08-19 11:41:03 +0800
flask,2017-10-08 03:52:44 +1000
flask,2017-09-28 11:00:48 -0700
flask,2017-09-28 10:58:53 -0700
flask,2017-09-23 22:26:48 +0800
flask,2017-09-12 12:55:41 +0200
flask,2017-09-12 04:24:35 +0000
flask,2017-09-06 13:30:05 +0200
flask,2017-08-30 14:52:57 -0700
flask,2017-08-25 09:36:26 -0400
flask,2017-08-15 09:55:38 -0400
flask,2017-08-14 15:05:49 -0700
flask,2017-08-14 10:25:24 -0400
flask,2017-08-14 14:01:46 +0800
flask,2017-08-14 14:01:10 +0800
flask,2017-08-10 21:51:02 -0700
flask,2017-08-06 09:06:19 +0900
flask,2017-08-01 08:47:56 -0700
flask,2017-08-01 08:39:42 -0700
flask,2017-08-01 08:28:32 -0700
flask,2017-07-31 13:58:50 -0700
flask,2017-07-31 13:23:45 -0700
flask,2017-07-28 14:55:52 -0700
flask,2017-07-29 13:09:17 -0700
flask,2017-07-29 13:03:08 -0700
flask,2017-07-27 07:32:03 -0700
flask,2017-07-27 14:44:23 +0300
flask,2017-07-16 13:55:18 -0700
flask,2017-07-14 22:37:53 -0700
flask,2017-07-16 20:07:25 +0100
flask,2017-07-14 19:59:51 -0700
flask,2017-07-14 19:27:45 -0700
flask,2017-07-13 08:42:53 -0700
flask,2017-07-10 07:20:01 -0700
flask,2017-07-10 07:10:47 -0700
flask,2017-07-07 17:34:44 -0700
flask,2017-06-30 11:28:48 -0400
flask,2017-06-28 19:55:39 -0700
flask,2017-06-28 08:06:18 -0700
flask,2017-06-28 08:02:51 -0700
flask,2017-06-28 08:00:08 -0700
flask,2017-06-28 07:58:06 -0700
flask,2017-06-27 07:50:20 -0700
flask,2017-06-27 07:27:10 -0700
flask,2017-06-26 09:47:36 -0700
flask,2017-06-26 09:34:26 -0700
flask,2017-06-26 09:23:06 -0700
flask,2017-06-26 09:22:03 -0700
flask,2017-06-26 09:18:21 -0700
flask,2017-06-26 08:47:28 -0700
flask,2017-06-26 08:29:43 -0700
flask,2017-06-26 08:07:54 -0700
flask,2017-06-26 07:46:33 -0700
flask,2017-06-26 07:42:17 -0700
flask,2017-06-26 07:39:35 -0700
flask,2017-06-26 07:35:20 -0700
flask,2017-06-26 11:48:29 +0300
flask,2017-06-23 17:53:38 +0300
flask,2017-06-16 15:38:33 -0400
flask,2017-06-16 21:15:33 +0200
flask,2017-06-16 07:00:26 -0700
flask,2017-06-16 06:59:37 -0700
flask,2017-06-15 12:15:38 -0700
flask,2017-06-15 11:27:50 -0700
flask,2017-06-14 18:42:15 -0700
flask,2017-06-14 14:23:13 -0700
flask,2017-06-14 14:14:18 -0700
flask,2017-06-14 14:08:42 -0700
flask,2017-06-14 13:57:40 -0700
flask,2017-06-14 13:11:53 -0700
flask,2017-06-14 13:06:26 -0700
flask,2017-06-14 12:56:42 -0700
flask,2017-06-14 11:12:11 -0700
flask,2017-06-14 12:31:56 -0700
flask,2017-06-14 11:30:42 -0700
flask,2017-06-14 12:08:25 -0700
flask,2017-06-14 09:58:33 -0700
flask,2017-06-14 07:41:44 -0700
flask,2017-06-14 07:26:48 -0700
flask,2017-06-14 07:16:55 -0700
flask,2017-06-13 06:28:18 -0700
flask,2017-06-13 06:27:46 -0700
flask,2017-06-12 16:15:52 -0500
flask,2017-06-12 16:07:24 -0500
flask,2017-06-10 08:53:40 -0400
flask,2017-06-09 10:30:31 -0700
flask,2017-06-09 10:28:54 -0700
flask,2017-06-09 10:54:47 -0400
flask,2017-06-09 10:19:08 -0400
flask,2017-06-06 09:22:49 -0700
flask,2017-06-06 09:21:44 -0700
flask,2017-06-06 07:52:55 -0700
flask,2017-06-06 07:47:07 -0700
flask,2017-06-05 06:34:49 -0700
flask,2017-06-05 06:24:08 -0700
flask,2017-06-05 06:14:13 -0700
flask,2017-06-05 05:03:50 -0700
flask,2017-06-05 16:11:16 +0800
flask,2017-06-04 12:38:34 -0700
flask,2017-06-04 12:38:10 -0700
flask,2017-06-04 12:26:21 -0700
flask,2017-06-04 12:02:40 -0700
flask,2017-06-04 11:44:00 -0700
flask,2017-06-04 09:42:19 -0700
flask,2017-06-03 12:26:15 -0700
flask,2017-06-02 11:10:18 -0700
flask,2017-06-02 11:07:53 -0700
flask,2017-06-02 10:23:51 -0700
flask,2017-06-02 10:17:40 -0700
flask,2017-06-02 10:07:57 -0700
flask,2017-06-02 10:01:30 -0700
flask,2017-06-02 12:00:54 -0400
flask,2017-06-02 08:09:37 -0700
flask,2017-06-02 06:49:55 -0700
flask,2017-06-02 06:36:13 -0700
flask,2017-06-01 22:47:23 -0700
flask,2017-06-01 06:40:27 -0700
flask,2017-05-31 21:04:21 -0700
flask,2017-05-31 18:02:23 -0700
flask,2017-05-29 19:53:18 -0700
flask,2017-05-29 19:46:33 -0700
flask,2017-05-29 19:41:07 -0700
flask,2017-05-29 19:08:25 -0700
flask,2017-05-29 13:42:06 -0700
flask,2017-05-29 13:30:58 -0700
flask,2017-05-29 10:29:06 -0700
flask,2017-05-29 10:16:29 -0700
flask,2017-05-29 10:09:24 -0700
flask,2017-05-28 14:17:56 -0700
flask,2017-05-28 14:08:53 -0700
flask,2017-05-28 14:04:18 -0700
flask,2017-05-28 11:52:01 -0700
flask,2017-05-28 10:42:16 -0700
flask,2017-05-28 10:26:07 -0700
flask,2017-05-28 07:25:15 -0700
flask,2017-05-27 18:09:35 -0700
flask,2017-05-27 18:02:18 -0400
flask,2017-05-27 12:47:33 -0700
flask,2017-05-27 10:52:45 -0700
flask,2017-05-27 13:46:18 -0400
flask,2017-05-27 10:43:57 -0700
flask,2017-05-27 13:41:16 -0400
flask,2017-05-27 13:37:41 -0400
flask,2017-05-27 10:09:23 -0700
flask,2017-05-27 08:44:07 -0700
flask,2017-05-26 06:17:40 -0700
flask,2017-05-26 09:16:45 -0400
flask,2017-05-25 18:01:52 -0400
flask,2017-05-25 15:00:03 -0700
flask,2017-05-25 17:57:55 -0400
flask,2017-05-25 14:57:17 -0700
flask,2017-05-25 14:47:20 -0700
flask,2017-05-25 14:45:34 -0700
flask,2017-05-25 14:44:23 -0700
flask,2017-05-25 14:42:42 -0700
flask,2017-05-25 14:40:52 -0700
flask,2017-05-25 17:38:26 -0400
flask,2017-05-25 14:36:06 -0700
flask,2017-05-25 14:22:53 -0700
flask,2017-05-25 17:21:32 -0400
flask,2017-05-25 17:15:53 -0400
flask,2017-05-25 11:28:20 -0700
flask,2017-05-25 10:46:45 -0700
flask,2017-05-25 10:26:02 -0700
flask,2017-05-23 22:33:48 -0700
flask,2017-05-23 16:56:34 -0700
flask,2017-05-25 10:06:53 -0700
flask,2017-05-25 10:51:43 -0600
flask,2017-05-25 09:52:46 -0700
flask,2017-05-25 08:24:51 -0700
flask,2017-05-25 10:04:10 +0530
flask,2017-05-23 16:07:07 -0700
flask,2017-05-24 18:50:25 -0700
flask,2017-05-24 17:27:36 -0700
flask,2017-05-24 17:00:20 -0700
flask,2017-05-24 15:57:56 -0700
flask,2017-05-24 15:41:35 -0700
flask,2017-05-23 17:31:44 -0700
flask,2017-05-23 17:14:57 -0700
flask,2017-05-23 17:14:23 -0700
flask,2017-05-23 16:51:50 -0700
flask,2017-05-23 16:45:47 -0700
flask,2017-05-23 16:13:19 -0700
flask,2017-05-23 16:42:14 -0700
flask,2017-05-23 16:22:58 -0700
flask,2017-05-23 16:24:29 -0700
flask,2017-05-23 16:24:07 -0700
flask,2017-05-23 16:20:59 -0700
flask,2017-05-23 16:19:41 -0700
flask,2017-05-23 16:08:46 -0700
flask,2017-05-23 15:33:59 -0700
flask,2017-05-23 15:29:37 -0700
flask,2017-05-23 15:18:39 -0700
flask,2017-05-23 13:46:45 -0700
flask,2017-05-23 13:31:56 -0700
flask,2017-05-23 22:22:16 +0200
flask,2017-05-23 12:46:31 -0700
flask,2017-05-23 12:26:43 -0700
flask,2017-05-23 12:00:34 -0700
flask,2017-05-23 11:51:17 -0700
flask,2017-05-23 11:51:13 -0700
flask,2017-05-23 11:50:31 -0700
flask,2017-05-23 11:50:14 -0700
flask,2017-05-23 14:30:39 -0400
flask,2017-05-23 11:19:57 -0700
flask,2017-05-23 11:18:48 -0700
flask,2017-05-23 10:49:01 -0700
flask,2017-05-23 10:46:56 -0700
flask,2017-05-22 15:57:31 -0700
flask,2017-05-22 15:57:31 -0700
flask,2017-01-08 20:42:41 +0100
flask,2017-05-23 18:21:29 +0200
flask,2017-05-22 18:39:07 -0500
flask,2017-05-23 08:34:22 -0700
flask,2017-05-23 07:59:53 -0700
flask,2017-05-23 07:51:57 -0700
flask,2017-05-23 01:54:06 -0700
flask,2017-05-22 23:54:28 -0700
flask,2017-05-22 23:48:35 -0700
flask,2017-05-22 23:46:22 -0700
flask,2017-05-22 20:52:02 -0700
flask,2017-05-22 20:49:37 -0700
flask,2017-05-22 18:22:08 -0700
flask,2017-05-22 18:08:40 -0700
flask,2017-05-22 18:06:31 -0700
flask,2017-05-22 17:42:30 -0700
flask,2017-05-22 17:36:55 -0700
flask,2017-05-22 16:54:52 -0700
flask,2017-05-22 15:49:04 -0700
flask,2017-05-22 16:15:48 -0700
flask,2017-05-22 16:13:27 -0700
flask,2017-05-22 16:12:23 -0700
flask,2017-05-22 15:48:08 -0700
flask,2017-05-22 15:29:46 -0700
flask,2017-05-22 15:28:43 -0700
flask,2017-05-22 15:13:31 -0700
flask,2017-05-22 14:48:24 -0700
flask,2017-05-22 14:14:24 -0700
flask,2017-05-22 14:26:00 -0700
flask,2017-05-22 14:14:40 -0700
flask,2017-05-22 14:01:59 -0700
flask,2017-05-22 13:06:47 -0700
flask,2017-05-22 12:30:52 -0700
flask,2017-05-22 12:30:18 -0700
flask,2017-05-22 12:28:06 -0700
flask,2017-05-22 12:19:52 -0700
flask,2017-05-22 12:14:52 -0700
flask,2017-05-22 11:55:23 -0700
flask,2017-05-22 11:43:57 -0700
flask,2017-05-22 11:28:58 -0700
flask,2017-05-22 11:25:02 -0700
flask,2017-05-20 13:45:48 -0700
flask,2017-05-20 13:00:17 -0700
flask,2017-05-20 12:11:37 -0700
flask,2017-05-19 09:44:06 -0700
flask,2017-05-16 08:40:31 +0200
flask,2017-05-16 08:40:08 +0200
flask,2017-05-16 08:39:30 +0200
flask,2017-05-16 08:39:28 +0200
flask,2017-05-16 08:34:53 +0200
flask,2017-05-15 16:58:01 -0700
flask,2017-05-15 17:11:34 -0700
flask,2017-05-15 16:58:01 -0700
flask,2017-05-15 12:41:13 -0700
flask,2017-05-15 12:40:09 -0700
flask,2017-05-15 12:17:09 -0700
flask,2017-05-13 22:13:53 -0700
flask,2017-05-13 21:31:46 -0700
flask,2016-12-04 18:29:11 +0000
flask,2017-05-11 22:50:29 -0700
flask,2017-05-11 22:48:21 -0700
flask,2017-05-11 22:38:36 -0700
flask,2017-05-11 22:32:00 -0700
flask,2017-05-11 22:31:19 -0700
flask,2017-05-11 14:37:31 -0700
flask,2017-05-11 13:54:37 -0700
flask,2017-05-11 12:35:03 -0700
flask,2017-05-10 22:38:22 -0700
flask,2017-05-09 11:04:23 -0700
flask,2017-05-09 10:19:51 -0700
flask,2017-05-10 00:34:36 +0800
flask,2017-05-09 08:47:23 -0700
flask,2017-05-09 08:44:58 -0700
flask,2017-05-04 18:42:33 -0700
flask,2017-05-04 18:24:04 -0700
flask,2017-04-30 08:48:22 -0700
flask,2017-04-30 08:20:13 -0700
flask,2016-11-02 13:36:54 -0700
flask,2017-04-26 10:43:18 -0700
flask,2017-04-25 14:15:38 -0700
flask,2017-04-25 13:13:10 -0700
flask,2017-04-25 12:06:39 -0700
flask,2017-04-25 12:03:08 -0700
flask,2017-04-25 09:43:18 -0700
flask,2017-04-25 08:46:22 -0700
flask,2017-04-24 14:11:49 -0700
flask,2017-04-24 10:09:50 -0700
flask,2017-04-24 10:16:20 -0700
flask,2017-04-22 14:43:21 -0700
flask,2017-04-22 13:39:54 -0700
flask,2017-04-21 11:45:16 -0700
flask,2017-04-21 11:16:18 -0700
flask,2017-04-21 10:32:00 -0700
flask,2017-04-21 10:33:29 -0700
flask,2017-04-21 08:31:11 -0700
flask,2017-04-21 07:16:09 -0700
flask,2017-04-21 07:03:46 -0700
flask,2017-04-20 09:10:27 -0700
flask,2017-04-20 08:52:37 -0700
flask,2016-09-09 12:11:18 +0200
flask,2017-04-19 08:46:33 +0300
flask,2017-04-14 09:22:12 -0700
flask,2017-04-13 14:55:56 -0700
flask,2017-04-13 16:32:44 -0700
flask,2017-04-13 16:45:24 -0700
flask,2017-04-13 16:32:44 -0700
flask,2016-12-19 08:03:37 -0800
flask,2017-04-13 15:14:26 -0700
flask,2017-04-13 14:55:56 -0700
flask,2017-04-12 10:12:30 -0700
flask,2017-04-12 09:18:07 -0700
flask,2017-04-11 21:44:32 +0200
flask,2017-04-08 11:08:08 -0700
flask,2017-04-08 10:54:20 -0700
flask,2017-04-08 10:33:06 -0700
flask,2017-04-07 18:02:31 -0700
flask,2017-04-07 20:34:52 +0200
flask,2017-04-07 10:31:54 -0400
flask,2017-04-07 22:10:43 +0800
flask,2017-04-06 08:31:25 -0700
flask,2017-04-06 11:26:01 -0400
flask,2017-04-04 13:26:40 -0700
flask,2017-04-02 11:55:05 -0400
flask,2017-04-01 20:27:28 -0400
flask,2017-03-31 18:44:33 +0200
flask,2017-03-31 18:44:14 +0200
flask,2017-03-31 18:43:52 +0200
flask,2017-03-31 18:43:36 +0200
flask,2017-03-31 18:43:34 +0200
flask,2017-03-31 18:41:10 +0200
flask,2017-03-31 18:40:55 +0200
flask,2017-03-23 17:51:45 +0000
flask,2017-03-23 16:15:00 +0000
flask,2017-03-23 14:43:56 +0000
flask,2017-03-31 17:07:43 +0100
flask,2017-03-30 17:32:21 +0200
flask,2017-03-24 20:05:01 +0100
flask,2017-03-24 08:59:00 -0700
flask,2017-03-23 17:30:48 +0100
flask,2017-03-21 16:17:09 -0400
flask,2017-03-21 15:22:15 -0400
flask,2017-03-19 18:01:23 +0100
flask,2017-03-17 05:41:20 +0100
flask,2017-03-16 13:43:01 -0700
flask,2017-03-16 20:56:12 +0100
flask,2017-03-16 14:42:09 +0100
flask,2017-03-16 14:37:58 +0100
flask,2017-03-13 13:58:24 +0100
flask,2017-03-11 09:59:34 -0800
flask,2017-03-08 11:26:38 -0800
flask,2017-03-07 10:09:46 +0900
flask,2017-03-06 07:05:59 -0600
flask,2017-03-05 07:07:49 -0500
flask,2017-03-04 22:32:23 +0100
flask,2017-03-04 18:29:04 +0800
flask,2017-02-28 06:05:09 +0100
flask,2017-02-28 00:13:45 +0100
flask,2017-02-23 15:23:44 +0000
flask,2017-02-18 00:41:58 -0600
flask,2017-02-15 11:55:56 -0500
flask,2017-02-11 01:43:11 -0800
flask,2017-02-10 03:19:59 -0800
flask,2017-02-09 18:35:21 +0100
flask,2017-02-09 18:34:16 +0100
flask,2017-02-09 15:29:58 +0100
flask,2017-02-09 18:01:12 +0630
flask,2017-01-29 12:26:52 +0100
flask,2017-01-17 14:08:33 -0800
flask,2017-01-17 13:22:16 -0800
flask,2017-01-17 11:20:07 -0800
flask,2017-01-17 17:15:51 +0200
flask,2017-01-15 05:56:12 +0100
flask,2017-01-14 12:58:45 -0800
flask,2017-01-13 05:30:22 -0800
flask,2017-01-13 10:54:55 +0100
flask,2017-01-10 10:07:26 -0800
flask,2017-01-10 11:20:53 -0600
flask,2017-01-10 13:12:18 +0100
flask,2017-01-01 19:51:21 -0700
flask,2016-12-31 18:51:00 -0500
flask,2016-12-31 12:37:39 -0500
flask,2016-12-31 12:08:25 -0500
flask,2016-12-31 16:31:44 +0100
flask,2016-12-30 22:46:26 +0100
flask,2016-12-30 22:46:03 +0100
flask,2016-12-30 15:40:30 -0600
flask,2016-12-30 15:02:08 -0600
flask,2016-12-30 22:28:43 +0100
flask,2016-12-30 12:50:13 -0500
flask,2016-12-30 12:43:31 -0500
flask,2016-12-28 10:11:33 -0500
flask,2016-12-26 03:51:12 +0100
flask,2016-12-26 03:50:47 +0100
flask,2016-12-25 16:36:17 +0100
flask,2016-12-25 16:34:22 +0100
flask,2016-12-25 16:33:55 +0100
flask,2016-12-21 21:22:26 +0100
flask,2016-12-21 21:22:08 +0100
flask,2016-12-21 21:19:53 +0100
flask,2016-12-21 21:08:38 +0100
flask,2016-12-21 12:07:57 -0800
flask,2016-12-22 04:07:09 +0800
flask,2016-12-21 21:06:48 +0100
flask,2016-12-19 14:37:34 +0100
flask,2016-11-18 15:38:31 +0100
flask,2016-11-17 14:01:30 +0000
flask,2016-11-15 11:56:51 +0100
flask,2016-11-15 11:57:09 +0100
flask,2016-11-07 18:10:02 +0000
flask,2016-11-03 23:01:10 -0700
flask,2016-11-03 13:11:24 -0400
flask,2016-11-02 17:56:59 +0100
flask,2016-11-02 17:04:20 +1300
flask,2016-11-02 15:58:22 +1300
flask,2016-11-01 18:52:54 -0700
flask,2016-11-01 22:52:32 -0300
flask,2016-11-01 13:11:53 -0700
flask,2016-11-01 14:35:17 +0000
flask,2016-10-31 18:10:27 -0400
flask,2016-10-31 13:41:38 -0300
flask,2016-10-30 14:35:15 +0100
flask,2016-10-30 09:34:49 -0400
flask,2016-10-24 14:20:54 +0300
flask,2016-10-14 04:13:42 -0400
flask,2016-10-12 12:14:49 -0700
flask,2016-10-12 02:54:25 -0400
flask,2016-10-11 15:27:48 +0200
flask,2016-10-08 13:34:56 -0500
flask,2016-10-01 12:45:22 -0400
flask,2016-09-26 12:43:46 +0200
flask,2016-09-26 00:25:54 +0800
flask,2016-09-24 04:07:19 -0700
flask,2016-09-19 23:29:52 +0200
flask,2016-09-19 13:24:46 +1000
flask,2016-09-18 15:47:52 +0200
flask,2016-09-18 14:10:00 +0200
flask,2016-09-14 13:03:21 -0500
flask,2016-09-12 21:55:17 +0300
flask,2016-09-12 21:54:41 +0300
flask,2016-09-12 21:52:42 +0300
flask,2016-09-12 10:42:23 +0200
flask,2016-09-12 08:41:09 +0100
flask,2016-09-11 21:28:30 +0300
flask,2016-09-11 17:55:33 +0200
flask,2016-09-11 11:53:35 -0400
flask,2016-09-11 16:57:43 +0300
flask,2016-09-10 03:36:29 +0300
flask,2016-09-10 03:33:53 +0300
flask,2016-09-08 12:24:07 -0500
flask,2016-09-08 21:04:51 +0530
flask,2016-09-08 15:21:05 +0200
flask,2016-09-08 09:19:48 -0400
flask,2016-09-08 11:55:59 +0300
flask,2016-09-07 18:18:53 +0200
flask,2016-09-06 22:32:34 +0200
flask,2016-09-05 16:57:00 +0200
flask,2016-09-05 03:28:05 +0400
flask,2016-08-31 22:05:12 +0200
flask,2016-08-31 12:37:36 -0400
flask,2016-08-29 18:26:20 -0400
flask,2016-08-28 15:06:53 -0700
flask,2016-08-27 18:33:08 +0200
flask,2016-08-27 14:32:53 +0200
flask,2016-08-26 03:08:03 +0200
flask,2016-08-25 15:41:46 +0200
flask,2016-08-22 14:52:54 -0400
flask,2016-08-22 11:49:52 +0200
flask,2016-08-21 08:47:12 -0700
flask,2016-06-03 14:45:22 -0700
flask,2016-08-20 17:13:07 -0400
flask,2016-08-20 08:43:58 -0700
flask,2016-08-20 19:43:10 +0400
flask,2016-08-19 21:01:13 -0500
flask,2016-08-19 21:29:12 +0200
flask,2016-08-19 21:25:27 +0200
flask,2016-08-19 21:24:07 +0200
flask,2015-09-28 22:20:11 +0200
flask,2015-04-12 23:34:03 +0100
flask,2015-04-06 13:50:29 +0200
flask,2015-04-06 13:27:59 +0200
flask,2015-04-06 13:15:07 +0200
flask,2015-04-02 01:45:03 +0100
flask,2015-04-02 01:34:51 +0100
flask,2015-04-02 01:13:48 +0100
flask,2015-04-02 00:50:08 +0100
flask,2015-04-01 23:08:06 +0100
flask,2015-04-01 00:11:52 +0100
flask,2015-03-29 23:05:40 +0100
flask,2015-03-29 22:05:32 +0100
flask,2016-08-12 07:12:00 -0600
flask,2016-08-03 18:22:14 +0200
flask,2016-07-29 05:27:30 -0700
flask,2016-07-28 23:46:42 +0300
flask,2016-07-28 16:34:48 +0200
flask,2016-07-17 23:02:26 +0500
flask,2016-07-16 21:59:44 +0600
flask,2016-07-06 08:02:46 -0700
flask,2016-07-06 08:02:13 -0700
flask,2016-07-05 17:34:51 -0700
flask,2016-07-05 20:30:59 -0400
flask,2016-07-05 14:46:01 -0500
flask,2016-07-05 22:00:43 +0300
flask,2016-07-02 17:03:36 -0500
flask,2016-06-28 17:20:25 +0200
flask,2016-06-26 22:32:47 +0200
flask,2016-06-26 13:03:29 -0700
flask,2016-06-25 13:24:43 +0200
flask,2016-06-25 13:17:33 +0200
flask,2015-04-26 09:40:20 +0200
flask,2016-06-23 13:00:45 -0700
flask,2016-06-22 15:01:41 -0700
flask,2016-06-22 14:53:27 -0700
flask,2016-06-22 16:26:35 -0400
flask,2016-06-21 20:57:03 +0530
flask,2016-06-19 22:27:23 +0200
flask,2016-06-16 14:40:23 -0600
flask,2016-06-15 21:27:06 +0500
flask,2016-06-14 23:55:47 -0700
flask,2016-06-15 02:25:48 +0100
flask,2016-06-15 02:15:33 +0100
flask,2016-06-14 22:46:27 +0200
flask,2016-06-14 22:45:24 +0200
flask,2016-06-14 00:59:32 +0100
flask,2016-06-13 20:34:30 +0200
flask,2016-06-13 20:29:21 +0200
flask,2016-06-08 08:26:01 -0400
flask,2016-06-08 12:50:43 +0300
flask,2016-06-08 12:03:26 +0300
flask,2016-06-07 20:12:40 +0200
flask,2016-06-07 18:26:06 +0200
flask,2016-06-07 18:23:09 +0200
flask,2016-06-07 18:22:43 +0200
flask,2016-06-07 08:03:55 -0400
flask,2016-06-06 17:37:07 +0200
flask,2016-06-06 11:29:14 -0400
flask,2016-06-06 13:39:14 +0200
flask,2016-06-06 04:03:01 -0700
flask,2016-06-05 15:45:39 -0700
flask,2016-06-02 15:27:14 -0700
flask,2016-06-05 14:21:17 -0700
flask,2016-06-02 11:12:35 -0700
flask,2016-06-05 13:12:25 -0700
flask,2016-06-05 12:59:04 -0700
flask,2016-06-02 15:58:14 -0700
flask,2016-06-05 12:42:34 -0700
flask,2016-06-02 13:00:42 -0700
flask,2016-06-05 10:32:00 -0700
flask,2016-06-04 21:12:55 +0200
flask,2016-06-04 11:26:44 +0200
flask,2016-06-04 11:26:16 +0200
flask,2016-06-04 09:25:16 +0300
flask,2016-06-03 16:59:15 -0700
flask,2016-06-03 15:50:38 -0700
flask,2016-06-03 14:32:10 -0700
flask,2016-06-03 10:58:39 -0700
flask,2016-06-03 18:44:01 +0200
flask,2016-06-03 18:43:32 +0200
flask,2016-06-03 18:42:16 +0200
flask,2016-06-02 15:06:55 -0700
flask,2016-06-03 09:41:10 -0700
flask,2016-06-03 09:29:12 -0700
flask,2016-06-03 14:55:33 +0200
flask,2016-06-02 10:04:48 -0700
flask,2016-06-03 14:44:13 +0200
flask,2016-06-03 14:19:25 +0200
flask,2016-06-03 14:04:25 +0200
flask,2016-06-03 13:56:42 +0200
flask,2016-06-03 01:00:55 -0700
flask,2016-06-02 22:15:00 -0700
flask,2016-06-02 17:56:08 -0700
flask,2016-06-02 15:40:59 -0700
flask,2016-06-02 15:05:14 -0700
flask,2016-06-02 14:54:49 -0700
flask,2016-06-02 14:32:24 -0700
flask,2016-06-02 23:27:41 +0200
flask,2016-06-02 14:14:56 -0700
flask,2016-06-02 14:15:24 -0700
flask,2016-06-02 14:05:49 -0700
flask,2016-06-02 21:59:44 +0200
flask,2016-06-02 12:50:56 -0700
flask,2016-06-02 12:47:36 -0700
flask,2016-06-02 12:30:25 -0700
flask,2016-06-02 10:29:33 -0700
flask,2016-06-02 11:59:50 -0700
flask,2016-06-02 11:26:28 -0700
flask,2016-06-02 11:58:02 -0700
flask,2016-06-02 13:53:35 +0200
flask,2016-06-02 13:53:13 +0200
flask,2016-06-02 13:55:00 +0300
flask,2016-06-02 13:35:16 +0300
flask,2016-06-02 09:44:41 +0200
flask,2016-05-31 21:20:22 +0200
flask,2016-05-31 16:24:11 +0200
flask,2016-05-31 00:20:35 +0300
flask,2016-05-30 23:20:23 +0200
flask,2016-05-29 22:51:05 +0100
flask,2016-05-29 14:49:38 +0100
flask,2016-05-29 15:46:48 +0200
flask,2016-05-29 11:02:48 +0200
flask,2016-05-29 11:02:23 +0200
flask,2016-05-29 11:02:18 +0200
flask,2016-05-29 11:01:22 +0200
flask,2016-05-27 12:00:16 +0200
flask,2016-05-27 00:17:58 +0200
flask,2016-05-26 22:57:12 +0200
flask,2016-05-26 22:31:15 +0200
flask,2016-05-26 22:17:34 +0200
flask,2016-05-26 21:48:20 +0200
flask,2016-05-26 21:46:56 +0200
flask,2016-05-26 21:34:56 +0200
flask,2016-05-26 21:29:01 +0200
flask,2016-05-26 21:05:39 +0200
flask,2016-05-26 20:52:17 +0200
flask,2016-05-26 20:48:49 +0200
flask,2016-05-26 20:45:50 +0200
flask,2016-05-26 20:07:52 +0200
flask,2016-05-24 15:06:34 -0400
flask,2016-05-23 14:42:42 +0200
flask,2016-05-22 10:09:21 -0400
flask,2016-05-22 11:36:40 +0200
flask,2016-05-22 10:45:25 +0200
flask,2016-05-22 10:34:48 +0200
flask,2016-05-20 21:57:10 +0200
flask,2016-05-16 19:36:55 +0200
flask,2016-05-09 07:44:17 +0200
flask,2016-05-09 13:37:27 +1000
flask,2016-05-08 21:58:38 +0200
flask,2016-05-05 10:27:45 -0700
flask,2016-05-04 21:14:25 -0400
flask,2016-05-04 06:46:49 -0700
flask,2016-05-03 11:55:36 -0400
flask,2016-04-11 16:10:51 -0700
flask,2016-04-11 13:57:04 +0100
flask,2016-04-08 19:30:47 -0300
flask,2016-04-08 20:47:08 +0200
flask,2016-04-08 16:53:25 +0100
flask,2016-04-06 23:32:13 -0700
flask,2016-04-06 23:30:41 -0700
flask,2016-04-05 10:53:08 -0600
flask,2016-04-04 17:19:10 -0400
flask,2016-04-04 11:22:34 -0700
flask,2016-04-04 11:20:10 -0700
flask,2015-11-28 12:38:56 +0100
flask,2015-10-04 18:51:27 -0700
flask,2016-04-03 23:11:38 +0200
flask,2016-04-02 21:10:24 +0200
flask,2016-04-02 21:08:58 +0200
flask,2016-04-02 12:07:27 -0700
flask,2016-04-02 21:06:30 +0200
flask,2016-04-02 07:17:45 +0800
flask,2016-04-02 01:12:25 +0400
flask,2016-04-02 05:05:11 +0800
flask,2016-03-27 19:54:25 +0200
flask,2016-03-27 10:36:57 -0700
flask,2016-03-23 12:07:46 +0100
flask,2016-03-23 11:27:05 +0100
flask,2016-03-22 14:22:06 -0700
flask,2016-03-23 02:02:04 +0530
flask,2016-03-14 16:49:16 +0100
flask,2016-03-15 00:02:29 +0900
flask,2016-03-13 00:42:28 +0100
flask,2016-03-11 18:12:59 +0100
flask,2016-03-11 10:06:00 -0700
flask,2016-03-08 20:30:36 +0100
flask,2016-03-08 10:05:20 +0100
flask,2016-03-04 13:51:07 +0100
flask,2016-03-04 13:30:40 +0200
flask,2016-02-19 08:23:28 -0500
flask,2016-02-17 22:02:22 +0100
flask,2016-02-09 11:26:03 -0800
flask,2016-02-09 14:24:09 -0500
flask,2016-02-08 06:14:29 -0800
flask,2016-02-08 19:33:34 +0530
flask,2016-02-04 01:49:09 -0500
flask,2016-02-04 14:33:02 +0800
flask,2016-02-03 20:49:02 +0800
flask,2016-02-02 07:39:21 -0800
flask,2016-02-02 16:16:01 +0100
flask,2016-01-26 20:40:26 -0500
flask,2016-01-25 23:25:52 -0800
flask,2016-01-25 23:02:48 -0800
flask,2016-01-25 22:56:51 -0800
flask,2016-01-25 22:52:09 -0800
flask,2016-01-25 22:17:04 -0800
flask,2016-01-25 15:02:27 -0800
flask,2016-01-25 20:27:24 +0100
flask,2016-01-25 07:16:51 -0800
flask,2015-12-30 03:11:53 -0800
flask,2016-01-10 12:33:35 +0200
flask,2016-01-05 01:10:35 +0200
flask,2016-01-02 10:56:02 -0800
flask,2015-12-30 01:04:24 -0800
flask,2015-12-27 10:42:45 -0800
flask,2015-12-27 04:55:57 +0200
flask,2015-12-20 08:19:35 -0800
flask,2015-12-20 20:35:46 +0800
flask,2015-12-13 09:21:01 -0800
flask,2015-12-13 22:08:31 +0800
flask,2015-12-09 21:09:07 -0800
flask,2015-12-09 19:49:47 -0800
flask,2015-12-03 16:50:16 -0800
flask,2015-12-03 16:19:24 -0800
flask,2015-12-03 16:18:46 -0800
flask,2015-12-03 05:03:47 -0800
flask,2015-12-03 09:51:24 +0000
flask,2015-12-01 20:58:12 -0800
flask,2015-11-27 08:57:56 -0800
flask,2015-11-26 19:17:41 -0800
flask,2015-11-26 21:43:05 +0000
flask,2015-11-26 21:04:23 +0000
flask,2015-11-22 00:15:58 -0800
flask,2015-11-22 14:43:25 +0800
flask,2015-11-20 19:43:49 +0300
flask,2015-11-12 13:08:56 +0100
flask,2015-11-11 23:50:09 +0100
flask,2015-11-11 23:46:51 +0100
flask,2015-11-06 18:12:56 -0800
flask,2015-11-07 09:04:24 +0800
flask,2015-11-04 15:39:43 +0100
flask,2015-11-04 22:08:31 +0800
flask,2015-11-04 12:03:31 +0100
flask,2015-11-04 12:00:44 +0100
flask,2015-11-01 09:35:40 +0530
flask,2015-11-01 09:27:35 +0530
flask,2015-11-01 09:27:35 +0530
flask,2015-10-31 15:17:45 -0700
flask,2015-10-30 19:20:40 -0700
flask,2015-10-30 19:20:27 -0700
flask,2015-10-30 11:10:08 -0700
flask,2015-10-30 17:35:06 +0100
flask,2015-10-29 11:24:39 +0000
flask,2015-10-24 09:14:01 +0200
flask,2015-10-24 07:04:23 +0200
flask,2015-10-23 16:20:02 +0800
flask,2015-10-20 14:40:55 +0530
flask,2015-10-15 00:02:46 +0300
flask,2015-10-02 23:19:54 +0200
flask,2015-10-01 13:59:05 +0200
flask,2015-10-01 13:58:48 +0200
flask,2015-09-14 13:29:16 -0500
flask,2015-09-14 13:25:52 -0500
flask,2015-09-14 13:06:54 -0500
flask,2015-08-27 00:27:44 -0400
flask,2015-08-22 01:05:45 +0200
flask,2015-08-22 00:56:54 +0200
flask,2015-07-27 19:25:27 +0200
flask,2015-07-27 15:32:23 +0200
flask,2015-07-22 23:35:13 +0200
flask,2015-07-21 13:41:44 +0200
flask,2015-07-16 12:20:33 +0200
flask,2015-07-16 13:53:59 +0200
flask,2015-07-16 12:05:07 +0200
flask,2015-07-16 12:02:12 +0200
flask,2015-07-16 12:01:25 +0200
flask,2015-07-15 01:20:39 +0200
flask,2015-07-16 11:49:09 +0200
flask,2015-07-16 02:45:56 +0200
flask,2015-07-14 22:44:51 +0200
flask,2015-07-14 12:36:01 -0700
flask,2015-07-12 18:49:55 +0200
flask,2015-07-12 21:08:16 +0530
flask,2015-07-07 13:21:51 -0500
flask,2015-06-08 16:31:35 -0500
flask,2015-07-04 23:42:12 +0200
flask,2015-06-30 11:00:14 -0700
flask,2015-06-30 10:59:25 -0700
flask,2015-06-30 21:33:04 +0200
flask,2015-06-26 08:41:56 -0400
flask,2015-06-21 19:37:34 +0200
flask,2015-06-20 18:09:27 +0200
flask,2015-06-20 17:49:50 +0200
flask,2015-06-17 15:45:57 +0200
flask,2015-06-17 11:59:04 +0000
flask,2015-04-07 07:18:15 +0000
flask,2015-03-30 10:49:55 +0000
flask,2015-03-24 14:28:33 +0000
flask,2015-03-24 13:49:39 +0000
flask,2015-03-24 12:20:28 +0000
flask,2015-03-23 12:25:53 +0000
flask,2015-03-23 08:09:21 +0000
flask,2015-06-17 13:17:12 +0200
flask,2015-06-17 13:01:47 +0200
flask,2015-06-13 17:55:12 +0200
flask,2015-06-13 23:16:14 +0800
flask,2015-06-13 17:07:38 +0200
flask,2015-06-13 13:50:50 +0200
flask,2015-06-12 13:40:53 +0900
flask,2015-06-11 19:55:51 +0200
flask,2015-06-10 18:37:07 +0200
flask,2015-06-10 11:45:37 +0200
flask,2015-06-10 10:58:49 +0200
flask,2015-06-08 15:18:34 +0200
flask,2015-03-09 11:22:45 -0400
flask,2015-06-06 06:29:24 +0200
flask,2015-06-06 06:25:41 +0200
flask,2014-10-25 18:56:10 -0700
flask,2014-04-27 00:27:37 +0200
flask,2014-04-27 00:26:39 +0200
flask,2014-04-26 02:06:09 +0200
flask,2014-04-26 02:04:21 +0200
flask,2014-04-26 02:01:12 +0200
flask,2014-10-26 01:09:56 +0200
flask,2014-10-25 15:53:09 -0700
flask,2015-06-06 04:17:57 +0200
flask,2015-06-06 04:05:23 +0200
flask,2015-06-06 03:35:22 +0200
flask,2014-12-11 16:28:22 -0500
flask,2015-06-06 03:31:51 +0200
flask,2015-06-06 03:30:49 +0200
flask,2015-06-06 03:29:44 +0200
flask,2015-06-03 17:46:10 +0200
flask,2015-06-02 16:13:30 -0400
flask,2015-05-31 18:58:09 +0200
flask,2015-05-20 14:52:08 +0200
flask,2015-05-20 20:31:06 +0800
flask,2015-05-15 10:24:24 +0200
flask,2015-05-14 23:44:49 -0700
flask,2015-05-09 12:29:53 -0400
flask,2015-05-07 13:24:13 +0200
flask,2015-05-06 16:07:47 -0700
flask,2015-05-06 15:55:28 +0200
flask,2015-05-06 22:13:52 +0900
flask,2015-05-02 21:58:44 +0200
flask,2015-05-01 17:30:20 -0700
flask,2015-05-01 20:11:33 +0200
flask,2015-05-01 12:11:55 -0400
flask,2015-04-30 23:05:55 +0200
flask,2015-04-19 11:37:55 +0200
flask,2015-04-19 12:41:02 +0800
flask,2015-04-12 00:06:57 +0200
flask,2015-04-11 20:42:46 +0200
flask,2015-04-11 20:31:22 +0200
flask,2015-04-11 18:13:22 +0200
flask,2015-04-11 18:12:46 +0200
flask,2015-04-11 18:08:04 +0200
flask,2015-04-11 18:01:22 +0200
flask,2015-04-11 17:44:18 +0200
flask,2015-04-11 16:57:17 +0200
flask,2015-04-11 14:21:02 +0200
flask,2015-01-03 01:31:38 +0100
flask,2014-12-28 17:19:09 +0100
flask,2014-12-28 16:13:16 +0100
flask,2014-12-28 16:07:56 +0100
flask,2014-12-25 16:11:11 +0100
flask,2014-12-23 20:51:44 +0100
flask,2014-12-23 19:08:14 +0100
flask,2015-04-06 14:55:01 +0200
flask,2015-04-03 15:46:33 -0400
flask,2015-04-03 20:43:40 +0100
flask,2015-04-02 01:57:06 +0200
flask,2015-03-27 12:30:34 -0400
flask,2015-04-01 10:13:31 -0400
flask,2015-03-31 16:13:29 -0700
flask,2015-03-31 13:52:27 -0400
flask,2015-03-31 19:16:33 +0200
flask,2015-03-31 17:35:29 +0200
flask,2015-03-31 12:44:47 +0200
flask,2015-03-29 23:03:38 +0200
flask,2015-03-29 16:40:45 -0400
flask,2015-03-29 13:40:35 +0200
flask,2015-03-23 16:44:32 +0100
flask,2015-03-23 16:43:44 +0100
flask,2015-03-23 16:41:29 +0100
flask,2015-03-23 15:17:43 +0000
flask,2015-03-23 15:17:19 +0000
flask,2015-03-22 12:49:16 +0100
flask,2015-03-12 23:32:08 -0400
flask,2015-03-12 10:26:06 -0700
flask,2015-03-12 09:36:07 +0100
flask,2015-03-11 23:54:09 -0400
flask,2015-03-08 13:55:39 +0100
flask,2015-03-08 13:40:16 +0100
flask,2015-03-05 22:25:44 +0100
flask,2015-03-05 16:19:49 -0500
flask,2015-03-05 22:04:53 +0100
flask,2015-03-05 22:03:54 +0100
flask,2015-03-05 16:01:48 -0500
flask,2015-03-05 22:00:27 +0100
flask,2015-03-05 21:53:20 +0100
flask,2015-03-05 21:55:08 +0100
flask,2015-03-05 20:59:12 +0100
flask,2015-03-05 13:26:59 -0500
flask,2015-03-05 13:19:00 -0500
flask,2015-03-05 13:04:38 -0500
flask,2015-03-05 12:48:38 -0500
flask,2015-03-04 15:14:43 -0500
flask,2015-03-04 14:48:08 -0500
flask,2015-03-04 14:40:16 -0500
flask,2015-03-04 13:21:39 -0500
flask,2015-03-04 18:44:56 +0100
flask,2015-03-04 18:43:58 +0100
flask,2015-03-04 18:40:35 +0100
flask,2015-03-02 12:12:37 -0500
flask,2015-02-28 01:22:15 -0500
flask,2015-02-26 10:43:34 +0100
flask,2015-02-25 19:48:29 -0500
flask,2015-02-19 09:57:56 -0600
flask,2015-02-18 18:17:14 +0100
flask,2015-02-18 18:16:28 +0100
flask,2015-02-15 19:09:08 -0500
flask,2015-02-14 18:16:28 -0500
flask,2015-02-13 18:40:41 -0500
flask,2015-02-13 16:02:37 -0500
flask,2015-02-13 15:27:29 -0500
flask,2015-02-12 16:41:57 -0500
flask,2015-02-12 13:06:45 -0500
flask,2015-02-12 11:58:38 -0500
flask,2015-02-11 15:22:07 -0500
flask,2015-02-11 15:06:53 -0500
flask,2015-02-11 14:53:39 -0500
flask,2015-02-11 14:41:48 -0500
flask,2015-02-11 14:29:04 -0500
flask,2015-02-11 13:29:50 -0500
flask,2015-02-11 13:07:24 -0500
flask,2015-02-10 11:23:16 -0500
flask,2015-02-09 13:42:06 +0100
flask,2015-02-09 01:03:08 -0800
flask,2015-02-08 13:42:37 +0100
flask,2015-02-07 15:06:48 -0800
flask,2015-02-06 23:34:52 +0100
flask,2015-02-06 13:11:23 -0800
flask,2015-02-06 14:38:33 -0500
flask,2015-02-06 18:20:17 +0100
flask,2015-02-06 18:06:16 +0100
flask,2015-02-06 18:03:41 +0100
flask,2015-02-06 17:02:34 +0100
flask,2015-02-05 22:13:14 +0100
flask,2015-02-05 22:11:07 +0100
flask,2015-02-05 12:45:59 -0800
flask,2015-02-05 12:45:11 -0800
flask,2015-02-05 12:38:34 -0800
flask,2015-02-05 12:32:47 -0800
flask,2015-02-01 23:16:19 +0100
flask,2015-02-01 15:53:35 -0600
flask,2015-01-29 07:09:58 +0100
flask,2015-01-28 21:04:43 -0500
flask,2015-01-23 14:55:24 +0100
flask,2015-01-23 14:54:30 +0100
flask,2015-01-22 12:31:46 -0600
flask,2015-01-22 09:12:18 +0900
flask,2015-01-21 20:52:42 +0900
flask,2015-01-21 15:00:38 +0900
flask,2015-01-21 14:09:30 +0900
flask,2015-01-17 13:17:50 +0100
flask,2015-01-16 15:06:08 +0100
flask,2015-01-16 03:36:17 -0600
flask,2015-01-13 23:55:53 +0100
flask,2015-01-13 14:47:41 -0800
flask,2015-01-13 17:58:14 +0100
flask,2015-01-13 03:03:14 +0100
flask,2015-01-04 13:00:51 +0530
flask,2015-01-03 23:32:51 +0530
flask,2015-01-03 20:30:30 +0530
flask,2015-01-03 14:00:39 +0100
flask,2015-01-02 11:35:00 +0900
flask,2014-12-30 18:14:59 +0100
flask,2014-12-30 22:40:13 +0530
flask,2014-12-30 12:08:17 +0100
flask,2014-12-30 10:10:13 +0100
flask,2014-12-29 22:11:17 -0700
flask,2014-12-27 12:24:58 +0100
flask,2014-12-26 20:16:25 +0100
flask,2014-12-26 20:14:01 +0100
flask,2014-12-24 11:16:57 -0500
flask,2014-12-25 16:49:59 +0100
flask,2014-12-25 11:52:11 +0800
flask,2014-12-20 15:05:51 +0100
flask,2014-12-18 13:25:12 +0900
flask,2014-12-17 13:28:24 +0100
flask,2014-12-15 13:43:48 -0800
flask,2014-12-16 20:30:51 +0100
flask,2014-12-12 22:52:36 -0800
flask,2014-12-15 13:25:15 -0800
flask,2014-12-12 22:09:55 -0800
flask,2014-12-09 18:22:38 +0100
flask,2014-12-09 22:46:10 +0530
flask,2014-12-07 23:53:07 +0100
flask,2014-11-29 08:58:50 -0800
flask,2014-12-04 22:39:28 +0100
flask,2014-12-04 22:36:31 +0100
flask,2014-12-04 20:20:00 +0100
flask,2014-12-05 02:53:30 +0800
flask,2014-12-02 21:09:45 +0100
flask,2014-12-02 20:46:46 +0100
flask,2014-12-02 19:40:12 +0100
flask,2014-12-02 18:13:02 +0100
flask,2014-12-01 06:51:04 +0100
flask,2014-11-30 19:28:36 -0800
flask,2014-11-12 14:17:31 +0100
flask,2014-11-12 13:34:01 +0100
flask,2014-11-09 00:05:00 +0100
flask,2014-11-08 22:21:27 +0100
flask,2014-11-07 10:24:52 +0100
flask,2014-11-06 23:42:44 +0100
flask,2014-11-06 14:11:47 +0100
flask,2014-11-06 08:58:24 +0100
flask,2014-11-05 09:47:28 +0100
flask,2014-11-05 11:42:40 +0300
flask,2014-11-05 10:37:34 +0300
flask,2014-11-05 08:40:57 +0300
flask,2014-11-05 08:16:27 +0300
flask,2014-11-05 08:04:06 +0300
flask,2014-11-05 07:56:03 +0300
flask,2014-11-05 07:46:58 +0300
flask,2014-11-05 07:43:00 +0300
flask,2014-11-05 07:39:54 +0300
flask,2014-11-05 07:27:25 +0300
flask,2014-11-05 07:23:47 +0300
flask,2014-11-05 07:19:02 +0300
flask,2014-11-05 07:10:49 +0300
flask,2014-11-05 07:03:55 +0300
flask,2014-11-05 06:46:22 +0300
flask,2014-11-05 06:45:22 +0300
flask,2014-11-05 06:13:01 +0300
flask,2014-11-05 06:04:58 +0300
flask,2014-11-05 05:56:02 +0300
flask,2014-11-04 13:10:16 +0100
flask,2014-11-04 08:51:06 +0100
flask,2014-11-03 18:48:31 +0100
flask,2014-11-03 12:04:25 -0500
flask,2014-11-03 11:00:38 +0100
flask,2014-11-03 10:29:05 +0100
flask,2014-11-02 20:46:48 +0100
flask,2014-11-02 22:41:38 +0300
flask,2014-10-30 18:40:38 +0300
flask,2014-10-27 18:31:33 +0100
flask,2014-10-27 11:54:30 +0100
flask,2014-10-27 11:46:33 +0100
flask,2014-10-27 11:45:00 +0100
flask,2014-10-27 11:42:40 +0100
flask,2014-10-27 11:40:50 +0100
flask,2014-10-27 11:36:23 +0100
flask,2014-10-27 11:33:45 +0100
flask,2014-10-27 11:31:01 +0100
flask,2014-10-27 11:24:15 +0100
flask,2014-10-27 11:17:49 +0100
flask,2014-10-27 11:13:03 +0100
flask,2014-10-27 11:03:07 +0100
flask,2014-10-26 18:28:12 +0300
flask,2014-10-26 02:01:42 +0200
flask,2014-10-25 12:54:59 +0200
flask,2014-10-25 12:46:08 +0200
flask,2014-10-25 03:14:01 -0700
flask,2014-10-24 13:11:07 +0400
flask,2014-09-19 20:15:06 -0700
flask,2014-09-19 20:09:55 -0700
flask,2014-10-21 19:12:05 +0200
flask,2014-10-21 19:11:54 +0200
flask,2014-10-13 16:30:45 -0400
flask,2014-10-20 21:21:53 +0200
flask,2014-10-20 15:18:38 -0400
flask,2014-03-13 18:59:59 -0400
flask,2014-03-03 14:14:54 -0500
flask,2014-10-19 19:54:41 +0200
flask,2014-10-19 19:53:26 +0200
flask,2014-10-18 16:20:50 +0200
flask,2014-10-18 13:14:04 +0530
flask,2014-10-15 03:32:04 +0900
flask,2014-10-15 02:21:52 +0900
flask,2014-10-08 23:12:18 +0200
flask,2014-10-07 19:01:17 +0200
flask,2014-10-07 13:09:13 +0200
flask,2014-10-03 21:04:33 +0100
flask,2014-09-29 21:49:40 +0200
flask,2014-09-28 07:11:39 +0200
flask,2014-09-28 07:10:27 +0200
flask,2014-09-27 18:39:43 -0700
flask,2014-09-27 15:34:08 -0700
flask,2014-09-26 19:22:41 +0200
flask,2014-09-25 17:21:44 +0200
flask,2014-09-25 09:35:46 -0400
flask,2014-09-21 23:03:41 -0400
flask,2014-09-21 16:47:38 +0200
flask,2014-09-20 13:38:47 +0200
flask,2014-09-20 09:00:03 +0200
flask,2014-09-20 08:57:47 +0200
flask,2014-09-20 10:41:46 +0400
flask,2014-09-19 15:22:37 -0700
flask,2014-09-18 15:37:43 +0200
flask,2014-09-18 18:21:36 +0900
flask,2014-09-14 16:53:05 +0200
flask,2014-09-13 11:47:42 +0200
flask,2014-09-13 10:29:28 +0200
flask,2014-09-12 21:55:49 +0200
flask,2014-09-12 21:54:59 +0200
flask,2014-09-06 02:20:00 +0200
flask,2014-09-04 16:28:50 +0200
flask,2014-09-04 16:22:57 +0200
flask,2014-09-04 15:43:18 +0200
flask,2014-09-04 15:37:09 +0200
flask,2014-09-04 15:32:50 +0200
flask,2014-09-04 15:30:12 +0200
flask,2014-09-04 15:22:57 +0200
flask,2014-09-04 15:21:18 +0200
flask,2014-09-04 15:05:22 +0200
flask,2014-09-04 14:38:26 +0200
flask,2014-09-04 14:37:48 +0200
flask,2014-09-04 14:35:01 +0200
flask,2014-09-04 14:34:10 +0200
flask,2014-09-04 14:32:56 +0200
flask,2014-09-03 21:02:03 +0200
flask,2014-09-03 20:56:10 +0200
flask,2014-09-03 20:50:54 +0200
flask,2014-09-03 20:41:51 +0200
flask,2014-09-03 20:21:47 +0200
flask,2014-09-02 05:26:52 +0200
flask,2014-09-02 05:10:16 +0200
flask,2014-09-01 19:06:32 +0200
flask,2014-09-01 18:03:16 +0200
flask,2014-09-01 16:49:06 +0200
flask,2014-09-01 16:33:28 +0200
flask,2014-09-01 00:30:27 +0200
flask,2014-09-01 00:00:20 +0200
flask,2014-08-31 23:59:43 +0200
flask,2014-08-31 21:56:15 +0200
flask,2014-08-31 21:54:45 +0200
flask,2014-08-31 21:48:21 +0200
flask,2014-08-31 21:48:05 +0200
flask,2014-09-10 07:37:25 +0200
flask,2014-09-09 20:12:38 -0400
flask,2014-09-06 23:05:00 +0200
flask,2014-09-06 22:19:57 +0200
flask,2014-09-06 02:19:43 +0200
flask,2014-09-03 22:33:05 +0200
flask,2014-09-03 20:12:06 +0200
flask,2014-09-03 19:27:48 +0200
flask,2014-09-03 19:17:43 +0200
flask,2014-09-03 18:31:30 +0200
flask,2014-09-03 17:57:44 +0200
flask,2014-09-03 15:27:06 +0200
flask,2014-09-03 14:58:32 +0200
flask,2014-09-02 16:20:46 +0200
flask,2014-08-31 19:06:30 +0200
flask,2014-08-31 18:07:26 +0200
flask,2014-08-28 19:39:38 +0200
flask,2014-08-28 13:35:53 -0400
flask,2014-08-28 17:02:27 +0200
flask,2014-08-28 16:51:53 +0200
flask,2014-08-28 16:12:27 +0200
flask,2014-08-28 16:12:00 +0200
flask,2014-08-28 16:09:55 +0200
flask,2014-08-28 09:35:06 +0200
flask,2014-08-28 08:56:58 +0200
flask,2014-08-27 13:34:10 +0200
flask,2014-08-27 01:22:01 +0200
flask,2014-08-27 01:13:25 +0200
flask,2014-08-27 01:12:33 +0200
flask,2014-08-27 01:08:12 +0200
flask,2014-08-26 23:21:30 +0200
flask,2014-08-26 12:29:57 +0200
flask,2014-08-26 12:07:09 +0200
flask,2014-08-26 10:29:07 +0200
flask,2014-08-26 10:14:27 +0200
flask,2014-08-26 10:09:17 +0200
flask,2014-08-26 10:03:15 +0200
flask,2014-08-26 10:03:08 +0200
flask,2014-08-25 22:18:08 -0700
flask,2014-08-25 16:50:22 +0200
flask,2014-08-25 15:43:27 +0200
flask,2014-08-23 00:18:15 +0200
flask,2014-08-14 16:16:58 -0400
flask,2014-08-12 23:23:48 +0200
flask,2014-08-12 14:46:56 -0400
flask,2014-08-11 11:56:25 +0200
flask,2014-07-31 10:33:44 +0200
flask,2014-07-29 20:42:28 -0500
flask,2014-07-27 13:31:59 +0200
flask,2014-07-27 13:23:32 +0200
flask,2014-07-27 13:22:36 +0200
flask,2014-07-27 13:21:14 +0200
flask,2014-07-27 11:19:52 +0200
flask,2014-07-27 02:47:33 +0900
flask,2014-07-26 17:26:31 +0200
flask,2014-07-26 22:43:52 +0800
flask,2014-07-26 21:47:41 +0900
flask,2014-07-26 20:15:36 +0800
flask,2014-07-26 10:43:00 +0200
flask,2014-07-26 10:42:47 +0200
flask,2014-07-24 19:03:56 +0400
flask,2014-07-15 15:19:00 +0800
flask,2014-07-11 23:23:01 +0800
flask,2014-07-10 12:04:48 +0800
flask,2014-07-09 14:45:55 +0800
flask,2014-07-09 14:22:30 +0800
flask,2014-07-09 13:22:27 +0800
flask,2014-07-10 23:01:32 +0900
flask,2014-07-08 14:21:53 -0400
flask,2014-07-07 16:38:57 +0200
flask,2014-07-07 21:17:20 +0900
flask,2014-07-06 00:32:31 +0900
flask,2014-07-03 18:19:09 +0530
flask,2014-07-01 15:57:50 +0100
flask,2014-06-30 19:42:32 -0400
flask,2014-06-30 19:42:14 -0400
flask,2014-06-29 15:51:03 -0700
flask,2014-06-29 15:48:52 -0700
flask,2014-06-18 03:03:58 +0800
flask,2014-06-18 03:03:42 +0800
flask,2014-06-18 03:01:56 +0800
flask,2014-06-16 22:07:20 +0200
flask,2014-06-16 18:59:33 +0800
flask,2014-06-16 18:39:16 +0800
flask,2014-06-15 12:42:34 +0800
flask,2014-06-06 21:11:26 +0600
flask,2014-06-06 21:02:38 +0600
flask,2014-06-04 14:47:26 +0100
flask,2014-06-02 21:28:27 +0900
flask,2014-05-30 13:39:21 -0400
flask,2014-05-30 12:48:49 -0400
flask,2014-05-27 12:10:37 -0400
flask,2014-05-27 12:09:38 -0400
flask,2014-05-27 12:09:17 -0400
flask,2014-05-20 21:54:54 -0700
flask,2014-05-19 01:48:11 -0400
flask,2014-05-17 14:44:34 +0800
flask,2014-05-16 10:16:12 -0400
flask,2014-05-16 10:15:06 -0400
flask,2014-05-14 09:15:34 +0530
flask,2014-05-13 22:04:05 +0100
flask,2014-05-12 12:23:22 -0400
flask,2014-05-12 12:22:57 -0400
flask,2014-05-12 12:21:46 -0400
flask,2014-05-12 16:01:53 +0800
flask,2014-05-12 02:16:13 +0200
flask,2014-05-12 02:13:32 +0200
flask,2014-05-11 13:46:58 +0100
flask,2014-05-11 14:08:35 +0800
flask,2014-05-09 07:48:08 -0700
flask,2014-05-09 15:50:11 +0200
flask,2014-05-09 15:48:36 +0200
flask,2014-05-08 22:33:58 +0200
flask,2014-05-07 22:32:43 +0200
flask,2014-05-07 22:26:50 +0200
flask,2014-05-07 21:53:59 +0200
flask,2014-05-07 21:51:12 +0200
flask,2014-05-07 21:44:30 +0200
flask,2014-05-07 21:35:51 +0200
flask,2014-04-29 14:34:21 +0200
flask,2014-05-07 13:27:41 +0200
flask,2014-05-07 11:36:49 +0200
flask,2014-05-07 11:34:20 +0200
flask,2014-05-02 11:50:00 +0100
flask,2014-05-02 11:46:04 +0100
flask,2014-05-01 13:44:11 +0100
flask,2014-04-29 01:48:31 +0200
flask,2014-04-29 01:33:58 +0200
flask,2014-04-29 01:03:32 +0200
flask,2014-04-28 19:59:51 +0200
flask,2014-04-28 11:26:18 -0400
flask,2014-04-28 15:18:27 +0200
flask,2014-04-28 15:15:58 +0200
flask,2014-04-28 13:54:13 +0200
flask,2014-04-28 13:31:21 +0200
flask,2014-04-28 13:29:31 +0200
flask,2014-04-28 13:27:13 +0200
flask,2014-04-28 13:27:07 +0200
flask,2014-04-28 13:26:23 +0200
flask,2014-04-28 13:26:14 +0200
flask,2014-04-26 02:14:37 +0200
flask,2014-04-26 02:12:51 +0200
flask,2014-04-26 01:45:20 +0200
flask,2014-04-26 01:39:22 +0200
flask,2014-04-26 01:38:20 +0200
flask,2014-04-26 01:37:19 +0200
flask,2014-04-26 01:36:36 +0200
flask,2014-04-26 01:35:37 +0200
flask,2014-04-26 01:30:28 +0200
flask,2014-04-26 01:26:12 +0200
flask,2014-04-26 01:24:07 +0200
flask,2014-04-26 01:20:12 +0200
flask,2014-04-26 01:13:19 +0200
flask,2014-04-23 10:46:38 -0400
flask,2014-04-21 15:37:23 -0700
flask,2014-04-21 17:52:04 +0200
flask,2014-04-21 17:51:52 +0200
flask,2014-04-21 16:39:22 +0200
flask,2014-04-21 16:34:37 +0200
flask,2014-04-21 16:34:17 +0200
flask,2014-04-21 15:58:27 +0200
flask,2014-04-16 17:39:11 -0400
flask,2014-04-16 17:38:41 -0400
flask,2014-04-14 19:03:04 -0400
flask,2014-04-14 19:02:52 -0400
flask,2014-04-14 19:02:44 -0400
flask,2014-04-13 22:25:10 +0200
flask,2014-04-11 22:40:21 +0200
flask,2014-04-11 19:59:54 +0200
flask,2014-04-11 13:31:57 +0200
flask,2014-04-11 13:31:17 +0200
flask,2014-04-11 13:28:38 +0200
flask,2014-04-10 00:28:04 +0200
flask,2014-04-10 00:27:27 +0200
flask,2014-04-06 13:11:17 -0400
flask,2014-04-05 11:38:28 +0200
flask,2014-04-02 09:16:43 +0800
flask,2014-03-26 16:52:06 +0000
flask,2014-03-26 16:40:25 +0000
flask,2014-03-21 17:15:31 -0400
flask,2014-03-21 17:12:26 -0400
flask,2014-03-21 17:08:34 -0400
flask,2014-03-21 17:05:24 -0400
flask,2014-03-21 17:03:02 -0400
flask,2014-03-21 17:01:55 -0400
flask,2014-03-21 16:54:35 -0400
flask,2014-03-21 16:46:43 -0400
flask,2014-03-21 16:46:05 -0400
flask,2014-03-21 16:43:20 -0400
flask,2014-03-21 16:39:13 -0400
flask,2014-03-21 16:38:00 -0400
flask,2014-03-21 16:36:12 -0400
flask,2014-03-21 16:21:18 -0400
flask,2014-03-21 16:21:01 -0400
flask,2014-03-19 23:07:58 +0000
flask,2014-03-19 23:07:42 +0000
flask,2014-03-19 10:23:17 -0700
flask,2014-03-15 14:45:37 +0100
flask,2014-03-15 14:44:27 +0100
flask,2014-03-15 14:42:21 +0100
flask,2014-03-15 14:38:19 +0100
flask,2014-03-15 14:35:21 +0100
flask,2014-03-13 20:38:41 +0100
flask,2014-03-13 20:38:19 +0100
flask,2014-03-13 20:35:29 +0100
flask,2014-03-13 20:33:46 +0100
flask,2014-03-13 20:23:43 +0100
flask,2014-03-13 20:22:18 +0100
flask,2014-03-13 20:20:22 +0100
flask,2014-03-13 19:25:34 +0100
flask,2014-03-13 19:24:53 +0100
flask,2014-03-05 15:22:59 -0800
flask,2014-03-04 14:57:12 -0800
flask,2014-03-03 13:17:29 -0500
flask,2014-02-20 19:17:59 +0100
flask,2014-02-20 19:15:42 +0100
flask,2014-02-20 19:12:56 +0100
flask,2014-02-13 10:28:21 -0500
flask,2014-02-12 23:53:51 +0100
flask,2014-02-12 23:42:39 +0100
flask,2014-02-11 07:24:31 +1100
flask,2014-02-09 16:08:03 +0000
flask,2014-02-09 16:07:56 +0000
flask,2014-02-09 13:35:38 +0000
flask,2014-02-09 13:29:56 +0000
flask,2014-02-09 13:29:03 +0000
flask,2014-02-09 13:28:57 +0000
flask,2014-02-09 13:27:35 +0000
flask,2014-02-09 13:27:05 +0000
flask,2014-02-09 13:26:32 +0000
flask,2014-02-09 13:25:36 +0000
flask,2013-10-04 11:09:23 +0200
flask,2014-02-09 13:21:08 +0000
flask,2014-02-09 13:20:46 +0000
flask,2014-02-09 13:14:26 +0000
flask,2014-02-09 13:14:15 +0000
flask,2014-02-09 13:13:31 +0000
flask,2014-02-09 13:06:54 +0000
flask,2014-02-09 13:01:54 +0000
flask,2014-02-08 22:30:00 +0000
flask,2014-02-08 22:29:46 +0000
flask,2014-02-08 22:14:23 +0000
flask,2014-02-08 22:10:08 +0000
flask,2014-02-08 22:07:13 +0000
flask,2014-02-08 17:47:22 +0000
flask,2014-02-08 17:46:32 +0000
flask,2014-02-08 17:46:02 +0000
flask,2014-02-08 17:45:09 +0000
flask,2014-02-08 17:40:30 +0000
flask,2014-02-08 17:40:02 +0000
flask,2014-02-08 17:39:46 +0000
flask,2014-02-08 17:39:26 +0000
flask,2014-02-08 17:36:12 +0000
flask,2014-02-08 17:34:42 +0000
flask,2014-02-08 17:34:30 +0000
flask,2014-02-08 17:33:42 +0000
flask,2014-02-08 17:32:59 +0000
flask,2014-02-08 17:32:54 +0000
flask,2014-02-08 17:32:01 +0000
flask,2014-02-08 17:30:55 +0000
flask,2014-02-08 17:24:33 +0000
flask,2014-02-08 17:19:11 +0000
flask,2014-02-08 17:19:00 +0000
flask,2014-02-08 17:01:13 +0000
flask,2014-02-08 16:27:26 +0000
flask,2014-02-08 16:26:27 +0000
flask,2014-02-08 16:24:50 +0000
flask,2014-02-08 16:24:27 +0000
flask,2014-02-07 10:26:26 +0100
flask,2014-02-05 20:11:06 +0000
flask,2014-01-27 09:39:04 -0800
flask,2014-01-26 18:08:02 +0000
flask,2014-01-26 17:47:16 +0000
flask,2014-01-26 17:34:37 +0000
flask,2014-01-24 19:21:24 -0600
flask,2014-01-24 12:43:23 -0500
flask,2014-01-23 15:05:37 -0500
flask,2014-01-23 11:07:41 -0800
flask,2014-01-20 04:28:40 +0000
flask,2014-01-12 02:54:08 +0100
flask,2014-01-11 11:31:22 +1100
flask,2014-01-11 01:13:32 +0100
flask,2014-01-11 01:09:30 +0100
flask,2014-01-06 08:28:03 -0800
flask,2014-01-06 17:58:54 +0200
flask,2014-01-04 17:21:18 +0530
flask,2014-01-02 19:21:55 +0100
flask,2014-01-02 19:21:07 +0100
flask,2013-12-31 22:59:00 +0100
flask,2013-12-31 22:16:13 +0100
flask,2013-12-24 20:12:34 -0800
flask,2013-12-24 14:36:28 -0500
flask,2013-12-16 22:04:51 -0800
flask,2013-11-09 13:41:09 +0000
flask,2013-11-09 13:13:14 +0000
flask,2013-11-01 02:18:14 -0700
flask,2013-10-30 16:45:44 +0800
flask,2013-10-30 11:29:18 +1100
flask,2013-10-29 02:35:48 -0700
flask,2013-10-25 16:51:29 +0100
flask,2013-10-22 11:37:35 -0700
flask,2013-10-22 14:01:33 +0200
flask,2013-10-16 20:13:19 +0200
flask,2013-10-16 20:12:20 +0200
flask,2013-10-16 10:09:41 -0700
flask,2013-10-16 10:08:49 -0700
flask,2013-10-16 10:06:01 -0700
flask,2013-10-15 21:47:42 +0200
flask,2013-10-15 12:37:25 -0400
flask,2013-10-15 09:17:19 -0700
flask,2013-10-12 18:14:26 -0400
flask,2013-10-11 17:03:54 -0500
flask,2013-10-11 08:39:46 -0400
flask,2013-10-03 05:15:27 +0400
flask,2013-10-02 15:10:27 +0900
flask,2013-09-30 18:40:35 +0300
flask,2013-09-26 18:46:30 +0300
flask,2013-09-25 11:50:02 -0400
flask,2013-08-17 22:40:06 +0000
flask,2013-09-19 23:31:09 -0700
flask,2013-09-09 15:15:47 +0100
flask,2013-09-09 15:13:42 +0100
flask,2013-09-08 11:27:27 -0700
flask,2013-09-07 17:42:06 -0700
flask,2013-09-07 18:29:49 +0300
flask,2013-09-07 18:21:15 +0300
flask,2013-09-06 10:43:02 +0300
flask,2013-09-04 07:54:42 -0700
flask,2013-09-04 12:15:32 +0300
flask,2013-09-03 23:36:10 -0400
flask,2013-09-03 10:58:04 -0700
flask,2013-09-03 19:47:00 +0200
flask,2013-09-02 04:57:01 +0600
flask,2013-09-01 01:43:24 +0600
flask,2013-09-01 01:32:41 +0600
flask,2013-08-30 19:50:45 +0600
flask,2013-08-25 04:25:50 -0700
flask,2013-08-24 21:21:18 -0400
flask,2013-08-23 00:22:57 -0500
flask,2013-08-20 14:35:01 -0700
flask,2013-08-19 10:56:08 +0200
flask,2013-08-17 21:32:52 +0200
flask,2013-08-13 15:58:46 +0200
flask,2013-08-13 15:53:58 +0200
flask,2013-08-11 12:40:57 -0700
flask,2013-08-11 15:59:46 +0200
flask,2013-08-10 11:35:47 -0400
flask,2013-08-07 18:03:37 -0400
flask,2013-08-05 09:08:29 +0100
flask,2013-08-04 22:33:17 -0700
flask,2013-08-04 13:59:22 -0700
flask,2013-08-04 01:42:23 -0700
flask,2013-08-01 01:15:17 -0700
flask,2013-07-31 22:06:15 -0400
flask,2013-07-31 07:44:44 -0700
flask,2013-07-30 22:35:53 +0200
flask,2013-07-30 16:56:40 +0200
flask,2013-07-30 16:45:23 +0200
flask,2013-07-30 16:43:54 +0200
flask,2013-07-30 16:43:41 +0200
flask,2013-07-29 13:24:49 -0700
flask,2013-07-29 13:42:04 -0400
flask,2013-07-26 16:28:08 -0700
flask,2013-07-27 01:20:42 +0200
flask,2013-07-26 14:47:11 -0700
flask,2013-07-26 23:44:40 +0200
flask,2013-07-26 15:07:40 -0400
flask,2013-07-24 21:48:47 +0200
flask,2013-07-24 21:48:28 +0200
flask,2013-07-22 09:03:57 -0500
flask,2013-07-22 06:43:21 -0700
flask,2013-07-22 02:12:17 -0700
flask,2013-07-05 23:18:36 +0200
flask,2013-07-05 23:18:13 +0200
flask,2013-07-03 12:38:27 +0200
flask,2013-07-03 12:37:43 +0200
flask,2013-07-01 06:44:03 -0700
flask,2013-07-01 06:43:38 -0700
flask,2013-06-30 13:17:39 -0300
flask,2013-06-27 16:32:20 -0400
flask,2013-06-27 16:31:04 -0400
flask,2013-06-27 17:08:20 +0200
flask,2013-06-27 17:08:02 +0200
flask,2013-06-27 16:52:34 +0200
flask,2013-06-27 16:49:27 +0200
flask,2013-06-22 17:54:31 -0700
flask,2013-06-23 03:36:20 +0300
flask,2013-06-22 22:09:30 +0200
flask,2013-06-19 17:24:02 +0200
flask,2013-06-16 03:40:57 -0700
flask,2013-06-14 14:17:19 -0700
flask,2013-06-15 00:01:34 +0530
flask,2013-06-14 16:35:46 +0300
flask,2013-06-14 10:54:16 +0100
flask,2013-06-14 09:55:08 +0100
flask,2013-06-14 09:54:27 +0100
flask,2013-06-14 09:54:07 +0100
flask,2013-06-14 09:53:40 +0100
flask,2013-06-14 09:41:20 +0100
flask,2013-06-14 10:28:37 +0300
flask,2013-06-14 00:24:27 +0100
flask,2013-06-14 00:24:17 +0100
flask,2013-06-14 00:05:55 +0100
flask,2013-06-14 00:05:09 +0100
flask,2013-06-13 23:46:39 +0100
flask,2013-06-13 23:46:20 +0100
flask,2013-06-13 23:38:20 +0100
flask,2013-06-13 23:37:25 +0100
flask,2013-06-13 23:36:50 +0100
flask,2013-06-13 22:16:53 +0200
flask,2013-06-13 22:16:14 +0200
flask,2013-06-13 09:37:09 +0100
flask,2013-06-13 09:36:03 +0100
flask,2013-06-13 09:35:35 +0100
flask,2013-06-13 09:35:23 +0100
flask,2013-06-13 09:30:39 +0100
flask,2013-06-13 09:11:37 +0100
flask,2013-06-13 09:05:31 +0100
flask,2013-06-13 09:00:47 +0100
flask,2013-06-13 09:00:24 +0100
flask,2013-06-12 10:57:01 -0700
flask,2013-06-12 16:27:48 +0100
flask,2013-06-12 22:04:49 +0800
flask,2013-06-11 20:18:26 +0100
flask,2013-06-09 17:26:10 +0100
flask,2013-06-09 12:47:01 +0100
flask,2013-06-09 12:46:01 +0100
flask,2013-06-09 12:42:24 +0100
flask,2013-06-09 12:32:12 +0100
flask,2013-06-09 12:30:27 +0100
flask,2013-06-09 12:23:14 +0100
flask,2013-06-09 12:06:33 +0100
flask,2013-06-09 11:46:43 +0100
flask,2013-06-09 01:39:51 +0100
flask,2013-06-09 01:30:15 +0100
flask,2013-06-08 12:57:15 +0100
flask,2013-06-07 15:42:49 +0100
flask,2013-06-07 00:56:21 +0100
flask,2013-06-07 00:46:30 +0100
flask,2013-06-05 10:35:41 +0100
flask,2013-06-05 10:02:33 +0100
flask,2013-06-05 09:58:28 +0100
flask,2013-06-05 09:53:26 +0100
flask,2013-06-05 09:47:31 +0100
flask,2013-06-03 12:25:08 +0100
flask,2013-06-02 23:24:28 +0100
flask,2013-06-02 21:47:28 +0100
flask,2013-06-02 17:25:04 +0100
flask,2013-06-02 17:23:53 +0100
flask,2013-06-02 11:54:22 +0100
flask,2013-06-01 19:24:03 +0100
flask,2013-06-01 00:20:00 +0100
flask,2013-05-31 00:59:54 +0100
flask,2013-05-31 00:56:09 +0100
flask,2013-05-30 21:39:54 +0100
flask,2013-05-30 21:39:22 +0100
flask,2013-05-30 21:39:06 +0100
flask,2013-05-30 18:19:01 +0100
flask,2013-05-30 18:17:04 +0100
flask,2013-05-30 18:15:17 +0100
flask,2013-05-30 17:58:27 +0100
flask,2013-05-30 16:16:39 +0100
flask,2013-05-30 07:08:17 -0700
flask,2013-05-30 15:07:18 +0100
flask,2013-05-30 16:02:28 +0200
flask,2013-05-30 16:00:43 +0200
flask,2013-05-30 14:35:23 +0100
flask,2013-05-30 14:31:36 +0100
flask,2013-05-30 14:24:29 +0100
flask,2013-05-30 12:51:12 +0100
flask,2013-05-30 12:48:04 +0100
flask,2013-05-26 21:46:22 +0200
flask,2013-05-26 11:41:28 -0700
flask,2013-05-26 20:33:22 +0200
flask,2013-05-26 19:15:53 +0200
flask,2013-05-26 15:37:52 +0200
flask,2013-05-25 13:06:43 -0700
flask,2013-05-25 22:04:37 +0200
flask,2013-05-25 22:01:14 +0200
flask,2013-05-25 12:01:49 -0700
flask,2013-05-25 20:58:12 +0200
flask,2013-05-25 11:28:16 -0700
flask,2013-05-25 20:24:14 +0200
flask,2013-05-25 20:19:17 +0200
flask,2013-05-25 10:49:25 -0700
flask,2013-05-25 19:46:26 +0200
flask,2013-05-25 10:36:10 -0700
flask,2013-05-25 10:35:08 -0700
flask,2013-05-25 19:13:48 +0200
flask,2013-05-25 09:10:41 +0300
flask,2013-05-23 14:17:51 +0100
flask,2013-05-23 14:15:27 +0100
flask,2013-05-23 14:09:22 +0100
flask,2013-05-23 14:07:25 +0100
flask,2013-05-23 14:01:33 +0100
flask,2013-05-23 13:59:10 +0100
flask,2013-05-23 13:46:51 +0100
flask,2013-05-22 22:58:12 +0200
flask,2013-05-22 22:49:25 +0200
flask,2013-05-22 21:40:30 +0200
flask,2013-05-22 21:30:45 +0200
flask,2013-05-22 12:16:25 -0700
flask,2013-05-22 21:09:32 +0200
flask,2013-05-22 21:07:53 +0200
flask,2013-05-22 21:03:01 +0200
flask,2013-05-22 20:53:32 +0200
flask,2013-05-22 20:17:29 +0200
flask,2013-05-22 20:12:50 +0200
flask,2013-05-22 19:19:46 +0200
flask,2013-05-22 17:30:37 +0200
flask,2013-05-22 17:23:38 +0200
flask,2013-05-22 17:14:07 +0200
flask,2013-05-22 08:11:46 -0700
flask,2013-05-22 17:05:48 +0200
flask,2013-05-22 16:33:50 +0200
flask,2013-05-22 16:33:05 +0200
flask,2013-05-22 07:20:41 -0700
flask,2013-05-22 16:19:57 +0200
flask,2013-05-22 01:33:04 +0200
flask,2013-05-21 23:34:25 +0200
flask,2013-05-20 09:47:07 +0100
flask,2013-05-20 09:44:05 +0100
flask,2013-05-18 19:05:10 +0200
flask,2013-05-18 19:00:06 +0200
flask,2013-05-18 18:55:36 +0200
flask,2013-05-18 18:54:45 +0200
flask,2013-05-18 18:39:10 +0200
flask,2013-05-18 18:28:59 +0200
flask,2013-05-18 18:27:49 +0200
flask,2013-05-18 18:12:30 +0200
flask,2013-05-18 18:03:37 +0200
flask,2013-05-18 18:00:15 +0200
flask,2013-05-18 17:57:43 +0200
flask,2013-05-18 17:47:40 +0200
flask,2013-05-18 17:32:38 +0200
flask,2013-05-18 08:24:45 -0700
flask,2013-05-18 08:24:00 -0700
flask,2013-05-18 08:18:05 -0700
flask,2013-05-18 17:06:25 +0200
flask,2013-05-18 16:39:39 +0200
flask,2013-05-18 16:31:40 +0200
flask,2013-05-18 16:24:40 +0200
flask,2013-05-14 14:06:11 +0100
flask,2013-05-14 14:05:34 +0100
flask,2013-05-14 11:51:46 +0100
flask,2013-05-14 11:51:38 +0100
flask,2013-05-14 03:49:50 -0700
flask,2013-05-14 03:36:29 -0700
flask,2013-05-14 11:35:45 +0100
flask,2013-05-14 11:33:36 +0100
flask,2013-05-14 11:33:18 +0100
flask,2013-05-14 11:33:13 +0100
flask,2013-05-14 03:25:49 -0700
flask,2013-05-14 03:25:33 -0700
flask,2013-05-14 11:23:31 +0100
flask,2013-05-14 11:00:45 +0100
flask,2013-05-14 11:00:04 +0100
flask,2013-05-03 10:12:00 -0700
flask,2013-05-03 10:11:40 -0700
flask,2013-05-03 10:11:18 -0700
flask,2013-05-03 17:41:43 +0530
flask,2013-04-24 09:42:52 +0300
flask,2013-04-14 00:10:38 -0700
flask,2013-03-21 21:04:06 +0000
flask,2013-04-05 13:48:08 +0300
flask,2013-04-04 12:31:42 -0300
flask,2013-04-04 06:56:24 -0300
flask,2013-03-31 20:05:57 -0700
flask,2013-03-31 20:05:02 -0700
flask,2013-03-26 16:57:16 -0700
flask,2013-03-26 16:56:05 -0700
flask,2013-03-26 21:23:55 +0000
flask,2013-03-25 12:29:28 +0100
flask,2013-03-21 21:04:06 +0000
flask,2013-03-21 13:58:52 -0700
flask,2013-03-21 13:57:47 -0700
flask,2013-03-21 13:57:29 -0700
flask,2013-03-16 11:13:07 +0100
flask,2013-03-15 07:31:00 -0700
flask,2013-03-06 09:53:36 -0800
flask,2013-03-06 09:52:47 -0800
flask,2013-03-06 09:49:23 -0800
flask,2013-02-28 11:12:16 +0100
flask,2013-02-27 23:46:17 -0300
flask,2013-02-22 15:34:16 +0000
flask,2013-02-22 15:33:20 +0000
flask,2013-02-22 11:21:17 +0000
flask,2013-02-22 11:15:40 +0000
flask,2013-02-17 11:04:20 -0500
flask,2013-02-11 18:55:24 +0530
flask,2013-01-29 19:31:45 +0000
flask,2013-01-28 15:08:54 +0000
flask,2013-01-27 00:56:01 +0000
flask,2013-01-27 00:46:19 +0000
flask,2013-01-27 00:38:25 +0000
flask,2013-01-24 20:22:02 -0800
flask,2013-01-24 20:21:31 -0800
flask,2013-01-24 20:13:30 -0800
flask,2013-01-24 19:02:30 -0800
flask,2013-01-24 19:01:43 -0800
flask,2013-01-24 18:57:45 -0800
flask,2013-01-24 18:55:21 -0800
flask,2013-01-24 17:49:55 -0600
flask,2013-01-17 15:08:45 -0800
flask,2013-01-21 17:55:07 +0000
flask,2013-01-21 17:44:32 +0000
flask,2013-01-14 14:53:06 -0800
flask,2012-11-08 20:57:17 +0100
flask,2013-01-04 14:37:13 +0530
flask,2012-12-31 18:00:58 -0500
flask,2012-12-31 17:55:39 -0500
flask,2012-12-27 07:23:30 -0800
flask,2012-12-27 07:22:25 -0800
flask,2012-12-27 07:22:05 -0800
flask,2012-12-27 07:20:39 -0800
flask,2012-12-26 00:05:18 -0500
flask,2012-12-21 11:47:27 +0100
flask,2012-12-21 11:45:42 +0100
flask,2012-12-17 21:32:59 +0100
flask,2012-12-19 15:46:18 +0100
flask,2012-12-13 19:03:54 +0900
flask,2012-12-12 16:18:25 -0800
flask,2012-12-12 16:06:18 -0800
flask,2012-12-11 14:11:27 -0800
flask,2012-12-10 18:37:03 +0100
flask,2012-11-17 18:13:14 +0000
flask,2012-11-15 18:37:35 -0800
flask,2012-11-15 17:58:36 -0800
flask,2012-11-15 17:56:45 -0800
flask,2012-11-12 17:00:51 -0800
flask,2012-11-12 16:58:38 -0800
flask,2012-11-05 15:51:04 -0800
flask,2012-11-05 15:31:07 -0800
flask,2012-11-05 06:00:46 +0600
flask,2012-11-03 18:06:23 +0600
flask,2012-10-30 14:47:17 +0000
flask,2012-10-20 18:18:42 +0200
flask,2012-10-19 11:50:59 -0400
flask,2012-10-18 00:48:15 +0100
flask,2012-10-17 16:37:16 -0700
flask,2012-10-17 16:36:48 -0700
flask,2012-10-17 11:56:39 -0400
flask,2012-10-16 16:57:57 -0400
flask,2012-10-16 21:56:51 +0200
flask,2012-10-11 14:05:01 -0700
flask,2012-10-09 14:02:32 -0500
flask,2012-10-08 07:05:32 +0200
flask,2012-10-08 07:01:49 +0200
flask,2012-10-08 06:48:13 +0200
flask,2012-10-07 23:41:41 +0200
flask,2012-10-07 23:31:48 +0200
flask,2012-10-07 22:59:52 +0200
flask,2012-10-07 22:58:41 +0200
flask,2012-10-07 17:13:12 +0200
flask,2012-10-07 17:12:16 +0200
flask,2012-10-07 16:16:21 +0200
flask,2012-10-07 16:08:13 +0200
flask,2012-10-07 16:08:00 +0200
flask,2012-10-07 16:04:31 +0200
flask,2012-10-07 15:58:21 +0200
flask,2012-10-07 15:46:21 +0200
flask,2012-10-07 15:33:25 +0200
flask,2012-10-07 15:24:28 +0200
flask,2012-10-07 15:24:03 +0200
flask,2012-10-07 06:06:45 -0700
flask,2012-10-07 06:06:23 -0700
flask,2012-10-07 14:56:02 +0200
flask,2012-10-07 14:51:26 +0200
flask,2012-10-07 14:50:21 +0200
flask,2012-10-07 13:02:05 +0200
flask,2012-10-07 03:56:35 -0700
flask,2012-10-07 03:55:55 -0700
flask,2012-10-07 03:54:58 -0700
flask,2012-10-07 12:53:36 +0200
flask,2012-10-07 12:51:46 +0200
flask,2012-10-07 03:49:36 -0700
flask,2012-10-07 12:49:03 +0200
flask,2012-10-07 12:48:19 +0200
flask,2012-10-07 12:40:59 +0200
flask,2012-10-07 10:33:37 +0200
flask,2012-10-05 02:49:55 -0300
flask,2012-10-01 12:46:42 -0700
flask,2012-10-01 14:45:02 -0500
flask,2012-09-22 18:50:11 -0700
flask,2012-09-21 01:02:42 +0900
flask,2012-09-16 08:52:51 +0900
flask,2012-09-13 15:16:38 -0300
flask,2012-09-06 18:30:41 +0100
flask,2012-09-06 18:19:50 +0100
flask,2012-09-06 18:04:51 +0100
flask,2012-09-04 00:51:45 -0300
flask,2012-08-29 22:26:39 +0400
flask,2012-08-26 10:25:56 -0700
flask,2012-08-26 10:20:54 -0700
flask,2012-08-26 09:49:52 -0700
flask,2012-08-20 16:57:18 +0300
flask,2012-08-17 16:45:04 -0300
flask,2012-08-11 03:38:46 +0100
flask,2012-08-11 03:13:16 +0100
flask,2012-08-11 03:11:40 +0100
flask,2012-08-11 03:09:14 +0100
flask,2012-08-11 02:37:52 +0100
flask,2012-08-11 02:37:43 +0100
flask,2012-08-11 02:37:21 +0100
flask,2012-08-11 02:37:03 +0100
flask,2012-08-11 02:36:29 +0100
flask,2012-08-11 02:36:14 +0100
flask,2012-08-01 09:34:49 -0700
flask,2012-08-01 11:29:40 +0300
flask,2012-08-01 11:27:28 +0300
flask,2012-07-26 12:32:03 -0700
flask,2012-07-26 09:56:01 -0700
flask,2012-07-21 21:00:44 +0200
flask,2012-07-21 04:57:39 -0700
flask,2012-07-21 13:55:45 +0200
flask,2012-07-20 14:31:55 -0700
flask,2012-07-20 14:29:10 -0700
flask,2012-07-16 21:08:02 +0300
flask,2012-07-12 16:31:53 +0300
flask,2012-07-04 15:27:15 -0400
flask,2012-07-04 12:20:15 -0700
flask,2012-07-04 21:19:41 +0200
flask,2012-07-04 12:18:28 -0700
flask,2012-07-04 21:12:41 +0200
flask,2012-07-02 09:11:24 +0100
flask,2012-07-01 15:07:39 -0700
flask,2012-07-02 00:38:27 +0300
flask,2012-07-01 09:32:36 -0700
flask,2012-07-01 19:31:53 +0300
flask,2012-07-01 12:26:45 +0100
flask,2012-07-01 12:12:36 +0100
flask,2012-07-01 12:10:50 +0100
flask,2012-07-01 12:08:38 +0100
flask,2012-06-27 15:06:39 +0100
flask,2012-06-27 12:25:21 +0100
flask,2012-06-27 12:22:39 +0100
flask,2012-06-27 12:08:01 +0100
flask,2012-06-26 17:18:59 +0200
flask,2012-06-25 10:49:11 -0700
flask,2012-06-25 10:37:40 -0700
flask,2012-06-25 10:36:14 -0700
flask,2012-06-25 10:35:46 -0700
flask,2012-06-25 13:31:11 -0400
flask,2012-06-18 18:33:17 -0300
flask,2012-06-17 06:25:10 -0700
flask,2012-06-17 06:24:35 -0700
flask,2012-06-17 06:22:54 -0700
flask,2012-06-17 14:22:15 +0100
flask,2012-06-17 14:17:22 +0100
flask,2012-06-17 14:13:53 +0100
flask,2012-06-17 06:07:29 -0700
flask,2012-06-17 06:00:28 -0700
flask,2012-06-17 05:56:02 -0700
flask,2012-06-17 02:22:02 +0300
flask,2012-06-13 16:43:34 +0300
flask,2012-06-12 14:26:10 -0300
flask,2012-05-30 20:23:02 -0700
flask,2012-05-29 17:04:23 -0700
flask,2012-05-27 18:31:07 -0700
flask,2012-05-27 18:02:54 -0700
flask,2012-05-14 23:39:27 +0300
flask,2012-05-08 13:14:32 +0100
flask,2012-05-08 12:51:26 +0100
flask,2012-05-08 11:56:11 +0100
flask,2012-04-24 05:32:52 -0300
flask,2012-04-24 02:10:16 -0400
flask,2012-04-18 20:46:07 -0400
flask,2012-04-24 01:48:05 -0400
flask,2012-04-23 23:42:58 -0400
flask,2012-04-23 21:47:28 -0400
flask,2012-04-23 21:46:53 -0400
flask,2012-04-23 21:36:28 -0400
flask,2012-04-23 21:20:47 -0400
flask,2012-04-22 14:33:57 -0700
flask,2012-04-23 00:32:48 +0300
flask,2012-04-22 12:51:31 -0400
flask,2012-04-22 12:30:15 -0400
flask,2012-04-21 23:36:08 -0300
flask,2012-04-21 18:40:02 -0400
flask,2012-04-21 13:11:30 -0700
flask,2012-04-21 22:27:24 +0300
flask,2012-04-20 09:20:20 -0400
flask,2012-04-20 09:07:58 -0400
flask,2012-04-19 11:51:38 -0400
flask,2012-04-19 11:50:08 -0400
flask,2012-04-18 15:54:04 -0400
flask,2012-04-18 15:44:07 -0400
flask,2012-04-17 21:00:22 -0700
flask,2012-04-17 19:28:28 -0700
flask,2012-04-12 12:45:22 -0700
flask,2012-04-12 19:14:52 +0300
flask,2012-04-10 13:16:17 -0700
flask,2012-04-10 13:14:38 -0700
flask,2012-04-09 14:24:25 -0700
flask,2012-04-09 17:17:52 -0300
flask,2012-04-09 17:56:37 +0100
flask,2012-04-09 17:38:08 +0100
flask,2012-04-09 17:35:16 +0100
flask,2012-04-09 17:33:14 +0100
flask,2012-04-09 17:32:37 +0100
flask,2012-04-09 17:29:00 +0100
flask,2012-04-09 16:11:35 +0100
flask,2012-04-09 15:56:33 +0100
flask,2012-04-09 15:26:09 +0100
flask,2012-04-09 15:24:43 +0100
flask,2012-04-09 15:22:36 +0100
flask,2012-04-09 15:16:09 +0100
flask,2012-04-09 15:04:35 +0100
flask,2012-04-09 14:34:12 +0100
flask,2012-04-09 14:19:13 +0100
flask,2012-04-08 18:09:12 -0500
flask,2012-04-04 11:41:40 -0400
flask,2012-04-04 11:39:07 -0400
flask,2012-04-03 20:55:58 -0400
flask,2012-04-01 20:57:50 -0400
flask,2012-04-01 15:39:49 -0700
flask,2012-04-01 13:03:22 -0300
flask,2012-04-01 08:42:39 -0700
flask,2012-04-01 11:40:37 -0400
flask,2012-04-01 08:37:44 -0700
flask,2012-04-01 11:33:42 -0400
flask,2012-04-01 08:23:26 -0700
flask,2012-04-01 11:19:51 -0400
flask,2012-04-01 10:57:44 -0400
flask,2012-04-01 10:54:27 -0400
flask,2012-04-01 10:54:00 -0400
flask,2012-03-31 00:40:16 -0700
flask,2012-03-31 10:11:12 +0300
flask,2012-03-28 05:56:59 -0700
flask,2012-03-28 01:51:26 -0700
flask,2012-03-28 01:50:37 -0700
flask,2012-03-28 10:33:27 +0300
flask,2012-03-27 07:12:01 -0700
flask,2012-03-27 17:08:55 +0300
flask,2012-03-24 14:09:43 -0700
flask,2012-03-20 19:18:19 -0700
flask,2012-03-20 19:01:28 -0700
flask,2012-03-20 22:07:58 +0100
flask,2012-03-19 22:33:43 -0700
flask,2012-03-19 00:52:33 +0100
flask,2012-03-16 09:38:40 +0100
flask,2012-03-15 18:20:17 -0700
flask,2012-03-13 19:27:24 -0700
flask,2012-03-13 19:17:29 -0700
flask,2012-03-13 17:00:35 -0700
flask,2012-03-13 17:00:18 -0700
flask,2012-03-13 16:34:16 -0700
flask,2012-03-13 14:37:48 -0700
flask,2012-03-13 13:59:31 -0700
flask,2012-03-13 13:51:53 -0700
flask,2012-03-13 13:41:03 -0700
flask,2012-03-13 12:12:47 -0700
flask,2012-03-13 11:47:04 -0700
flask,2012-03-13 11:43:13 -0700
flask,2012-03-12 17:12:55 -0700
flask,2012-03-12 16:28:39 -0700
flask,2012-03-12 18:01:45 -0500
flask,2012-03-12 17:21:49 -0500
flask,2012-03-12 17:21:49 -0500
flask,2012-03-12 15:08:52 -0700
flask,2012-03-12 15:03:26 -0700
flask,2012-03-12 14:58:26 -0700
flask,2012-03-12 14:53:24 -0700
flask,2012-03-12 17:18:27 -0400
flask,2012-03-12 16:02:53 -0400
flask,2012-03-12 15:27:41 -0400
flask,2012-03-12 15:26:05 -0400
flask,2012-03-12 11:34:07 -0700
flask,2012-03-12 11:33:42 -0700
flask,2012-01-17 21:09:59 +0100
flask,2012-03-12 11:16:03 -0700
flask,2012-03-12 10:57:00 -0700
flask,2012-03-12 11:19:17 -0400
flask,2012-03-11 23:17:40 -0700
flask,2012-03-11 20:45:58 -0700
flask,2012-03-11 20:33:43 -0700
flask,2012-03-11 20:20:32 -0700
flask,2012-03-08 16:41:39 -0500
flask,2012-03-08 09:14:14 -0800
flask,2012-03-02 07:46:39 -0300
flask,2012-03-01 08:53:58 -0500
flask,2012-03-01 08:34:08 -0500
flask,2012-03-01 02:24:56 -0600
flask,2012-03-01 02:07:26 -0600
flask,2012-02-26 12:43:50 -0800
flask,2012-02-21 22:04:36 +0200
flask,2012-02-22 22:50:26 -0800
flask,2012-02-24 09:33:11 -0500
flask,2012-02-24 00:46:20 -0600
flask,2012-02-14 18:13:29 -0500
flask,2012-02-07 10:42:25 -0500
flask,2012-02-06 21:05:51 -0500
flask,2012-02-06 21:04:13 -0500
flask,2012-02-06 20:41:13 -0500
flask,2012-02-06 20:41:13 -0500
flask,2012-02-06 20:28:17 -0500
flask,2012-02-06 20:19:32 -0500
flask,2012-02-04 10:44:16 -0500
flask,2012-02-04 10:37:58 -0500
flask,2012-02-03 18:11:14 -0500
flask,2012-02-03 13:19:04 -0500
flask,2012-02-01 18:03:32 -0500
flask,2012-02-01 18:03:29 -0500
flask,2012-02-01 14:49:46 +0200
flask,2012-01-31 07:05:03 -0800
flask,2012-01-31 13:54:46 +0100
flask,2012-01-31 05:46:18 -0500
flask,2012-01-26 13:24:15 -0500
flask,2012-01-24 18:00:14 -0500
flask,2012-01-24 14:01:27 -0800
flask,2012-01-24 16:48:04 -0500
flask,2012-01-23 11:51:15 -0800
flask,2012-01-23 20:27:42 +0100
flask,2012-01-23 20:12:56 +0100
flask,2012-01-18 18:57:05 -0500
flask,2012-01-17 19:43:11 -0500
flask,2012-01-17 19:33:48 -0500
flask,2012-01-17 11:38:00 -0500
flask,2012-01-16 23:38:36 -0500
flask,2012-01-16 23:33:13 -0500
flask,2011-10-24 17:46:35 -0400
flask,2012-01-16 23:16:43 -0500
flask,2012-01-16 23:10:21 -0500
flask,2011-10-16 19:44:37 -0700
flask,2012-01-16 22:44:06 -0500
flask,2012-01-16 22:22:04 -0500
flask,2012-01-16 21:45:19 -0500
flask,2011-06-25 19:55:01 -0700
flask,2011-06-25 19:17:37 -0700
flask,2011-06-25 19:16:44 -0700
flask,2011-06-25 19:14:34 -0700
flask,2011-06-25 18:34:33 -0700
flask,2012-01-16 20:53:20 -0500
flask,2012-01-16 20:21:26 -0500
flask,2012-01-16 20:16:48 -0500
flask,2011-07-08 15:46:16 +0100
flask,2011-10-23 16:41:59 -0700
flask,2011-10-23 16:41:00 -0700
flask,2012-01-13 01:36:15 +0200
flask,2011-11-02 15:18:04 -0400
flask,2011-09-30 14:03:01 +0300
flask,2011-12-08 17:36:52 +0200
flask,2011-12-08 14:41:29 +0200
flask,2012-01-16 09:23:40 -0500
flask,2012-01-16 09:05:42 -0500
flask,2012-01-09 10:25:06 -0500
flask,2012-01-07 17:55:02 -0500
flask,2012-01-07 17:54:37 -0500
flask,2012-01-06 11:48:14 -0500
flask,2012-01-07 17:50:11 -0500
flask,2012-01-07 11:20:29 -0800
flask,2012-01-07 21:11:35 +0200
flask,2012-01-04 15:05:16 -0800
flask,2012-01-05 00:04:50 +0100
flask,2011-12-27 19:08:44 +0100
flask,2011-12-24 10:55:52 +0100
flask,2011-12-04 18:59:37 -0500
flask,2011-11-28 22:48:14 +0100
flask,2011-11-28 22:47:36 +0100
flask,2011-11-25 21:08:19 +0100
flask,2011-11-20 17:06:37 +0100
flask,2011-11-20 17:03:37 +0100
flask,2011-11-20 08:00:14 -0800
flask,2011-11-20 16:54:40 +0100
flask,2011-11-08 10:31:45 +0200
flask,2011-11-05 17:43:40 +0100
flask,2011-11-05 09:03:18 -0400
flask,2011-11-05 09:02:05 -0400
flask,2011-11-04 02:46:44 +0100
flask,2011-11-04 02:46:22 +0100
flask,2011-11-02 06:13:14 -0700
flask,2011-11-02 01:45:39 -0300
flask,2011-10-17 06:30:42 -0700
flask,2011-10-17 13:12:12 +0000
flask,2011-10-13 04:34:13 -0700
flask,2011-10-13 11:49:51 +0300
flask,2011-10-11 19:09:37 -0700
flask,2011-10-07 15:19:42 -0400
flask,2011-10-07 15:19:03 -0400
flask,2011-10-07 15:09:12 -0400
flask,2011-10-07 15:09:02 -0400
flask,2011-10-06 12:27:09 -0700
flask,2011-10-06 23:45:35 +0530
flask,2011-10-06 10:57:06 -0400
flask,2011-10-06 10:57:03 -0400
flask,2011-10-06 10:49:12 -0400
flask,2011-10-02 01:09:36 +0200
flask,2011-10-02 01:08:54 +0200
flask,2011-10-02 01:06:22 +0200
flask,2011-09-29 23:36:57 +0200
flask,2011-09-29 23:34:02 +0200
flask,2011-09-29 23:33:46 +0200
flask,2011-09-27 14:36:06 +0200
flask,2011-09-27 13:33:23 +0200
flask,2011-09-27 12:27:33 +0200
flask,2011-09-25 22:19:20 +0200
flask,2011-09-25 19:24:37 +0200
flask,2011-09-25 19:17:50 +0200
flask,2011-09-25 19:12:41 +0200
flask,2011-09-25 19:02:47 +0200
flask,2011-09-25 19:01:30 +0200
flask,2011-09-25 18:56:15 +0200
flask,2011-09-25 18:49:00 +0200
flask,2011-09-24 20:28:06 +0200
flask,2011-09-24 20:27:38 +0200
flask,2011-09-24 20:25:28 +0200
flask,2011-09-23 06:02:37 -0700
flask,2011-09-23 10:34:41 +0300
flask,2011-09-23 02:04:21 +0200
flask,2011-09-22 14:08:52 +0200
flask,2011-09-22 14:08:03 +0200
flask,2011-09-21 21:34:47 +0200
flask,2011-09-21 13:01:58 +0200
flask,2011-09-21 03:47:36 +0200
flask,2011-09-20 18:57:37 +0200
flask,2011-09-20 00:03:24 +0200
flask,2011-09-19 21:15:42 +0200
flask,2011-09-19 21:00:44 +0200
flask,2011-09-19 21:00:28 +0200
flask,2011-09-18 15:34:37 -0400
flask,2011-07-23 11:32:59 -0700
flask,2011-09-18 12:20:40 -0700
flask,2011-09-18 13:05:15 +0300
flask,2011-09-18 18:16:50 +0200
flask,2011-09-18 15:10:50 +0200
flask,2011-09-18 15:03:35 +0200
flask,2011-09-18 13:03:05 +0200
flask,2011-09-18 12:51:10 +0200
flask,2011-09-18 12:50:56 +0200
flask,2011-09-18 12:22:42 +0200
flask,2011-09-18 12:22:15 +0200
flask,2011-09-18 03:26:46 +0200
flask,2011-09-18 02:11:10 +0200
flask,2011-09-18 02:10:10 +0200
flask,2011-09-17 13:20:30 -0700
flask,2011-09-17 22:11:57 +0200
flask,2011-09-17 19:41:24 +0200
flask,2011-09-17 19:39:19 +0200
flask,2011-09-17 19:39:10 +0200
flask,2011-09-17 00:31:09 +0200
flask,2011-09-14 16:53:05 -0300
flask,2011-09-13 21:22:23 -0400
flask,2011-09-10 23:20:58 +0200
flask,2011-09-07 11:45:03 +0200
flask,2011-09-07 02:44:52 -0700
flask,2011-09-07 11:44:33 +0200
flask,2011-09-07 02:44:08 -0700
flask,2011-09-05 18:52:28 +0200
flask,2011-09-05 18:51:47 +0200
flask,2011-09-03 17:13:01 +0200
flask,2011-09-01 19:51:37 +0200
flask,2011-09-01 12:35:04 -0400
flask,2011-09-01 16:57:00 +0200
flask,2011-08-31 08:33:17 -0700
flask,2011-08-31 06:17:10 -0700
flask,2011-08-31 10:32:59 +0100
flask,2011-08-30 15:09:56 -0700
flask,2011-08-30 14:36:50 +0200
flask,2011-08-29 21:37:52 +0200
flask,2011-08-29 12:18:25 +0200
flask,2011-08-27 00:44:46 +0200
flask,2011-08-27 00:42:06 +0200
flask,2011-08-27 00:36:53 +0200
flask,2011-08-27 00:32:28 +0200
flask,2011-08-26 21:42:17 +0200
flask,2011-08-26 21:30:41 +0200
flask,2011-08-26 18:20:33 +0100
flask,2011-08-26 17:35:47 +0100
flask,2011-08-26 14:51:28 +0100
flask,2011-08-26 14:41:25 +0100
flask,2011-08-26 14:05:08 +0100
flask,2011-08-26 14:01:46 +0100
flask,2011-08-26 13:47:01 +0100
flask,2011-08-26 12:09:55 +0100
flask,2011-08-26 12:07:49 +0100
flask,2011-08-26 12:02:40 +0100
flask,2011-08-26 12:00:26 +0100
flask,2011-08-26 11:59:52 +0100
flask,2011-08-26 11:55:11 +0100
flask,2011-08-26 11:48:33 +0100
flask,2011-08-26 11:48:09 +0100
flask,2011-08-26 11:43:27 +0100
flask,2011-08-26 11:38:43 +0100
flask,2011-08-26 11:24:42 +0100
flask,2011-08-26 11:24:10 +0100
flask,2011-08-26 11:21:26 +0100
flask,2011-08-26 08:32:36 +0100
flask,2011-08-25 22:09:48 +0100
flask,2011-08-25 21:49:50 +0100
flask,2011-08-25 21:16:27 +0100
flask,2011-08-25 21:16:06 +0100
flask,2011-08-25 13:15:31 -0700
flask,2011-08-26 10:13:54 +0300
flask,2011-08-25 20:56:43 +0100
flask,2011-08-25 20:49:53 +0100
flask,2011-08-25 20:48:38 +0100
flask,2011-08-25 20:47:50 +0100
flask,2011-08-25 17:26:57 +0100
flask,2011-08-25 16:13:43 +0100
flask,2011-08-25 15:33:03 +0100
flask,2011-08-25 15:24:10 +0100
flask,2011-08-25 15:20:40 +0100
flask,2011-08-25 15:19:13 +0100
flask,2011-08-25 15:18:39 +0100
flask,2011-08-25 12:13:55 +0100
flask,2011-08-25 12:01:41 +0100
flask,2011-08-25 11:46:05 +0100
flask,2011-08-24 15:57:32 -0700
flask,2011-08-17 06:05:57 -0700
flask,2011-08-17 08:38:34 +0300
flask,2011-08-13 01:22:10 +0300
flask,2011-08-10 23:50:43 +0200
flask,2011-08-10 23:40:53 +0200
flask,2011-08-10 23:25:33 +0200
flask,2011-08-10 23:21:43 +0200
flask,2011-08-10 23:19:33 +0200
flask,2011-08-10 18:00:16 +0200
flask,2011-08-10 17:51:49 +0200
flask,2011-08-10 17:51:24 +0200
flask,2011-08-10 17:46:20 +0200
flask,2011-08-10 14:00:57 +0200
flask,2011-08-10 13:57:30 +0200
flask,2011-08-10 13:55:57 +0200
flask,2011-08-10 13:34:58 +0200
flask,2011-08-09 16:16:04 +0200
flask,2011-08-09 15:16:41 +0200
flask,2011-08-09 14:51:06 +0200
flask,2011-08-08 21:47:26 +0200
flask,2011-08-08 21:46:53 +0200
flask,2011-08-08 01:26:39 +0200
flask,2011-08-07 16:21:58 +0200
flask,2011-08-07 15:23:57 +0200
flask,2011-08-07 14:15:33 +0200
flask,2011-08-07 12:43:38 +0200
flask,2011-08-07 02:30:34 +0200
flask,2011-08-07 01:51:02 +0200
flask,2011-08-05 21:54:12 +0200
flask,2011-08-05 16:56:43 +0200
flask,2011-08-05 16:51:45 +0200
flask,2011-08-05 16:50:02 +0200
flask,2011-08-05 16:47:12 +0200
flask,2011-08-05 16:46:48 +0200
flask,2011-08-05 16:43:42 +0200
flask,2011-08-05 07:16:28 -0700
flask,2011-08-05 11:12:21 -0300
flask,2011-08-05 12:40:44 +0200
flask,2011-08-05 12:37:57 +0200
flask,2011-08-05 12:35:56 +0200
flask,2011-08-05 12:35:41 +0200
flask,2011-08-04 18:34:31 -0700
flask,2011-08-04 22:31:11 -0300
flask,2011-08-04 16:46:10 +0200
flask,2011-08-04 16:44:42 +0200
flask,2011-07-30 11:02:36 -0400
flask,2011-07-30 02:11:30 +0200
flask,2011-07-30 02:07:31 +0200
flask,2011-07-29 05:55:50 -0700
flask,2011-07-29 09:54:50 -0300
flask,2011-07-27 22:34:56 +0200
flask,2011-07-27 22:34:34 +0200
flask,2011-07-27 22:34:18 +0200
flask,2011-07-26 16:32:36 -0400
flask,2011-07-23 11:15:01 -0700
flask,2011-07-23 11:13:30 -0700
flask,2011-07-19 16:20:28 -0700
flask,2011-07-19 16:42:11 -0500
flask,2011-07-18 23:06:15 +0200
flask,2011-07-18 07:04:32 -0700
flask,2011-07-18 06:49:53 -0700
flask,2011-07-16 01:16:03 +0200
flask,2011-07-14 21:18:53 +0200
flask,2011-07-15 18:03:48 +0200
flask,2011-07-14 14:25:50 +0200
flask,2011-07-14 14:25:14 +0200
flask,2011-07-14 14:18:42 +0200
flask,2011-07-13 14:04:42 +0200
flask,2011-07-13 14:04:23 +0200
flask,2011-07-12 13:54:55 -0700
flask,2011-07-12 21:51:53 +0200
flask,2011-07-11 17:41:16 -0700
flask,2011-07-11 15:32:55 -0700
flask,2011-07-11 15:28:11 -0700
flask,2011-07-11 15:25:37 -0700
flask,2011-07-10 11:21:09 -0700
flask,2011-07-10 11:20:39 -0700
flask,2011-07-10 09:28:26 -0700
flask,2011-07-10 09:25:08 -0700
flask,2011-07-10 13:35:26 +0200
flask,2011-07-10 13:34:21 +0200
flask,2011-07-10 13:33:52 +0200
flask,2011-07-08 19:21:50 +0200
flask,2011-07-08 19:20:40 +0200
flask,2011-07-08 14:38:49 +0200
flask,2011-07-07 04:21:39 -0700
flask,2011-07-07 13:14:15 +0200
flask,2011-07-07 13:11:32 +0200
flask,2011-07-07 12:31:57 +0200
flask,2011-07-07 12:29:58 +0200
flask,2011-07-07 12:25:25 +0200
flask,2011-07-07 11:27:22 +0200
flask,2011-07-07 11:26:53 +0200
flask,2011-07-06 16:07:05 +0200
flask,2011-07-06 11:33:02 +0200
flask,2011-07-06 10:26:59 +0200
flask,2011-07-06 10:25:52 +0200
flask,2011-07-06 01:25:40 -0700
flask,2011-07-06 10:21:23 +0200
flask,2011-07-06 10:18:03 +0200
flask,2011-07-06 10:16:56 +0200
flask,2011-07-01 00:56:06 +0200
flask,2011-07-01 00:52:06 +0200
flask,2011-07-01 00:50:18 +0200
flask,2011-06-30 22:44:28 +1200
flask,2011-06-29 18:37:08 +0200
flask,2011-06-29 18:35:11 +0200
flask,2011-06-28 23:37:03 +0200
flask,2011-06-29 18:31:48 +0200
flask,2011-06-29 15:36:02 +0200
flask,2011-06-29 01:06:03 -0700
flask,2011-06-28 23:36:39 +0200
flask,2011-06-28 12:00:01 -0400
flask,2011-06-28 16:11:01 +0200
flask,2011-06-28 07:09:21 -0700
flask,2011-06-28 07:09:03 -0700
flask,2011-06-28 16:08:19 +0200
flask,2011-06-28 16:06:51 +0200
flask,2011-06-28 06:25:52 -0700
flask,2011-06-28 06:14:39 -0700
flask,2011-06-28 14:45:11 +0200
flask,2011-06-28 14:37:02 +0200
flask,2011-06-28 14:36:52 +0200
flask,2011-06-28 14:36:49 +0200
flask,2011-06-28 14:34:07 +0200
flask,2011-06-28 14:30:21 +0200
flask,2011-06-28 14:28:49 +0200
flask,2011-06-28 14:26:12 +0200
flask,2011-06-28 14:24:54 +0200
flask,2011-06-28 14:24:37 +0200
flask,2011-06-28 12:45:49 +0200
flask,2011-06-27 15:59:22 -0700
flask,2011-06-27 09:23:31 -0400
flask,2011-06-27 09:43:51 +0200
flask,2011-06-27 09:40:45 +0200
flask,2011-06-27 09:30:39 +0200
flask,2011-06-27 09:30:27 +0200
flask,2011-06-27 09:20:50 +0200
flask,2011-06-27 08:21:09 +0200
flask,2011-06-26 22:58:10 -0700
flask,2011-06-26 21:43:48 -0400
flask,2011-06-27 01:04:18 +0200
flask,2011-06-27 00:45:31 +0200
flask,2011-06-27 00:35:38 +0200
flask,2011-06-27 00:34:15 +0200
flask,2011-06-27 00:31:24 +0200
flask,2011-06-26 21:34:27 +0200
flask,2011-06-25 14:09:37 -0400
flask,2011-06-25 12:26:13 +0200
flask,2011-06-25 12:26:07 +0200
flask,2011-06-25 12:24:38 +0200
flask,2011-06-24 07:30:56 -0700
flask,2011-06-23 08:42:27 -0400
flask,2011-06-21 08:12:44 -0700
flask,2011-06-21 10:05:26 -0500
flask,2011-06-20 23:51:30 +0200
flask,2011-06-20 08:44:02 +0200
flask,2011-06-20 08:27:23 +0200
flask,2011-06-17 21:58:03 +0200
flask,2011-06-17 21:53:11 +0200
flask,2011-06-17 21:33:31 +0200
flask,2011-06-17 20:27:25 +0200
flask,2011-06-17 03:45:19 +0200
flask,2011-06-17 03:42:49 +0200
flask,2011-06-17 03:42:11 +0200
flask,2011-06-17 03:39:49 +0200
flask,2011-06-17 03:29:40 +0200
flask,2011-06-17 03:29:31 +0200
flask,2011-06-17 02:45:57 +0200
flask,2011-06-16 23:55:49 +0200
flask,2011-06-16 23:52:50 +0200
flask,2011-06-16 10:28:51 -0400
flask,2011-06-15 23:31:48 -0700
flask,2011-06-10 12:15:50 -0400
flask,2011-06-10 01:38:26 -0700
flask,2011-06-08 10:59:32 -0400
flask,2011-06-08 08:20:42 -0400
flask,2011-06-07 21:55:07 -0400
flask,2011-06-08 16:22:17 +0200
flask,2011-06-08 14:02:14 +0200
flask,2011-06-07 20:45:26 -0400
flask,2011-06-07 15:32:44 +0200
flask,2011-06-06 10:10:10 +0200
flask,2011-06-05 16:33:54 +0200
flask,2011-06-05 16:26:18 +0200
flask,2011-06-05 16:22:44 +0200
flask,2011-06-05 16:21:31 +0200
flask,2011-06-05 16:16:13 +0200
flask,2011-06-05 16:11:17 +0200
flask,2011-06-05 16:00:19 +0200
flask,2011-06-05 14:37:57 +0200
flask,2011-06-05 14:37:33 +0200
flask,2011-06-05 14:33:29 +0200
flask,2011-06-05 14:32:33 +0200
flask,2011-06-05 14:31:33 +0200
flask,2011-06-05 14:31:17 +0200
flask,2011-06-05 13:53:40 +0200
flask,2011-06-05 13:52:40 +0200
flask,2011-06-05 13:19:28 +0200
flask,2011-06-05 04:38:24 -0400
flask,2011-06-05 10:32:00 +0200
flask,2011-06-05 10:27:15 +0200
flask,2011-06-05 09:12:41 +0200
flask,2011-06-02 23:29:31 +0200
flask,2011-05-30 12:45:07 -0700
flask,2011-05-30 21:32:01 +0200
flask,2011-05-30 15:06:32 +0200
flask,2011-05-29 20:05:39 +0200
flask,2011-05-29 19:56:16 +0200
flask,2011-05-29 19:52:10 +0200
flask,2011-05-29 18:55:06 +0200
flask,2011-05-29 15:54:58 +0200
flask,2011-05-28 15:14:07 +0200
flask,2011-05-28 15:11:48 +0200
flask,2011-05-27 20:29:47 +0200
flask,2011-05-27 20:29:03 +0200
flask,2011-05-27 20:21:41 +0200
flask,2011-05-27 20:12:20 +0200
flask,2011-05-27 20:10:53 +0200
flask,2011-05-27 15:59:11 +0200
flask,2011-05-24 16:42:06 +0200
flask,2011-05-24 07:41:27 -0700
flask,2011-05-24 16:34:41 +0200
flask,2011-05-24 16:31:46 +0200
flask,2011-05-24 16:30:08 +0200
flask,2011-05-24 16:29:46 +0200
flask,2011-05-18 18:16:48 -0400
flask,2011-05-19 09:14:53 -0400
flask,2011-05-17 11:41:12 -0400
flask,2011-05-12 12:54:56 -0400
flask,2011-05-08 03:32:31 -0700
flask,2011-05-08 11:31:52 +0200
flask,2011-05-07 15:28:05 -0700
flask,2011-05-01 16:36:51 -0400
flask,2011-04-27 14:28:07 -0700
flask,2011-04-27 14:25:34 -0700
flask,2011-04-25 16:02:35 +0200
flask,2011-04-25 16:01:58 +0200
flask,2011-04-18 23:20:24 +0200
flask,2011-04-18 23:19:59 +0200
flask,2011-04-18 02:49:31 -0700
flask,2011-04-18 16:48:40 +0200
flask,2011-04-04 16:53:04 +0200
flask,2011-03-31 15:53:17 -0400
flask,2011-03-30 22:58:41 -0400
flask,2011-03-28 17:01:21 +0530
flask,2011-04-17 19:03:06 +0200
flask,2011-03-19 03:28:39 +0100
flask,2011-03-18 09:30:56 +0100
flask,2011-03-18 09:16:33 +0100
flask,2011-03-18 09:15:28 +0100
flask,2011-03-18 09:00:24 +0100
flask,2011-03-15 12:20:30 -0400
flask,2011-03-14 23:32:33 -0400
flask,2011-03-15 12:07:32 -0400
flask,2011-03-15 11:47:59 -0400
flask,2011-03-15 11:25:17 -0400
flask,2011-03-14 23:32:33 -0400
flask,2011-03-14 19:23:56 -0400
flask,2011-03-14 16:44:58 -0400
flask,2011-03-14 16:13:58 -0400
flask,2011-03-13 17:18:19 -0900
flask,2011-03-14 13:00:34 -0400
flask,2011-03-09 12:31:39 -0600
flask,2011-03-14 14:21:44 -0400
flask,2011-03-14 14:21:28 -0400
flask,2011-03-14 14:19:12 -0400
flask,2011-03-14 10:41:22 -0400
flask,2011-03-14 10:36:33 -0400
flask,2011-03-11 15:33:35 +0100
flask,2011-03-13 19:26:40 -0400
flask,2011-03-13 15:48:19 -0900
flask,2011-03-13 15:47:57 -0900
flask,2011-03-13 15:47:40 -0900
flask,2011-03-13 15:47:14 -0900
flask,2011-03-13 15:32:19 -0900
flask,2011-02-21 21:56:37 +0100
flask,2011-02-20 10:50:38 +0530
flask,2011-02-06 14:14:51 -0700
flask,2010-11-03 07:38:48 -0400
flask,2011-02-10 21:43:13 +0100
flask,2011-02-06 11:56:55 +0100
flask,2011-02-05 17:41:02 +0100
flask,2011-02-04 13:01:13 +0100
flask,2011-01-24 13:51:06 +0100
flask,2011-01-24 13:50:14 +0100
flask,2011-01-23 13:31:02 +0100
flask,2011-01-23 19:52:27 +0100
flask,2011-01-10 02:13:39 +0100
flask,2011-01-12 10:38:20 +0100
flask,2011-01-12 10:35:44 +0100
flask,2011-01-16 17:13:25 +0100
flask,2011-01-16 13:26:34 +0100
flask,2011-01-14 00:29:37 +0100
flask,2011-01-13 22:18:49 +0100
flask,2011-01-06 16:43:49 +0100
flask,2010-12-31 15:21:46 +0100
flask,2010-12-23 14:23:33 +0100
flask,2010-12-23 14:18:14 +0100
flask,2010-12-23 14:15:18 +0100
flask,2010-12-07 22:08:46 +0100
flask,2010-12-06 03:16:13 +0100
flask,2010-12-01 17:22:55 +0100
flask,2010-11-29 08:57:38 +0100
flask,2010-11-13 11:28:42 +0000
flask,2010-11-19 13:25:45 +0100
flask,2010-11-08 18:02:39 +0100
flask,2010-11-03 12:10:44 -0700
flask,2010-10-30 20:55:41 -0400
flask,2010-10-31 01:55:06 -0200
flask,2010-10-28 22:10:50 +0200
flask,2010-10-28 22:22:17 +0200
flask,2010-10-28 22:30:07 +0200
flask,2010-10-28 22:41:27 +0200
flask,2010-10-29 10:55:10 +0200
flask,2010-10-25 15:38:39 +0200
flask,2010-10-22 16:13:35 +0100
flask,2010-10-11 19:07:31 -0700
flask,2010-10-21 20:31:13 +0100
flask,2010-10-19 09:10:12 +0200
flask,2010-10-18 23:51:14 -0400
flask,2010-10-19 09:09:55 +0200
flask,2010-10-06 21:55:42 +0800
flask,2010-10-06 14:06:46 +0800
flask,2010-10-06 14:05:35 +0800
flask,2010-10-06 09:47:48 +0800
flask,2010-09-12 13:18:08 -0700
flask,2010-09-10 11:01:58 -0700
flask,2010-09-10 03:33:20 +0800
flask,2010-08-20 11:20:09 +0200
flask,2010-08-20 11:16:18 +0200
flask,2010-08-20 15:29:13 +0800
flask,2010-08-18 21:58:04 +0200
flask,2010-08-18 21:56:54 +0200
flask,2010-08-18 20:10:47 +0200
flask,2010-08-15 10:52:11 +0800
flask,2010-08-13 23:37:57 +0200
flask,2010-08-10 23:10:55 +0200
flask,2010-08-10 22:55:30 +0200
flask,2010-08-09 15:16:02 +0200
flask,2010-08-07 13:41:06 +0200
flask,2010-08-07 13:38:26 +0200
flask,2010-08-07 13:37:43 +0200
flask,2010-08-07 13:36:39 +0200
flask,2010-08-07 13:02:53 +0200
flask,2010-08-03 12:17:36 +0200
flask,2010-08-03 12:15:15 +0200
flask,2010-08-01 15:04:09 +0800
flask,2010-08-03 00:18:19 +0800
flask,2010-08-03 00:07:10 +0800
flask,2010-07-30 10:51:14 +0200
flask,2010-07-30 00:03:25 +0200
flask,2010-07-30 00:03:06 +0200
flask,2010-07-29 18:51:54 +0800
flask,2010-07-29 11:03:56 +0200
flask,2010-07-28 01:39:25 +0200
flask,2010-07-28 07:10:31 +0800
flask,2010-07-28 01:32:39 +0200
flask,2010-07-28 01:28:31 +0200
flask,2010-07-28 01:25:08 +0200
flask,2010-07-28 01:26:15 +0200
flask,2010-07-28 00:19:47 +0800
flask,2010-07-26 14:45:05 +0800
flask,2010-07-28 05:27:10 +0800
flask,2010-07-27 18:46:29 +0200
flask,2010-07-27 17:15:20 +0200
flask,2010-07-27 14:40:21 +0200
flask,2010-07-27 14:38:59 +0200
flask,2010-07-27 14:10:42 +0200
flask,2010-07-27 01:29:21 +0200
flask,2010-07-26 17:14:25 +0200
flask,2010-07-26 17:14:17 +0200
flask,2010-07-26 16:02:36 +0200
flask,2010-07-26 13:20:46 +0200
flask,2010-07-26 02:52:05 +0200
flask,2010-07-26 02:37:16 +0200
flask,2010-07-26 02:30:58 +0200
flask,2010-07-26 02:30:52 +0200
flask,2010-07-26 00:59:41 +0200
flask,2010-07-26 00:36:09 +0200
flask,2010-07-25 23:46:24 +0200
flask,2010-07-25 23:25:15 +0200
flask,2010-07-25 23:19:00 +0200
flask,2010-07-25 19:44:08 +0200
flask,2010-07-25 19:02:02 +0200
flask,2010-07-25 19:00:00 +0200
flask,2010-07-25 18:56:14 +0200
flask,2010-07-25 18:51:36 +0200
flask,2010-07-25 18:51:28 +0200
flask,2010-07-25 17:34:55 +0200
flask,2010-07-25 17:34:47 +0200
flask,2010-07-25 17:33:45 +0200
flask,2010-07-25 18:45:10 +0800
flask,2010-07-25 14:59:31 +0200
flask,2010-07-23 17:49:03 +0100
flask,2010-07-23 15:42:33 +0100
flask,2010-07-23 15:41:58 +0100
flask,2010-07-23 15:41:39 +0100
flask,2010-07-23 15:21:08 +0100
flask,2010-07-23 14:59:10 +0100
flask,2010-07-23 14:58:51 +0100
flask,2010-07-23 13:29:21 +0100
flask,2010-07-20 15:09:51 +0100
flask,2010-07-20 15:05:10 +0100
flask,2010-07-20 15:05:01 +0100
flask,2010-07-20 13:48:13 +0100
flask,2010-07-20 10:12:58 +0100
flask,2010-07-18 22:01:11 +0200
flask,2010-07-18 21:58:18 +0200
flask,2010-07-18 21:08:58 +0200
flask,2010-07-18 21:07:45 +0200
flask,2010-07-18 21:06:46 +0200
flask,2010-07-18 21:02:56 +0200
flask,2010-07-18 20:57:02 +0200
flask,2010-07-18 20:44:07 +0200
flask,2010-07-18 20:43:50 +0200
flask,2010-07-18 10:30:58 +0200
flask,2010-07-18 01:30:28 +0200
flask,2010-07-18 00:51:20 +0200
flask,2010-07-17 17:22:10 +0200
flask,2010-07-17 17:19:10 +0200
flask,2010-07-17 17:09:01 +0200
flask,2010-07-17 16:12:21 +0200
flask,2010-07-17 16:05:06 +0200
flask,2010-07-17 16:02:21 +0200
flask,2010-07-17 15:56:58 +0200
flask,2010-07-17 15:53:32 +0200
flask,2010-07-17 15:41:05 +0200
flask,2010-07-17 15:39:24 +0200
flask,2010-07-17 15:26:35 +0200
flask,2010-07-17 15:25:53 +0200
flask,2010-07-17 14:39:28 +0200
flask,2010-07-17 14:02:02 +0200
flask,2010-07-17 13:10:50 +0200
flask,2010-07-17 11:36:16 +0200
flask,2010-07-16 13:16:18 +0200
flask,2010-07-16 13:14:54 +0200
flask,2010-07-16 01:18:20 +0800
flask,2010-07-15 21:22:11 +0200
flask,2010-07-15 20:03:58 +0200
flask,2010-07-15 18:11:38 +0200
flask,2010-07-15 18:10:26 +0200
flask,2010-07-15 17:01:04 +0200
flask,2010-07-15 15:43:17 +0200
flask,2010-07-15 15:42:27 +0200
flask,2010-07-15 14:39:49 +0200
flask,2010-07-15 14:35:44 +0200
flask,2010-07-15 14:35:02 +0200
flask,2010-07-14 10:47:57 +0200
flask,2010-07-14 02:50:41 +0200
flask,2010-07-13 23:52:55 +0200
flask,2010-07-13 23:30:29 +0200
flask,2010-07-13 23:14:53 +0200
flask,2010-07-12 23:58:43 +0200
flask,2010-07-12 23:04:24 +0200
flask,2010-07-12 18:05:16 +0200
flask,2010-07-12 18:04:10 +0200
flask,2010-07-07 09:19:41 -0700
flask,2010-07-08 00:10:29 +0800
flask,2010-07-06 20:28:48 +0200
flask,2010-07-07 02:07:11 +0800
flask,2010-07-06 19:26:37 +0200
flask,2010-07-06 19:24:50 +0200
flask,2010-07-06 19:11:51 +0200
flask,2010-07-06 19:10:08 +0200
flask,2010-07-06 16:28:47 +0200
flask,2010-07-06 16:25:44 +0200
flask,2010-07-06 16:10:49 +0200
flask,2010-07-06 16:07:13 +0200
flask,2010-07-06 14:42:43 +0200
flask,2010-07-06 12:33:39 +0200
flask,2010-07-06 10:43:38 +0200
flask,2010-07-06 10:42:36 +0200
flask,2010-07-05 11:06:29 +0200
flask,2010-07-05 10:37:44 +0200
flask,2010-07-05 10:32:06 +0200
flask,2010-07-05 10:31:18 +0200
flask,2010-07-05 10:25:51 +0200
flask,2010-07-05 10:23:35 +0200
flask,2010-07-04 22:57:49 +0200
flask,2010-07-04 20:40:58 +0200
flask,2010-07-04 20:36:34 +0200
flask,2010-07-04 20:11:54 +0200
flask,2010-07-04 20:07:03 +0200
flask,2010-07-04 20:00:23 +0200
flask,2010-07-04 19:57:53 +0200
flask,2010-07-04 17:21:13 +0200
flask,2010-07-04 14:20:20 +0200
flask,2010-07-04 14:19:17 +0200
flask,2010-07-04 14:17:52 +0200
flask,2010-07-04 14:17:29 +0200
flask,2010-07-04 19:02:27 +0800
flask,2010-07-04 14:13:30 +0200
flask,2010-07-04 14:12:29 +0200
flask,2010-07-04 14:01:56 +0200
flask,2010-07-04 13:49:58 +0200
flask,2010-07-04 13:42:00 +0200
flask,2010-07-04 12:48:37 +0200
flask,2010-07-04 12:14:00 +0200
flask,2010-07-04 12:06:29 +0200
flask,2010-07-04 11:56:08 +0200
flask,2010-07-04 11:37:39 +0200
flask,2010-07-04 11:35:20 +0200
flask,2010-07-04 11:26:34 +0200
flask,2010-07-04 11:25:26 +0200
flask,2010-07-04 11:20:45 +0200
flask,2010-07-04 11:16:43 +0200
flask,2010-07-04 11:16:24 +0200
flask,2010-07-02 00:26:41 +0800
flask,2010-07-02 15:11:02 -0400
flask,2010-07-02 15:10:32 -0400
flask,2010-07-02 14:20:58 -0400
flask,2010-07-02 14:19:26 -0400
flask,2010-07-02 19:45:26 +0200
flask,2010-07-01 12:56:34 +0200
flask,2010-07-01 01:45:39 +0200
flask,2010-07-01 01:22:46 +0200
flask,2010-07-01 00:19:32 +0200
flask,2010-06-30 09:49:04 +0200
flask,2010-06-29 15:59:55 +0200
flask,2010-06-29 15:25:20 +0200
flask,2010-06-29 01:36:06 +0200
flask,2010-06-29 01:32:02 +0200
flask,2010-06-29 01:13:40 +0200
flask,2010-06-28 00:13:48 -0700
flask,2010-06-28 11:52:32 +0800
flask,2010-06-28 11:49:50 +0800
flask,2010-06-28 11:43:44 +0800
flask,2010-06-28 11:24:37 +0800
flask,2010-06-28 11:10:07 +0800
flask,2010-06-27 22:03:43 +0800
flask,2010-06-27 17:38:39 +0800
flask,2010-06-27 17:37:04 +0800
flask,2010-06-26 22:43:14 +0800
flask,2010-06-26 03:07:19 -0700
flask,2010-06-26 14:39:16 +0800
flask,2010-06-26 13:27:59 +0800
flask,2010-06-26 12:14:45 +0800
flask,2010-06-26 12:04:26 +0800
flask,2010-06-22 12:06:41 -0700
flask,2010-06-19 17:17:50 +0200
flask,2010-06-19 13:49:01 +0200
flask,2010-06-18 17:14:43 +0200
flask,2010-06-18 17:13:32 +0200
flask,2010-06-18 17:10:31 +0200
flask,2010-06-18 17:03:31 +0200
flask,2010-06-18 16:53:38 +0200
flask,2010-06-18 09:59:20 +0200
flask,2010-06-18 03:16:35 +0800
flask,2010-06-17 19:05:24 +0200
flask,2010-06-17 19:01:32 +0200
flask,2010-06-15 07:00:17 +0800
flask,2010-06-14 18:11:52 +0200
flask,2010-06-11 01:37:35 +0200
flask,2010-06-10 23:20:16 +0200
flask,2010-06-10 23:06:54 +0200
flask,2010-06-10 18:07:14 +0100
flask,2010-06-07 21:54:56 +0200
flask,2010-06-07 21:53:58 +0200
flask,2010-06-07 21:53:36 +0200
flask,2010-06-07 16:27:44 +0800
flask,2010-06-07 15:21:30 +0800
flask,2010-06-07 07:58:10 +0200
flask,2010-06-07 07:40:03 +0200
flask,2010-06-07 07:17:45 +0200
flask,2010-06-07 02:29:15 +0200
flask,2010-06-07 02:18:31 +0200
flask,2010-06-07 00:56:02 +0200
flask,2010-06-06 00:30:11 +0800
flask,2010-06-06 00:27:38 +0800
flask,2010-06-05 21:55:10 +0800
flask,2010-06-05 04:36:04 -0700
flask,2010-06-04 01:48:44 +0800
flask,2010-06-05 15:06:14 +0800
flask,2010-06-05 13:49:04 +0800
flask,2010-06-05 08:03:37 +0800
flask,2010-06-05 07:59:02 +0800
flask,2010-06-05 07:55:41 +0800
flask,2010-06-05 05:23:19 +0800
flask,2010-06-03 16:25:15 +0200
flask,2010-06-03 16:21:23 +0200
flask,2010-06-03 15:26:07 +0200
flask,2010-06-02 18:32:23 +0200
flask,2010-06-02 18:05:40 +0200
flask,2010-06-02 18:04:49 +0200
flask,2010-06-02 03:38:17 +0800
flask,2010-05-31 21:14:27 +0200
flask,2010-05-31 17:53:10 +0200
flask,2010-05-31 17:50:31 +0200
flask,2010-05-31 17:38:05 +0200
flask,2010-05-31 22:19:42 +0800
flask,2010-05-30 02:06:12 +0800
flask,2010-05-30 01:53:08 +0800
flask,2010-05-28 21:21:28 +0200
flask,2010-05-28 21:07:28 +0200
flask,2010-05-28 21:07:06 +0200
flask,2010-05-28 21:06:39 +0200
flask,2010-05-28 01:30:46 +0200
flask,2010-05-28 01:25:35 +0200
flask,2010-05-28 01:25:19 +0200
flask,2010-05-28 01:18:29 +0200
flask,2010-05-27 21:17:25 +0200
flask,2010-05-27 17:55:57 +0200
flask,2010-05-27 17:42:01 +0200
flask,2010-05-27 13:55:36 +0200
flask,2010-05-27 13:54:40 +0200
flask,2010-05-27 13:34:56 +0200
flask,2010-05-27 13:31:22 +0200
flask,2010-05-18 02:36:50 +0200
flask,2010-05-18 01:41:07 +0200
flask,2010-05-27 13:30:54 +0200
flask,2010-05-27 12:17:07 +0200
flask,2010-05-26 15:30:06 +0200
flask,2010-05-26 15:19:08 +0200
flask,2010-05-26 14:50:20 +0200
flask,2010-05-26 14:49:01 +0200
flask,2010-05-25 05:07:09 +0800
flask,2010-05-25 01:58:10 +0800
flask,2010-05-25 08:17:55 +0200
flask,2010-05-24 18:37:48 +0200
flask,2010-05-24 15:24:17 +0200
flask,2010-05-24 15:08:35 +0200
flask,2010-05-24 09:04:24 +0200
flask,2010-05-24 09:03:08 +0200
flask,2010-05-24 08:38:28 +0200
flask,2010-05-19 10:13:31 +0800
flask,2010-05-18 18:05:05 +0200
flask,2010-05-18 18:02:28 +0200
flask,2010-05-18 16:57:26 +0800
flask,2010-05-18 02:36:50 +0200
flask,2010-05-18 01:41:07 +0200
flask,2010-05-18 01:41:42 +0200
flask,2010-05-18 01:31:51 +0200
flask,2010-05-17 23:21:22 +0200
flask,2010-05-17 23:14:50 +0200
flask,2010-05-17 22:46:35 +0200
flask,2010-05-17 16:06:30 +0200
flask,2010-05-17 12:10:45 +0200
flask,2010-05-17 02:01:23 +0200
flask,2010-05-17 01:51:16 +0200
flask,2010-05-17 01:41:57 +0200
flask,2010-05-17 00:37:55 +0200
flask,2010-05-13 15:22:03 +0800
flask,2010-05-13 14:42:03 +0800
flask,2010-05-12 09:18:42 +0800
flask,2010-05-12 02:34:22 +0200
flask,2010-05-12 02:06:40 +0200
flask,2010-05-12 01:32:29 +0200
flask,2010-05-12 01:30:10 +0200
flask,2010-05-12 01:29:25 +0200
flask,2010-05-12 01:04:35 +0200
flask,2010-05-12 01:02:20 +0200
flask,2010-05-10 11:35:43 +0200
flask,2010-05-10 11:27:42 +0200
flask,2010-05-07 20:23:38 +0200
flask,2010-05-07 20:16:00 +0200
flask,2010-05-07 11:59:12 +0200
flask,2010-05-06 13:32:52 +0200
flask,2010-05-04 16:41:04 +0200
flask,2010-05-04 11:51:07 +0200
flask,2010-05-04 11:45:37 +0200
flask,2010-05-04 11:43:19 +0200
flask,2010-05-04 11:42:12 +0200
flask,2010-05-04 11:41:54 +0200
flask,2010-05-04 11:23:01 +0200
flask,2010-05-03 20:04:38 +0200
flask,2010-05-04 01:38:25 +0800
flask,2010-05-03 20:00:42 +0200
flask,2010-05-03 19:58:07 +0200
flask,2010-05-03 14:39:16 +0200
flask,2010-05-03 13:08:00 +0200
flask,2010-05-03 13:07:30 +0200
flask,2010-05-03 12:22:27 +0200
flask,2010-05-02 19:12:00 +0200
flask,2010-05-02 19:10:44 +0200
flask,2010-05-02 12:11:04 +0200
flask,2010-05-02 12:09:31 +0200
flask,2010-05-02 12:08:17 +0200
flask,2010-05-02 11:45:40 +0200
flask,2010-05-02 11:38:40 +0200
flask,2010-05-02 11:36:42 +0200
flask,2010-05-02 11:32:14 +0200
flask,2010-04-27 14:32:09 +0200
flask,2010-04-26 09:51:02 +0800
flask,2010-04-25 20:31:22 +0200
flask,2010-04-25 18:55:01 +0200
flask,2010-04-25 17:34:31 +0200
flask,2010-04-25 17:33:56 +0200
flask,2010-04-25 17:25:16 +0200
flask,2010-04-25 17:08:44 +0200
flask,2010-04-25 17:05:25 +0200
flask,2010-04-25 14:54:33 +0200
flask,2010-04-25 20:44:24 +0800
flask,2010-04-25 17:39:19 +0800
flask,2010-04-25 03:44:11 +0800
flask,2010-04-25 03:46:42 +0200
flask,2010-04-25 03:46:42 +0200
flask,2010-04-24 20:38:50 +0200
flask,2010-04-24 20:36:06 +0200
flask,2010-04-24 18:30:38 +0200
flask,2010-04-24 17:47:24 +0200
flask,2010-04-24 17:46:06 +0200
flask,2010-04-24 17:35:25 +0200
flask,2010-04-24 17:07:16 +0200
flask,2010-04-23 17:16:59 +0200
flask,2010-04-23 17:10:22 +0200
flask,2010-04-23 17:01:20 +0200
flask,2010-04-23 16:44:49 +0200
flask,2010-04-23 16:30:04 +0200
flask,2010-04-23 16:04:54 +0200
flask,2010-04-23 12:17:12 +0200
flask,2010-04-21 21:47:45 +0200
flask,2010-04-21 21:10:57 +0200
flask,2010-04-21 18:39:51 +0200
flask,2010-04-21 18:39:25 +0200
flask,2010-04-21 17:57:25 +0200
flask,2010-04-21 10:37:05 +0200
flask,2010-04-21 07:23:09 +0800
flask,2010-04-21 06:40:43 +0800
flask,2010-04-21 04:46:36 +0800
flask,2010-04-21 01:23:09 +0200
flask,2010-04-21 00:40:43 +0200
flask,2010-04-20 22:53:38 +0200
flask,2010-04-20 22:46:36 +0200
flask,2010-04-21 02:33:32 +0800
flask,2010-04-20 21:45:36 +0200
flask,2010-04-20 21:44:52 +0200
flask,2010-04-20 20:21:01 +0200
flask,2010-04-20 20:03:03 +0200
flask,2010-04-20 20:01:00 +0200
flask,2010-04-20 19:03:18 +0200
flask,2010-04-20 18:48:49 +0200
flask,2010-04-20 18:44:54 +0200
flask,2010-04-20 18:40:58 +0200
flask,2010-04-20 15:12:16 +0200
flask,2010-04-20 14:22:34 +0200
flask,2010-04-20 13:29:54 +0200
flask,2010-04-20 13:01:10 +0200
flask,2010-04-20 11:22:20 +0200
flask,2010-04-20 10:51:36 +0200
flask,2010-04-19 23:25:51 -0500
flask,2010-04-20 01:37:51 +0200
flask,2010-04-20 01:35:22 +0200
flask,2010-04-19 23:54:38 +0200
flask,2010-04-19 23:49:02 +0200
flask,2010-04-20 01:11:58 +0800
flask,2010-04-20 00:29:56 +0800
flask,2010-04-19 18:56:12 +0200
flask,2010-04-19 18:51:04 +0200
flask,2010-04-19 17:05:24 +0200
flask,2010-04-19 17:03:08 +0200
flask,2010-04-19 16:01:14 +0200
flask,2010-04-19 15:59:16 +0200
flask,2010-04-19 15:39:07 +0200
flask,2010-04-19 11:23:44 +0200
flask,2010-04-19 10:37:10 +0200
flask,2010-04-19 02:45:44 +0200
flask,2010-04-19 02:28:05 +0200
flask,2010-04-19 02:25:31 +0200
flask,2010-04-19 02:24:02 +0200
flask,2010-04-19 02:22:59 +0200
flask,2010-04-18 23:42:11 +0200
flask,2010-04-18 23:37:03 +0200
flask,2010-04-18 20:43:18 +0200
flask,2010-04-18 18:40:52 +0200
flask,2010-04-18 18:29:55 +0200
flask,2010-04-18 17:32:23 +0200
flask,2010-04-18 16:29:41 +0200
flask,2010-04-18 15:44:06 +0200
flask,2010-04-18 14:56:08 +0200
flask,2010-04-18 14:39:27 +0200
flask,2010-04-18 13:58:48 +0200
flask,2010-04-18 13:35:40 +0200
flask,2010-04-18 13:29:21 +0200
flask,2010-04-18 13:19:57 +0200
flask,2010-04-18 13:17:21 +0200
flask,2010-04-18 13:15:00 +0200
flask,2010-04-18 03:08:16 +0200
flask,2010-04-18 03:07:08 +0200
flask,2010-04-17 20:52:37 +0200
flask,2010-04-17 18:14:42 +0200
flask,2010-04-17 14:32:52 +0200
flask,2010-04-17 14:30:28 +0200
flask,2010-04-17 14:24:12 +0200
flask,2010-04-17 14:10:47 +0200
flask,2010-04-16 14:33:12 +0200
flask,2010-04-16 14:32:59 +0200
flask,2010-04-16 14:25:24 +0200
flask,2010-04-16 14:24:12 +0200
flask,2010-04-16 14:20:02 +0200
flask,2010-04-16 14:17:24 +0200
flask,2010-04-16 14:12:31 +0200
flask,2010-04-16 13:45:52 +0200
flask,2010-04-16 13:42:47 +0200
flask,2010-04-16 13:31:48 +0200
flask,2010-04-16 13:29:01 +0200
flask,2010-04-16 13:15:44 +0200
flask,2010-04-16 12:29:52 +0200
flask,2010-04-16 12:23:46 +0200
flask,2010-04-16 12:21:31 +0200
flask,2010-04-16 11:03:16 +0200
flask,2010-04-16 02:27:37 +0200
flask,2010-04-16 02:14:54 +0200
flask,2010-04-16 02:03:45 +0200
flask,2010-04-15 02:21:46 +0200
flask,2010-04-14 17:09:34 +0200
flask,2010-04-14 17:08:38 +0200
flask,2010-04-14 16:47:53 +0200
flask,2010-04-14 16:44:29 +0200
flask,2010-04-14 15:16:38 +0200
flask,2010-04-14 14:11:00 +0200
flask,2010-04-14 02:42:12 +0200
flask,2010-04-14 02:17:55 +0200
flask,2010-04-13 01:42:31 +0200
flask,2010-04-13 01:08:52 +0200
flask,2010-04-12 20:39:52 +0200
flask,2010-04-12 20:19:16 +0200
flask,2010-04-12 19:52:18 +0200
flask,2010-04-12 22:55:48 +0800
flask,2010-04-12 08:15:35 +0800
flask,2010-04-12 00:14:59 +0200
flask,2010-04-11 19:18:40 +0200
flask,2010-04-11 18:47:32 +0200
flask,2010-04-11 18:45:06 +0200
flask,2010-04-11 17:58:45 +0200
flask,2010-04-11 04:00:17 +0200
flask,2010-04-11 03:53:38 +0200
flask,2010-04-11 03:43:15 +0200
flask,2010-04-11 03:41:01 +0200
flask,2010-04-11 03:22:26 +0200
flask,2010-04-11 03:18:36 +0200
flask,2010-04-11 03:16:42 +0200
flask,2010-04-11 02:58:13 +0200
flask,2010-04-11 02:46:44 +0200
flask,2010-04-11 02:42:13 +0200
flask,2010-04-11 02:20:10 +0200
flask,2010-04-10 17:26:49 +0200
flask,2010-04-10 16:01:14 +0200
flask,2010-04-10 16:00:13 +0200
flask,2010-04-10 15:49:15 +0200
flask,2010-04-09 13:56:47 +0200
flask,2010-04-09 13:46:12 +0200
flask,2010-04-09 13:40:05 +0200
flask,2010-04-09 13:13:39 +0200
flask,2010-04-09 12:49:01 +0200
flask,2010-04-09 01:32:39 +0200
flask,2010-04-08 19:03:15 +0200
flask,2010-04-06 16:16:34 +0200
flask,2010-04-06 16:02:14 +0200
flask,2010-04-06 13:23:18 +0200
flask,2010-04-06 13:12:57 +0200
