repo,arquivo
flask,src/flask/app.py
flask,src/flask/helpers.py
flask,src/flask/views.py
flask,CHANGES.rst
flask,src/flask/sansio/scaffold.py
flask,tests/test_basic.py
flask,CHANGES.rst
flask,src/flask/app.py
flask,tests/test_basic.py
flask,src/flask/testing.py
flask,tests/test_testing.py
flask,CHANGES.rst
flask,docs/blueprints.rst
flask,docs/errorhandling.rst
flask,src/flask/app.py
flask,src/flask/sansio/README.md
flask,tests/test_blueprints.py
flask,tests/test_views.py
flask,.github/workflows/tests.yaml
flask,pyproject.toml
flask,.github/workflows/lock.yaml
flask,.github/workflows/pre-commit.yaml
flask,.github/workflows/publish.yaml
flask,.github/workflows/tests.yaml
flask,.github/workflows/zizmor.yaml
flask,.pre-commit-config.yaml
flask,examples/celery/pyproject.toml
flask,examples/celery/src/task_app/__init__.py
flask,examples/javascript/js_example/__init__.py
flask,examples/javascript/pyproject.toml
flask,examples/tutorial/pyproject.toml
flask,uv.lock
flask,tests/conftest.py
flask,tests/test_cli.py
flask,.github/workflows/lock.yaml
flask,.github/workflows/pre-commit.yaml
flask,.github/workflows/publish.yaml
flask,.github/workflows/tests.yaml
flask,.github/workflows/zizmor.yaml
flask,.pre-commit-config.yaml
flask,src/flask/cli.py
flask,src/flask/json/provider.py
flask,uv.lock
flask,src/flask/cli.py
flask,.pre-commit-config.yaml
flask,src/flask/cli.py
flask,uv.lock
flask,docs/patterns/mongoengine.rst
flask,docs/tutorial/layout.rst
flask,CHANGES.rst
flask,src/flask/sansio/app.py
flask,pyproject.toml
flask,src/flask/ctx.py
flask,tests/test_reqctx.py
flask,uv.lock
flask,docs/config.rst
flask,tests/test_reqctx.py
flask,.github/workflows/pre-commit.yaml
flask,.github/workflows/tests.yaml
flask,.github/workflows/pre-commit.yaml
flask,.github/workflows/publish.yaml
flask,.github/workflows/tests.yaml
flask,.github/workflows/zizmor.yaml
flask,.pre-commit-config.yaml
flask,uv.lock
flask,tests/test_reqctx.py
flask,.github/workflows/pre-commit.yaml
flask,.github/workflows/publish.yaml
flask,.github/workflows/tests.yaml
flask,.github/workflows/zizmor.yaml
flask,.pre-commit-config.yaml
flask,uv.lock
flask,.github/workflows/lock.yaml
flask,.github/workflows/pre-commit.yaml
flask,.github/workflows/publish.yaml
flask,.github/workflows/tests.yaml
flask,.github/workflows/zizmor.yaml
flask,docs/patterns/streaming.rst
flask,docs/templating.rst
flask,src/flask/ctx.py
flask,src/flask/helpers.py
flask,CHANGES.rst
flask,docs/appcontext.rst
flask,src/flask/app.py
flask,src/flask/ctx.py
flask,src/flask/helpers.py
flask,tests/test_appctx.py
flask,tests/test_basic.py
flask,tests/test_blueprints.py
flask,tests/test_helpers.py
flask,tests/test_testing.py
flask,src/flask/app.py
flask,src/flask/ctx.py
flask,CHANGES.rst
flask,pyproject.toml
flask,uv.lock
flask,CHANGES.rst
flask,src/flask/app.py
flask,src/flask/ctx.py
flask,src/flask/sessions.py
flask,src/flask/templating.py
flask,tests/test_basic.py
flask,CHANGES.rst
flask,pyproject.toml
flask,uv.lock
flask,tests/test_cli.py
flask,CHANGES.rst
flask,docs/config.rst
flask,src/flask/sansio/app.py
flask,tests/test_basic.py
flask,tests/test_blueprints.py
flask,tests/test_cli.py
flask,tests/test_views.py
flask,.github/workflows/pre-commit.yaml
flask,.github/workflows/publish.yaml
flask,.github/workflows/tests.yaml
flask,.pre-commit-config.yaml
flask,uv.lock
flask,pyproject.toml
flask,uv.lock
flask,pyproject.toml
flask,tests/test_basic.py
flask,uv.lock
flask,docs/tutorial/factory.rst
flask,examples/tutorial/flaskr/__init__.py
flask,docs/async-await.rst
flask,docs/deploying/eventlet.rst
flask,docs/deploying/gevent.rst
flask,docs/deploying/gunicorn.rst
flask,docs/deploying/index.rst
flask,docs/deploying/uwsgi.rst
flask,docs/gevent.rst
flask,docs/index.rst
flask,docs/installation.rst
flask,pyproject.toml
flask,CHANGES.rst
flask,src/flask/app.py
flask,src/flask/sansio/app.py
flask,.pre-commit-config.yaml
flask,docs/appcontext.rst
flask,docs/quickstart.rst
flask,docs/templating.rst
flask,pyproject.toml
flask,.pre-commit-config.yaml
flask,src/flask/app.py
flask,src/flask/sessions.py
flask,.pre-commit-config.yaml
flask,pyproject.toml
flask,docs/patterns/javascript.rst
flask,CHANGES.rst
flask,docs/api.rst
flask,src/flask/helpers.py
flask,src/flask/sansio/app.py
flask,.github/workflows/pre-commit.yaml
flask,.github/workflows/publish.yaml
flask,.github/workflows/tests.yaml
flask,.pre-commit-config.yaml
flask,uv.lock
flask,.github/workflows/lock.yaml
flask,.github/workflows/pre-commit.yaml
flask,.github/workflows/publish.yaml
flask,.github/workflows/tests.yaml
flask,.pre-commit-config.yaml
flask,pyproject.toml
flask,uv.lock
flask,.github/workflows/tests.yaml
flask,pyproject.toml
flask,.github/workflows/tests.yaml
flask,.github/workflows/tests.yaml
flask,pyproject.toml
flask,.github/workflows/pre-commit.yaml
flask,.github/workflows/publish.yaml
flask,.github/workflows/tests.yaml
flask,.pre-commit-config.yaml
flask,src/flask/sessions.py
flask,uv.lock
flask,docs/appcontext.rst
flask,docs/design.rst
flask,CHANGES.rst
flask,src/flask/app.py
flask,src/flask/ctx.py
flask,src/flask/templating.py
flask,tests/test_reqctx.py
flask,tests/test_subclassing.py
flask,CHANGES.rst
flask,docs/api.rst
flask,docs/appcontext.rst
flask,docs/design.rst
flask,docs/extensiondev.rst
flask,docs/index.rst
flask,docs/lifecycle.rst
flask,docs/patterns/sqlalchemy.rst
flask,docs/patterns/sqlite3.rst
flask,docs/patterns/streaming.rst
flask,docs/quickstart.rst
flask,docs/reqcontext.rst
flask,docs/shell.rst
flask,docs/signals.rst
flask,docs/testing.rst
flask,docs/tutorial/blog.rst
flask,docs/tutorial/database.rst
flask,docs/tutorial/templates.rst
flask,docs/tutorial/tests.rst
flask,docs/tutorial/views.rst
flask,src/flask/app.py
flask,src/flask/cli.py
flask,src/flask/ctx.py
flask,src/flask/debughelpers.py
flask,src/flask/globals.py
flask,src/flask/helpers.py
flask,src/flask/json/__init__.py
flask,src/flask/sansio/app.py
flask,src/flask/sansio/scaffold.py
flask,src/flask/templating.py
flask,src/flask/testing.py
flask,tests/conftest.py
flask,tests/test_appctx.py
flask,tests/test_reqctx.py
flask,tests/test_session_interface.py
flask,tests/test_testing.py
flask,src/flask/sansio/app.py
flask,CHANGES.rst
flask,pyproject.toml
flask,uv.lock
flask,.github/workflows/publish.yaml
flask,.github/workflows/pre-commit.yaml
flask,.github/workflows/publish.yaml
flask,.github/workflows/tests.yaml
flask,.pre-commit-config.yaml
flask,uv.lock
flask,docs/templating.rst
flask,src/flask/sansio/app.py
flask,src/flask/sansio/blueprints.py
flask,CHANGES.rst
flask,docs/templating.rst
flask,src/flask/sansio/app.py
flask,src/flask/sansio/blueprints.py
flask,tests/test_blueprints.py
flask,tests/test_templating.py
flask,CHANGES.rst
flask,docs/design.rst
flask,docs/patterns/streaming.rst
flask,docs/patterns/wtforms.rst
flask,docs/quickstart.rst
flask,docs/templating.rst
flask,docs/web-security.rst
flask,src/flask/sansio/app.py
flask,src/flask/templating.py
flask,CHANGES.rst
flask,src/flask/helpers.py
flask,tests/test_helpers.py
flask,docs/web-security.rst
flask,docs/web-security.rst
flask,CHANGES.rst
flask,src/flask/helpers.py
flask,docs/quickstart.rst
flask,CHANGES.rst
flask,src/flask/testing.py
flask,tests/test_testing.py
flask,CHANGES.rst
flask,pyproject.toml
flask,uv.lock
flask,README.md
flask,docs/_static/flask-horizontal.svg
flask,docs/_static/flask-icon.svg
flask,docs/_static/flask-logo.svg
flask,docs/_static/flask-name.svg
flask,docs/_static/flask-vertical.svg
flask,docs/conf.py
flask,docs/index.rst
flask,docs/_static/flask-horizontal.svg
flask,docs/_static/flask-icon.svg
flask,docs/_static/flask-vertical.svg
flask,docs/_static/flask-horizontal.svg
flask,docs/_static/flask-icon.svg
flask,docs/_static/flask-vertical.svg
flask,README.md
flask,docs/_static/flask-horizontal.png
flask,docs/_static/flask-horizontal.svg
flask,docs/_static/flask-icon.svg
flask,docs/_static/flask-vertical.png
flask,docs/_static/flask-vertical.svg
flask,docs/_static/shortcut-icon.png
flask,docs/conf.py
flask,docs/index.rst
flask,.github/workflows/pre-commit.yaml
flask,.github/workflows/publish.yaml
flask,.github/workflows/tests.yaml
flask,.pre-commit-config.yaml
flask,src/flask/ctx.py
flask,src/flask/helpers.py
flask,src/flask/sansio/app.py
flask,src/flask/sansio/scaffold.py
flask,src/flask/sessions.py
flask,src/flask/testing.py
flask,uv.lock
flask,.github/workflows/publish.yaml
flask,pyproject.toml
flask,docs/server.rst
flask,docs/contributing.rst
flask,.github/workflows/tests.yaml
flask,CHANGES.rst
flask,docs/extensiondev.rst
flask,docs/installation.rst
flask,pyproject.toml
flask,src/flask/cli.py
flask,src/flask/json/provider.py
flask,src/flask/sansio/app.py
flask,src/flask/typing.py
flask,tests/test_cli.py
flask,uv.lock
flask,CHANGES.rst
flask,CHANGES.rst
flask,pyproject.toml
flask,uv.lock
flask,docs/config.rst
flask,CHANGES.rst
flask,src/flask/sessions.py
flask,tests/test_basic.py
flask,.github/workflows/lock.yaml
flask,.github/workflows/pre-commit.yaml
flask,.github/workflows/publish.yaml
flask,.github/workflows/tests.yaml
flask,.gitignore
flask,.pre-commit-config.yaml
flask,.readthedocs.yaml
flask,pyproject.toml
flask,requirements/build.in
flask,requirements/build.txt
flask,requirements/dev.in
flask,requirements/dev.txt
flask,requirements/docs.in
flask,requirements/docs.txt
flask,requirements/tests-dev.txt
flask,requirements/tests-min.in
flask,requirements/tests-min.txt
flask,requirements/tests.in
flask,requirements/tests.txt
flask,requirements/typing.in
flask,requirements/typing.txt
flask,src/flask/app.py
flask,tox.ini
flask,uv.lock
flask,.github/workflows/pre-commit.yaml
flask,.github/workflows/publish.yaml
flask,.github/workflows/tests.yaml
flask,.pre-commit-config.yaml
flask,requirements/build.txt
flask,requirements/dev.txt
flask,requirements/docs.txt
flask,requirements/tests.txt
flask,requirements/typing.txt
flask,src/flask/app.py
flask,tox.ini
flask,CHANGES.rst
flask,src/flask/typing.py
flask,CHANGES.rst
flask,docs/conf.py
flask,tests/conftest.py
flask,tests/test_instance_config.py
flask,docs/patterns/favicon.rst
flask,src/flask/__init__.py
flask,docs/web-security.rst
flask,CHANGES.rst
flask,src/flask/cli.py
flask,docs/patterns/appfactories.rst
flask,docs/patterns/mongoengine.rst
flask,.github/workflows/pre-commit.yaml
flask,.github/workflows/publish.yaml
flask,.github/workflows/tests.yaml
flask,.pre-commit-config.yaml
flask,requirements/dev.txt
flask,requirements/docs.txt
flask,requirements/tests.txt
flask,requirements/typing.txt
flask,src/flask/app.py
flask,src/flask/testing.py
flask,.readthedocs.yaml
flask,.github/ISSUE_TEMPLATE/config.yml
flask,CODE_OF_CONDUCT.md
flask,CONTRIBUTING.rst
flask,README.md
flask,docs/contributing.rst
flask,README.md
flask,.github/ISSUE_TEMPLATE/config.yml
flask,CODE_OF_CONDUCT.md
flask,CONTRIBUTING.rst
flask,README.md
flask,docs/contributing.rst
flask,README.md
flask,CHANGES.rst
flask,src/flask/testing.py
flask,src/flask/__init__.py
flask,CHANGES.rst
flask,pyproject.toml
flask,CHANGES.rst
flask,src/flask/__init__.py
flask,CHANGES.rst
flask,pyproject.toml
flask,docs/conf.py
flask,CHANGES.rst
flask,pyproject.toml
flask,.github/workflows/publish.yaml
flask,.github/workflows/publish.yaml
flask,.pre-commit-config.yaml
flask,requirements/build.txt
flask,requirements/dev.txt
flask,requirements/docs.txt
flask,requirements/tests.txt
flask,requirements/typing.txt
flask,src/flask/sessions.py
flask,CHANGES.rst
flask,docs/config.rst
flask,src/flask/app.py
flask,tests/test_request.py
flask,CHANGES.rst
flask,docs/config.rst
flask,src/flask/app.py
flask,tests/test_basic.py
flask,tests/test_blueprints.py
flask,CHANGES.rst
flask,pyproject.toml
flask,requirements/tests-min.in
flask,requirements/tests-min.txt
flask,CHANGES.rst
flask,docs/config.rst
flask,pyproject.toml
flask,src/flask/app.py
flask,src/flask/sessions.py
flask,tests/test_basic.py
flask,tests/type_check/typing_app_decorators.py
flask,tests/type_check/typing_error_handler.py
flask,tests/type_check/typing_route.py
flask,CHANGES.rst
flask,src/flask/cli.py
flask,tests/test_cli.py
flask,src/flask/helpers.py
flask,src/flask/app.py
flask,examples/celery/pyproject.toml
flask,examples/javascript/LICENSE.txt
flask,examples/javascript/pyproject.toml
flask,examples/tutorial/LICENSE.txt
flask,examples/tutorial/pyproject.toml
flask,docs/tutorial/database.rst
flask,examples/tutorial/flaskr/db.py
flask,examples/javascript/tests/test_js_example.py
flask,CHANGES.rst
flask,docs/config.rst
flask,src/flask/app.py
flask,src/flask/sessions.py
flask,tests/test_basic.py
flask,CHANGES.rst
flask,docs/config.rst
flask,docs/web-security.rst
flask,src/flask/app.py
flask,src/flask/wrappers.py
flask,tests/test_basic.py
flask,tests/test_request.py
flask,CHANGES.rst
flask,pyproject.toml
flask,requirements/tests-min.in
flask,requirements/tests-min.txt
flask,tox.ini
flask,.github/workflows/pre-commit.yaml
flask,.github/workflows/publish.yaml
flask,requirements/dev.txt
flask,requirements/tests-min.txt
flask,requirements/typing.txt
flask,tox.ini
flask,requirements-skip/README.md
flask,requirements/tests-dev.txt
flask,requirements/tests-min.in
flask,requirements/tests-min.txt
flask,tox.ini
flask,.github/workflows/tests.yaml
flask,CHANGES.rst
flask,docs/async-await.rst
flask,docs/extensiondev.rst
flask,docs/installation.rst
flask,pyproject.toml
flask,src/flask/app.py
flask,src/flask/config.py
flask,src/flask/helpers.py
flask,src/flask/sansio/scaffold.py
flask,src/flask/typing.py
flask,tox.ini
flask,pyproject.toml
flask,src/flask/app.py
flask,src/flask/blueprints.py
flask,src/flask/cli.py
flask,src/flask/helpers.py
flask,src/flask/sansio/app.py
flask,src/flask/testing.py
flask,src/flask/views.py
flask,src/flask/wrappers.py
flask,tox.ini
flask,.github/workflows/pre-commit.yaml
flask,.github/workflows/tests.yaml
flask,.github/workflows/publish.yaml
flask,.github/workflows/tests.yaml
flask,.pre-commit-config.yaml
flask,requirements/dev.txt
flask,requirements/docs.txt
flask,requirements/typing.txt
flask,CHANGES.rst
flask,.github/workflows/tests.yaml
flask,tox.ini
flask,src/flask/helpers.py
flask,CHANGES.rst
flask,.github/workflows/publish.yaml
flask,.github/workflows/tests.yaml
flask,.pre-commit-config.yaml
flask,requirements/build.txt
flask,requirements/dev.txt
flask,requirements/docs.txt
flask,requirements/tests.txt
flask,requirements/typing.txt
flask,src/flask/json/provider.py
flask,CHANGES.rst
flask,.github/workflows/pre-commit.yaml
flask,.github/workflows/pre-commit.yaml
flask,pre-commit.yaml
flask,.pre-commit-config.yaml
flask,requirements/build.txt
flask,requirements/dev.txt
flask,requirements/docs.txt
flask,requirements/tests.txt
flask,requirements/typing.txt
flask,tox.ini
flask,requirements/build.txt
flask,requirements/dev.txt
flask,requirements/docs.txt
flask,requirements/tests.txt
flask,requirements/typing.txt
flask,tox.ini
flask,pyproject.toml
flask,src/flask/helpers.py
flask,src/flask/json/provider.py
flask,.github/dependabot.yml
flask,.github/workflows/lock.yaml
flask,.github/workflows/publish.yaml
flask,.github/workflows/tests.yaml
flask,.pre-commit-config.yaml
flask,requirements/build.txt
flask,requirements/dev.txt
flask,requirements/docs.txt
flask,requirements/tests.txt
flask,requirements/typing.txt
flask,pyproject.toml
flask,tox.ini
flask,.pre-commit-config.yaml
flask,.github/workflows/publish.yaml
flask,.github/workflows/tests.yaml
flask,CHANGES.rst
flask,src/flask/app.py
flask,src/flask/blueprints.py
flask,tests/test_helpers.py
flask,docs/deploying/waitress.rst
flask,.pre-commit-config.yaml
flask,.github/workflows/publish.yaml
flask,.github/workflows/tests.yaml
flask,requirements/dev.txt
flask,requirements/tests.txt
flask,requirements/typing.txt
flask,CHANGES.rst
flask,docs/config.rst
flask,src/flask/app.py
flask,src/flask/sansio/app.py
flask,.pre-commit-config.yaml
flask,.github/workflows/publish.yaml
flask,.github/workflows/tests.yaml
flask,requirements/dev.txt
flask,requirements/tests.txt
flask,requirements/typing.txt
flask,src/flask/sansio/app.py
flask,docs/quickstart.rst
flask,docs/config.rst
flask,.github/workflows/tests.yaml
flask,tox.ini
flask,.pre-commit-config.yaml
flask,src/flask/helpers.py
flask,requirements/dev.txt
flask,requirements/docs.txt
flask,requirements/tests.txt
flask,requirements/typing.txt
flask,.github/workflows/publish.yaml
flask,.github/workflows/tests.yaml
flask,src/flask/sessions.py
flask,src/flask/wrappers.py
flask,examples/javascript/pyproject.toml
flask,requirements/dev.txt
flask,requirements/docs.txt
flask,requirements/typing.txt
flask,.github/workflows/publish.yaml
flask,.github/workflows/tests.yaml
flask,src/flask/sessions.py
flask,.github/dependabot.yml
flask,tox.ini
flask,README.md
flask,CHANGES.rst
flask,pyproject.toml
flask,CHANGES.rst
flask,CHANGES.rst
flask,src/flask/app.py
flask,src/flask/blueprints.py
flask,src/flask/sansio/app.py
flask,src/flask/sansio/scaffold.py
flask,docs/logging.rst
flask,CHANGES.rst
flask,src/flask/sessions.py
flask,CHANGES.rst
flask,pyproject.toml
flask,.github/workflows/lock.yaml
flask,.github/workflows/publish.yaml
flask,.github/workflows/tests.yaml
flask,.devcontainer/on-create-command.sh
flask,.editorconfig
flask,.github/ISSUE_TEMPLATE/bug-report.md
flask,.github/ISSUE_TEMPLATE/config.yml
flask,.github/SECURITY.md
flask,.github/dependabot.yml
flask,.github/pull_request_template.md
flask,.github/workflows/lock.yaml
flask,.github/workflows/publish.yaml
flask,.github/workflows/tests.yaml
flask,.gitignore
flask,.pre-commit-config.yaml
flask,.readthedocs.yaml
flask,LICENSE.txt
flask,README.md
flask,README.rst
flask,docs/conf.py
flask,docs/index.rst
flask,docs/license.rst
flask,docs/web-security.rst
flask,pyproject.toml
flask,requirements/build.txt
flask,requirements/dev.in
flask,requirements/dev.txt
flask,requirements/docs.in
flask,requirements/docs.txt
flask,requirements/tests.txt
flask,requirements/typing.in
flask,requirements/typing.txt
flask,src/flask/cli.py
flask,src/flask/config.py
flask,src/flask/json/tag.py
flask,tests/test_json.py
flask,tests/typing/typing_app_decorators.py
flask,tox.ini
flask,.github/workflows/publish.yaml
flask,.pre-commit-config.yaml
flask,CHANGES.rst
flask,pyproject.toml
flask,CHANGES.rst
flask,src/flask/cli.py
flask,tests/test_cli.py
flask,CHANGES.rst
flask,src/flask/sansio/scaffold.py
flask,CHANGES.rst
flask,pyproject.toml
flask,requirements/dev.txt
flask,requirements/docs.txt
flask,requirements/tests.txt
flask,requirements/typing.txt
flask,.github/workflows/lock.yaml
flask,.github/workflows/publish.yaml
flask,CHANGES.rst
flask,pyproject.toml
flask,.github/workflows/publish.yaml
flask,.github/workflows/publish.yaml
flask,.github/workflows/lock.yaml
flask,.github/workflows/publish.yaml
flask,.github/workflows/tests.yaml
flask,requirements/dev.txt
flask,requirements/docs.txt
flask,requirements/tests.txt
flask,.pre-commit-config.yaml
flask,src/flask/ctx.py
flask,src/flask/helpers.py
flask,CHANGES.rst
flask,pyproject.toml
flask,requirements/typing.in
flask,requirements/typing.txt
flask,src/flask/app.py
flask,src/flask/blueprints.py
flask,src/flask/cli.py
flask,src/flask/config.py
flask,src/flask/ctx.py
flask,src/flask/debughelpers.py
flask,src/flask/helpers.py
flask,src/flask/json/__init__.py
flask,src/flask/json/provider.py
flask,src/flask/json/tag.py
flask,src/flask/logging.py
flask,src/flask/sansio/app.py
flask,src/flask/sansio/blueprints.py
flask,src/flask/sansio/scaffold.py
flask,src/flask/sessions.py
flask,src/flask/templating.py
flask,src/flask/testing.py
flask,src/flask/typing.py
flask,src/flask/views.py
flask,src/flask/wrappers.py
flask,CHANGES.rst
flask,src/flask/json/tag.py
flask,src/flask/helpers.py
flask,.pre-commit-config.yaml
flask,requirements/dev.txt
flask,requirements/tests.txt
flask,requirements/typing.txt
flask,pyproject.toml
flask,docs/server.rst
flask,CHANGES.rst
flask,src/flask/cli.py
flask,requirements/dev.txt
flask,requirements/typing.txt
flask,src/flask/helpers.py
flask,.pre-commit-config.yaml
flask,.github/workflows/lock.yaml
flask,.github/workflows/publish.yaml
flask,CHANGES.rst
flask,src/flask/helpers.py
flask,CHANGES.rst
flask,pyproject.toml
flask,.pre-commit-config.yaml
flask,.github/workflows/publish.yaml
flask,.github/workflows/tests.yaml
flask,requirements-skip/README.md
flask,requirements-skip/tests-dev.txt
flask,requirements-skip/tests-min.in
flask,requirements-skip/tests-min.txt
flask,requirements/build.txt
flask,requirements/dev.in
flask,requirements/dev.txt
flask,requirements/docs.in
flask,requirements/docs.txt
flask,requirements/tests-pallets-min.txt
flask,requirements/tests.txt
flask,requirements/typing.txt
flask,tox.ini
flask,.github/workflows/tests.yaml
flask,.readthedocs.yaml
flask,.flake8
flask,.gitignore
flask,.pre-commit-config.yaml
flask,examples/celery/pyproject.toml
flask,examples/javascript/js_example/views.py
flask,examples/javascript/pyproject.toml
flask,examples/tutorial/flaskr/__init__.py
flask,examples/tutorial/flaskr/auth.py
flask,examples/tutorial/flaskr/blog.py
flask,examples/tutorial/pyproject.toml
flask,pyproject.toml
flask,src/flask/app.py
flask,src/flask/helpers.py
flask,src/flask/json/provider.py
flask,src/flask/sansio/app.py
flask,src/flask/sessions.py
flask,src/flask/views.py
flask,tests/test_appctx.py
flask,tests/test_apps/subdomaintestmodule/__init__.py
flask,tests/test_basic.py
flask,tests/test_blueprints.py
flask,tests/test_signals.py
flask,tests/test_testing.py
flask,tests/test_views.py
flask,tests/typing/typing_app_decorators.py
flask,tests/typing/typing_route.py
flask,.flake8
flask,.gitignore
flask,.pre-commit-config.yaml
flask,examples/celery/pyproject.toml
flask,examples/javascript/js_example/views.py
flask,examples/javascript/pyproject.toml
flask,examples/tutorial/flaskr/__init__.py
flask,examples/tutorial/flaskr/auth.py
flask,examples/tutorial/flaskr/blog.py
flask,examples/tutorial/pyproject.toml
flask,pyproject.toml
flask,src/flask/app.py
flask,src/flask/helpers.py
flask,src/flask/json/provider.py
flask,src/flask/sansio/app.py
flask,src/flask/sessions.py
flask,src/flask/views.py
flask,tests/test_appctx.py
flask,tests/test_apps/subdomaintestmodule/__init__.py
flask,tests/test_basic.py
flask,tests/test_blueprints.py
flask,tests/test_signals.py
flask,tests/test_testing.py
flask,tests/test_views.py
flask,tests/typing/typing_app_decorators.py
flask,tests/typing/typing_route.py
flask,.github/workflows/publish.yaml
flask,.github/workflows/tests.yaml
flask,.github/dependabot.yml
flask,.github/workflows/publish.yaml
flask,.github/workflows/tests.yaml
flask,.pre-commit-config.yaml
flask,requirements-skip/README.md
flask,requirements-skip/tests-dev.txt
flask,requirements-skip/tests-min.in
flask,requirements-skip/tests-min.txt
flask,requirements/build.txt
flask,requirements/dev.in
flask,requirements/dev.txt
flask,requirements/docs.in
flask,requirements/docs.txt
flask,requirements/tests-pallets-min.txt
flask,requirements/tests.txt
flask,requirements/typing.txt
flask,tox.ini
flask,.github/workflows/tests.yaml
flask,.github/workflows/lock.yaml
flask,.readthedocs.yaml
flask,docs/deploying/asgi.rst
flask,docs/testing.rst
flask,examples/javascript/README.rst
flask,docs/index.rst
flask,CHANGES.rst
flask,pyproject.toml
flask,CHANGES.rst
flask,pyproject.toml
flask,requirements/tests-pallets-min.in
flask,requirements/tests-pallets-min.txt
flask,CHANGES.rst
flask,src/flask/app.py
flask,tests/test_helpers.py
flask,docs/patterns/javascript.rst
flask,.github/workflows/publish.yaml
flask,.github/workflows/publish.yaml
flask,.github/workflows/publish.yaml
flask,.github/workflows/tests.yaml
flask,CHANGES.rst
flask,pyproject.toml
flask,src/flask/__init__.py
flask,src/flask/app.py
flask,CHANGES.rst
flask,src/flask/__init__.py
flask,CHANGES.rst
flask,pyproject.toml
flask,requirements/tests-pallets-min.in
flask,requirements/tests-pallets-min.txt
flask,src/flask/cli.py
flask,src/flask/testing.py
flask,tests/test_cli.py
flask,tests/test_testing.py
flask,CHANGES.rst
flask,pyproject.toml
flask,requirements/tests-pallets-min.in
flask,requirements/tests-pallets-min.txt
flask,src/flask/cli.py
flask,src/flask/testing.py
flask,tests/test_cli.py
flask,tests/test_testing.py
flask,CHANGES.rst
flask,src/flask/sansio/README.md
flask,src/flask/typing.py
flask,src/flask/typing.py
flask,src/flask/app.py
flask,src/flask/typing.py
flask,src/flask/sansio/blueprints.py
flask,src/flask/__init__.py
flask,src/flask/app.py
flask,src/flask/blueprints.py
flask,src/flask/debughelpers.py
flask,src/flask/json/provider.py
flask,src/flask/logging.py
flask,src/flask/sansio/app.py
flask,src/flask/sansio/blueprints.py
flask,src/flask/sansio/scaffold.py
flask,src/flask/templating.py
flask,src/flask/sansio/app.py
flask,src/flask/sansio/blueprints.py
flask,src/flask/sansio/scaffold.py
flask,CHANGES.rst
flask,docs/api.rst
flask,src/flask/__init__.py
flask,src/flask/app.py
flask,src/flask/globals.py
flask,src/flask/helpers.py
flask,src/flask/signals.py
flask,CHANGES.rst
flask,src/flask/__init__.py
flask,docs/patterns/appdispatch.rst
flask,docs/patterns/appdispatch.rst
flask,tests/test_basic.py
flask,tests/test_basic.py
flask,src/flask/cli.py
flask,.pre-commit-config.yaml
flask,requirements/dev.txt
flask,requirements/docs.txt
flask,requirements/typing.txt
flask,.github/workflows/publish.yaml
flask,.github/workflows/publish.yaml
flask,.github/workflows/tests.yaml
flask,.pre-commit-config.yaml
flask,.pre-commit-config.yaml
flask,docs/tutorial/install.rst
flask,.github/workflows/publish.yaml
flask,.github/workflows/tests.yaml
flask,.github/workflows/publish.yaml
flask,.github/workflows/lock.yaml
flask,.github/workflows/publish.yaml
flask,docs/errorhandling.rst
flask,MANIFEST.in
flask,.devcontainer/on-create-command.sh
flask,CHANGES.rst
flask,CONTRIBUTING.rst
flask,docs/patterns/packages.rst
flask,docs/tutorial/install.rst
flask,requirements/typing.in
flask,requirements/typing.txt
flask,examples/celery/pyproject.toml
flask,examples/javascript/MANIFEST.in
flask,examples/javascript/pyproject.toml
flask,examples/tutorial/MANIFEST.in
flask,examples/tutorial/pyproject.toml
flask,CHANGES.rst
flask,pyproject.toml
flask,tox.ini
flask,.github/workflows/tests.yaml
flask,tox.ini
flask,.pre-commit-config.yaml
flask,pyproject.toml
flask,requirements/dev.txt
flask,requirements/tests-pallets-min.in
flask,requirements/tests-pallets-min.txt
flask,requirements/tests.txt
flask,requirements/typing.txt
flask,docs/patterns/sqlalchemy.rst
flask,CHANGES.rst
flask,pyproject.toml
flask,CHANGES.rst
flask,src/flask/helpers.py
flask,src/flask/scaffold.py
flask,requirements/docs.in
flask,requirements/docs.txt
flask,CHANGES.rst
flask,pyproject.toml
flask,requirements/tests-pallets-min.in
flask,requirements/tests-pallets-min.txt
flask,CHANGES.rst
flask,src/flask/helpers.py
flask,src/flask/scaffold.py
flask,CHANGES.rst
flask,src/flask/__init__.py
flask,pyproject.toml
flask,.pre-commit-config.yaml
flask,.pre-commit-config.yaml
flask,.github/workflows/publish.yaml
flask,.github/workflows/tests.yaml
flask,.github/workflows/publish.yaml
flask,.github/workflows/publish.yaml
flask,pyproject.toml
flask,.pre-commit-config.yaml
flask,requirements/dev.txt
flask,requirements/docs.txt
flask,requirements/tests.txt
flask,requirements/typing.txt
flask,docs/config.rst
flask,docs/patterns/javascript.rst
flask,src/flask/config.py
flask,.github/workflows/publish.yaml
flask,.github/workflows/tests.yaml
flask,tests/conftest.py
flask,tests/test_config.py
flask,tests/test_helpers.py
flask,tests/test_instance_config.py
flask,src/flask/scaffold.py
flask,tests/conftest.py
flask,tests/test_instance_config.py
flask,CHANGES.rst
flask,src/flask/__init__.py
flask,examples/celery/requirements.txt
flask,requirements/dev.txt
flask,requirements/docs.txt
flask,requirements/typing.txt
flask,CHANGES.rst
flask,src/flask/sessions.py
flask,tests/test_basic.py
flask,CHANGES.rst
flask,src/flask/testing.py
flask,CHANGES.rst
flask,src/flask/__init__.py
flask,.github/workflows/publish.yaml
flask,.github/workflows/tests.yaml
flask,.github/workflows/publish.yaml
flask,.github/workflows/publish.yaml
flask,.github/workflows/tests.yaml
flask,CHANGES.rst
flask,CHANGES.rst
flask,src/flask/__init__.py
flask,requirements/tests-pallets-min.in
flask,requirements/tests-pallets-min.txt
flask,CHANGES.rst
flask,pyproject.toml
flask,src/flask/testing.py
flask,CHANGES.rst
flask,src/flask/sessions.py
flask,tests/test_basic.py
flask,src/flask/app.py
flask,CHANGES.rst
flask,src/flask/__init__.py
flask,CHANGES.rst
flask,src/flask/__init__.py
flask,CHANGES.rst
flask,src/flask/__init__.py
flask,CHANGES.rst
flask,src/flask/__init__.py
flask,CHANGES.rst
flask,src/flask/__init__.py
flask,CHANGES.rst
flask,pyproject.toml
flask,requirements/tests-pallets-min.in
flask,requirements/tests-pallets-min.txt
flask,src/flask/app.py
flask,CHANGES.rst
flask,src/flask/__init__.py
flask,.github/workflows/tests.yaml
flask,.pre-commit-config.yaml
flask,requirements/dev.txt
flask,requirements/docs.txt
flask,requirements/typing.txt
flask,tox.ini
flask,docs/signals.rst
flask,artwork/LICENSE.rst
flask,artwork/logo-full.svg
flask,artwork/logo-lineart.svg
flask,docs/_static/flask-horizontal.png
flask,docs/_static/flask-icon.png
flask,docs/_static/flask-logo.png
flask,docs/_static/flask-vertical.png
flask,docs/_static/no.png
flask,docs/_static/shortcut-icon.png
flask,docs/_static/yes.png
flask,docs/conf.py
flask,docs/index.rst
flask,docs/license.rst
flask,.github/workflows/tests.yaml
flask,.pre-commit-config.yaml
flask,CHANGES.rst
flask,docs/extensiondev.rst
flask,docs/installation.rst
flask,examples/celery/pyproject.toml
flask,pyproject.toml
flask,requirements/tests.in
flask,requirements/tests.txt
flask,src/flask/app.py
flask,src/flask/helpers.py
flask,src/flask/sessions.py
flask,tests/typing/typing_route.py
flask,tox.ini
flask,.github/workflows/tests.yaml
flask,tox.ini
flask,README.rst
flask,docs/conf.py
flask,pyproject.toml
flask,CHANGES.rst
flask,src/flask/app.py
flask,src/flask/blueprints.py
flask,src/flask/cli.py
flask,src/flask/config.py
flask,src/flask/ctx.py
flask,src/flask/debughelpers.py
flask,src/flask/globals.py
flask,src/flask/helpers.py
flask,src/flask/json/provider.py
flask,src/flask/json/tag.py
flask,src/flask/logging.py
flask,src/flask/scaffold.py
flask,src/flask/sessions.py
flask,src/flask/templating.py
flask,src/flask/testing.py
flask,src/flask/typing.py
flask,src/flask/views.py
flask,src/flask/wrappers.py
flask,requirements/build.txt
flask,requirements/dev.txt
flask,requirements/docs.txt
flask,requirements/tests.txt
flask,requirements/typing.txt
flask,requirements/build.txt
flask,requirements/tests-pallets-min.in
flask,requirements/tests-pallets-min.txt
flask,requirements/tests.txt
flask,requirements/typing.txt
flask,tox.ini
flask,docs/debugging.rst
flask,CONTRIBUTING.rst
flask,CHANGES.rst
flask,src/flask/cli.py
flask,tests/test_cli.py
flask,.devcontainer/devcontainer.json
flask,.devcontainer/on-create-command.sh
flask,CONTRIBUTING.rst
flask,.github/workflows/publish.yaml
flask,CHANGES.rst
flask,src/flask/app.py
flask,src/flask/ctx.py
flask,src/flask/helpers.py
flask,src/flask/templating.py
flask,CHANGES.rst
flask,docs/api.rst
flask,docs/appcontext.rst
flask,docs/installation.rst
flask,docs/reqcontext.rst
flask,docs/signals.rst
flask,examples/javascript/pyproject.toml
flask,pyproject.toml
flask,requirements/build.txt
flask,requirements/tests-pallets-min.in
flask,requirements/tests-pallets-min.txt
flask,requirements/tests.in
flask,requirements/tests.txt
flask,requirements/typing.txt
flask,src/flask/__init__.py
flask,src/flask/signals.py
flask,tests/test_signals.py
flask,tests/test_testing.py
flask,src/flask/wrappers.py
flask,docs/deploying/eventlet.rst
flask,CHANGES.rst
flask,docs/config.rst
flask,src/flask/helpers.py
flask,src/flask/sessions.py
flask,tests/test_basic.py
flask,src/flask/testing.py
flask,tests/test_basic.py
flask,tests/test_json.py
flask,tests/test_testing.py
flask,pyproject.toml
flask,requirements/dev.txt
flask,requirements/docs.txt
flask,requirements/tests.txt
flask,requirements/typing.txt
flask,.pre-commit-config.yaml
flask,.github/workflows/tests.yaml
flask,.github/workflows/publish.yaml
flask,.github/workflows/tests.yaml
flask,.github/workflows/publish.yaml
flask,docs/patterns/appfactories.rst
flask,CHANGES.rst
flask,src/flask/blueprints.py
flask,tests/test_blueprints.py
flask,CHANGES.rst
flask,src/flask/app.py
flask,src/flask/testing.py
flask,requirements/build.txt
flask,requirements/dev.txt
flask,requirements/docs.txt
flask,requirements/tests.in
flask,requirements/tests.txt
flask,requirements/typing.txt
flask,docs/errorhandling.rst
flask,docs/installation.rst
flask,.github/workflows/tests.yaml
flask,.github/workflows/publish.yaml
flask,.pre-commit-config.yaml
flask,examples/celery/requirements.txt
flask,requirements/dev.txt
flask,requirements/typing.txt
flask,CHANGES.rst
flask,src/flask/config.py
flask,tests/static/config.toml
flask,tests/test_config.py
flask,CHANGES.rst
flask,src/flask/app.py
flask,src/flask/helpers.py
flask,src/flask/scaffold.py
flask,CHANGES.rst
flask,src/flask/blueprints.py
flask,CHANGES.rst
flask,src/flask/app.py
flask,tests/test_basic.py
flask,CHANGES.rst
flask,docs/api.rst
flask,docs/security.rst
flask,docs/templating.rst
flask,src/flask/__init__.py
flask,tests/test_basic.py
flask,tests/test_json_tag.py
flask,tests/test_templating.py
flask,CHANGES.rst
flask,docs/api.rst
flask,docs/config.rst
flask,src/flask/__init__.py
flask,src/flask/app.py
flask,src/flask/blueprints.py
flask,src/flask/globals.py
flask,src/flask/helpers.py
flask,src/flask/json/__init__.py
flask,src/flask/json/provider.py
flask,src/flask/scaffold.py
flask,tests/conftest.py
flask,tests/test_async.py
flask,tests/test_basic.py
flask,tests/test_blueprints.py
flask,tests/test_helpers.py
flask,requirements/build.txt
flask,requirements/dev.txt
flask,requirements/docs.txt
flask,requirements/tests.txt
flask,requirements/typing.txt
flask,src/flask/app.py
flask,CHANGES.rst
flask,src/flask/__init__.py
flask,docs/cli.rst
flask,docs/config.rst
flask,docs/debugging.rst
flask,docs/quickstart.rst
flask,docs/server.rst
flask,docs/tutorial/factory.rst
flask,examples/celery/README.md
flask,examples/tutorial/README.rst
flask,src/flask/templating.py
flask,docs/index.rst
flask,docs/lifecycle.rst
flask,docs/reqcontext.rst
flask,docs/reqcontext.rst
flask,src/flask/blueprints.py
flask,src/flask/scaffold.py
flask,docs/patterns/celery.rst
flask,examples/celery/README.md
flask,examples/celery/make_celery.py
flask,examples/celery/pyproject.toml
flask,examples/celery/requirements.txt
flask,examples/celery/src/task_app/__init__.py
flask,examples/celery/src/task_app/tasks.py
flask,examples/celery/src/task_app/templates/index.html
flask,examples/celery/src/task_app/views.py
flask,docs/patterns/celery.rst
flask,docs/patterns/packages.rst
flask,tests/test_reqctx.py
flask,.pre-commit-config.yaml
flask,docs/patterns/appfactories.rst
flask,.github/workflows/tests.yaml
flask,.github/workflows/publish.yaml
flask,.github/workflows/tests.yaml
flask,docs/views.rst
flask,.github/workflows/lock.yaml
flask,.github/workflows/publish.yaml
flask,.github/workflows/tests.yaml
flask,requirements/build.in
flask,requirements/build.txt
flask,.flake8
flask,examples/javascript/js_example/__init__.py
flask,setup.cfg
flask,tests/test_appctx.py
flask,tests/test_apps/blueprintapp/__init__.py
flask,tests/test_basic.py
flask,.flake8
flask,examples/javascript/js_example/__init__.py
flask,tests/test_apps/blueprintapp/__init__.py
flask,.flake8
flask,tests/test_appctx.py
flask,tests/test_basic.py
flask,CONTRIBUTING.rst
flask,docs/cli.rst
flask,docs/deploying/eventlet.rst
flask,docs/deploying/gevent.rst
flask,docs/deploying/gunicorn.rst
flask,docs/deploying/mod_wsgi.rst
flask,docs/deploying/uwsgi.rst
flask,docs/deploying/waitress.rst
flask,docs/installation.rst
flask,docs/patterns/packages.rst
flask,docs/tutorial/deploy.rst
flask,docs/tutorial/install.rst
flask,docs/tutorial/layout.rst
flask,docs/tutorial/tests.rst
flask,examples/javascript/.gitignore
flask,examples/javascript/README.rst
flask,examples/javascript/pyproject.toml
flask,examples/javascript/setup.cfg
flask,examples/javascript/setup.py
flask,examples/tutorial/.gitignore
flask,examples/tutorial/README.rst
flask,examples/tutorial/pyproject.toml
flask,examples/tutorial/setup.cfg
flask,examples/tutorial/setup.py
flask,.flake8
flask,.github/workflows/tests.yaml
flask,CHANGES.rst
flask,pyproject.toml
flask,setup.cfg
flask,setup.py
flask,.github/workflows/lock.yaml
flask,src/flask/views.py
flask,.github/workflows/tests.yaml
flask,requirements/tests-pallets-dev.in
flask,requirements/tests-pallets-dev.txt
flask,tox.ini
flask,CHANGES.rst
flask,docs/blueprints.rst
flask,src/flask/blueprints.py
flask,tests/test_blueprints.py
flask,src/flask/blueprints.py
flask,tests/test_blueprints.py
flask,.github/workflows/lock.yaml
flask,docs/cli.rst
flask,docs/config.rst
flask,docs/debugging.rst
flask,docs/quickstart.rst
flask,docs/server.rst
flask,docs/tutorial/factory.rst
flask,examples/tutorial/README.rst
flask,docs/cli.rst
flask,docs/config.rst
flask,docs/debugging.rst
flask,docs/quickstart.rst
flask,docs/server.rst
flask,docs/tutorial/factory.rst
flask,examples/tutorial/README.rst
flask,docs/_static/pycharm-run-config.png
flask,docs/cli.rst
flask,docs/config.rst
flask,docs/debugging.rst
flask,docs/quickstart.rst
flask,docs/server.rst
flask,docs/tutorial/factory.rst
flask,examples/tutorial/README.rst
flask,src/flask/cli.py
flask,CHANGES.rst
flask,src/flask/cli.py
flask,CHANGES.rst
flask,docs/templating.rst
flask,src/flask/app.py
flask,CHANGES.rst
flask,src/flask/app.py
flask,src/flask/blueprints.py
flask,src/flask/scaffold.py
flask,CONTRIBUTING.rst
flask,CONTRIBUTING.rst
flask,docs/patterns/appdispatch.rst
flask,setup.cfg
flask,.pre-commit-config.yaml
flask,requirements/dev.txt
flask,requirements/docs.txt
flask,requirements/tests.txt
flask,requirements/typing.txt
flask,docs/views.rst
flask,docs/api.rst
flask,.pre-commit-config.yaml
flask,docs/extensiondev.rst
flask,docs/config.rst
flask,.pre-commit-config.yaml
flask,requirements/dev.txt
flask,requirements/docs.txt
flask,requirements/tests.txt
flask,requirements/typing.txt
flask,src/flask/app.py
flask,src/flask/blueprints.py
flask,src/flask/ctx.py
flask,src/flask/helpers.py
flask,src/flask/testing.py
flask,src/flask/wrappers.py
flask,tests/typing/typing_app_decorators.py
flask,.pre-commit-config.yaml
flask,.pre-commit-config.yaml
flask,CHANGES.rst
flask,docs/templating.rst
flask,src/flask/app.py
flask,docs/api.rst
flask,docs/quickstart.rst
flask,.pre-commit-config.yaml
flask,src/flask/app.py
flask,docs/views.rst
flask,docs/views.rst
flask,requirements/dev.txt
flask,requirements/docs.txt
flask,requirements/tests.txt
flask,requirements/typing.txt
flask,.pre-commit-config.yaml
flask,src/flask/__init__.py
flask,docs/deploying/index.rst
flask,docs/tutorial/install.rst
flask,CHANGES.rst
flask,src/flask/__init__.py
flask,src/flask/config.py
flask,docs/deploying/waitress.rst
flask,docs/extensiondev.rst
flask,docs/views.rst
flask,docs/patterns/streaming.rst
flask,docs/quickstart.rst
flask,docs/patterns/javascript.rst
flask,src/flask/globals.py
flask,CHANGES.rst
flask,src/flask/__init__.py
flask,CHANGES.rst
flask,setup.py
flask,src/flask/cli.py
flask,CHANGES.rst
flask,src/flask/cli.py
flask,docs/advanced_foreword.rst
flask,docs/config.rst
flask,docs/design.rst
flask,docs/foreword.rst
flask,docs/htmlfaq.rst
flask,docs/index.rst
flask,docs/patterns/distribute.rst
flask,docs/patterns/fabric.rst
flask,docs/patterns/index.rst
flask,docs/quickstart.rst
flask,CHANGES.rst
flask,src/flask/app.py
flask,CHANGES.rst
flask,src/flask/__init__.py
flask,CHANGES.rst
flask,src/flask/__init__.py
flask,.pre-commit-config.yaml
flask,requirements/dev.txt
flask,requirements/docs.txt
flask,requirements/tests.txt
flask,requirements/typing.txt
flask,CHANGES.rst
flask,src/flask/app.py
flask,src/flask/blueprints.py
flask,src/flask/json/provider.py
flask,src/flask/scaffold.py
flask,CHANGES.rst
flask,src/flask/__init__.py
flask,.pre-commit-config.yaml
flask,CHANGES.rst
flask,CHANGES.rst
flask,src/flask/__init__.py
flask,CHANGES.rst
flask,docs/api.rst
flask,src/flask/app.py
flask,src/flask/helpers.py
flask,src/flask/scaffold.py
flask,src/flask/sessions.py
flask,tests/test_config.py
flask,tests/test_templating.py
flask,.pre-commit-config.yaml
flask,docs/cli.rst
flask,docs/config.rst
flask,docs/debugging.rst
flask,docs/quickstart.rst
flask,docs/server.rst
flask,docs/tutorial/factory.rst
flask,examples/tutorial/README.rst
flask,CHANGES.rst
flask,src/flask/app.py
flask,src/flask/cli.py
flask,src/flask/helpers.py
flask,tests/test_helpers.py
flask,docs/_static/pycharm-run-config.png
flask,docs/_static/pycharm-runconfig.png
flask,docs/cli.rst
flask,src/flask/cli.py
flask,CHANGES.rst
flask,docs/quickstart.rst
flask,docs/server.rst
flask,src/flask/app.py
flask,src/flask/cli.py
flask,tests/test_cli.py
flask,src/flask/ctx.py
flask,CHANGES.rst
flask,docs/conf.py
flask,CHANGES.rst
flask,setup.py
flask,CHANGES.rst
flask,src/flask/typing.py
flask,tests/typing/typing_route.py
flask,CHANGES.rst
flask,CHANGES.rst
flask,src/flask/__init__.py
flask,CHANGES.rst
flask,src/flask/templating.py
flask,.pre-commit-config.yaml
flask,requirements/dev.txt
flask,requirements/docs.in
flask,requirements/docs.txt
flask,requirements/tests-pallets-dev.txt
flask,requirements/typing.txt
flask,CHANGES.rst
flask,docs/api.rst
flask,docs/config.rst
flask,src/flask/app.py
flask,src/flask/blueprints.py
flask,src/flask/ctx.py
flask,src/flask/json/__init__.py
flask,src/flask/json/provider.py
flask,src/flask/scaffold.py
flask,src/flask/testing.py
flask,tests/test_basic.py
flask,tests/test_json.py
flask,tests/test_testing.py
flask,CHANGES.rst
flask,CHANGES.rst
flask,src/flask/app.py
flask,src/flask/ctx.py
flask,src/flask/globals.py
flask,src/flask/helpers.py
flask,src/flask/templating.py
flask,src/flask/testing.py
flask,tests/test_testing.py
flask,CHANGES.rst
flask,docs/api.rst
flask,docs/appcontext.rst
flask,docs/extensiondev.rst
flask,docs/patterns/sqlite3.rst
flask,docs/reqcontext.rst
flask,src/flask/app.py
flask,src/flask/ctx.py
flask,src/flask/scaffold.py
flask,src/flask/testing.py
flask,src/flask/app.py
flask,src/flask/cli.py
flask,src/flask/ctx.py
flask,src/flask/debughelpers.py
flask,src/flask/helpers.py
flask,src/flask/templating.py
flask,src/flask/testing.py
flask,tests/conftest.py
flask,tests/test_appctx.py
flask,tests/test_basic.py
flask,tests/test_reqctx.py
flask,tests/test_session_interface.py
flask,tests/test_testing.py
flask,CHANGES.rst
flask,src/flask/__init__.py
flask,src/flask/ctx.py
flask,src/flask/globals.py
flask,src/flask/testing.py
flask,src/flask/globals.py
flask,setup.py
flask,docs/async-await.rst
flask,tests/typing/typing_app_decorators.py
flask,src/flask/app.py
flask,src/flask/blueprints.py
flask,src/flask/scaffold.py
flask,src/flask/typing.py
flask,src/flask/views.py
flask,tests/typing/typing_route.py
flask,docs/api.rst
flask,src/flask/json/__init__.py
flask,.pre-commit-config.yaml
flask,.github/workflows/lock.yaml
flask,src/flask/typing.py
flask,tests/typing/typing_route.py
flask,CHANGES.rst
flask,docs/quickstart.rst
flask,src/flask/app.py
flask,src/flask/app.py
flask,src/flask/typing.py
flask,tests/test_basic.py
flask,tests/test_cli.py
flask,CHANGES.rst
flask,src/flask/helpers.py
flask,CHANGES.rst
flask,src/flask/ctx.py
flask,CHANGES.rst
flask,docs/config.rst
flask,docs/reqcontext.rst
flask,src/flask/app.py
flask,src/flask/ctx.py
flask,src/flask/scaffold.py
flask,src/flask/testing.py
flask,tests/test_basic.py
flask,tests/test_signals.py
flask,tests/test_testing.py
flask,.github/workflows/tests.yaml
flask,src/flask/app.py
flask,src/flask/cli.py
flask,tests/test_cli.py
flask,docs/extensiondev.rst
flask,docs/extensions.rst
flask,docs/quickstart.rst
flask,docs/patterns/javascript.rst
flask,CHANGES.rst
flask,docs/api.rst
flask,docs/patterns/streaming.rst
flask,docs/templating.rst
flask,src/flask/__init__.py
flask,src/flask/templating.py
flask,tests/test_templating.py
flask,CHANGES.rst
flask,src/flask/app.py
flask,src/flask/typing.py
flask,tests/test_basic.py
flask,tests/typing/typing_route.py
flask,CHANGES.rst
flask,src/flask/sessions.py
flask,tests/test_basic.py
flask,CHANGES.rst
flask,docs/cli.rst
flask,docs/tutorial/database.rst
flask,examples/tutorial/flaskr/db.py
flask,src/flask/cli.py
flask,tests/test_cli.py
flask,docs/cli.rst
flask,docs/config.rst
flask,docs/debugging.rst
flask,docs/patterns/appfactories.rst
flask,docs/patterns/packages.rst
flask,docs/quickstart.rst
flask,docs/reqcontext.rst
flask,docs/server.rst
flask,docs/tutorial/database.rst
flask,docs/tutorial/deploy.rst
flask,docs/tutorial/factory.rst
flask,docs/tutorial/install.rst
flask,examples/javascript/README.rst
flask,examples/tutorial/README.rst
flask,tests/conftest.py
flask,CHANGES.rst
flask,src/flask/cli.py
flask,src/flask/helpers.py
flask,CHANGES.rst
flask,src/flask/cli.py
flask,tests/test_cli.py
flask,src/flask/app.py
flask,src/flask/cli.py
flask,src/flask/debughelpers.py
flask,docs/deploying/eventlet.rst
flask,docs/deploying/mod_wsgi.rst
flask,docs/async-await.rst
flask,docs/deploying/apache-httpd.rst
flask,docs/deploying/asgi.rst
flask,docs/deploying/cgi.rst
flask,docs/deploying/eventlet.rst
flask,docs/deploying/fastcgi.rst
flask,docs/deploying/gevent.rst
flask,docs/deploying/gunicorn.rst
flask,docs/deploying/index.rst
flask,docs/deploying/mod_wsgi.rst
flask,docs/deploying/nginx.rst
flask,docs/deploying/proxy_fix.rst
flask,docs/deploying/uwsgi.rst
flask,docs/deploying/waitress.rst
flask,docs/deploying/wsgi-standalone.rst
flask,docs/patterns/index.rst
flask,docs/patterns/javascript.rst
flask,docs/patterns/jquery.rst
flask,src/flask/helpers.py
flask,examples/javascript/README.rst
flask,examples/javascript/js_example/templates/base.html
flask,examples/javascript/js_example/templates/fetch.html
flask,examples/javascript/js_example/templates/xhr.html
flask,examples/javascript/js_example/views.py
flask,examples/javascript/setup.cfg
flask,examples/javascript/tests/test_js_example.py
flask,src/flask/views.py
flask,docs/views.rst
flask,src/flask/views.py
flask,CHANGES.rst
flask,src/flask/views.py
flask,tests/test_views.py
flask,CHANGES.rst
flask,src/flask/app.py
flask,src/flask/blueprints.py
flask,tests/test_async.py
flask,tests/test_basic.py
flask,tests/test_blueprints.py
flask,tests/test_instance_config.py
flask,src/flask/scaffold.py
flask,tests/test_instance_config.py
flask,tox.ini
flask,CHANGES.rst
flask,src/flask/scaffold.py
flask,tests/test_instance_config.py
flask,setup.cfg
flask,src/flask/blueprints.py
flask,src/flask/scaffold.py
flask,src/flask/typing.py
flask,tests/typing/typing_error_handler.py
flask,src/flask/app.py
flask,src/flask/blueprints.py
flask,src/flask/scaffold.py
flask,src/flask/typing.py
flask,tests/typing/typing_route.py
flask,src/flask/scaffold.py
flask,docs/testing.rst
flask,tests/typing/typing_route.py
flask,requirements/dev.txt
flask,requirements/typing.txt
flask,tests/test_config.py
flask,src/flask/app.py
flask,src/flask/blueprints.py
flask,src/flask/ctx.py
flask,src/flask/scaffold.py
flask,src/flask/views.py
flask,CHANGES.rst
flask,src/flask/typing.py
flask,CHANGES.rst
flask,src/flask/__init__.py
flask,docs/tutorial/install.rst
flask,docs/patterns/celery.rst
flask,.pre-commit-config.yaml
flask,requirements/dev.txt
flask,requirements/docs.txt
flask,requirements/tests.txt
flask,requirements/typing.txt
flask,setup.cfg
flask,src/flask/cli.py
flask,tests/test_cli.py
flask,tests/test_basic.py
flask,src/flask/app.py
flask,src/flask/blueprints.py
flask,src/flask/scaffold.py
flask,CHANGES.rst
flask,src/flask/blueprints.py
flask,src/flask/scaffold.py
flask,CHANGES.rst
flask,src/flask/app.py
flask,src/flask/app.py
flask,src/flask/helpers.py
flask,tests/test_helpers.py
flask,src/flask/app.py
flask,src/flask/helpers.py
flask,CHANGES.rst
flask,src/flask/app.py
flask,src/flask/helpers.py
flask,CHANGES.rst
flask,src/flask/__init__.py
flask,src/flask/app.py
flask,src/flask/helpers.py
flask,tests/test_helpers.py
flask,CHANGES.rst
flask,src/flask/__init__.py
flask,src/flask/app.py
flask,src/flask/helpers.py
flask,tests/test_helpers.py
flask,.gitignore
flask,CONTRIBUTING.rst
flask,docs/extensiondev.rst
flask,docs/becomingbig.rst
flask,docs/design.rst
flask,docs/foreword.rst
flask,docs/index.rst
flask,docs/patterns/packages.rst
flask,docs/cli.rst
flask,src/flask/app.py
flask,src/flask/blueprints.py
flask,src/flask/ctx.py
flask,src/flask/globals.py
flask,src/flask/helpers.py
flask,src/flask/json/__init__.py
flask,src/flask/logging.py
flask,src/flask/scaffold.py
flask,src/flask/sessions.py
flask,src/flask/templating.py
flask,src/flask/testing.py
flask,src/flask/typing.py
flask,src/flask/wrappers.py
flask,CHANGES.rst
flask,src/flask/scaffold.py
flask,tests/test_basic.py
flask,tests/test_user_error_handler.py
flask,CONTRIBUTING.rst
flask,src/flask/cli.py
flask,CHANGES.rst
flask,src/flask/__init__.py
flask,tests/test_appctx.py
flask,tests/test_basic.py
flask,tests/test_cli.py
flask,tests/test_config.py
flask,.pre-commit-config.yaml
flask,requirements/dev.txt
flask,requirements/typing.txt
flask,docs/deploying/wsgi-standalone.rst
flask,.pre-commit-config.yaml
flask,requirements/dev.txt
flask,requirements/docs.txt
flask,requirements/tests.txt
flask,requirements/typing.txt
flask,CHANGES.rst
flask,src/flask/cli.py
flask,tests/test_cli.py
flask,CHANGES.rst
flask,src/flask/json/__init__.py
flask,CHANGES.rst
flask,src/flask/__init__.py
flask,docs/testing.rst
flask,tests/test_cli.py
flask,docs/testing.rst
flask,docs/errorhandling.rst
flask,.pre-commit-config.yaml
flask,.pre-commit-config.yaml
flask,.pre-commit-config.yaml
flask,requirements/dev.txt
flask,requirements/docs.txt
flask,requirements/tests.txt
flask,requirements/typing.txt
flask,.github/workflows/tests.yaml
flask,src/flask/__init__.py
flask,CHANGES.rst
flask,CHANGES.rst
flask,setup.py
flask,CHANGES.rst
flask,src/flask/__init__.py
flask,CHANGES.rst
flask,src/flask/__init__.py
flask,CHANGES.rst
flask,src/flask/__init__.py
flask,tox.ini
flask,src/flask/wrappers.py
flask,src/flask/config.py
flask,docs/config.rst
flask,tests/test_config.py
flask,CHANGES.rst
flask,docs/config.rst
flask,src/flask/config.py
flask,tests/test_config.py
flask,docs/config.rst
flask,src/flask/config.py
flask,tests/test_config.py
flask,CHANGES.rst
flask,docs/tutorial/tests.rst
flask,examples/tutorial/tests/test_auth.py
flask,examples/tutorial/tests/test_blog.py
flask,src/flask/wrappers.py
flask,tests/test_regression.py
flask,src/flask/wrappers.py
flask,src/flask/debughelpers.py
flask,src/flask/wrappers.py
flask,src/flask/app.py
flask,src/flask/debughelpers.py
flask,tests/test_basic.py
flask,docs/errorhandling.rst
flask,CHANGES.rst
flask,src/flask/ctx.py
flask,src/flask/testing.py
flask,src/flask/app.py
flask,src/flask/helpers.py
flask,src/flask/typing.py
flask,CHANGES.rst
flask,src/flask/app.py
flask,src/flask/blueprints.py
flask,src/flask/scaffold.py
flask,src/flask/typing.py
flask,CHANGES.rst
flask,src/flask/sessions.py
flask,src/flask/scaffold.py
flask,.github/workflows/tests.yaml
flask,CHANGES.rst
flask,src/flask/cli.py
flask,.pre-commit-config.yaml
flask,src/flask/app.py
flask,CHANGES.rst
flask,src/flask/__init__.py
flask,docs/api.rst
flask,docs/testing.rst
flask,CHANGES.rst
flask,docs/cli.rst
flask,src/flask/cli.py
flask,CHANGES.rst
flask,src/flask/testing.py
flask,requirements/dev.txt
flask,requirements/tests.in
flask,requirements/tests.txt
flask,.github/dependabot.yml
flask,.github/workflows/tests.yaml
flask,tests/test_basic.py
flask,tests/test_reqctx.py
flask,.pre-commit-config.yaml
flask,requirements/dev.in
flask,requirements/dev.txt
flask,requirements/docs.txt
flask,requirements/tests-pallets-dev.txt
flask,requirements/tests-pallets-min.txt
flask,requirements/tests.in
flask,requirements/tests.txt
flask,requirements/typing.txt
flask,CHANGES.rst
flask,.pre-commit-config.yaml
flask,src/flask/templating.py
flask,CHANGES.rst
flask,setup.py
flask,src/flask/cli.py
flask,CHANGES.rst
flask,src/flask/testing.py
flask,docs/security.rst
flask,docs/cli.rst
flask,docs/config.rst
flask,docs/debugging.rst
flask,docs/patterns/appfactories.rst
flask,docs/patterns/packages.rst
flask,docs/quickstart.rst
flask,docs/server.rst
flask,docs/tutorial/deploy.rst
flask,docs/tutorial/factory.rst
flask,.github/dependabot.yml
flask,.github/workflows/lock.yaml
flask,.pre-commit-config.yaml
flask,setup.cfg
flask,.pre-commit-config.yaml
flask,requirements/dev.txt
flask,requirements/docs.txt
flask,requirements/tests.txt
flask,requirements/typing.txt
flask,.readthedocs.yaml
flask,.readthedocs.yaml
flask,.readthedocs.yaml
flask,docs/server.rst
flask,CHANGES.rst
flask,src/flask/ctx.py
flask,CHANGES.rst
flask,src/flask/ctx.py
flask,CHANGES.rst
flask,src/flask/json/__init__.py
flask,.github/workflows/lock.yaml
flask,.pre-commit-config.yaml
flask,.github/workflows/lock.yaml
flask,.github/dependabot.yml
flask,.github/dependabot.yml
flask,.pre-commit-config.yaml
flask,requirements/dev.txt
flask,requirements/docs.txt
flask,requirements/tests.txt
flask,requirements/typing.txt
flask,src/flask/helpers.py
flask,docs/server.rst
flask,docs/cli.rst
flask,docs/quickstart.rst
flask,docs/server.rst
flask,docs/tutorial/factory.rst
flask,docs/tutorial/layout.rst
flask,CHANGES.rst
flask,src/flask/ctx.py
flask,CHANGES.rst
flask,src/flask/ctx.py
flask,src/flask/sessions.py
flask,CHANGES.rst
flask,src/flask/cli.py
flask,CHANGES.rst
flask,src/flask/typing.py
flask,CHANGES.rst
flask,src/flask/testing.py
flask,requirements/dev.txt
flask,requirements/tests.in
flask,requirements/tests.txt
flask,.github/workflows/tests.yaml
flask,requirements/tests-pallets-dev.in
flask,requirements/tests-pallets-dev.txt
flask,requirements/tests-pallets-min.in
flask,requirements/tests-pallets-min.txt
flask,tox.ini
flask,tox.ini
flask,CHANGES.rst
flask,src/flask/helpers.py
flask,CHANGES.rst
flask,src/flask/blueprints.py
flask,tests/test_blueprints.py
flask,CHANGES.rst
flask,src/flask/helpers.py
flask,CHANGES.rst
flask,docs/api.rst
flask,src/flask/__init__.py
flask,src/flask/helpers.py
flask,CHANGES.rst
flask,src/flask/json/__init__.py
flask,CHANGES.rst
flask,src/flask/config.py
flask,CHANGES.rst
flask,src/flask/cli.py
flask,tests/test_cli.py
flask,docs/deploying/wsgi-standalone.rst
flask,docs/async-await.rst
flask,docs/installation.rst
flask,requirements/dev.txt
flask,requirements/tests.in
flask,requirements/tests.txt
flask,src/flask/app.py
flask,.github/workflows/tests.yaml
flask,docs/cli.rst
flask,docs/extensiondev.rst
flask,docs/installation.rst
flask,setup.cfg
flask,src/flask/json/__init__.py
flask,tests/test_async.py
flask,tests/test_basic.py
flask,tox.ini
flask,docs/quickstart.rst
flask,.github/workflows/tests.yaml
flask,requirements/dev.txt
flask,requirements/tests.txt
flask,tox.ini
flask,.pre-commit-config.yaml
flask,requirements/dev.txt
flask,requirements/docs.txt
flask,requirements/tests.txt
flask,requirements/typing.txt
flask,docs/config.rst
flask,docs/patterns/sqlite3.rst
flask,docs/signals.rst
flask,docs/config.rst
flask,docs/quickstart.rst
flask,docs/tutorial/deploy.rst
flask,tests/test_cli.py
flask,tests/test_cli.py
flask,CHANGES.rst
flask,src/flask/__init__.py
flask,src/flask/app.py
flask,CHANGES.rst
flask,src/flask/app.py
flask,tests/test_blueprints.py
flask,artwork/LICENSE.rst
flask,docs/appcontext.rst
flask,docs/reqcontext.rst
flask,docs/shell.rst
flask,src/flask/app.py
flask,docs/patterns/wtforms.rst
flask,.pre-commit-config.yaml
flask,requirements/dev.txt
flask,requirements/docs.txt
flask,requirements/tests.txt
flask,requirements/typing.txt
flask,src/flask/app.py
flask,src/flask/cli.py
flask,src/flask/debughelpers.py
flask,src/flask/scaffold.py
flask,src/flask/signals.py
flask,src/flask/scaffold.py
flask,docs/debugging.rst
flask,requirements/dev.txt
flask,requirements/docs.txt
flask,requirements/tests.txt
flask,requirements/typing.txt
flask,.pre-commit-config.yaml
flask,docs/deploying/uwsgi.rst
flask,.pre-commit-config.yaml
flask,requirements/dev.txt
flask,requirements/tests.txt
flask,requirements/dev.txt
flask,requirements/dev.txt
flask,requirements/dev.txt
flask,requirements/typing.txt
flask,docs/deploying/fastcgi.rst
flask,docs/deploying/uwsgi.rst
flask,docs/patterns/fileuploads.rst
flask,requirements/dev.txt
flask,requirements/typing.in
flask,requirements/typing.txt
flask,tox.ini
flask,requirements/dev.txt
flask,requirements/typing.in
flask,requirements/typing.txt
flask,.pre-commit-config.yaml
flask,requirements/dev.txt
flask,requirements/docs.txt
flask,requirements/tests.txt
flask,requirements/typing.txt
flask,README.rst
flask,CHANGES.rst
flask,src/flask/cli.py
flask,tests/test_cli.py
flask,tests/test_cli.py
flask,CHANGES.rst
flask,src/flask/cli.py
flask,tests/test_cli.py
flask,CHANGES.rst
flask,src/flask/json/__init__.py
flask,tests/test_json.py
flask,CHANGES.rst
flask,src/flask/app.py
flask,src/flask/blueprints.py
flask,src/flask/scaffold.py
flask,docs/tutorial/views.rst
flask,examples/tutorial/flaskr/auth.py
flask,src/flask/config.py
flask,docs/quickstart.rst
flask,.pre-commit-config.yaml
flask,requirements/dev.txt
flask,requirements/tests.txt
flask,requirements/dev.txt
flask,requirements/tests.txt
flask,requirements/dev.txt
flask,requirements/docs.txt
flask,requirements/dev.txt
flask,docs/tutorial/tests.rst
flask,examples/tutorial/tests/test_auth.py
flask,docs/deploying/asgi.rst
flask,docs/patterns/jquery.rst
flask,docs/api.rst
flask,src/flask/app.py
flask,.pre-commit-config.yaml
flask,setup.cfg
flask,tox.ini
flask,requirements/dev.txt
flask,requirements/typing.txt
flask,requirements/dev.txt
flask,requirements/tests.txt
flask,requirements/dev.txt
flask,requirements/dev.txt
flask,requirements/tests.txt
flask,requirements/dev.txt
flask,requirements/docs.txt
flask,docs/views.rst
flask,docs/testing.rst
flask,docs/testing.rst
flask,docs/templating.rst
flask,docs/quickstart.rst
flask,CHANGES.rst
flask,src/flask/blueprints.py
flask,tests/test_blueprints.py
flask,CONTRIBUTING.rst
flask,docs/patterns/celery.rst
flask,CHANGES.rst
flask,requirements/dev.txt
flask,requirements/docs.txt
flask,CHANGES.rst
flask,src/flask/app.py
flask,src/flask/blueprints.py
flask,src/flask/scaffold.py
flask,src/flask/typing.py
flask,tests/test_async.py
flask,CHANGES.rst
flask,docs/async-await.rst
flask,src/flask/views.py
flask,tests/test_async.py
flask,src/flask/app.py
flask,requirements/dev.txt
flask,docs/async-await.rst
flask,docs/installation.rst
flask,CHANGES.rst
flask,src/flask/typing.py
flask,CHANGES.rst
flask,src/flask/app.py
flask,src/flask/blueprints.py
flask,src/flask/typing.py
flask,CHANGES.rst
flask,src/flask/typing.py
flask,docs/tutorial/index.rst
flask,CHANGES.rst
flask,src/flask/__init__.py
flask,CHANGES.rst
flask,src/flask/__init__.py
flask,CHANGES.rst
flask,src/flask/helpers.py
flask,src/flask/blueprints.py
flask,tests/test_blueprints.py
flask,src/flask/blueprints.py
flask,tests/test_blueprints.py
flask,CHANGES.rst
flask,src/flask/blueprints.py
flask,tests/test_blueprints.py
flask,CHANGES.rst
flask,src/flask/app.py
flask,src/flask/blueprints.py
flask,src/flask/app.py
flask,src/flask/helpers.py
flask,src/flask/wrappers.py
flask,src/flask/blueprints.py
flask,tests/test_blueprints.py
flask,src/flask/app.py
flask,src/flask/blueprints.py
flask,src/flask/wrappers.py
flask,src/flask/blueprints.py
flask,tests/test_blueprints.py
flask,docs/patterns/viewdecorators.rst
flask,.gitignore
flask,CHANGES.rst
flask,src/flask/app.py
flask,src/flask/blueprints.py
flask,src/flask/scaffold.py
flask,src/flask/scaffold.py
flask,src/flask/blueprints.py
flask,src/flask/scaffold.py
flask,CONTRIBUTING.rst
flask,requirements/dev.txt
flask,requirements/docs.in
flask,requirements/docs.txt
flask,docs/conf.py
flask,requirements/dev.txt
flask,requirements/docs.txt
flask,CHANGES.rst
flask,src/flask/config.py
flask,src/flask/typing.py
flask,tests/test_cli.py
flask,src/flask/blueprints.py
flask,tests/test_blueprints.py
flask,docs/quickstart.rst
flask,CHANGES.rst
flask,src/flask/ctx.py
flask,tests/test_converters.py
flask,tests/test_session_interface.py
flask,CHANGES.rst
flask,src/flask/__init__.py
flask,CHANGES.rst
flask,src/flask/__init__.py
flask,src/flask/helpers.py
flask,tests/test_basic.py
flask,CHANGES.rst
flask,src/flask/__init__.py
flask,CHANGES.rst
flask,setup.py
flask,src/flask/__init__.py
flask,CHANGES.rst
flask,src/flask/blueprints.py
flask,tests/test_blueprints.py
flask,CHANGES.rst
flask,src/flask/blueprints.py
flask,tests/test_basic.py
flask,tests/test_blueprints.py
flask,CHANGES.rst
flask,src/flask/helpers.py
flask,src/flask/scaffold.py
flask,CHANGES.rst
flask,src/flask/app.py
flask,src/flask/sessions.py
flask,src/flask/wrappers.py
flask,CHANGES.rst
flask,src/flask/ctx.py
flask,src/flask/globals.py
flask,CHANGES.rst
flask,src/flask/__init__.py
flask,CONTRIBUTING.rst
flask,CHANGES.rst
flask,src/flask/helpers.py
flask,docs/deploying/index.rst
flask,docs/blueprints.rst
flask,docs/blueprints.rst
flask,requirements/dev.txt
flask,requirements/docs.in
flask,requirements/docs.txt
flask,.github/workflows/tests.yaml
flask,CONTRIBUTING.rst
flask,README.rst
flask,docs/conf.py
flask,examples/tutorial/README.rst
flask,CHANGES.rst
flask,setup.py
flask,CHANGES.rst
flask,src/flask/__init__.py
flask,CHANGES.rst
flask,src/flask/__init__.py
flask,CHANGES.rst
flask,src/flask/__init__.py
flask,src/flask/app.py
flask,src/flask/json/__init__.py
flask,src/flask/templating.py
flask,setup.py
flask,tox.ini
flask,requirements/dev.in
flask,requirements/dev.txt
flask,requirements/docs.in
flask,requirements/docs.txt
flask,requirements/tests.txt
flask,requirements/typing.txt
flask,.pre-commit-config.yaml
flask,docs/cli.rst
flask,docs/quickstart.rst
flask,docs/conf.py
flask,.pre-commit-config.yaml
flask,.pre-commit-config.yaml
flask,src/flask/__init__.py
flask,src/flask/app.py
flask,src/flask/helpers.py
flask,tests/test_async.py
flask,docs/async-await.rst
flask,src/flask/app.py
flask,src/flask/blueprints.py
flask,src/flask/helpers.py
flask,src/flask/scaffold.py
flask,tests/test_async.py
flask,src/flask/helpers.py
flask,docs/async-await.rst
flask,requirements/dev.txt
flask,requirements/tests.txt
flask,docs/async-await.rst
flask,requirements/dev.txt
flask,.github/dependabot.yml
flask,CHANGES.rst
flask,CHANGES.rst
flask,setup.py
flask,src/flask/cli.py
flask,tests/test_cli.py
flask,tox.ini
flask,src/flask/helpers.py
flask,src/flask/scaffold.py
flask,.pre-commit-config.yaml
flask,CHANGES.rst
flask,src/flask/app.py
flask,src/flask/blueprints.py
flask,src/flask/cli.py
flask,src/flask/config.py
flask,src/flask/ctx.py
flask,src/flask/debughelpers.py
flask,src/flask/globals.py
flask,src/flask/helpers.py
flask,src/flask/json/__init__.py
flask,src/flask/json/tag.py
flask,src/flask/logging.py
flask,src/flask/scaffold.py
flask,src/flask/sessions.py
flask,src/flask/signals.py
flask,src/flask/templating.py
flask,src/flask/testing.py
flask,src/flask/typing.py
flask,src/flask/views.py
flask,src/flask/wrappers.py
flask,.github/workflows/tests.yaml
flask,MANIFEST.in
flask,requirements/typing.in
flask,requirements/typing.txt
flask,setup.cfg
flask,src/flask/py.typed
flask,tox.ini
flask,CHANGES.rst
flask,.github/ISSUE_TEMPLATE/feature-request.md
flask,docs/async-await.rst
flask,docs/deploying/asgi.rst
flask,docs/deploying/asgi.rst
flask,docs/deploying/index.rst
flask,src/flask/__init__.py
flask,setup.py
flask,.pre-commit-config.yaml
flask,.pre-commit-config.yaml
flask,requirements/dev.txt
flask,requirements/docs.txt
flask,requirements/tests.txt
flask,requirements/dev.txt
flask,requirements/docs.in
flask,requirements/docs.txt
flask,src/flask/app.py
flask,src/flask/helpers.py
flask,tests/test_async.py
flask,src/flask/helpers.py
flask,CHANGES.rst
flask,src/flask/helpers.py
flask,src/flask/sessions.py
flask,src/flask/helpers.py
flask,src/flask/cli.py
flask,src/flask/helpers.py
flask,src/flask/json/__init__.py
flask,src/flask/scaffold.py
flask,CHANGES.rst
flask,src/flask/cli.py
flask,CHANGES.rst
flask,docs/blueprints.rst
flask,src/flask/app.py
flask,src/flask/blueprints.py
flask,tests/test_blueprints.py
flask,src/flask/app.py
flask,.pre-commit-config.yaml
flask,docs/async-await.rst
flask,docs/async_await.rst
flask,docs/design.rst
flask,docs/index.rst
flask,src/flask/app.py
flask,src/flask/blueprints.py
flask,src/flask/helpers.py
flask,tests/test_async.py
flask,src/flask/app.py
flask,src/flask/blueprints.py
flask,src/flask/helpers.py
flask,src/flask/scaffold.py
flask,tests/test_async.py
flask,requirements/dev.txt
flask,requirements/docs.txt
flask,src/flask/helpers.py
flask,tests/test_async.py
flask,tox.ini
flask,CHANGES.rst
flask,docs/async_await.rst
flask,docs/design.rst
flask,docs/index.rst
flask,requirements/tests.in
flask,requirements/tests.txt
flask,setup.py
flask,src/flask/app.py
flask,src/flask/helpers.py
flask,src/flask/scaffold.py
flask,tests/test_async.py
flask,.pre-commit-config.yaml
flask,.pre-commit-config.yaml
flask,docs/quickstart.rst
flask,.pre-commit-config.yaml
flask,src/flask/blueprints.py
flask,src/flask/scaffold.py
flask,src/flask/app.py
flask,src/flask/app.py
flask,src/flask/blueprints.py
flask,src/flask/scaffold.py
flask,src/flask/app.py
flask,src/flask/helpers.py
flask,src/flask/scaffold.py
flask,src/flask/cli.py
flask,tests/test_apps/.env
flask,tests/test_cli.py
flask,src/flask/app.py
flask,src/flask/app.py
flask,src/flask/blueprints.py
flask,src/flask/scaffold.py
flask,CHANGES.rst
flask,src/flask/scaffold.py
flask,tests/test_basic.py
flask,requirements/dev.txt
flask,requirements/docs.txt
flask,requirements/dev.txt
flask,src/flask/json/__init__.py
flask,tests/test_json.py
flask,tests/test_json_tag.py
flask,setup.cfg
flask,setup.py
flask,MANIFEST.in
flask,docs/changes.rst
flask,docs/index.rst
flask,docs/license.rst
flask,README.rst
flask,docs/conf.py
flask,setup.cfg
flask,docs/extensiondev.rst
flask,.github/workflows/tests.yaml
flask,.readthedocs.yaml
flask,CONTRIBUTING.rst
flask,requirements/dev.txt
flask,requirements/docs.txt
flask,requirements/tests.txt
flask,.github/SECURITY.md
flask,.github/ISSUE_TEMPLATE.md
flask,.github/ISSUE_TEMPLATE/bug-report.md
flask,.github/ISSUE_TEMPLATE/config.yml
flask,.github/ISSUE_TEMPLATE/feature-request.md
flask,.github/PULL_REQUEST_TEMPLATE.md
flask,.github/pull_request_template.md
flask,.github/workflows/tests.yaml
flask,tox.ini
flask,.pre-commit-config.yaml
flask,tests/test_regression.py
flask,CHANGES.rst
flask,docs/api.rst
flask,docs/patterns/jquery.rst
flask,docs/templating.rst
flask,src/flask/app.py
flask,src/flask/json/__init__.py
flask,tests/test_json.py
flask,CHANGES.rst
flask,src/flask/ctx.py
flask,tests/test_session_interface.py
flask,docs/api.rst
flask,.pre-commit-config.yaml
flask,requirements/dev.txt
flask,requirements/docs.txt
flask,requirements/tests.txt
flask,requirements/dev.txt
flask,requirements/tests.txt
flask,requirements/dev.txt
flask,requirements/docs.txt
flask,requirements/dev.txt
flask,requirements/docs.txt
flask,requirements/dev.txt
flask,requirements/docs.txt
flask,requirements/dev.txt
flask,requirements/tests.txt
flask,requirements/dev.txt
flask,requirements/dev.txt
flask,src/flask/app.py
flask,src/flask/__main__.py
flask,src/flask/cli.py
flask,docs/errorhandling.rst
flask,src/flask/app.py
flask,src/flask/app.py
flask,CHANGES.rst
flask,src/flask/helpers.py
flask,docs/testing.rst
flask,docs/tutorial/tests.rst
flask,src/flask/app.py
flask,src/flask/testing.py
flask,src/flask/wrappers.py
flask,docs/api.rst
flask,src/flask/wrappers.py
flask,docs/blueprints.rst
flask,README.rst
flask,src/flask/json/__init__.py
flask,src/flask/json/__init__.py
flask,requirements/dev.txt
flask,requirements/tests.txt
flask,tests/test_basic.py
flask,requirements/dev.txt
flask,requirements/docs.txt
flask,requirements/tests.txt
flask,requirements/dev.txt
flask,requirements/dev.txt
flask,requirements/dev.txt
flask,requirements/docs.txt
flask,docs/tutorial/deploy.rst
flask,.pre-commit-config.yaml
flask,.pre-commit-config.yaml
flask,.github/workflows/tests.yaml
flask,.github/workflows/tests.yaml
flask,.pre-commit-config.yaml
flask,.github/workflows/lock.yaml
flask,.github/workflows/lock.yaml
flask,CHANGES.rst
flask,docs/config.rst
flask,docs/patterns/fileuploads.rst
flask,src/flask/app.py
flask,src/flask/helpers.py
flask,tests/test_blueprints.py
flask,tests/test_helpers.py
flask,tests/test_regression.py
flask,docs/deploying/mod_wsgi.rst
flask,CHANGES.rst
flask,src/flask/sessions.py
flask,tests/test_basic.py
flask,.github/workflows/tests.yaml
flask,src/flask/testing.py
flask,tests/test_json.py
flask,tox.ini
flask,.pre-commit-config.yaml
flask,requirements/dev.txt
flask,requirements/docs.txt
flask,requirements/tests.txt
flask,src/flask/blueprints.py
flask,src/flask/scaffold.py
flask,tests/test_basic.py
flask,requirements/dev.txt
flask,requirements/tests.txt
flask,requirements/dev.txt
flask,requirements/docs.txt
flask,requirements/dev.txt
flask,tests/test_json.py
flask,tests/test_helpers.py
flask,tests/test_json.py
flask,docs/tutorial/tests.rst
flask,.github/workflows/tests.yaml
flask,src/flask/wrappers.py
flask,.github/workflows/tests.yaml
flask,tox.ini
flask,src/flask/helpers.py
flask,docs/htmlfaq.rst
flask,CONTRIBUTING.rst
flask,docs/cli.rst
flask,docs/conf.py
flask,docs/config.rst
flask,docs/debugging.rst
flask,docs/installation.rst
flask,docs/patterns/appfactories.rst
flask,docs/patterns/packages.rst
flask,docs/quickstart.rst
flask,docs/server.rst
flask,docs/tutorial/deploy.rst
flask,docs/tutorial/factory.rst
flask,requirements/docs.in
flask,requirements/docs.txt
flask,requirements/dev.txt
flask,requirements/tests.txt
flask,docs/appcontext.rst
flask,tests/test_helpers.py
flask,docs/errorhandling.rst
flask,src/flask/blueprints.py
flask,src/flask/app.py
flask,tests/test_basic.py
flask,requirements/dev.txt
flask,requirements/tests.txt
flask,docs/errorhandling.rst
flask,docs/patterns/fileuploads.rst
flask,docs/quickstart.rst
flask,docs/errorhandling.rst
flask,requirements/dev.txt
flask,requirements/tests.txt
flask,requirements/dev.txt
flask,.github/workflows/tests.yaml
flask,src/flask/cli.py
flask,requirements/dev.txt
flask,.github/workflows/tests.yaml
flask,src/flask/blueprints.py
flask,requirements/dev.txt
flask,requirements/docs.txt
flask,src/flask/cli.py
flask,requirements/dev.txt
flask,requirements/docs.txt
flask,requirements/dev.txt
flask,docs/conf.py
flask,requirements/dev.txt
flask,CHANGES.rst
flask,src/flask/app.py
flask,src/flask/blueprints.py
flask,src/flask/helpers.py
flask,src/flask/scaffold.py
flask,requirements/dev.txt
flask,requirements/tests.txt
flask,CHANGES.rst
flask,src/flask/cli.py
flask,tests/conftest.py
flask,tests/test_cli.py
flask,requirements/dev.txt
flask,requirements/dev.txt
flask,requirements/tests.txt
flask,docs/blueprints.rst
flask,docs/debugging.rst
flask,docs/errorhandling.rst
flask,docs/index.rst
flask,docs/quickstart.rst
flask,docs/errorhandling.rst
flask,docs/errorhandling.rst
flask,docs/errorhandling.rst
flask,docs/errorhandling.rst
flask,docs/testing.rst
flask,requirements/dev.txt
flask,tests/test_cli.py
flask,tests/test_helpers.py
flask,docs/blueprints.rst
flask,docs/errorhandling.rst
flask,docs/blueprints.rst
flask,docs/errorhandling.rst
flask,docs/patterns/apierrors.rst
flask,docs/patterns/errorpages.rst
flask,docs/patterns/index.rst
flask,requirements/dev.txt
flask,CHANGES.rst
flask,src/flask/app.py
flask,tests/test_basic.py
flask,.github/workflows/tests.yaml
flask,tox.ini
flask,CONTRIBUTING.rst
flask,README.rst
flask,docs/extensiondev.rst
flask,requirements/dev.txt
flask,requirements/dev.txt
flask,docs/patterns/fileuploads.rst
flask,docs/patterns/fileuploads.rst
flask,src/flask/helpers.py
flask,CHANGES.rst
flask,src/flask/helpers.py
flask,tests/test_basic.py
flask,CHANGES.rst
flask,src/flask/helpers.py
flask,tests/test_basic.py
flask,requirements/dev.txt
flask,requirements/docs.txt
flask,requirements/dev.txt
flask,requirements/tests.txt
flask,CHANGES.rst
flask,src/flask/cli.py
flask,tests/test_cli.py
flask,docs/quickstart.rst
flask,docs/quickstart.rst
flask,docs/api.rst
flask,requirements/dev.txt
flask,setup.cfg
flask,requirements/dev.txt
flask,requirements/dev.txt
flask,docs/config.rst
flask,docs/config.rst
flask,docs/config.rst
flask,docs/config.rst
flask,docs/patterns/streaming.rst
flask,requirements/dev.txt
flask,requirements/docs.txt
flask,CONTRIBUTING.rst
flask,requirements/dev.txt
flask,requirements/dev.txt
flask,requirements/dev.txt
flask,requirements/dev.txt
flask,requirements/docs.txt
flask,requirements/dev.txt
flask,docs/security.rst
flask,CONTRIBUTING.rst
flask,docs/security.rst
flask,requirements/dev.txt
flask,requirements/tests.txt
flask,requirements/dev.txt
flask,requirements/tests.txt
flask,requirements/dev.txt
flask,requirements/dev.txt
flask,requirements/docs.txt
flask,.azure-pipelines.yml
flask,.github/workflows/tests.yaml
flask,.pre-commit-config.yaml
flask,.readthedocs.yaml
flask,CONTRIBUTING.rst
flask,MANIFEST.in
flask,docs/requirements.txt
flask,requirements/dev.in
flask,requirements/dev.txt
flask,requirements/docs.in
flask,requirements/docs.txt
flask,requirements/tests.in
flask,requirements/tests.txt
flask,setup.py
flask,tox.ini
flask,CONTRIBUTING.rst
flask,.editorconfig
flask,.readthedocs.yaml
flask,docs/patterns/fileuploads.rst
flask,src/flask/app.py
flask,tests/test_user_error_handler.py
flask,CHANGES.rst
flask,docs/cli.rst
flask,src/flask/cli.py
flask,tests/test_cli.py
flask,CHANGES.rst
flask,docs/cli.rst
flask,src/flask/cli.py
flask,tests/test_apps/cliapp/factory.py
flask,tests/test_cli.py
flask,docs/api.rst
flask,docs/requirements.txt
flask,CHANGES.rst
flask,docs/api.rst
flask,src/flask/json/__init__.py
flask,src/flask/json/tag.py
flask,src/flask/json/__init__.py
flask,tests/test_helpers.py
flask,CHANGES.rst
flask,docs/api.rst
flask,docs/installation.rst
flask,src/flask/json/__init__.py
flask,tests/test_helpers.py
flask,tox.ini
flask,MANIFEST.in
flask,examples/javascript/LICENSE
flask,examples/javascript/LICENSE.rst
flask,examples/javascript/MANIFEST.in
flask,examples/javascript/setup.cfg
flask,examples/javascript/setup.py
flask,examples/tutorial/LICENSE
flask,examples/tutorial/LICENSE.rst
flask,examples/tutorial/MANIFEST.in
flask,examples/tutorial/setup.cfg
flask,examples/tutorial/setup.py
flask,setup.cfg
flask,setup.py
flask,src/flask/__init__.py
flask,docs/advanced_foreword.rst
flask,docs/api.rst
flask,docs/appcontext.rst
flask,docs/becomingbig.rst
flask,docs/blueprints.rst
flask,docs/changelog.rst
flask,docs/cli.rst
flask,docs/config.rst
flask,docs/deploying/fastcgi.rst
flask,docs/deploying/index.rst
flask,docs/deploying/mod_wsgi.rst
flask,docs/deploying/uwsgi.rst
flask,docs/deploying/wsgi-standalone.rst
flask,docs/design.rst
flask,docs/errorhandling.rst
flask,docs/extensiondev.rst
flask,docs/extensions.rst
flask,docs/foreword.rst
flask,docs/index.rst
flask,docs/installation.rst
flask,docs/license.rst
flask,docs/patterns/appdispatch.rst
flask,docs/patterns/appfactories.rst
flask,docs/patterns/caching.rst
flask,docs/patterns/deferredcallbacks.rst
flask,docs/patterns/distribute.rst
flask,docs/patterns/errorpages.rst
flask,docs/patterns/fabric.rst
flask,docs/patterns/fileuploads.rst
flask,docs/patterns/flashing.rst
flask,docs/patterns/index.rst
flask,docs/patterns/mongokit.rst
flask,docs/patterns/packages.rst
flask,docs/patterns/sqlalchemy.rst
flask,docs/patterns/sqlite3.rst
flask,docs/patterns/templateinheritance.rst
flask,docs/patterns/viewdecorators.rst
flask,docs/patterns/wtforms.rst
flask,docs/quickstart.rst
flask,docs/reqcontext.rst
flask,docs/security.rst
flask,docs/shell.rst
flask,docs/signals.rst
flask,docs/templating.rst
flask,docs/testing.rst
flask,docs/tutorial/database.rst
flask,docs/tutorial/index.rst
flask,docs/tutorial/next.rst
flask,docs/views.rst
flask,src/flask/app.py
flask,src/flask/blueprints.py
flask,src/flask/cli.py
flask,src/flask/helpers.py
flask,src/flask/json/__init__.py
flask,src/flask/testing.py
flask,src/flask/__init__.py
flask,src/flask/__main__.py
flask,src/flask/app.py
flask,src/flask/blueprints.py
flask,src/flask/cli.py
flask,src/flask/config.py
flask,src/flask/ctx.py
flask,src/flask/debughelpers.py
flask,src/flask/globals.py
flask,src/flask/helpers.py
flask,src/flask/json/__init__.py
flask,src/flask/json/tag.py
flask,src/flask/logging.py
flask,src/flask/sessions.py
flask,src/flask/signals.py
flask,src/flask/templating.py
flask,src/flask/testing.py
flask,src/flask/views.py
flask,src/flask/wrappers.py
flask,tests/conftest.py
flask,tests/test_appctx.py
flask,tests/test_basic.py
flask,tests/test_blueprints.py
flask,tests/test_cli.py
flask,tests/test_config.py
flask,tests/test_helpers.py
flask,tests/test_instance_config.py
flask,tests/test_json_tag.py
flask,tests/test_logging.py
flask,tests/test_regression.py
flask,tests/test_reqctx.py
flask,tests/test_signals.py
flask,tests/test_subclassing.py
flask,tests/test_templating.py
flask,tests/test_testing.py
flask,tests/test_user_error_handler.py
flask,tests/test_views.py
flask,docs/api.rst
flask,docs/config.rst
flask,docs/patterns/flashing.rst
flask,docs/patterns/lazyloading.rst
flask,docs/patterns/requestchecksum.rst
flask,docs/patterns/sqlalchemy.rst
flask,docs/patterns/streaming.rst
flask,docs/patterns/viewdecorators.rst
flask,docs/quickstart.rst
flask,docs/templating.rst
flask,docs/testing.rst
flask,docs/tutorial/blog.rst
flask,docs/tutorial/views.rst
flask,src/flask/app.py
flask,src/flask/blueprints.py
flask,src/flask/cli.py
flask,src/flask/config.py
flask,src/flask/ctx.py
flask,src/flask/debughelpers.py
flask,src/flask/helpers.py
flask,src/flask/json/__init__.py
flask,src/flask/json/tag.py
flask,src/flask/sessions.py
flask,src/flask/testing.py
flask,src/flask/views.py
flask,tests/conftest.py
flask,tests/test_basic.py
flask,tests/test_blueprints.py
flask,tests/test_cli.py
flask,tests/test_config.py
flask,tests/test_helpers.py
flask,tests/test_reqctx.py
flask,tests/test_templating.py
flask,tests/test_testing.py
flask,tests/test_user_error_handler.py
flask,.pre-commit-config.yaml
flask,docs/conf.py
flask,examples/javascript/js_example/__init__.py
flask,examples/javascript/js_example/views.py
flask,examples/javascript/setup.py
flask,examples/tutorial/flaskr/auth.py
flask,examples/tutorial/flaskr/blog.py
flask,examples/tutorial/setup.py
flask,examples/tutorial/tests/conftest.py
flask,examples/tutorial/tests/test_db.py
flask,setup.cfg
flask,setup.py
flask,src/flask/__init__.py
flask,src/flask/__main__.py
flask,src/flask/app.py
flask,src/flask/blueprints.py
flask,src/flask/cli.py
flask,src/flask/config.py
flask,src/flask/ctx.py
flask,src/flask/debughelpers.py
flask,src/flask/globals.py
flask,src/flask/helpers.py
flask,src/flask/json/__init__.py
flask,src/flask/json/tag.py
flask,src/flask/logging.py
flask,src/flask/sessions.py
flask,src/flask/signals.py
flask,src/flask/templating.py
flask,src/flask/testing.py
flask,src/flask/views.py
flask,src/flask/wrappers.py
flask,tests/conftest.py
flask,tests/test_appctx.py
flask,tests/test_apps/cliapp/app.py
flask,tests/test_apps/cliapp/factory.py
flask,tests/test_apps/cliapp/importerrorapp.py
flask,tests/test_apps/cliapp/multiapp.py
flask,tests/test_basic.py
flask,tests/test_blueprints.py
flask,tests/test_cli.py
flask,tests/test_config.py
flask,tests/test_converters.py
flask,tests/test_helpers.py
flask,tests/test_instance_config.py
flask,tests/test_json_tag.py
flask,tests/test_logging.py
flask,tests/test_regression.py
flask,tests/test_reqctx.py
flask,tests/test_signals.py
flask,tests/test_subclassing.py
flask,tests/test_templating.py
flask,tests/test_testing.py
flask,tests/test_user_error_handler.py
flask,tests/test_views.py
flask,src/flask/cli.py
flask,src/flask/ctx.py
flask,src/flask/helpers.py
flask,tests/test_basic.py
flask,tests/test_cli.py
flask,tests/test_helpers.py
flask,tests/test_regression.py
flask,tests/test_reqctx.py
flask,tests/test_testing.py
flask,src/flask/_compat.py
flask,src/flask/app.py
flask,src/flask/cli.py
flask,src/flask/config.py
flask,src/flask/ctx.py
flask,src/flask/debughelpers.py
flask,src/flask/helpers.py
flask,src/flask/json/__init__.py
flask,src/flask/json/tag.py
flask,src/flask/sessions.py
flask,src/flask/views.py
flask,tests/test_basic.py
flask,tests/test_blueprints.py
flask,tests/test_config.py
flask,tests/test_helpers.py
flask,tests/test_instance_config.py
flask,tests/test_logging.py
flask,tests/test_meta.py
flask,tests/test_subclassing.py
flask,tests/test_testing.py
flask,src/flask/__init__.py
flask,src/flask/_compat.py
flask,src/flask/app.py
flask,src/flask/config.py
flask,src/flask/logging.py
flask,src/flask/testing.py
flask,tests/test_deprecations.py
flask,tests/test_logging.py
flask,tests/test_testing.py
flask,.azure-pipelines.yml
flask,CHANGES.rst
flask,setup.cfg
flask,setup.py
flask,src/flask/__init__.py
flask,tests/test_instance_config.py
flask,tox.ini
flask,CHANGES.rst
flask,CONTRIBUTING.rst
flask,docs/config.rst
flask,docs/deploying/mod_wsgi.rst
flask,docs/design.rst
flask,docs/index.rst
flask,docs/installation.rst
flask,docs/patterns/distribute.rst
flask,docs/patterns/sqlalchemy.rst
flask,docs/patterns/wtforms.rst
flask,docs/quickstart.rst
flask,docs/styleguide.rst
flask,docs/tutorial/tests.rst
flask,docs/unicode.rst
flask,docs/upgrading.rst
flask,src/flask/app.py
flask,src/flask/helpers.py
flask,CHANGES.rst
flask,MANIFEST.in
flask,src/flask/__init__.py
flask,src/flask/app.py
flask,src/flask/testing.py
flask,src/flask/app.py
flask,docs/quickstart.rst
flask,docs/cli.rst
flask,docs/templating.rst
flask,docs/templating.rst
flask,src/flask/config.py
flask,docs/deploying/index.rst
flask,src/flask/app.py
flask,docs/testing.rst
flask,docs/quickstart.rst
flask,setup.cfg
flask,docs/errorhandling.rst
flask,docs/reqcontext.rst
flask,src/flask/helpers.py
flask,docs/patterns/singlepageapplications.rst
flask,CHANGES.rst
flask,src/flask/helpers.py
flask,tests/test_basic.py
flask,docs/quickstart.rst
flask,docs/reqcontext.rst
flask,CHANGES.rst
flask,src/flask/cli.py
flask,tests/test_cli.py
flask,src/flask/ctx.py
flask,tests/test_basic.py
flask,docs/foreword.rst
flask,.github/ISSUE_TEMPLATE.md
flask,CHANGES.rst
flask,setup.py
flask,src/flask/app.py
flask,tests/test_basic.py
flask,flask/__init__.py
flask,flask/__init__.py
flask,CHANGES
flask,setup.py
flask,.gitignore
flask,tests/test_instance_config.py
flask,CHANGES.rst
flask,src/flask/__init__.py
flask,docs/reqcontext.rst
flask,docs/reqcontext.rst
flask,src/flask/app.py
flask,docs/quickstart.rst
flask,docs/conf.py
flask,docs/index.rst
flask,docs/quickstart.rst
flask,docs/templating.rst
flask,docs/tutorial/blog.rst
flask,docs/tutorial/templates.rst
flask,examples/javascript/README.rst
flask,examples/javascript/setup.py
flask,examples/tutorial/README.rst
flask,examples/tutorial/setup.py
flask,src/flask/debughelpers.py
flask,tests/test_templating.py
flask,CHANGES.rst
flask,src/flask/helpers.py
flask,tests/test_helpers.py
flask,.azure-pipelines.yml
flask,.azure-pipelines.yml
flask,CONTRIBUTING.rst
flask,tox.ini
flask,setup.py
flask,tox.ini
flask,docs/quickstart.rst
flask,docs/server.rst
flask,src/flask/cli.py
flask,CHANGES.rst
flask,src/flask/cli.py
flask,src/flask/config.py
flask,docs/patterns/deferredcallbacks.rst
flask,tests/test_helpers.py
flask,docs/api.rst
flask,docs/blueprints.rst
flask,docs/patterns/fabric.rst
flask,docs/patterns/sqlalchemy.rst
flask,docs/patterns/viewdecorators.rst
flask,docs/signals.rst
flask,docs/styleguide.rst
flask,docs/views.rst
flask,CHANGES.rst
flask,docs/config.rst
flask,src/flask/config.py
flask,docs/config.rst
flask,src/flask/config.py
flask,tests/test_config.py
flask,docs/reqcontext.rst
flask,CHANGES.rst
flask,src/flask/sessions.py
flask,tests/test_reqctx.py
flask,docs/quickstart.rst
flask,docs/reqcontext.rst
flask,CONTRIBUTING.rst
flask,docs/Makefile
flask,docs/_static/debugger.png
flask,docs/_static/flask-favicon.ico
flask,docs/_static/flask-icon.png
flask,docs/_static/flask-logo.png
flask,docs/_static/flask.png
flask,docs/_static/logo-full.png
flask,docs/_static/no.png
flask,docs/_static/pycharm-runconfig.png
flask,docs/_static/touch-icon.png
flask,docs/_static/yes.png
flask,docs/conf.py
flask,docs/index.rst
flask,docs/make.bat
flask,docs/requirements.txt
flask,docs/logging.rst
flask,docs/extensiondev.rst
flask,docs/appcontext.rst
flask,docs/becomingbig.rst
flask,docs/extensiondev.rst
flask,docs/extensions.rst
flask,docs/patterns/appdispatch.rst
flask,docs/patterns/fileuploads.rst
flask,docs/patterns/index.rst
flask,docs/patterns/lazyloading.rst
flask,docs/quickstart.rst
flask,docs/testing.rst
flask,CONTRIBUTING.rst
flask,docs/patterns/viewdecorators.rst
flask,src/flask/ctx.py
flask,docs/patterns/fileuploads.rst
flask,src/flask/logging.py
flask,docs/conf.py
flask,docs/patterns/urlprocessors.rst
flask,docs/conf.py
flask,src/flask/app.py
flask,docs/extensiondev.rst
flask,docs/extensions.rst
flask,CONTRIBUTING.rst
flask,CHANGES.rst
flask,src/flask/__init__.py
flask,src/flask/cli.py
flask,CHANGES.rst
flask,src/flask/__init__.py
flask,src/flask/cli.py
flask,docs/installation.rst
flask,CHANGES.rst
flask,README.rst
flask,setup.py
flask,src/flask/__init__.py
flask,CHANGES.rst
flask,src/flask/__init__.py
flask,src/flask/_compat.py
flask,tests/test_deprecations.py
flask,.github/ISSUE_TEMPLATE.md
flask,.github/ISSUE_TEMPLATE.md
flask,CHANGES.rst
flask,src/flask/__init__.py
flask,CHANGES.rst
flask,flask/__init__.py
flask,setup.py
flask,CHANGES.rst
flask,flask/cli.py
flask,CHANGES.rst
flask,src/flask/logging.py
flask,tests/test_logging.py
flask,CHANGES.rst
flask,docs/config.rst
flask,docs/errorhandling.rst
flask,docs/logging.rst
flask,src/flask/app.py
flask,src/flask/logging.py
flask,tests/test_logging.py
flask,tests/test_templating.py
flask,flask/cli.py
flask,CHANGES.rst
flask,docs/tutorial/tests.rst
flask,examples/tutorial/tests/test_db.py
flask,flask/helpers.py
flask,tests/test_basic.py
flask,tests/test_helpers.py
flask,README.rst
flask,CHANGES.rst
flask,tests/test_meta.py
flask,CHANGES.rst
flask,flask/helpers.py
flask,tests/test_helpers.py
flask,CHANGES.rst
flask,flask/__init__.py
flask,flask/app.py
flask,.gitattributes
flask,CONTRIBUTING.rst
flask,docs/api.rst
flask,docs/becomingbig.rst
flask,docs/cli.rst
flask,docs/deploying/cgi.rst
flask,docs/deploying/index.rst
flask,docs/deploying/uwsgi.rst
flask,docs/deploying/wsgi-standalone.rst
flask,docs/errorhandling.rst
flask,docs/extensiondev.rst
flask,docs/htmlfaq.rst
flask,docs/index.rst
flask,docs/installation.rst
flask,docs/patterns/appfactories.rst
flask,docs/patterns/jquery.rst
flask,docs/patterns/sqlalchemy.rst
flask,docs/quickstart.rst
flask,docs/templating.rst
flask,docs/testing.rst
flask,docs/tutorial/deploy.rst
flask,docs/tutorial/install.rst
flask,docs/unicode.rst
flask,docs/Makefile
flask,docs/_static/flask-favicon.ico
flask,docs/_static/flask-icon.png
flask,docs/_static/flask-logo.png
flask,docs/_static/touch-icon.png
flask,docs/conf.py
flask,docs/contents.rst.inc
flask,docs/flaskstyle.sty
flask,docs/index.rst
flask,docs/latexindex.rst
flask,docs/logo.pdf
flask,docs/make.bat
flask,docs/requirements.txt
flask,CHANGES.rst
flask,docs/changelog.rst
flask,MANIFEST.in
flask,Makefile
flask,README.rst
flask,scripts/make-release.py
flask,setup.cfg
flask,setup.py
flask,AUTHORS
flask,LICENSE
flask,LICENSE.rst
flask,artwork/LICENSE
flask,artwork/LICENSE.rst
flask,docs/license.rst
flask,flask/__init__.py
flask,flask/__main__.py
flask,flask/_compat.py
flask,flask/app.py
flask,flask/blueprints.py
flask,flask/cli.py
flask,flask/config.py
flask,flask/ctx.py
flask,flask/debughelpers.py
flask,flask/globals.py
flask,flask/helpers.py
flask,flask/json/__init__.py
flask,flask/json/tag.py
flask,flask/logging.py
flask,flask/sessions.py
flask,flask/signals.py
flask,flask/templating.py
flask,flask/testing.py
flask,flask/views.py
flask,flask/wrappers.py
flask,tests/conftest.py
flask,tests/test_appctx.py
flask,tests/test_basic.py
flask,tests/test_blueprints.py
flask,tests/test_cli.py
flask,tests/test_config.py
flask,tests/test_helpers.py
flask,tests/test_instance_config.py
flask,tests/test_json_tag.py
flask,tests/test_logging.py
flask,tests/test_regression.py
flask,tests/test_reqctx.py
flask,tests/test_signals.py
flask,tests/test_subclassing.py
flask,tests/test_templating.py
flask,tests/test_testing.py
flask,tests/test_user_error_handler.py
flask,tests/test_views.py
flask,docs/cli.rst
flask,CHANGES.rst
flask,docs/errorhandling.rst
flask,src/flask/app.py
flask,CHANGES.rst
flask,src/flask/app.py
flask,tests/test_user_error_handler.py
flask,CHANGES.rst
flask,src/flask/ctx.py
flask,tests/test_converters.py
flask,tests/test_testing.py
flask,src/flask/ctx.py
flask,tests/test_basic.py
flask,tests/test_converters.py
flask,tests/test_testing.py
flask,flask/app.py
flask,flask/app.py
flask,flask/blueprints.py
flask,flask/blueprints.py
flask,docs/patterns/errorpages.rst
flask,docs/patterns/errorpages.rst
flask,.azure-pipelines.yml
flask,tox.ini
flask,tests/conftest.py
flask,tests/test_basic.py
flask,tests/test_helpers.py
flask,tests/test_reqctx.py
flask,tox.ini
flask,examples/tutorial/flaskr/blog.py
flask,src/flask/app.py
flask,src/flask/cli.py
flask,src/flask/ctx.py
flask,src/flask/helpers.py
flask,src/flask/testing.py
flask,tests/test_basic.py
flask,tests/test_config.py
flask,tests/test_instance_config.py
flask,tests/test_templating.py
flask,.pre-commit-config.yaml
flask,examples/javascript/js_example/views.py
flask,examples/javascript/setup.py
flask,examples/javascript/tests/test_js_example.py
flask,examples/tutorial/flaskr/auth.py
flask,examples/tutorial/flaskr/blog.py
flask,examples/tutorial/flaskr/db.py
flask,examples/tutorial/setup.py
flask,examples/tutorial/tests/conftest.py
flask,examples/tutorial/tests/test_auth.py
flask,examples/tutorial/tests/test_blog.py
flask,examples/tutorial/tests/test_db.py
flask,scripts/make-release.py
flask,src/flask/__init__.py
flask,src/flask/_compat.py
flask,src/flask/app.py
flask,src/flask/blueprints.py
flask,src/flask/cli.py
flask,src/flask/config.py
flask,src/flask/ctx.py
flask,src/flask/debughelpers.py
flask,src/flask/globals.py
flask,src/flask/helpers.py
flask,src/flask/json/__init__.py
flask,src/flask/json/tag.py
flask,src/flask/logging.py
flask,src/flask/sessions.py
flask,src/flask/signals.py
flask,src/flask/templating.py
flask,src/flask/testing.py
flask,src/flask/views.py
flask,src/flask/wrappers.py
flask,tests/conftest.py
flask,tests/test_appctx.py
flask,tests/test_apps/blueprintapp/apps/admin/__init__.py
flask,tests/test_apps/blueprintapp/apps/frontend/__init__.py
flask,tests/test_apps/cliapp/app.py
flask,tests/test_apps/cliapp/factory.py
flask,tests/test_apps/cliapp/importerrorapp.py
flask,tests/test_apps/cliapp/multiapp.py
flask,tests/test_basic.py
flask,tests/test_blueprints.py
flask,tests/test_cli.py
flask,tests/test_config.py
flask,tests/test_helpers.py
flask,tests/test_instance_config.py
flask,tests/test_json_tag.py
flask,tests/test_logging.py
flask,tests/test_regression.py
flask,tests/test_reqctx.py
flask,tests/test_signals.py
flask,tests/test_subclassing.py
flask,tests/test_templating.py
flask,tests/test_testing.py
flask,tests/test_user_error_handler.py
flask,tests/test_views.py
flask,setup.cfg
flask,setup.py
flask,src/flask/__init__.py
flask,src/flask/__main__.py
flask,src/flask/_compat.py
flask,src/flask/app.py
flask,src/flask/blueprints.py
flask,src/flask/cli.py
flask,src/flask/config.py
flask,src/flask/ctx.py
flask,src/flask/debughelpers.py
flask,src/flask/globals.py
flask,src/flask/helpers.py
flask,src/flask/json/__init__.py
flask,src/flask/json/tag.py
flask,src/flask/logging.py
flask,src/flask/sessions.py
flask,src/flask/signals.py
flask,src/flask/templating.py
flask,src/flask/testing.py
flask,src/flask/views.py
flask,src/flask/wrappers.py
flask,docs/testing.rst
flask,flask/_compat.py
flask,flask/app.py
flask,flask/cli.py
flask,flask/helpers.py
flask,flask/templating.py
flask,flask/testing.py
flask,flask/wrappers.py
flask,scripts/make-release.py
flask,setup.cfg
flask,tests/test_apps/helloworld/wsgi.py
flask,tests/test_basic.py
flask,tests/test_blueprints.py
flask,tests/test_cli.py
flask,tests/test_config.py
flask,tests/test_helpers.py
flask,tests/test_instance_config.py
flask,tests/test_json_tag.py
flask,tests/test_regression.py
flask,tests/test_reqctx.py
flask,tests/test_templating.py
flask,tests/test_testing.py
flask,tests/test_user_error_handler.py
flask,.pre-commit-config.yaml
flask,docs/Makefile
flask,docs/flaskstyle.sty
flask,docs/patterns/appfactories.rst
flask,setup.cfg
flask,tests/templates/template_filter.html
flask,CHANGES.rst
flask,flask/cli.py
flask,tests/test_cli.py
flask,docs/config.rst
flask,flask/helpers.py
flask,docs/logging.rst
flask,docs/testing.rst
flask,flask/testing.py
flask,CHANGES.rst
flask,flask/testing.py
flask,tests/test_testing.py
flask,flask/app.py
flask,flask/testing.py
flask,tests/test_reqctx.py
flask,tests/test_testing.py
flask,flask/_compat.py
flask,CHANGES.rst
flask,flask/app.py
flask,tests/test_basic.py
flask,flask/app.py
flask,flask/ctx.py
flask,flask/helpers.py
flask,flask/blueprints.py
flask,tests/test_cli.py
flask,flask/cli.py
flask,flask/helpers.py
flask,CONTRIBUTING.rst
flask,CONTRIBUTING.rst
flask,.azure-pipelines.yml
flask,flask/cli.py
flask,tests/test_basic.py
flask,tests/test_cli.py
flask,tests/test_helpers.py
flask,CHANGES.rst
flask,flask/testing.py
flask,tests/test_testing.py
flask,CHANGES.rst
flask,flask/app.py
flask,flask/blueprints.py
flask,flask/helpers.py
flask,tests/test_basic.py
flask,flask/helpers.py
flask,tests/test_basic.py
flask,CHANGES.rst
flask,docs/cli.rst
flask,flask/app.py
flask,flask/blueprints.py
flask,flask/helpers.py
flask,tests/test_cli.py
flask,docs/quickstart.rst
flask,CHANGES.rst
flask,docs/quickstart.rst
flask,flask/app.py
flask,tests/test_basic.py
flask,CHANGES.rst
flask,docs/cli.rst
flask,flask/cli.py
flask,CHANGES.rst
flask,docs/cli.rst
flask,flask/cli.py
flask,CONTRIBUTING.rst
flask,setup.py
flask,CHANGES.rst
flask,flask/signals.py
flask,CHANGES.rst
flask,flask/cli.py
flask,tests/test_cli.py
flask,CHANGES.rst
flask,flask/app.py
flask,tests/test_basic.py
flask,CHANGES.rst
flask,flask/app.py
flask,CHANGES.rst
flask,flask/json/__init__.py
flask,tests/test_basic.py
flask,CHANGES.rst
flask,flask/app.py
flask,flask/blueprints.py
flask,tests/test_basic.py
flask,CHANGES.rst
flask,flask/cli.py
flask,CHANGES.rst
flask,flask/wrappers.py
flask,setup.py
flask,tests/test_helpers.py
flask,tox.ini
flask,CHANGES.rst
flask,flask/app.py
flask,flask/app.py
flask,CHANGES.rst
flask,flask/views.py
flask,tests/test_views.py
flask,docs/conf.py
flask,docs/requirements.txt
flask,CHANGES.rst
flask,flask/helpers.py
flask,tests/test_helpers.py
flask,flask/helpers.py
flask,tests/test_helpers.py
flask,CHANGES.rst
flask,flask/__init__.py
flask,CHANGES.rst
flask,flask/json/__init__.py
flask,flask/testing.py
flask,tests/test_testing.py
flask,flask/cli.py
flask,docs/testing.rst
flask,flask/blueprints.py
flask,.appveyor.yml
flask,.azure-pipelines.yml
flask,.travis.yml
flask,CONTRIBUTING.rst
flask,README.rst
flask,tox.ini
flask,.azure-pipelines.yml
flask,CONTRIBUTING.rst
flask,tox.ini
flask,README.rst
flask,docs/appcontext.rst
flask,docs/becomingbig.rst
flask,docs/blueprints.rst
flask,docs/config.rst
flask,docs/design.rst
flask,docs/extensiondev.rst
flask,docs/extensions.rst
flask,docs/shell.rst
flask,docs/unicode.rst
flask,docs/cli.rst
flask,docs/deploying/wsgi-standalone.rst
flask,CONTRIBUTING.rst
flask,CONTRIBUTING.rst
flask,docs/deploying/wsgi-standalone.rst
flask,docs/quickstart.rst
flask,CONTRIBUTING.rst
flask,CONTRIBUTING.rst
flask,docs/config.rst
flask,flask/helpers.py
flask,flask/ctx.py
flask,docs/tutorial/templates.rst
flask,examples/javascript/js_example/views.py
flask,examples/javascript/setup.py
flask,examples/javascript/tests/conftest.py
flask,examples/javascript/tests/test_js_example.py
flask,examples/tutorial/flaskr/__init__.py
flask,examples/tutorial/flaskr/auth.py
flask,examples/tutorial/flaskr/blog.py
flask,examples/tutorial/flaskr/db.py
flask,examples/tutorial/setup.py
flask,examples/tutorial/tests/conftest.py
flask,examples/tutorial/tests/test_auth.py
flask,examples/tutorial/tests/test_blog.py
flask,examples/tutorial/tests/test_db.py
flask,examples/tutorial/tests/test_factory.py
flask,flask/__init__.py
flask,flask/__main__.py
flask,flask/_compat.py
flask,flask/app.py
flask,flask/blueprints.py
flask,flask/cli.py
flask,flask/config.py
flask,flask/ctx.py
flask,flask/debughelpers.py
flask,flask/globals.py
flask,flask/helpers.py
flask,flask/json/__init__.py
flask,flask/json/tag.py
flask,flask/logging.py
flask,flask/sessions.py
flask,flask/signals.py
flask,flask/templating.py
flask,flask/testing.py
flask,flask/views.py
flask,flask/wrappers.py
flask,scripts/make-release.py
flask,setup.py
flask,tests/conftest.py
flask,tests/test_appctx.py
flask,tests/test_apps/blueprintapp/__init__.py
flask,tests/test_apps/blueprintapp/apps/admin/__init__.py
flask,tests/test_apps/blueprintapp/apps/frontend/__init__.py
flask,tests/test_apps/cliapp/app.py
flask,tests/test_apps/cliapp/factory.py
flask,tests/test_apps/cliapp/importerrorapp.py
flask,tests/test_apps/cliapp/multiapp.py
flask,tests/test_apps/helloworld/hello.py
flask,tests/test_apps/subdomaintestmodule/__init__.py
flask,tests/test_basic.py
flask,tests/test_blueprints.py
flask,tests/test_cli.py
flask,tests/test_config.py
flask,tests/test_helpers.py
flask,tests/test_instance_config.py
flask,tests/test_json_tag.py
flask,tests/test_logging.py
flask,tests/test_regression.py
flask,tests/test_reqctx.py
flask,tests/test_signals.py
flask,tests/test_subclassing.py
flask,tests/test_templating.py
flask,tests/test_testing.py
flask,tests/test_user_error_handler.py
flask,tests/test_views.py
flask,.pre-commit-config.yaml
flask,tox.ini
flask,CODE_OF_CONDUCT.md
flask,docs/advanced_foreword.rst
flask,docs/becomingbig.rst
flask,docs/blueprints.rst
flask,docs/cli.rst
flask,docs/deploying/cgi.rst
flask,docs/deploying/fastcgi.rst
flask,docs/deploying/mod_wsgi.rst
flask,docs/deploying/uwsgi.rst
flask,docs/errorhandling.rst
flask,docs/extensiondev.rst
flask,docs/foreword.rst
flask,docs/htmlfaq.rst
flask,docs/quickstart.rst
flask,docs/testing.rst
flask,docs/upgrading.rst
flask,README.rst
flask,.azure-pipelines.yml
flask,tox.ini
flask,.azure-pipelines.yml
flask,.azure-pipelines.yml
flask,tox.ini
flask,.azure-pipelines.yml
flask,tox.ini
flask,.azure-pipelines.yml
flask,.azure-pipelines.yml
flask,.azure-pipelines.yml
flask,.azure-pipelines.yml
flask,setup.py
flask,docs/api.rst
flask,docs/quickstart.rst
flask,docs/config.rst
flask,docs/extensions.rst
flask,docs/patterns/caching.rst
flask,docs/quickstart.rst
flask,flask/_compat.py
flask,CHANGES.rst
flask,docs/extensiondev.rst
flask,docs/extensiondev.rst
flask,docs/patterns/methodoverrides.rst
flask,CHANGES.rst
flask,flask/app.py
flask,tests/test_user_error_handler.py
flask,flask/app.py
flask,tests/test_user_error_handler.py
flask,CHANGES.rst
flask,flask/helpers.py
flask,tests/test_helpers.py
flask,CHANGES.rst
flask,flask/helpers.py
flask,tests/test_helpers.py
flask,flask/helpers.py
flask,tests/test_helpers.py
flask,CHANGES.rst
flask,flask/cli.py
flask,tests/test_cli.py
flask,flask/cli.py
flask,docs/patterns/mongoengine.rst
flask,docs/patterns/mongokit.rst
flask,docs/patterns/index.rst
flask,docs/patterns/mongoengine.rst
flask,docs/patterns/mongokit.rst
flask,docs/tutorial/factory.rst
flask,docs/tutorial/install.rst
flask,docs/patterns/jquery.rst
flask,docs/patterns/packages.rst
flask,docs/config.rst
flask,docs/config.rst
flask,flask/config.py
flask,MANIFEST.in
flask,.travis.yml
flask,docs/installation.rst
flask,flask/app.py
flask,flask/_compat.py
flask,flask/sessions.py
flask,docs/api.rst
flask,docs/templating.rst
flask,flask/cli.py
flask,docs/tutorial/blog.rst
flask,docs/tutorial/database.rst
flask,.appveyor.yml
flask,.travis.yml
flask,tox.ini
flask,.appveyor.yml
flask,.travis.yml
flask,tox.ini
flask,docs/blueprints.rst
flask,flask/cli.py
flask,docs/patterns/index.rst
flask,docs/patterns/singlepageapplications.rst
flask,CHANGES.rst
flask,flask/_compat.py
flask,flask/helpers.py
flask,tests/test_helpers.py
flask,docs/conf.py
flask,docs/index.rst
flask,docs/requirements.txt
flask,tox.ini
flask,flask/app.py
flask,tests/test_basic.py
flask,docs/deploying/mod_wsgi.rst
flask,docs/errorhandling.rst
flask,setup.py
flask,docs/patterns/caching.rst
flask,CHANGES.rst
flask,tests/test_reqctx.py
flask,flask/ctx.py
flask,tests/test_reqctx.py
flask,docs/errorhandling.rst
flask,docs/errorhandling.rst
flask,CHANGES.rst
flask,flask/ctx.py
flask,tests/test_reqctx.py
flask,docs/testing.rst
flask,.github/ISSUE_TEMPLATE.md
flask,CONTRIBUTING.rst
flask,docs/api.rst
flask,docs/config.rst
flask,docs/deploying/uwsgi.rst
flask,docs/deploying/wsgi-standalone.rst
flask,docs/htmlfaq.rst
flask,docs/make.bat
flask,docs/patterns/celery.rst
flask,docs/patterns/fabric.rst
flask,docs/patterns/jquery.rst
flask,docs/patterns/mongokit.rst
flask,docs/unicode.rst
flask,docs/patterns/deferredcallbacks.rst
flask,flask/cli.py
flask,tests/test_cli.py
flask,flask/cli.py
flask,flask/app.py
flask,.github/ISSUE_TEMPLATE.md
flask,flask/app.py
flask,docs/quickstart.rst
flask,docs/errorhandling.rst
flask,docs/quickstart.rst
flask,docs/cli.rst
flask,docs/cli.rst
flask,docs/conf.py
flask,docs/_static/flask-favicon.ico
flask,docs/_static/flask-icon.png
flask,docs/_static/flask-logo-sidebar.png
flask,docs/_static/flask-logo.png
flask,docs/conf.py
flask,docs/index.rst
flask,docs/conf.py
flask,docs/conf.py
flask,docs/cli.rst
flask,docs/config.rst
flask,docs/deploying/fastcgi.rst
flask,docs/deploying/mod_wsgi.rst
flask,docs/deploying/wsgi-standalone.rst
flask,docs/installation.rst
flask,docs/patterns/appfactories.rst
flask,docs/patterns/packages.rst
flask,docs/quickstart.rst
flask,docs/testing.rst
flask,docs/tutorial/database.rst
flask,docs/tutorial/deploy.rst
flask,docs/tutorial/factory.rst
flask,docs/tutorial/install.rst
flask,docs/tutorial/layout.rst
flask,docs/tutorial/tests.rst
flask,docs/upgrading.rst
flask,examples/javascript/README.rst
flask,examples/tutorial/README.rst
flask,docs/reqcontext.rst
flask,docs/tutorial/views.rst
flask,docs/cli.rst
flask,docs/deploying/fastcgi.rst
flask,docs/deploying/uwsgi.rst
flask,docs/deploying/wsgi-standalone.rst
flask,README.rst
flask,docs/tutorial/layout.rst
flask,flask/cli.py
flask,docs/api.rst
flask,docs/patterns/fileuploads.rst
flask,flask/__init__.py
flask,docs/blueprints.rst
flask,docs/testing.rst
flask,flask/cli.py
flask,CHANGES.rst
flask,flask/cli.py
flask,tests/test_cli.py
flask,flask/cli.py
flask,examples/tutorial/README.rst
flask,tests/test_cli.py
flask,.appveyor.yml
flask,.travis.yml
flask,tox.ini
flask,docs/appcontext.rst
flask,tests/test_appctx.py
flask,tests/test_appctx.py
flask,docs/deploying/wsgi-standalone.rst
flask,CHANGES.rst
flask,flask/helpers.py
flask,tests/test_helpers.py
flask,README.rst
flask,CHANGES.rst
flask,docs/deploying/wsgi-standalone.rst
flask,CHANGES.rst
flask,flask/cli.py
flask,tests/test_cli.py
flask,docs/logging.rst
flask,Makefile
flask,docs/flaskstyle.sty
flask,docs/installation.rst
flask,docs/installation.rst
flask,docs/flaskstyle.sty
flask,CHANGES.rst
flask,flask/__init__.py
flask,flask/__init__.py
flask,CHANGES.rst
flask,flask/cli.py
flask,flask/blueprints.py
flask,tests/test_blueprints.py
flask,flask/blueprints.py
flask,tests/test_blueprints.py
flask,setup.py
flask,docs/tutorial/static.rst
flask,docs/tutorial/static.rst
flask,CHANGES
flask,CHANGES.rst
flask,flask/__init__.py
flask,flask/__init__.py
flask,CHANGES.rst
flask,flask/app.py
flask,flask/__init__.py
flask,flask/__init__.py
flask,CHANGES
flask,flask/blueprints.py
flask,docs/quickstart.rst
flask,docs/cli.rst
flask,flask/cli.py
flask,flask/helpers.py
flask,tests/test_cli.py
flask,flask/cli.py
flask,flask/app.py
flask,tests/test_basic.py
flask,flask/blueprints.py
flask,tests/test_blueprints.py
flask,docs/patterns/fileuploads.rst
flask,flask/app.py
flask,docs/config.rst
flask,docs/api.rst
flask,setup.py
flask,setup.py
flask,docs/config.rst
flask,CHANGES.rst
flask,CHANGES.rst
flask,flask/blueprints.py
flask,tests/test_blueprints.py
flask,docs/api.rst
flask,docs/conf.py
flask,docs/conf.py
flask,docs/conf.py
flask,CHANGES.rst
flask,CHANGES.rst
flask,docs/index.rst
flask,setup.py
flask,setup.py
flask,docs/index.rst
flask,flask/__init__.py
flask,flask/__init__.py
flask,flask/__init__.py
flask,CHANGES.rst
flask,setup.py
flask,flask/__init__.py
flask,CHANGES.rst
flask,flask/__init__.py
flask,flask/__init__.py
flask,CHANGES
flask,scripts/make-release.py
flask,setup.py
flask,setup.py
flask,docs/conf.py
flask,README.rst
flask,docs/conf.py
flask,docs/conf.py
flask,docs/conf.py
flask,docs/blueprints.rst
flask,README.rst
flask,README.rst
flask,examples/javascript/js_example/templates/base.html
flask,examples/javascript/js_example/templates/base.html
flask,docs/cli.rst
flask,flask/json/tag.py
flask,flask/json/tag.py
flask,tests/test_json_tag.py
flask,CHANGES.rst
flask,flask/app.py
flask,flask/cli.py
flask,CHANGES.rst
flask,flask/__init__.py
flask,docs/conf.py
flask,.gitignore
flask,.gitmodules
flask,CHANGES
flask,docs/.gitignore
flask,docs/Makefile
flask,docs/_templates/sidebarintro.html
flask,docs/_templates/sidebarlogo.html
flask,docs/_themes
flask,docs/api.rst
flask,docs/conf.py
flask,docs/deploying/fastcgi.rst
flask,docs/deploying/mod_wsgi.rst
flask,docs/extensions.rst
flask,docs/flaskdocext.py
flask,docs/flaskext.py
flask,docs/index.rst
flask,docs/make.bat
flask,docs/patterns/distribute.rst
flask,docs/patterns/jquery.rst
flask,docs/patterns/sqlalchemy.rst
flask,docs/patterns/wtforms.rst
flask,docs/signals.rst
flask,docs/testing.rst
flask,docs/tutorial/dbcon.rst
flask,docs/tutorial/index.rst
flask,docs/upgrading.rst
flask,.gitignore
flask,CHANGES.rst
flask,docs/.gitignore
flask,docs/Makefile
flask,docs/_templates/sidebarintro.html
flask,docs/_templates/sidebarlogo.html
flask,docs/api.rst
flask,docs/conf.py
flask,docs/deploying/fastcgi.rst
flask,docs/deploying/mod_wsgi.rst
flask,docs/extensiondev.rst
flask,docs/extensions.rst
flask,docs/flaskdocext.py
flask,docs/index.rst
flask,docs/installation.rst
flask,docs/make.bat
flask,docs/patterns/caching.rst
flask,docs/patterns/distribute.rst
flask,docs/patterns/sqlalchemy.rst
flask,docs/patterns/wtforms.rst
flask,docs/signals.rst
flask,flask/cli.py
flask,flask/helpers.py
flask,setup.py
flask,tox.ini
flask,flask/cli.py
flask,.coveragerc
flask,setup.cfg
flask,docs/patterns/jquery.rst
flask,examples/javascript/js_example/templates/base.html
flask,examples/javascript/js_example/templates/fetch.html
flask,examples/javascript/js_example/templates/jquery.html
flask,examples/javascript/js_example/templates/plain.html
flask,docs/patterns/jquery.rst
flask,docs/testing.rst
flask,examples/javascript/.gitignore
flask,examples/javascript/LICENSE
flask,examples/javascript/MANIFEST.in
flask,examples/javascript/README.rst
flask,examples/javascript/js_example/__init__.py
flask,examples/javascript/js_example/templates/base.html
flask,examples/javascript/js_example/templates/fetch.html
flask,examples/javascript/js_example/templates/jquery.html
flask,examples/javascript/js_example/templates/plain.html
flask,examples/javascript/js_example/views.py
flask,examples/javascript/setup.cfg
flask,examples/javascript/setup.py
flask,examples/javascript/tests/conftest.py
flask,examples/javascript/tests/test_js_example.py
flask,examples/tutorial/README.rst
flask,examples/tutorial/flaskr/auth.py
flask,examples/tutorial/setup.cfg
flask,examples/tutorial/setup.py
flask,tox.ini
flask,CHANGES
flask,flask/json.py
flask,flask/wrappers.py
flask,tests/test_helpers.py
flask,flask/cli.py
flask,CHANGES.rst
flask,docs/api.rst
flask,docs/config.rst
flask,flask/app.py
flask,flask/wrappers.py
flask,tests/test_basic.py
flask,CHANGES.rst
flask,flask/json/__init__.py
flask,flask/wrappers.py
flask,tests/test_helpers.py
flask,CHANGES.rst
flask,flask/wrappers.py
flask,tests/test_helpers.py
flask,docs/patterns/fileuploads.rst
flask,docs/blueprints.rst
flask,CONTRIBUTING.rst
flask,docs/_static/flaskr.png
flask,docs/conf.py
flask,docs/installation.rst
flask,docs/patterns/jquery.rst
flask,docs/patterns/packages.rst
flask,docs/testing.rst
flask,docs/tutorial/blog.rst
flask,docs/tutorial/css.rst
flask,docs/tutorial/database.rst
flask,docs/tutorial/dbcon.rst
flask,docs/tutorial/dbinit.rst
flask,docs/tutorial/deploy.rst
flask,docs/tutorial/factory.rst
flask,docs/tutorial/flaskr_edit.png
flask,docs/tutorial/flaskr_index.png
flask,docs/tutorial/flaskr_login.png
flask,docs/tutorial/folders.rst
flask,docs/tutorial/index.rst
flask,docs/tutorial/install.rst
flask,docs/tutorial/introduction.rst
flask,docs/tutorial/layout.rst
flask,docs/tutorial/next.rst
flask,docs/tutorial/packaging.rst
flask,docs/tutorial/schema.rst
flask,docs/tutorial/setup.rst
flask,docs/tutorial/static.rst
flask,docs/tutorial/templates.rst
flask,docs/tutorial/testing.rst
flask,docs/tutorial/tests.rst
flask,docs/tutorial/views.rst
flask,examples/blueprintexample/blueprintexample.py
flask,examples/blueprintexample/simple_page/__init__.py
flask,examples/blueprintexample/simple_page/simple_page.py
flask,examples/blueprintexample/simple_page/templates/pages/hello.html
flask,examples/blueprintexample/simple_page/templates/pages/index.html
flask,examples/blueprintexample/simple_page/templates/pages/layout.html
flask,examples/blueprintexample/simple_page/templates/pages/world.html
flask,examples/blueprintexample/test_blueprintexample.py
flask,examples/flaskr/.gitignore
flask,examples/flaskr/README
flask,examples/flaskr/flaskr/__init__.py
flask,examples/flaskr/flaskr/blueprints/__init__.py
flask,examples/flaskr/flaskr/blueprints/flaskr.py
flask,examples/flaskr/flaskr/factory.py
flask,examples/flaskr/flaskr/schema.sql
flask,examples/flaskr/flaskr/static/style.css
flask,examples/flaskr/flaskr/templates/layout.html
flask,examples/flaskr/flaskr/templates/login.html
flask,examples/flaskr/flaskr/templates/show_entries.html
flask,examples/flaskr/setup.cfg
flask,examples/flaskr/setup.py
flask,examples/flaskr/tests/test_flaskr.py
flask,examples/jqueryexample/jqueryexample.py
flask,examples/jqueryexample/templates/index.html
flask,examples/jqueryexample/templates/layout.html
flask,examples/minitwit/.gitignore
flask,examples/minitwit/MANIFEST.in
flask,examples/minitwit/README
flask,examples/minitwit/minitwit/__init__.py
flask,examples/minitwit/minitwit/minitwit.py
flask,examples/minitwit/minitwit/schema.sql
flask,examples/minitwit/minitwit/static/style.css
flask,examples/minitwit/minitwit/templates/layout.html
flask,examples/minitwit/minitwit/templates/login.html
flask,examples/minitwit/minitwit/templates/register.html
flask,examples/minitwit/minitwit/templates/timeline.html
flask,examples/minitwit/setup.cfg
flask,examples/minitwit/setup.py
flask,examples/minitwit/tests/test_minitwit.py
flask,examples/patterns/largerapp/setup.py
flask,examples/patterns/largerapp/tests/test_largerapp.py
flask,examples/patterns/largerapp/yourapplication/__init__.py
flask,examples/patterns/largerapp/yourapplication/static/style.css
flask,examples/patterns/largerapp/yourapplication/templates/index.html
flask,examples/patterns/largerapp/yourapplication/templates/layout.html
flask,examples/patterns/largerapp/yourapplication/templates/login.html
flask,examples/patterns/largerapp/yourapplication/views.py
flask,examples/tutorial/.gitignore
flask,examples/tutorial/LICENSE
flask,examples/tutorial/MANIFEST.in
flask,examples/tutorial/README.rst
flask,examples/tutorial/flaskr/__init__.py
flask,examples/tutorial/flaskr/auth.py
flask,examples/tutorial/flaskr/blog.py
flask,examples/tutorial/flaskr/db.py
flask,examples/tutorial/flaskr/schema.sql
flask,examples/tutorial/flaskr/static/style.css
flask,examples/tutorial/flaskr/templates/auth/login.html
flask,examples/tutorial/flaskr/templates/auth/register.html
flask,examples/tutorial/flaskr/templates/base.html
flask,examples/tutorial/flaskr/templates/blog/create.html
flask,examples/tutorial/flaskr/templates/blog/index.html
flask,examples/tutorial/flaskr/templates/blog/update.html
flask,examples/tutorial/setup.cfg
flask,examples/tutorial/setup.py
flask,examples/tutorial/tests/conftest.py
flask,examples/tutorial/tests/data.sql
flask,examples/tutorial/tests/test_auth.py
flask,examples/tutorial/tests/test_blog.py
flask,examples/tutorial/tests/test_db.py
flask,examples/tutorial/tests/test_factory.py
flask,tox.ini
flask,docs/api.rst
flask,docs/appcontext.rst
flask,docs/reqcontext.rst
flask,flask/app.py
flask,flask/ctx.py
flask,flask/globals.py
flask,flask/testing.py
flask,flask/cli.py
flask,README.rst
flask,README.rst
flask,README.rst
flask,docs/api.rst
flask,docs/extensiondev.rst
flask,docs/extensions.rst
flask,tests/conftest.py
flask,tests/test_appctx.py
flask,.gitignore
flask,docs/quickstart.rst
flask,CHANGES.rst
flask,flask/blueprints.py
flask,tests/test_blueprints.py
flask,flask/blueprints.py
flask,CHANGES.rst
flask,docs/config.rst
flask,flask/app.py
flask,tests/test_basic.py
flask,CHANGES.rst
flask,flask/app.py
flask,tests/test_basic.py
flask,tests/test_testing.py
flask,CHANGES.rst
flask,docs/api.rst
flask,docs/testing.rst
flask,flask/app.py
flask,flask/testing.py
flask,tests/test_testing.py
flask,flask/app.py
flask,.travis.yml
flask,docs/conf.py
flask,examples/blueprintexample/blueprintexample.py
flask,examples/blueprintexample/test_blueprintexample.py
flask,examples/flaskr/flaskr/blueprints/flaskr.py
flask,examples/flaskr/flaskr/factory.py
flask,examples/flaskr/setup.py
flask,examples/flaskr/tests/test_flaskr.py
flask,examples/jqueryexample/jqueryexample.py
flask,examples/minitwit/minitwit/minitwit.py
flask,examples/minitwit/tests/test_minitwit.py
flask,examples/patterns/largerapp/tests/test_largerapp.py
flask,examples/patterns/largerapp/yourapplication/__init__.py
flask,examples/patterns/largerapp/yourapplication/views.py
flask,flask/__init__.py
flask,flask/__main__.py
flask,flask/_compat.py
flask,flask/app.py
flask,flask/blueprints.py
flask,flask/cli.py
flask,flask/config.py
flask,flask/ctx.py
flask,flask/debughelpers.py
flask,flask/globals.py
flask,flask/helpers.py
flask,flask/json/__init__.py
flask,flask/json/tag.py
flask,flask/logging.py
flask,flask/sessions.py
flask,flask/signals.py
flask,flask/templating.py
flask,flask/testing.py
flask,flask/views.py
flask,flask/wrappers.py
flask,setup.py
flask,tests/conftest.py
flask,tests/test_appctx.py
flask,tests/test_basic.py
flask,tests/test_blueprints.py
flask,tests/test_cli.py
flask,tests/test_config.py
flask,tests/test_helpers.py
flask,tests/test_instance_config.py
flask,tests/test_json_tag.py
flask,tests/test_logging.py
flask,tests/test_regression.py
flask,tests/test_reqctx.py
flask,tests/test_signals.py
flask,tests/test_subclassing.py
flask,tests/test_templating.py
flask,tests/test_testing.py
flask,tests/test_user_error_handler.py
flask,tests/test_views.py
flask,.gitattributes
flask,.travis.yml
flask,AUTHORS
flask,CHANGES.rst
flask,CONTRIBUTING.rst
flask,LICENSE
flask,MANIFEST.in
flask,Makefile
flask,README
flask,README.rst
flask,docs/index.rst
flask,scripts/flaskext_tester.py
flask,scripts/make-release.py
flask,setup.cfg
flask,setup.py
flask,test-requirements.txt
flask,CHANGES.rst
flask,flask/helpers.py
flask,setup.py
flask,tox.ini
flask,docs/cli.rst
flask,docs/testing.rst
flask,docs/cli.rst
flask,.travis.yml
flask,flask/cli.py
flask,CHANGES.rst
flask,CHANGES.rst
flask,docs/changelog.rst
flask,scripts/make-release.py
flask,flask/cli.py
flask,docs/config.rst
flask,docs/security.rst
flask,flask/sessions.py
flask,tests/test_basic.py
flask,CHANGES
flask,flask/cli.py
flask,tests/test_cli.py
flask,tox.ini
flask,docs/config.rst
flask,docs/security.rst
flask,flask/app.py
flask,flask/sessions.py
flask,tests/test_basic.py
flask,docs/patterns/fileuploads.rst
flask,docs/cli.rst
flask,docs/config.rst
flask,docs/quickstart.rst
flask,docs/server.rst
flask,docs/tutorial/packaging.rst
flask,flask/app.py
flask,flask/helpers.py
flask,tests/conftest.py
flask,tests/test_cli.py
flask,flask/app.py
flask,flask/cli.py
flask,docs/cli.rst
flask,docs/config.rst
flask,docs/patterns/packages.rst
flask,docs/quickstart.rst
flask,docs/server.rst
flask,docs/tutorial/packaging.rst
flask,flask/app.py
flask,flask/cli.py
flask,flask/helpers.py
flask,tests/test_helpers.py
flask,AUTHORS
flask,CONTRIBUTING.rst
flask,docs/deploying/fastcgi.rst
flask,setup.py
flask,flask/helpers.py
flask,flask/testing.py
flask,flask/helpers.py
flask,examples/flaskr/tests/test_flaskr.py
flask,CHANGES
flask,flask/config.py
flask,flask/sessions.py
flask,tests/test_basic.py
flask,docs/_static/pycharm-runconfig.png
flask,docs/cli.rst
flask,tox.ini
flask,.appveyor.yml
flask,flask/json/__init__.py
flask,docs/patterns/appfactories.rst
flask,.appveyor.yml
flask,.appveyor.yml
flask,.travis.yml
flask,CHANGES
flask,docs/advanced_foreword.rst
flask,docs/contents.rst.inc
flask,docs/extensiondev.rst
flask,docs/installation.rst
flask,docs/python3.rst
flask,tox.ini
flask,docs/errorhandling.rst
flask,tests/test_logging.py
flask,tests/test_logging.py
flask,tests/test_logging.py
flask,docs/cli.rst
flask,docs/config.rst
flask,docs/patterns/sqlite3.rst
flask,docs/quickstart.rst
flask,docs/_static/pycharm-runconfig.png
flask,docs/_static/pycharm-runconfig.png
flask,docs/cli.rst
flask,.github/ISSUE_TEMPLATE.md
flask,.github/PULL_REQUEST_TEMPLATE.md
flask,docs/deploying/index.rst
flask,MANIFEST.in
flask,tests/test_helpers.py
flask,CHANGES
flask,flask/helpers.py
flask,tests/test_helpers.py
flask,flask/cli.py
flask,CHANGES
flask,flask/cli.py
flask,flask/cli.py
flask,tests/test_cli.py
flask,docs/deploying/wsgi-standalone.rst
flask,examples/flaskr/README
flask,.travis.yml
flask,flask/cli.py
flask,docs/patterns/appfactories.rst
flask,docs/logging.rst
flask,docs/patterns/fileuploads.rst
flask,docs/cli.rst
flask,docs/installation.rst
flask,flask/cli.py
flask,flask/cli.py
flask,tests/test_apps/cliapp/factory.py
flask,tests/test_cli.py
flask,CHANGES
flask,flask/blueprints.py
flask,tests/test_blueprints.py
flask,flask/wrappers.py
flask,tox.ini
flask,flask/helpers.py
flask,docs/_static/debugger.png
flask,docs/_static/flask.png
flask,docs/_static/flaskr.png
flask,docs/_static/logo-full.png
flask,docs/_static/no.png
flask,docs/_static/pycharm-runconfig.png
flask,docs/_static/touch-icon.png
flask,docs/_static/yes.png
flask,.github/ISSUE_TEMPLATE.rst
flask,docs/deploying/index.rst
flask,docs/_static/debugger.png
flask,docs/_static/flaskr.png
flask,examples/flaskr/README
flask,tests/conftest.py
flask,docs/tutorial/introduction.rst
flask,setup.py
flask,docs/conf.py
flask,docs/security.rst
flask,docs/security.rst
flask,docs/config.rst
flask,docs/security.rst
flask,CHANGES
flask,CHANGES
flask,docs/config.rst
flask,docs/contents.rst.inc
flask,docs/errorhandling.rst
flask,docs/logging.rst
flask,flask/app.py
flask,flask/logging.py
flask,tests/test_basic.py
flask,tests/test_helpers.py
flask,tests/test_logging.py
flask,tests/test_subclassing.py
flask,tests/test_templating.py
flask,tests/test_testing.py
flask,CHANGES
flask,flask/testing.py
flask,tests/test_testing.py
flask,docs/patterns/distribute.rst
flask,flask/testing.py
flask,.gitignore
flask,.travis.yml
flask,CHANGES
flask,docs/api.rst
flask,docs/cli.rst
flask,docs/installation.rst
flask,flask/app.py
flask,flask/cli.py
flask,setup.py
flask,tests/test_apps/.env
flask,tests/test_apps/.flaskenv
flask,tests/test_cli.py
flask,tox.ini
flask,docs/security.rst
flask,CHANGES
flask,flask/cli.py
flask,tests/test_apps/cliapp/factory.py
flask,tests/test_apps/cliapp/inner1/__init__.py
flask,tests/test_apps/cliapp/inner1/inner2/__init__.py
flask,tests/test_apps/cliapp/inner1/inner2/flask.py
flask,tests/test_apps/cliapp/message.txt
flask,tests/test_cli.py
flask,CHANGES
flask,flask/testing.py
flask,tests/test_testing.py
flask,flask/app.py
flask,tests/test_appctx.py
flask,flask/app.py
flask,tests/test_appctx.py
flask,tests/test_basic.py
flask,docs/patterns/distribute.rst
flask,tox.ini
flask,docs/config.rst
flask,docs/api.rst
flask,docs/config.rst
flask,docs/patterns/flashing.rst
flask,docs/quickstart.rst
flask,docs/tutorial/setup.rst
flask,examples/flaskr/flaskr/factory.py
flask,examples/minitwit/minitwit/minitwit.py
flask,flask/app.py
flask,tests/conftest.py
flask,tests/static/config.json
flask,tests/test_basic.py
flask,tests/test_config.py
flask,tests/test_signals.py
flask,tests/test_templating.py
flask,tests/test_testing.py
flask,flask/cli.py
flask,CHANGES
flask,flask/wrappers.py
flask,tests/test_deprecations.py
flask,scripts/flask-07-upgrade.py
flask,CHANGES
flask,flask/ext/__init__.py
flask,flask/exthook.py
flask,scripts/flaskext_compat.py
flask,setup.py
flask,tests/test_ext.py
flask,CHANGES
flask,flask/helpers.py
flask,flask/wrappers.py
flask,tests/test_deprecations.py
flask,flask/app.py
flask,tests/test_basic.py
flask,flask/app.py
flask,flask/app.py
flask,flask/app.py
flask,docs/config.rst
flask,docs/cli.rst
flask,flask/cli.py
flask,tests/test_cli.py
flask,docs/cli.rst
flask,flask/cli.py
flask,tests/test_apps/helloworld/hello.py
flask,tests/test_apps/helloworld/wsgi.py
flask,tests/test_cli.py
flask,tests/test_helpers.py
flask,tests/test_helpers.py
flask,tox.ini
flask,tests/test_helpers.py
flask,tests/test_helpers.py
flask,tox.ini
flask,tests/test_helpers.py
flask,tox.ini
flask,CHANGES
flask,flask/json/__init__.py
flask,tests/test_templating.py
flask,tests/test_helpers.py
flask,tox.ini
flask,CHANGES
flask,flask/app.py
flask,flask/cli.py
flask,flask/app.py
flask,flask/app.py
flask,flask/blueprints.py
flask,docs/api.rst
flask,docs/templating.rst
flask,flask/app.py
flask,docs/config.rst
flask,docs/config.rst
flask,docs/config.rst
flask,docs/security.rst
flask,flask/app.py
flask,flask/blueprints.py
flask,flask/helpers.py
flask,CHANGES
flask,flask/app.py
flask,tests/test_basic.py
flask,setup.py
flask,flask/cli.py
flask,flask/cli.py
flask,CHANGES
flask,docs/testing.rst
flask,flask/testing.py
flask,flask/wrappers.py
flask,tests/test_testing.py
flask,CHANGES
flask,flask/ctx.py
flask,tests/test_helpers.py
flask,flask/wrappers.py
flask,tests/test_basic.py
flask,tests/test_json_tag.py
flask,flask/wrappers.py
flask,docs/api.rst
flask,flask/json/tag.py
flask,docs/api.rst
flask,flask/json/tag.py
flask,flask/json/tag.py
flask,CHANGES
flask,flask/json/__init__.py
flask,flask/json/tag.py
flask,flask/sessions.py
flask,docs/errorhandling.rst
flask,flask/app.py
flask,tests/test_basic.py
flask,flask/app.py
flask,flask/app.py
flask,tests/test_basic.py
flask,CHANGES
flask,docs/config.rst
flask,flask/app.py
flask,tests/test_helpers.py
flask,flask/app.py
flask,flask/ctx.py
flask,flask/testing.py
flask,docs/config.rst
flask,flask/helpers.py
flask,flask/sessions.py
flask,tests/test_basic.py
flask,CHANGES
flask,flask/app.py
flask,flask/sessions.py
flask,flask/testing.py
flask,docs/config.rst
flask,CHANGES
flask,setup.py
flask,.github/ISSUE_TEMPLATE.rst
flask,.github/PULL_REQUEST_TEMPLATE.rst
flask,CONTRIBUTING.rst
flask,Makefile
flask,docs/contents.rst.inc
flask,docs/contributing.rst
flask,setup.py
flask,tox.ini
flask,flask/cli.py
flask,examples/flaskr/flaskr/factory.py
flask,examples/minitwit/minitwit/minitwit.py
flask,examples/patterns/largerapp/yourapplication/__init__.py
flask,docs/appcontext.rst
flask,.travis.yml
flask,.travis.yml
flask,docs/security.rst
flask,examples/flaskr/flaskr/factory.py
flask,flask/cli.py
flask,examples/flaskr/README
flask,examples/flaskr/flaskr/_cliapp.py
flask,CHANGES
flask,docs/security.rst
flask,docs/conf.py
flask,flask/cli.py
flask,tests/test_cli.py
flask,flask/helpers.py
flask,flask/sessions.py
flask,flask/cli.py
flask,flask/cli.py
flask,tests/test_apps/cliapp/factory.py
flask,tests/test_cli.py
flask,docs/_templates/sidebarintro.html
flask,docs/tutorial/introduction.rst
flask,flask/sessions.py
flask,tests/test_basic.py
flask,docs/_static/pycharm-runconfig.png
flask,docs/cli.rst
flask,tests/test_basic.py
flask,tests/test_blueprints.py
flask,tests/test_cli.py
flask,tests/test_deprecations.py
flask,tests/test_helpers.py
flask,tests/test_regression.py
flask,tests/test_signals.py
flask,tests/test_templating.py
flask,tests/test_testing.py
flask,tests/test_views.py
flask,docs/tutorial/dbcon.rst
flask,docs/tutorial/dbinit.rst
flask,docs/tutorial/folders.rst
flask,docs/tutorial/index.rst
flask,docs/tutorial/packaging.rst
flask,docs/tutorial/setup.rst
flask,docs/tutorial/templates.rst
flask,docs/tutorial/views.rst
flask,.coveragerc
flask,.travis.yml
flask,setup.cfg
flask,setup.py
flask,tox.ini
flask,tests/test_reqctx.py
flask,tests/test_reqctx.py
flask,tests/test_blueprints.py
flask,tests/test_blueprints.py
flask,CHANGES
flask,flask/cli.py
flask,tox.ini
flask,setup.py
flask,tests/conftest.py
flask,tests/test_appctx.py
flask,tests/test_basic.py
flask,tests/test_blueprints.py
flask,tests/test_deprecations.py
flask,tests/test_helpers.py
flask,tests/test_regression.py
flask,tests/test_reqctx.py
flask,tests/test_templating.py
flask,tests/test_testing.py
flask,tests/test_user_error_handler.py
flask,tests/test_views.py
flask,flask/_compat.py
flask,flask/cli.py
flask,tests/test_cli.py
flask,docs/testing.rst
flask,examples/flaskr/tests/test_flaskr.py
flask,docs/security.rst
flask,flask/views.py
flask,tests/test_views.py
flask,docs/testing.rst
flask,docs/quickstart.rst
flask,CONTRIBUTING.rst
flask,flask/app.py
flask,flask/app.py
flask,tests/test_user_error_handler.py
flask,flask/app.py
flask,tests/test_user_error_handler.py
flask,flask/app.py
flask,tests/test_user_error_handler.py
flask,examples/minitwit/tests/test_minitwit.py
flask,tests/conftest.py
flask,tests/test_ext.py
flask,CONTRIBUTING.rst
flask,tests/test_helpers.py
flask,tests/test_helpers.py
flask,docs/security.rst
flask,docs/security.rst
flask,docs/security.rst
flask,flask/app.py
flask,docs/security.rst
flask,tests/test_helpers.py
flask,docs/testing.rst
flask,examples/flaskr/tests/test_flaskr.py
flask,docs/deploying/wsgi-standalone.rst
flask,docs/testing.rst
flask,docs/signals.rst
flask,docs/testing.rst
flask,flask/app.py
flask,tests/test_blueprints.py
flask,tests/test_blueprints.py
flask,tests/test_helpers.py
flask,CHANGES
flask,flask/cli.py
flask,CHANGES
flask,flask/cli.py
flask,docs/deploying/index.rst
flask,docs/deploying/index.rst
flask,tests/test_blueprints.py
flask,flask/cli.py
flask,tests/test_blueprints.py
flask,flask/cli.py
flask,tests/test_cli.py
flask,docs/quickstart.rst
flask,docs/quickstart.rst
flask,tests/test_blueprints.py
flask,docs/reqcontext.rst
flask,docs/reqcontext.rst
flask,flask/sessions.py
flask,tests/test_basic.py
flask,flask/sessions.py
flask,flask/__init__.py
flask,flask/__init__.py
flask,CHANGES
flask,CHANGES
flask,flask/helpers.py
flask,tests/test_helpers.py
flask,flask/helpers.py
flask,tests/test_helpers.py
flask,docs/patterns/celery.rst
flask,CHANGES
flask,flask/helpers.py
flask,flask/sessions.py
flask,tests/test_basic.py
flask,flask/helpers.py
flask,flask/sessions.py
flask,docs/patterns/deferredcallbacks.rst
flask,docs/quickstart.rst
flask,docs/installation.rst
flask,CONTRIBUTING.rst
flask,docs/quickstart.rst
flask,flask/json.py
flask,docs/conf.py
flask,docs/patterns/errorpages.rst
flask,docs/patterns/errorpages.rst
flask,CHANGES
flask,flask/cli.py
flask,tests/test_apps/cliapp/routesapp.py
flask,tests/test_cli.py
flask,flask/app.py
flask,CHANGES
flask,flask/app.py
flask,tests/test_basic.py
flask,CHANGES
flask,flask/blueprints.py
flask,flask/json.py
flask,tests/test_helpers.py
flask,CHANGES
flask,flask/app.py
flask,tests/test_reqctx.py
flask,CHANGES
flask,flask/views.py
flask,CHANGES
flask,flask/app.py
flask,tests/test_basic.py
flask,tests/test_basic.py
flask,CHANGES
flask,flask/helpers.py
flask,flask/app.py
flask,tests/test_helpers.py
flask,docs/testing.rst
flask,docs/testing.rst
flask,docs/testing.rst
flask,tests/test_helpers.py
flask,flask/helpers.py
flask,docs/patterns/packages.rst
flask,CHANGES
flask,tests/test_helpers.py
flask,flask/helpers.py
flask,tests/test_helpers.py
flask,flask/helpers.py
flask,AUTHORS
flask,CHANGES
flask,flask/app.py
flask,tests/test_basic.py
flask,docs/cli.rst
flask,flask/json.py
flask,docs/patterns/fileuploads.rst
flask,examples/flaskr/README
flask,examples/flaskr/flaskr/_cliapp.py
flask,examples/flaskr/flaskr/factory.py
flask,examples/flaskr/setup.cfg
flask,examples/flaskr/setup.py
flask,examples/flaskr/tests/test_flaskr.py
flask,examples/flaskr/flaskr/__init__.py
flask,examples/flaskr/flaskr/_cliapp.py
flask,examples/flaskr/flaskr/blueprints/__init__.py
flask,examples/flaskr/flaskr/blueprints/flaskr.py
flask,examples/flaskr/flaskr/factory.py
flask,examples/flaskr/flaskr/templates/layout.html
flask,examples/flaskr/flaskr/templates/login.html
flask,examples/flaskr/flaskr/templates/show_entries.html
flask,examples/flaskr/setup.py
flask,examples/flaskr/tests/test_flaskr.py
flask,CHANGES
flask,flask/app.py
flask,tests/test_basic.py
flask,flask/__init__.py
flask,flask/__init__.py
flask,CHANGES
flask,CHANGES
flask,tests/test_basic.py
flask,CHANGES
flask,tests/test_basic.py
flask,flask/app.py
flask,CHANGES
flask,flask/app.py
flask,tests/test_basic.py
flask,flask/helpers.py
flask,setup.py
flask,tox.ini
flask,flask/helpers.py
flask,tests/test_helpers.py
flask,flask/helpers.py
flask,setup.py
flask,tests/test_helpers.py
flask,tox.ini
flask,tests/test_cli.py
flask,flask/cli.py
flask,docs/installation.rst
flask,docs/config.rst
flask,tests/test_cli.py
flask,flask/cli.py
flask,flask/cli.py
flask,docs/quickstart.rst
flask,flask/app.py
flask,docs/patterns/distribute.rst
flask,CHANGES
flask,docs/config.rst
flask,flask/app.py
flask,flask/json.py
flask,tests/test_basic.py
flask,tests/test_helpers.py
flask,docs/conf.py
flask,docs/patterns/fileuploads.rst
flask,docs/styleguide.rst
flask,docs/upgrading.rst
flask,flask/app.py
flask,scripts/flask-07-upgrade.py
flask,docs/tutorial/templates.rst
flask,CHANGES
flask,docs/config.rst
flask,docs/patterns/fileuploads.rst
flask,docs/testing.rst
flask,flask/sessions.py
flask,tests/test_basic.py
flask,docs/tutorial/templates.rst
flask,flask/json.py
flask,CONTRIBUTING.rst
flask,docs/_templates/sidebarintro.html
flask,docs/conf.py
flask,docs/deploying/fastcgi.rst
flask,docs/deploying/index.rst
flask,docs/deploying/mod_wsgi.rst
flask,docs/deploying/uwsgi.rst
flask,docs/errorhandling.rst
flask,docs/extensiondev.rst
flask,docs/installation.rst
flask,docs/patterns/appfactories.rst
flask,docs/patterns/favicon.rst
flask,docs/patterns/fileuploads.rst
flask,docs/patterns/sqlalchemy.rst
flask,docs/patterns/sqlite3.rst
flask,docs/patterns/wtforms.rst
flask,docs/quickstart.rst
flask,docs/security.rst
flask,docs/tutorial/introduction.rst
flask,docs/upgrading.rst
flask,examples/minitwit/minitwit/minitwit.py
flask,setup.py
flask,setup.cfg
flask,setup.cfg
flask,CONTRIBUTING.rst
flask,README
flask,docs/tutorial/testing.rst
flask,setup.cfg
flask,tox.ini
flask,docs/quickstart.rst
flask,CHANGES
flask,flask/app.py
flask,flask/cli.py
flask,flask/debughelpers.py
flask,CHANGES
flask,tests/test_basic.py
flask,flask/app.py
flask,docs/api.rst
flask,flask/helpers.py
flask,docs/quickstart.rst
flask,docs/conf.py
flask,.travis.yml
flask,tests/test_basic.py
flask,tests/test_ext.py
flask,tox.ini
flask,docs/extensiondev.rst
flask,docs/deploying/fastcgi.rst
flask,docs/patterns/packages.rst
flask,examples/patterns/largerapp/tests/test_largerapp.py
flask,examples/patterns/largerapp/setup.py
flask,examples/patterns/largerapp/tests/test_largerapp.py
flask,examples/patterns/largerapp/yourapplication/__init__.py
flask,examples/patterns/largerapp/yourapplication/static/style.css
flask,examples/patterns/largerapp/yourapplication/templates/index.html
flask,examples/patterns/largerapp/yourapplication/templates/layout.html
flask,examples/patterns/largerapp/yourapplication/templates/login.html
flask,examples/patterns/largerapp/yourapplication/views.py
flask,tox.ini
flask,docs/api.rst
flask,CHANGES
flask,flask/cli.py
flask,tests/test_apps/cliapp/importerrorapp.py
flask,tests/test_cli.py
flask,CHANGES
flask,docs/patterns/packages.rst
flask,examples/largerapp/setup.py
flask,examples/largerapp/yourapplication/__init__.py
flask,examples/largerapp/yourapplication/static/style.css
flask,examples/largerapp/yourapplication/templates/index.html
flask,examples/largerapp/yourapplication/templates/layout.html
flask,examples/largerapp/yourapplication/templates/login.html
flask,examples/largerapp/yourapplication/views.py
flask,docs/patterns/sqlalchemy.rst
flask,CHANGES
flask,flask/config.py
flask,tests/test_config.py
flask,flask/__init__.py
flask,CHANGES
flask,flask/__init__.py
flask,flask/__init__.py
flask,CHANGES
flask,flask/wrappers.py
flask,tests/test_helpers.py
flask,flask/sessions.py
flask,examples/minitwit/README
flask,docs/cli.rst
flask,docs/patterns/appfactories.rst
flask,docs/deploying/index.rst
flask,examples/minitwit/minitwit/__init__.py
flask,docs/config.rst
flask,docs/deploying/index.rst
flask,.gitmodules
flask,docs/_themes
flask,docs/conf.py
flask,docs/flaskext.py
flask,tests/test_helpers.py
flask,Makefile
flask,setup.cfg
flask,test-requirements.txt
flask,tox.ini
flask,docs/errorhandling.rst
flask,docs/errorhandling.rst
flask,docs/patterns/sqlalchemy.rst
flask,flask/__init__.py
flask,flask/cli.py
flask,flask/sessions.py
flask,flask/signals.py
flask,setup.cfg
flask,flask/app.py
flask,.gitignore
flask,tox.ini
flask,flask/app.py
flask,docs/tutorial/packaging.rst
flask,examples/flaskr/flaskr/__init__.py
flask,examples/flaskr/setup.cfg
flask,docs/becomingbig.rst
flask,CONTRIBUTING.rst
flask,docs/installation.rst
flask,CHANGES
flask,flask/testing.py
flask,tests/test_testing.py
flask,docs/patterns/celery.rst
flask,examples/flaskr/flaskr/__init__.py
flask,docs/quickstart.rst
flask,flask/cli.py
flask,CHANGES
flask,flask/helpers.py
flask,tests/test_helpers.py
flask,flask/app.py
flask,docs/deploying/mod_wsgi.rst
flask,flask/helpers.py
flask,flask/views.py
flask,docs/api.rst
flask,flask/helpers.py
flask,docs/cli.rst
flask,.gitattributes
flask,flask/app.py
flask,docs/upgrading.rst
flask,docs/patterns/packages.rst
flask,flask/helpers.py
flask,flask/helpers.py
flask,tests/test_helpers.py
flask,setup.cfg
flask,flask/app.py
flask,docs/tutorial/css.rst
flask,docs/tutorial/dbcon.rst
flask,docs/tutorial/index.rst
flask,docs/tutorial/packaging.rst
flask,docs/tutorial/setup.rst
flask,docs/tutorial/templates.rst
flask,docs/tutorial/testing.rst
flask,docs/tutorial/views.rst
flask,CHANGES
flask,flask/app.py
flask,tests/test_basic.py
flask,CHANGES
flask,flask/app.py
flask,flask/cli.py
flask,tests/test_basic.py
flask,flask/app.py
flask,flask/helpers.py
flask,tests/test_helpers.py
flask,docs/errorhandling.rst
flask,examples/flaskr/README
flask,examples/flaskr/flaskr/__init__.py
flask,CHANGES
flask,docs/config.rst
flask,docs/errorhandling.rst
flask,docs/tutorial/folders.rst
flask,flask/app.py
flask,docs/quickstart.rst
flask,flask/app.py
flask,flask/cli.py
flask,tests/test_basic.py
flask,CHANGES
flask,docs/upgrading.rst
flask,flask/helpers.py
flask,tests/test_helpers.py
flask,CHANGES
flask,flask/logging.py
flask,examples/flaskr/tests/context.py
flask,examples/flaskr/tests/test_flaskr.py
flask,examples/minitwit/.gitignore
flask,examples/minitwit/MANIFEST.in
flask,examples/minitwit/README
flask,examples/minitwit/minitwit/__init__.py
flask,examples/minitwit/minitwit/minitwit.py
flask,examples/minitwit/minitwit/schema.sql
flask,examples/minitwit/minitwit/static/style.css
flask,examples/minitwit/minitwit/templates/layout.html
flask,examples/minitwit/minitwit/templates/login.html
flask,examples/minitwit/minitwit/templates/register.html
flask,examples/minitwit/minitwit/templates/timeline.html
flask,examples/minitwit/setup.cfg
flask,examples/minitwit/setup.py
flask,examples/minitwit/tests/test_minitwit.py
flask,setup.cfg
flask,docs/patterns/celery.rst
flask,tests/test_helpers.py
flask,tests/test_helpers.py
flask,docs/appcontext.rst
flask,tests/test_cli.py
flask,docs/tutorial/dbinit.rst
flask,docs/testing.rst
flask,flask/testing.py
flask,flask/wrappers.py
flask,flask/testing.py
flask,flask/wrappers.py
flask,docs/api.rst
flask,docs/testing.rst
flask,flask/wrappers.py
flask,docs/testing.rst
flask,flask/wrappers.py
flask,CHANGES
flask,docs/testing.rst
flask,flask/wrappers.py
flask,flask/wrappers.py
flask,docs/testing.rst
flask,docs/testing.rst
flask,flask/wrappers.py
flask,flask/wrappers.py
flask,flask/wrappers.py
flask,tests/test_testing.py
flask,AUTHORS
flask,CHANGES
flask,flask/testing.py
flask,flask/testing.py
flask,tests/test_testing.py
flask,flask/testing.py
flask,tests/test_testing.py
flask,flask/cli.py
flask,tests/test_cli.py
flask,docs/deploying/uwsgi.rst
flask,tox.ini
flask,examples/flaskr/flaskr/templates/show_entries.html
flask,docs/patterns/deferredcallbacks.rst
flask,docs/patterns/fileuploads.rst
flask,examples/persona/README.md
flask,examples/persona/persona.py
flask,examples/persona/static/persona.js
flask,examples/persona/static/spinner.png
flask,examples/persona/static/style.css
flask,examples/persona/templates/index.html
flask,examples/persona/templates/layout.html
flask,docs/tutorial/css.rst
flask,docs/tutorial/dbcon.rst
flask,docs/tutorial/dbinit.rst
flask,docs/tutorial/folders.rst
flask,docs/tutorial/index.rst
flask,docs/tutorial/introduction.rst
flask,docs/tutorial/schema.rst
flask,docs/tutorial/setup.rst
flask,docs/tutorial/setuptools.rst
flask,docs/tutorial/templates.rst
flask,docs/tutorial/testing.rst
flask,docs/tutorial/views.rst
flask,examples/flaskr/.gitignore
flask,examples/flaskr/MANIFEST.in
flask,examples/flaskr/README
flask,examples/flaskr/flaskr/__init__.py
flask,examples/flaskr/flaskr/flaskr.py
flask,examples/flaskr/flaskr/schema.sql
flask,examples/flaskr/flaskr/static/style.css
flask,examples/flaskr/flaskr/templates/layout.html
flask,examples/flaskr/flaskr/templates/login.html
flask,examples/flaskr/flaskr/templates/show_entries.html
flask,examples/flaskr/setup.cfg
flask,examples/flaskr/setup.py
flask,examples/flaskr/tests/context.py
flask,examples/flaskr/tests/test_flaskr.py
flask,tests/test_cli.py
flask,docs/installation.rst
flask,docs/blueprints.rst
flask,flask/views.py
flask,tests/test_views.py
flask,flask/app.py
flask,docs/appcontext.rst
flask,docs/cli.rst
flask,docs/conf.py
flask,docs/installation.rst
flask,docs/patterns/distribute.rst
flask,docs/quickstart.rst
flask,docs/upgrading.rst
flask,flask/cli.py
flask,tests/test_cli.py
flask,flask/cli.py
flask,tests/test_apps/cliapp/routesapp.py
flask,tests/test_cli.py
flask,flask/cli.py
flask,flask/cli.py
flask,docs/patterns/fileuploads.rst
flask,docs/patterns/flashing.rst
flask,docs/patterns/wtforms.rst
flask,docs/quickstart.rst
flask,docs/patterns/wtforms.rst
flask,docs/upgrading.rst
flask,docs/python3.rst
flask,docs/patterns/wtforms.rst
flask,docs/patterns/lazyloading.rst
flask,flask/json.py
flask,docs/patterns/sqlite3.rst
flask,tests/test_templating.py
flask,tests/test_templating.py
flask,flask/app.py
flask,flask/app.py
flask,CHANGES
flask,flask/_compat.py
flask,.gitignore
flask,CONTRIBUTING.rst
flask,Makefile
flask,test-requirements.txt
flask,flask/json.py
flask,tests/test_helpers.py
flask,flask/blueprints.py
flask,flask/json.py
flask,tests/test_helpers.py
flask,flask/__init__.py
flask,CHANGES
flask,flask/__init__.py
flask,tests/test_cli.py
flask,docs/errorhandling.rst
flask,docs/python3.rst
flask,docs/appcontext.rst
flask,docs/advanced_foreword.rst
flask,docs/python3.rst
flask,docs/advanced_foreword.rst
flask,docs/patterns/viewdecorators.rst
flask,docs/patterns/viewdecorators.rst
flask,docs/patterns/fabric.rst
flask,docs/patterns/distribute.rst
flask,docs/patterns/fabric.rst
flask,docs/patterns/fabric.rst
flask,flask/helpers.py
flask,tests/test_helpers.py
flask,flask/helpers.py
flask,tests/test_helpers.py
flask,tests/test_cli.py
flask,tests/test_helpers.py
flask,CHANGES
flask,flask/helpers.py
flask,docs/blueprints.rst
flask,docs/appcontext.rst
flask,tests/test_blueprints.py
flask,CONTRIBUTING.rst
flask,README
flask,tests/test_basic.py
flask,CHANGES
flask,flask/cli.py
flask,tests/test_cli.py
flask,flask/cli.py
flask,tests/test_cli.py
flask,.travis.yml
flask,tox.ini
flask,AUTHORS
flask,CHANGES
flask,flask/helpers.py
flask,tests/test_helpers.py
flask,tests/conftest.py
flask,tests/test_basic.py
flask,tests/test_helpers.py
flask,tests/test_helpers.py
flask,tests/conftest.py
flask,tests/test_basic.py
flask,tests/test_deprecations.py
flask,tests/test_ext.py
flask,tests/test_helpers.py
flask,docs/tutorial/views.rst
flask,docs/extensions.rst
flask,tests/test_basic.py
flask,docs/config.rst
flask,flask/config.py
flask,docs/patterns/subclassing.rst
flask,tests/test_helpers.py
flask,tox.ini
flask,.github/ISSUE_TEMPLATE.rst
flask,docs/becomingbig.rst
flask,docs/patterns/index.rst
flask,docs/patterns/subclassing.rst
flask,docs/appcontext.rst
flask,setup.py
flask,.github/ISSUE_TEMPLATE.rst
flask,docs/patterns/flashing.rst
flask,tests/test_helpers.py
flask,tox.ini
flask,CHANGES
flask,flask/cli.py
flask,flask/cli.py
flask,Makefile
flask,test-requirements.txt
flask,scripts/flask-07-upgrade.py
flask,scripts/make-release.py
flask,docs/cli.rst
flask,flask/cli.py
flask,CHANGES
flask,flask/exthook.py
flask,CONTRIBUTING.rst
flask,docs/conf.py
flask,docs/deploying/wsgi-standalone.rst
flask,docs/patterns/wtforms.rst
flask,docs/quickstart.rst
flask,flask/__init__.py
flask,flask/__init__.py
flask,scripts/make-release.py
flask,CHANGES
flask,docs/errorhandling.rst
flask,docs/errorhandling.rst
flask,CHANGES
flask,flask/ctx.py
flask,tests/test_appctx.py
flask,docs/cli.rst
flask,flask/cli.py
flask,CHANGES
flask,docs/api.rst
flask,docs/cli.rst
flask,docs/errorhandling.rst
flask,docs/extensiondev.rst
flask,docs/server.rst
flask,docs/shell.rst
flask,docs/upgrading.rst
flask,docs/server.rst
flask,docs/api.rst
flask,docs/cli.rst
flask,docs/patterns/appfactories.rst
flask,docs/quickstart.rst
flask,docs/tutorial/dbcon.rst
flask,docs/tutorial/dbinit.rst
flask,docs/tutorial/setup.rst
flask,examples/flaskr/README
flask,examples/minitwit/README
flask,flask/cli.py
flask,Makefile
flask,flask/app.py
flask,flask/cli.py
flask,flask/helpers.py
flask,tests/test_cli.py
flask,tests/test_cli.py
flask,docs/cli.rst
flask,docs/config.rst
flask,docs/errorhandling.rst
flask,flask/app.py
flask,flask/blueprints.py
flask,flask/config.py
flask,flask/json.py
flask,flask/sessions.py
flask,flask/wrappers.py
flask,flask/app.py
flask,flask/templating.py
flask,flask/helpers.py
flask,tests/test_helpers.py
flask,tests/test_regression.py
flask,scripts/flaskext_tester.py
flask,flask/app.py
flask,tests/test_apps/cliapp/__init__.py
flask,tests/test_apps/cliapp/app.py
flask,tests/test_apps/cliapp/multiapp.py
flask,tests/test_cli.py
flask,flask/testing.py
flask,docs/extensiondev.rst
flask,docs/patterns/distribute.rst
flask,flask/wrappers.py
flask,docs/patterns/distribute.rst
flask,docs/conf.py
flask,docs/extensions.rst
flask,docs/upgrading.rst
flask,docs/patterns/apierrors.rst
flask,CHANGES
flask,docs/config.rst
flask,flask/app.py
flask,flask/json.py
flask,tests/test_basic.py
flask,CONTRIBUTING.rst
flask,flask/views.py
flask,docs/deploying/index.rst
flask,docs/tutorial/views.rst
flask,docs/upgrading.rst
flask,scripts/flaskext_migrate.py
flask,scripts/test_import_migration.py
flask,docs/deploying/uwsgi.rst
flask,flask/app.py
flask,CHANGES
flask,CONTRIBUTING.rst
flask,docs/_templates/sidebarintro.html
flask,docs/extensions.rst
flask,docs/installation.rst
flask,docs/patterns/jquery.rst
flask,docs/security.rst
flask,docs/testing.rst
flask,docs/tutorial/dbcon.rst
flask,docs/tutorial/index.rst
flask,docs/upgrading.rst
flask,setup.py
flask,tox.ini
flask,CHANGES
flask,CHANGES
flask,flask/helpers.py
flask,tests/test_helpers.py
flask,docs/extensiondev.rst
flask,docs/extensions.rst
flask,docs/upgrading.rst
flask,flask/exthook.py
flask,flask/helpers.py
flask,tests/test_helpers.py
flask,docs/appcontext.rst
flask,docs/config.rst
flask,docs/deploying/mod_wsgi.rst
flask,docs/deploying/uwsgi.rst
flask,docs/errorhandling.rst
flask,docs/htmlfaq.rst
flask,docs/patterns/appdispatch.rst
flask,docs/patterns/deferredcallbacks.rst
flask,docs/quickstart.rst
flask,docs/signals.rst
flask,docs/testing.rst
flask,docs/tutorial/dbinit.rst
flask,docs/tutorial/views.rst
flask,docs/api.rst
flask,docs/quickstart.rst
flask,scripts/make-release.py
flask,docs/installation.rst
flask,docs/tutorial/introduction.rst
flask,docs/installation.rst
flask,docs/security.rst
flask,docs/patterns/wtforms.rst
flask,tests/test_basic.py
flask,tests/test_blueprints.py
flask,tests/test_config.py
flask,tests/test_reqctx.py
flask,tests/test_testing.py
flask,MANIFEST.in
flask,docs/patterns/fileuploads.rst
flask,docs/errorhandling.rst
flask,flask/app.py
flask,docs/reqcontext.rst
flask,flask/app.py
flask,flask/config.py
flask,flask/ctx.py
flask,flask/json.py
flask,CHANGES
flask,flask/json.py
flask,AUTHORS
flask,CHANGES
flask,docs/security.rst
flask,flask/json.py
flask,tests/test_helpers.py
flask,flask/helpers.py
flask,flask/app.py
flask,flask/app.py
flask,flask/cli.py
flask,tests/test_basic.py
flask,CONTRIBUTING.rst
flask,CONTRIBUTING.rst
flask,setup.py
flask,flask/ctx.py
flask,docs/deploying/mod_wsgi.rst
flask,.gitmodules
flask,tox.ini
flask,AUTHORS
flask,docs/patterns/appfactories.rst
flask,.gitignore
flask,scripts/test_import_migration.py
flask,.gitignore
flask,docs/patterns/mongokit.rst
flask,flask/app.py
flask,flask/testing.py
flask,flask/testsuite/testing.py
flask,docs/config.rst
flask,flask/app.py
flask,flask/exthook.py
flask,docs/templating.rst
flask,docs/deploying/index.rst
flask,docs/deploying/mod_wsgi.rst
flask,.travis.yml
flask,tox.ini
flask,docs/config.rst
flask,flask/app.py
flask,flask/helpers.py
flask,flask/sessions.py
flask,tests/test_config.py
flask,CHANGES
flask,docs/patterns/distribute.rst
flask,docs/patterns/apierrors.rst
flask,flask/app.py
flask,.gitignore
flask,artwork/logo-lineart.svg
flask,CHANGES
flask,flask/app.py
flask,docs/patterns/sqlalchemy.rst
flask,docs/deploying/uwsgi.rst
flask,docs/deploying/uwsgi.rst
flask,flask/_compat.py
flask,flask/_compat.py
flask,flask/helpers.py
flask,CHANGES
flask,flask/app.py
flask,flask/testsuite/basic.py
flask,flask/helpers.py
flask,docs/deploying/wsgi-standalone.rst
flask,examples/jqueryexample/jqueryexample.py
flask,CHANGES
flask,flask/app.py
flask,tests/test_basic.py
flask,CHANGES
flask,docs/templating.rst
flask,docs/upgrading.rst
flask,flask/app.py
flask,flask/templating.py
flask,tests/templates/non_escaping_template.txt
flask,tests/test_templating.py
flask,flask/app.py
flask,docs/patterns/wtforms.rst
flask,flask/app.py
flask,CHANGES
flask,docs/api.rst
flask,flask/ctx.py
flask,tests/test_appctx.py
flask,CHANGES
flask,docs/api.rst
flask,flask/templating.py
flask,tests/test_signals.py
flask,flask/templating.py
flask,tests/test_signals.py
flask,tests/test_signals.py
flask,flask/templating.py
flask,tests/test_signals.py
flask,flask/signals.py
flask,tests/test_signals.py
flask,flask/__init__.py
flask,flask/signals.py
flask,flask/templating.py
flask,tests/test_signals.py
flask,.travis.yml
flask,CONTRIBUTING.rst
flask,flask/blueprints.py
flask,flask/cli.py
flask,flask/helpers.py
flask,docs/api.rst
flask,docs/signals.rst
flask,docs/testing.rst
flask,docs/patterns/celery.rst
flask,flask/helpers.py
flask,flask/app.py
flask,tests/test_templating.py
flask,docs/quickstart.rst
flask,docs/extensiondev.rst
flask,docs/extensiondev.rst
flask,docs/extensiondev.rst
flask,docs/extensiondev.rst
flask,docs/extensiondev.rst
flask,docs/extensiondev.rst
flask,CHANGES
flask,docs/extensiondev.rst
flask,docs/conf.py
flask,docs/patterns/celery.rst
flask,CHANGES
flask,flask/app.py
flask,flask/blueprints.py
flask,flask/wrappers.py
flask,flask/app.py
flask,tests/test_user_error_handler.py
flask,flask/helpers.py
flask,flask/json.py
flask,flask/app.py
flask,docs/quickstart.rst
flask,docs/deploying/wsgi-standalone.rst
flask,CONTRIBUTING.rst
flask,README
flask,flask/config.py
flask,scripts/flaskext_compat.py
flask,docs/api.rst
flask,docs/errorhandling.rst
flask,flask/logging.py
flask,tests/test_user_error_handler.py
flask,flask/app.py
flask,docs/errorhandling.rst
flask,docs/errorhandling.rst
flask,docs/upgrading.rst
flask,docs/upgrading.rst
flask,docs/errorhandling.rst
flask,docs/quickstart.rst
flask,docs/upgrading.rst
flask,flask/app.py
flask,flask/app.py
flask,flask/app.py
flask,tests/test_user_error_handler.py
flask,flask/app.py
flask,flask/app.py
flask,flask/app.py
flask,flask/app.py
flask,flask/app.py
flask,flask/app.py
flask,tests/test_templating.py
flask,docs/patterns/appdispatch.rst
flask,docs/python3.rst
flask,docs/server.rst
flask,docs/tutorial/templates.rst
flask,docs/upgrading.rst
flask,tests/test_basic.py
flask,docs/deploying/index.rst
flask,docs/patterns/errorpages.rst
flask,docs/patterns/errorpages.rst
flask,CONTRIBUTING.rst
flask,tests/test_basic.py
flask,tests/test_basic.py
flask,CHANGES
flask,AUTHORS
flask,flask/app.py
flask,flask/ctx.py
flask,tests/test_appctx.py
flask,tests/test_reqctx.py
flask,Makefile
flask,tests/test_regression.py
flask,docs/testing.rst
flask,docs/patterns/sqlalchemy.rst
flask,docs/quickstart.rst
flask,setup.cfg
flask,README
flask,docs/api.rst
flask,README
flask,flask/helpers.py
flask,CHANGES
flask,flask/wrappers.py
flask,flask/wrappers.py
flask,flask/wrappers.py
flask,tests/test_helpers.py
flask,flask/wrappers.py
flask,tests/test_helpers.py
flask,tests/test_helpers.py
flask,tests/test_helpers.py
flask,flask/wrappers.py
flask,docs/patterns/fileuploads.rst
flask,flask/wrappers.py
flask,flask/wrappers.py
flask,scripts/flaskext_migrate.py
flask,scripts/test_import_migration.py
flask,docs/patterns/flashing.rst
flask,AUTHORS
flask,scripts/flaskext_migrate.py
flask,scripts/flaskext_migrate.py
flask,scripts/flaskext_migrate.py
flask,scripts/test_import_migration.py
flask,scripts/flaskext_migrate.py
flask,scripts/flaskext_migrate.py
flask,scripts/test_import_migration.py
flask,scripts/flaskext_migrate.py
flask,scripts/test_import_migration.py
flask,tests/test_import_migration.py
flask,tox.ini
flask,scripts/flaskext_migrate.py
flask,tests/test_import_migration.py
flask,scripts/flaskext_migrate.py
flask,scripts/test.py
flask,tests/test_import_migration.py
flask,scripts/flaskext_migrate.py
flask,scripts/flaskext_migrate.py
flask,scripts/flaskext_migrate.py
flask,scripts/flaskext_migrate.py
flask,scripts/test.py
flask,scripts/fix_ext_import.py
flask,scripts/flaskext_migrate.py
flask,scripts/test.py
flask,scripts/fix_ext_import.py
flask,scripts/flaskext_migrate.py
flask,scripts/temp.py
flask,scripts/test.py
flask,docs/signals.rst
flask,flask/helpers.py
flask,tests/test_basic.py
flask,scripts/flaskext_migrate.py
flask,scripts/temp.py
flask,scripts/test.txt
flask,tests/test_basic.py
flask,setup.py
flask,flask/__init__.py
flask,setup.py
flask,tests/test_basic.py
flask,flask/app.py
flask,flask/app.py
flask,flask/app.py
flask,flask/app.py
flask,docs/api.rst
flask,flask/app.py
flask,CHANGES
flask,CHANGES
flask,flask/json.py
flask,tests/test_helpers.py
flask,docs/api.rst
flask,docs/api.rst
flask,docs/api.rst
flask,docs/api.rst
flask,examples/persona/README.md
flask,docs/quickstart.rst
flask,docs/patterns/wtforms.rst
flask,docs/testing.rst
flask,docs/patterns/fileuploads.rst
flask,docs/patterns/fileuploads.rst~
flask,docs/patterns/fileuploads.rst
flask,docs/patterns/fileuploads.rst~
flask,LICENSE
flask,docs/conf.py
flask,examples/flaskr/flaskr.py
flask,examples/flaskr/test_flaskr.py
flask,examples/jqueryexample/jqueryexample.py
flask,examples/minitwit/minitwit.py
flask,examples/minitwit/test_minitwit.py
flask,flask/__init__.py
flask,flask/__main__.py
flask,flask/_compat.py
flask,flask/app.py
flask,flask/blueprints.py
flask,flask/cli.py
flask,flask/config.py
flask,flask/ctx.py
flask,flask/debughelpers.py
flask,flask/ext/__init__.py
flask,flask/exthook.py
flask,flask/globals.py
flask,flask/helpers.py
flask,flask/json.py
flask,flask/logging.py
flask,flask/sessions.py
flask,flask/signals.py
flask,flask/templating.py
flask,flask/testing.py
flask,flask/views.py
flask,flask/wrappers.py
flask,scripts/flask-07-upgrade.py
flask,scripts/flaskext_compat.py
flask,scripts/flaskext_tester.py
flask,scripts/make-release.py
flask,tests/conftest.py
flask,tests/test_appctx.py
flask,tests/test_basic.py
flask,tests/test_blueprints.py
flask,tests/test_config.py
flask,tests/test_deprecations.py
flask,tests/test_ext.py
flask,tests/test_helpers.py
flask,tests/test_instance_config.py
flask,tests/test_regression.py
flask,tests/test_reqctx.py
flask,tests/test_signals.py
flask,tests/test_subclassing.py
flask,tests/test_templating.py
flask,tests/test_testing.py
flask,tests/test_views.py
flask,docs/quickstart.rst
flask,docs/testing.rst
flask,docs/testing.rst
flask,flask/cli.py
flask,CHANGES
flask,flask/app.py
flask,tests/test_basic.py
flask,docs/installation.rst
flask,.travis.yml
flask,docs/patterns/mongokit.rst
flask,docs/foreword.rst
flask,docs/tutorial/css.rst
flask,docs/tutorial/dbcon.rst
flask,docs/tutorial/dbinit.rst
flask,docs/tutorial/folders.rst
flask,docs/tutorial/index.rst
flask,docs/tutorial/introduction.rst
flask,docs/tutorial/schema.rst
flask,docs/tutorial/setup.rst
flask,docs/tutorial/templates.rst
flask,docs/tutorial/testing.rst
flask,docs/tutorial/views.rst
flask,docs/patterns/mongokit.rst
flask,docs/_templates/sidebarintro.html
flask,docs/extensions.rst
flask,docs/patterns/jquery.rst
flask,docs/api.rst
flask,CHANGES
flask,flask/json.py
flask,tests/test_basic.py
flask,docs/api.rst
flask,docs/python3.rst
flask,docs/python3.rst
flask,docs/python3.rst
flask,docs/python3.rst
flask,docs/cli.rst
flask,docs/patterns/lazyloading.rst
flask,docs/patterns/sqlite3.rst
flask,docs/patterns/favicon.rst
flask,flask/sessions.py
flask,docs/installation.rst
flask,docs/security.rst
flask,docs/config.rst
flask,examples/flaskr/README
flask,examples/minitwit/README
flask,docs/quickstart.rst
flask,docs/upgrading.rst
flask,flask/app.py
flask,flask/helpers.py
flask,flask/json.py
flask,docs/extensions.rst
flask,docs/installation.rst
flask,docs/patterns/distribute.rst
flask,docs/patterns/fileuploads.rst
flask,docs/api.rst
flask,docs/patterns/jquery.rst
flask,docs/templating.rst
flask,docs/deploying/cgi.rst
flask,docs/deploying/mod_wsgi.rst
flask,docs/patterns/fabric.rst
flask,docs/patterns/fileuploads.rst
flask,docs/patterns/packages.rst
flask,docs/tutorial/setup.rst
flask,flask/app.py
flask,flask/helpers.py
flask,docs/htmlfaq.rst
flask,docs/patterns/apierrors.rst
flask,docs/quickstart.rst
flask,docs/security.rst
flask,flask/json.py
flask,flask/wrappers.py
flask,docs/extensiondev.rst
flask,docs/patterns/fabric.rst
flask,docs/quickstart.rst
flask,docs/reqcontext.rst
flask,docs/shell.rst
flask,docs/signals.rst
flask,docs/testing.rst
flask,docs/tutorial/templates.rst
flask,docs/views.rst
flask,flask/app.py
flask,docs/patterns/jquery.rst
flask,docs/patterns/wtforms.rst
flask,CHANGES
flask,docs/deploying/wsgi-standalone.rst
flask,docs/patterns/appdispatch.rst
flask,docs/patterns/fileuploads.rst
flask,flask/helpers.py
flask,docs/deploying/fastcgi.rst
flask,docs/deploying/mod_wsgi.rst
flask,docs/deploying/uwsgi.rst
flask,docs/patterns/appdispatch.rst
flask,docs/patterns/fabric.rst
flask,docs/patterns/packages.rst
flask,docs/quickstart.rst
flask,CHANGES
flask,docs/config.rst
flask,docs/deploying/fastcgi.rst
flask,docs/deploying/uwsgi.rst
flask,docs/deploying/wsgi-standalone.rst
flask,docs/patterns/fabric.rst
flask,docs/patterns/fileuploads.rst
flask,flask/app.py
flask,flask/ctx.py
flask,flask/helpers.py
flask,flask/wrappers.py
flask,CHANGES
flask,docs/cli.rst
flask,docs/extensions.rst
flask,docs/installation.rst
flask,docs/patterns/appfactories.rst
flask,docs/patterns/celery.rst
flask,docs/patterns/distribute.rst
flask,docs/quickstart.rst
flask,docs/server.rst
flask,docs/tutorial/dbinit.rst
flask,docs/tutorial/setup.rst
flask,docs/upgrading.rst
flask,flask/app.py
flask,flask/cli.py
flask,docs/extensions.rst
flask,docs/blueprints.rst
flask,docs/cli.rst
flask,docs/config.rst
flask,docs/deploying/mod_wsgi.rst
flask,docs/extensiondev.rst
flask,docs/extensions.rst
flask,docs/foreword.rst
flask,docs/installation.rst
flask,docs/patterns/appfactories.rst
flask,docs/patterns/distribute.rst
flask,docs/patterns/fabric.rst
flask,docs/patterns/flashing.rst
flask,docs/patterns/jquery.rst
flask,docs/patterns/lazyloading.rst
flask,docs/patterns/mongokit.rst
flask,docs/patterns/packages.rst
flask,docs/patterns/sqlalchemy.rst
flask,docs/patterns/templateinheritance.rst
flask,docs/patterns/wtforms.rst
flask,docs/quickstart.rst
flask,docs/testing.rst
flask,docs/tutorial/css.rst
flask,docs/tutorial/dbinit.rst
flask,docs/tutorial/folders.rst
flask,docs/tutorial/setup.rst
flask,docs/tutorial/templates.rst
flask,docs/tutorial/views.rst
flask,docs/upgrading.rst
flask,examples/flaskr/README
flask,examples/minitwit/README
flask,flask/app.py
flask,flask/helpers.py
flask,CHANGES
flask,docs/api.rst
flask,docs/patterns/jquery.rst
flask,docs/patterns/wtforms.rst
flask,docs/quickstart.rst
flask,docs/security.rst
flask,docs/testing.rst
flask,docs/tutorial/templates.rst
flask,docs/tutorial/views.rst
flask,docs/views.rst
flask,flask/app.py
flask,CHANGES
flask,docs/api.rst
flask,docs/config.rst
flask,docs/patterns/appdispatch.rst
flask,docs/patterns/caching.rst
flask,docs/patterns/distribute.rst
flask,docs/patterns/mongokit.rst
flask,docs/patterns/viewdecorators.rst
flask,docs/patterns/wtforms.rst
flask,docs/styleguide.rst
flask,docs/tutorial/dbcon.rst
flask,docs/tutorial/views.rst
flask,flask/app.py
flask,flask/blueprints.py
flask,flask/config.py
flask,flask/ctx.py
flask,flask/helpers.py
flask,flask/sessions.py
flask,flask/wrappers.py
flask,docs/tutorial/folders.rst
flask,docs/tutorial/templates.rst
flask,flask/debughelpers.py
flask,docs/patterns/sqlite3.rst
flask,docs/deploying/fastcgi.rst
flask,docs/config.rst
flask,CHANGES
flask,docs/config.rst
flask,flask/helpers.py
flask,flask/views.py
flask,docs/license.rst
flask,docs/patterns/fabric.rst
flask,docs/tutorial/index.rst
flask,flask/signals.py
flask,flask/templating.py
flask,flask/signals.py
flask,flask/sessions.py
flask,examples/blueprintexample/simple_page/templates/pages/layout.html
flask,flask/helpers.py
flask,docs/quickstart.rst
flask,flask/app.py
flask,CHANGES
flask,docs/patterns/fabric.rst
flask,docs/upgrading.rst
flask,flask/ctx.py
flask,flask/app.py
flask,flask/helpers.py
flask,tests/test_templating.py
flask,tests/test_appctx.py
flask,tests/conftest.py
flask,tests/test_signals.py
flask,flask/cli.py
flask,CHANGES
flask,docs/config.rst
flask,flask/app.py
flask,tests/test_templating.py
flask,docs/quickstart.rst
flask,docs/cli.rst
flask,tests/test_config.py
flask,flask/config.py
flask,flask/config.py
flask,tests/test_basic.py
flask,CHANGES
flask,flask/json.py
flask,tests/test_basic.py
flask,CHANGES
flask,flask/app.py
flask,flask/app.py
flask,flask/app.py
flask,CHANGES
flask,flask/wrappers.py
flask,tests/test_deprecations.py
flask,flask/wrappers.py
flask,.travis.yml
flask,Makefile
flask,tests/test_signals.py
flask,MANIFEST.in
flask,docs/patterns/sqlite3.rst
flask,docs/patterns/errorpages.rst
flask,docs/deploying/wsgi-standalone.rst
flask,docs/appcontext.rst
flask,tests/test_appctx.py
flask,tests/test_blueprints.py
flask,tests/test_reqctx.py
flask,tests/test_subclassing.py
flask,tests/test_templating.py
flask,tests/test_testing.py
flask,tests/test_views.py
flask,CHANGES
flask,docs/quickstart.rst
flask,examples/flaskr/README
flask,examples/minitwit/README
flask,tests/test_basic.py
flask,README
flask,CHANGES
flask,tests/__init__.py
flask,tests/conftest.py
flask,tests/test_helpers.py
flask,tests/test_instance_config.py
flask,tests/test_deprecations.py
flask,setup.py
flask,tests/test_config.py
flask,tests/test_instance_config.py
flask,tests/test_basic.py
flask,tests/test_regression.py
flask,tests/test_testing.py
flask,tests/conftest.py
flask,tests/test_config.py
flask,tests/test_ext.py
flask,tests/test_helpers.py
flask,tests/test_apps/importerror.py
flask,tests/test_helpers.py
flask,tests/test_apps/flask_broken/__init__.py
flask,tests/test_apps/flask_broken/b.py
flask,tests/test_apps/flask_newext_package/__init__.py
flask,tests/test_apps/flask_newext_package/submodule.py
flask,tests/test_apps/flask_newext_simple.py
flask,tests/test_apps/flaskext/__init__.py
flask,tests/test_apps/flaskext/oldext_package/__init__.py
flask,tests/test_apps/flaskext/oldext_package/submodule.py
flask,tests/test_apps/flaskext/oldext_simple.py
flask,tests/test_ext.py
flask,tests/__init__.py
flask,tests/conftest.py
flask,tests/test_blueprints.py
flask,tests/test_ext.py
flask,tests/test_templating.py
flask,tests/test_regression.py
flask,tox.ini
flask,tests/test_apps/config_module_app.py
flask,tests/test_apps/config_package_app/__init__.py
flask,tests/test_apps/lib/python2.5/site-packages/site_app.py
flask,tests/test_apps/lib/python2.5/site-packages/site_package/__init__.py
flask,tests/test_apps/main_app.py
flask,tests/test_apps/path/installed_package/__init__.py
flask,tests/__init__.py
flask,tests/test_appctx.py
flask,tests/test_basic.py
flask,tests/test_blueprints.py
flask,tests/test_config.py
flask,tests/test_deprecations.py
flask,tests/test_ext.py
flask,tests/test_helpers.py
flask,tests/test_regression.py
flask,tests/test_reqctx.py
flask,tests/test_signals.py
flask,tests/test_subclassing.py
flask,tests/test_templating.py
flask,tests/test_testing.py
flask,tests/test_views.py
flask,tests/test_basic.py
flask,tests/test_blueprints.py
flask,tests/test_config.py
flask,tests/test_deprecations.py
flask,tests/test_examples.py
flask,tests/test_helpers.py
flask,tests/test_regression.py
flask,tests/test_reqctx.py
flask,tests/test_signals.py
flask,tests/test_testing.py
flask,tests/__init__.py
flask,tests/conftest.py
flask,tests/test_appctx.py
flask,tests/test_ext.py
flask,tests/test_subclassing.py
flask,tests/test_templating.py
flask,tests/test_views.py
flask,tests/test_appctx.py
flask,tests/__init__.py
flask,tests/test_appctx.py
flask,tests/test_basic.py
flask,tests/test_blueprints.py
flask,tests/test_config.py
flask,tests/test_ext.py
flask,tests/test_helpers.py
flask,tests/test_regression.py
flask,tests/test_reqctx.py
flask,tests/test_signals.py
flask,tests/test_subclassing.py
flask,tests/test_templating.py
flask,tests/test_testing.py
flask,tests/test_views.py
flask,tests/test_signals.py
flask,tests/conftest.py
flask,tests/test_config.py
flask,tests/test_config.py
flask,tox.ini
flask,.travis.yml
flask,tests/test_config.py
flask,tox.ini
flask,.travis-devel-requirements.txt
flask,.travis-lowest-requirements.txt
flask,.travis-release-requirements.txt
flask,.travis.yml
flask,Makefile
flask,scripts/flaskext_tester.py
flask,setup.cfg
flask,tox.ini
flask,tox.ini
flask,setup.py
flask,examples/blueprintexample/blueprintexample_test.py
flask,examples/blueprintexample/test_blueprintexample.py
flask,examples/flaskr/flaskr_tests.py
flask,examples/flaskr/test_flaskr.py
flask,examples/minitwit/minitwit_tests.py
flask,examples/minitwit/test_minitwit.py
flask,setup.cfg
flask,tests/__init__.py
flask,tests/test_appctx.py
flask,tests/test_apps/importerror.py
flask,tests/test_basic.py
flask,tests/test_blueprints.py
flask,tests/test_config.py
flask,tests/test_deprecations.py
flask,tests/test_examples.py
flask,tests/test_ext.py
flask,tests/test_helpers.py
flask,tests/test_regression.py
flask,tests/test_reqctx.py
flask,tests/test_signals.py
flask,tests/test_subclassing.py
flask,tests/test_templating.py
flask,tests/test_testing.py
flask,tests/test_views.py
flask,tests/__init__.py
flask,tests/test_appctx.py
flask,tests/test_basic.py
flask,tests/test_blueprints.py
flask,tests/test_config.py
flask,tests/test_deprecations.py
flask,tests/test_examples.py
flask,tests/test_ext.py
flask,tests/test_helpers.py
flask,tests/test_regression.py
flask,tests/test_reqctx.py
flask,tests/test_signals.py
flask,tests/test_subclassing.py
flask,tests/test_templating.py
flask,tests/test_testing.py
flask,tests/test_views.py
flask,MANIFEST.in
flask,flask/testsuite/test_apps/lib/python2.5/site-packages/SiteEgg.egg
flask,setup.py
flask,tests/__init__.py
flask,tests/appctx.py
flask,tests/basic.py
flask,tests/blueprints.py
flask,tests/config.py
flask,tests/deprecations.py
flask,tests/examples.py
flask,tests/ext.py
flask,tests/helpers.py
flask,tests/regression.py
flask,tests/reqctx.py
flask,tests/signals.py
flask,tests/static/config.json
flask,tests/static/index.html
flask,tests/subclassing.py
flask,tests/templates/_macro.html
flask,tests/templates/context_template.html
flask,tests/templates/escaping_template.html
flask,tests/templates/mail.txt
flask,tests/templates/nested/nested.txt
flask,tests/templates/simple_template.html
flask,tests/templates/template_filter.html
flask,tests/templates/template_test.html
flask,tests/templating.py
flask,tests/test_apps/blueprintapp/__init__.py
flask,tests/test_apps/blueprintapp/apps/__init__.py
flask,tests/test_apps/blueprintapp/apps/admin/__init__.py
flask,tests/test_apps/blueprintapp/apps/admin/static/css/test.css
flask,tests/test_apps/blueprintapp/apps/admin/static/test.txt
flask,tests/test_apps/blueprintapp/apps/admin/templates/admin/index.html
flask,tests/test_apps/blueprintapp/apps/frontend/__init__.py
flask,tests/test_apps/blueprintapp/apps/frontend/templates/frontend/index.html
flask,tests/test_apps/config_module_app.py
flask,tests/test_apps/config_package_app/__init__.py
flask,tests/test_apps/flask_broken/__init__.py
flask,tests/test_apps/flask_broken/b.py
flask,tests/test_apps/flask_newext_package/__init__.py
flask,tests/test_apps/flask_newext_package/submodule.py
flask,tests/test_apps/flask_newext_simple.py
flask,tests/test_apps/flaskext/__init__.py
flask,tests/test_apps/flaskext/oldext_package/__init__.py
flask,tests/test_apps/flaskext/oldext_package/submodule.py
flask,tests/test_apps/flaskext/oldext_simple.py
flask,tests/test_apps/importerror.py
flask,tests/test_apps/lib/python2.5/site-packages/site_app.py
flask,tests/test_apps/lib/python2.5/site-packages/site_package/__init__.py
flask,tests/test_apps/main_app.py
flask,tests/test_apps/path/installed_package/__init__.py
flask,tests/test_apps/subdomaintestmodule/__init__.py
flask,tests/test_apps/subdomaintestmodule/static/hello.txt
flask,tests/testing.py
flask,tests/views.py
flask,run-tests.py
flask,docs/server.rst
flask,scripts/flaskext_test.py
flask,docs/deploying/index.rst
flask,docs/deploying/index.rst
flask,docs/quickstart.rst
flask,flask/helpers.py
flask,docs/blueprints.rst
flask,CHANGES
flask,flask/app.py
flask,flask/templating.py
flask,flask/testsuite/__init__.py
flask,flask/testsuite/templating.py
flask,flask/templating.py
flask,CHANGES
flask,docs/blueprints.rst
flask,docs/config.rst
flask,flask/app.py
flask,flask/debughelpers.py
flask,flask/sessions.py
flask,flask/templating.py
flask,flask/testsuite/templating.py
flask,flask/testsuite/test_apps/blueprintapp/__init__.py
flask,flask/testsuite/test_apps/blueprintapp/apps/frontend/__init__.py
flask,flask/wrappers.py
flask,flask/cli.py
flask,flask/templating.py
flask,flask/cli.py
flask,docs/api.rst
flask,flask/sessions.py
flask,docs/api.rst
flask,flask/testing.py
flask,docs/installation.rst
flask,flask/cli.py
flask,flask/cli.py
flask,flask/helpers.py
flask,docs/errorhandling.rst
flask,flask/logging.py
flask,CHANGES
flask,flask/__init__.py
flask,flask/app.py
flask,flask/ctx.py
flask,flask/module.py
flask,flask/templating.py
flask,flask/testsuite/basic.py
flask,flask/testsuite/blueprints.py
flask,flask/testsuite/test_apps/moduleapp/__init__.py
flask,flask/testsuite/test_apps/moduleapp/apps/__init__.py
flask,flask/testsuite/test_apps/moduleapp/apps/admin/__init__.py
flask,flask/testsuite/test_apps/moduleapp/apps/admin/static/css/test.css
flask,flask/testsuite/test_apps/moduleapp/apps/admin/static/test.txt
flask,flask/testsuite/test_apps/moduleapp/apps/admin/templates/index.html
flask,flask/testsuite/test_apps/moduleapp/apps/frontend/__init__.py
flask,flask/testsuite/test_apps/moduleapp/apps/frontend/templates/index.html
flask,scripts/testproj/templates/index.html
flask,scripts/testproj/test.py
flask,CHANGES
flask,docs/config.rst
flask,docs/upgrading.rst
flask,flask/app.py
flask,flask/logging.py
flask,flask/testsuite/basic.py
flask,flask/testsuite/blueprints.py
flask,flask/testsuite/helpers.py
flask,flask/testsuite/testing.py
flask,setup.cfg
flask,flask/cli.py
flask,flask/app.py
flask,flask/cli.py
flask,flask/cli.py
flask,docs/api.rst
flask,docs/conf.py
flask,flask/app.py
flask,docs/api.rst
flask,docs/cli.rst
flask,flask/app.py
flask,flask/cli.py
flask,flask/cli.py
flask,docs/errorhandling.rst
flask,flask/cli.py
flask,setup.py
flask,flask/helpers.py
flask,examples/blueprintexample/simple_page/templates/pages/layout.html
flask,examples/flaskr/templates/layout.html
flask,examples/flaskr/templates/login.html
flask,examples/flaskr/templates/show_entries.html
flask,examples/jqueryexample/templates/index.html
flask,examples/jqueryexample/templates/layout.html
flask,examples/minitwit/templates/layout.html
flask,examples/minitwit/templates/login.html
flask,examples/minitwit/templates/register.html
flask,examples/minitwit/templates/timeline.html
flask,examples/persona/templates/layout.html
flask,flask/config.py
flask,CHANGES
flask,flask/config.py
flask,flask/testsuite/config.py
flask,docs/python3.rst
flask,docs/shell.rst
flask,docs/python3.rst
flask,docs/config.rst
flask,docs/config.rst
flask,docs/deploying/cgi.rst
flask,docs/deploying/fastcgi.rst
flask,docs/deploying/mod_wsgi.rst
flask,docs/deploying/uwsgi.rst
flask,docs/extensions.rst
flask,docs/htmlfaq.rst
flask,docs/installation.rst
flask,docs/patterns/caching.rst
flask,docs/patterns/fabric.rst
flask,docs/patterns/jquery.rst
flask,docs/patterns/sqlalchemy.rst
flask,docs/patterns/wtforms.rst
flask,docs/quickstart.rst
flask,docs/testing.rst
flask,docs/tutorial/dbcon.rst
flask,docs/tutorial/index.rst
flask,docs/upgrading.rst
flask,docs/signals.rst
flask,docs/config.rst
flask,docs/config.rst
flask,docs/shell.rst
flask,docs/becomingbig.rst
flask,docs/templating.rst
flask,docs/python3.rst
flask,docs/advanced_foreword.rst
flask,docs/cli.rst
flask,examples/blueprintexample/blueprintexample.py
flask,docs/tutorial/schema.rst
flask,docs/tutorial/dbinit.rst
flask,docs/tutorial/dbcon.rst
flask,docs/deploying/mod_wsgi.rst
flask,docs/installation.rst
flask,docs/installation.rst
flask,flask/_compat.py
flask,flask/sessions.py
flask,docs/deploying/mod_wsgi.rst
flask,docs/patterns/sqlalchemy.rst
flask,docs/blueprints.rst
flask,docs/advanced_foreword.rst
flask,docs/patterns/fileuploads.rst
flask,flask/app.py
flask,docs/cli.rst
flask,docs/tutorial/setup.rst
flask,flask/cli.py
flask,flask/app.py
flask,flask/cli.py
flask,docs/python3.rst
flask,docs/tutorial/setup.rst
flask,flask/__main__.py
flask,flask/cli.py
flask,docs/cli.rst
flask,flask/globals.py
flask,setup.py
flask,docs/api.rst
flask,docs/cli.rst
flask,flask/cli.py
flask,setup.py
flask,flask/cli.py
flask,flask/cli.py
flask,flask/cli.py
flask,flask/cli.py
flask,docs/testing.rst
flask,docs/tutorial/dbinit.rst
flask,examples/flaskr/flaskr.py
flask,examples/flaskr/flaskr_tests.py
flask,examples/minitwit/minitwit.py
flask,examples/minitwit/minitwit_tests.py
flask,flask/cli.py
flask,flask/cli.py
flask,examples/blueprintexample/blueprintexample.py
flask,examples/flaskr/README
flask,examples/jqueryexample/jqueryexample.py
flask,examples/minitwit/README
flask,examples/minitwit/minitwit.py
flask,examples/persona/persona.py
flask,docs/cli.rst
flask,docs/patterns/appfactories.rst
flask,docs/patterns/flashing.rst
flask,flask/cli.py
flask,flask/cli.py
flask,docs/tutorial/dbinit.rst
flask,docs/tutorial/setup.rst
flask,examples/flaskr/.gitignore
flask,examples/flaskr/flaskr.py
flask,flask/cli.py
flask,flask/cli.py
flask,docs/cli.rst
flask,docs/contents.rst.inc
flask,docs/quickstart.rst
flask,docs/server.rst
flask,docs/shell.rst
flask,CHANGES
flask,flask/__main__.py
flask,flask/app.py
flask,flask/cli.py
flask,flask/run.py
flask,setup.py
flask,tox.ini
flask,docs/htmlfaq.rst
flask,docs/deploying/wsgi-standalone.rst
flask,docs/quickstart.rst
flask,docs/quickstart.rst
flask,docs/extensiondev.rst
flask,docs/patterns/fileuploads.rst
flask,docs/patterns/sqlalchemy.rst
flask,docs/patterns/wtforms.rst
flask,docs/upgrading.rst
flask,CHANGES
flask,docs/api.rst
flask,docs/deploying/mod_wsgi.rst
flask,docs/patterns/caching.rst
flask,docs/patterns/distribute.rst
flask,docs/patterns/sqlalchemy.rst
flask,docs/patterns/wtforms.rst
flask,docs/signals.rst
flask,docs/tutorial/folders.rst
flask,docs/conf.py
flask,docs/index.rst
flask,docs/installation.rst
flask,docs/quickstart.rst
flask,docs/templating.rst
flask,docs/tutorial/templates.rst
flask,tox.ini
flask,docs/tutorial/dbcon.rst
flask,flask/_compat.py
flask,flask/helpers.py
flask,flask/run.py
flask,flask/__main__.py
flask,flask/run.py
flask,docs/patterns/errorpages.rst
flask,CHANGES
flask,flask/run.py
flask,flask/run.py
flask,setup.py
flask,flask/__init__.py
flask,flask/testsuite/basic.py
flask,flask/sessions.py
flask,flask/app.py
flask,flask/json.py
flask,flask/wrappers.py
flask,CHANGES
flask,flask/app.py
flask,flask/blueprints.py
flask,flask/helpers.py
flask,flask/helpers.py
flask,CHANGES
flask,flask/helpers.py
flask,CHANGES
flask,Makefile
flask,scripts/make-release.py
flask,docs/upgrading.rst
flask,docs/patterns/viewdecorators.rst
flask,docs/patterns/viewdecorators.rst
flask,flask/blueprints.py
flask,flask/testsuite/blueprints.py
flask,flask/blueprints.py
flask,flask/testsuite/blueprints.py
flask,docs/tutorial/setup.rst
flask,docs/unicode.rst
flask,flask/wrappers.py
flask,flask/views.py
flask,flask/signals.py
flask,flask/sessions.py
flask,flask/json.py
flask,CHANGES
flask,flask/config.py
flask,flask/config.py
flask,flask/app.py
flask,docs/tutorial/setup.rst
flask,flask/testsuite/__init__.py
flask,CHANGES
flask,flask/app.py
flask,docs/conf.py
flask,CHANGES
flask,flask/config.py
flask,docs/installation.rst
flask,flask/testsuite/basic.py
flask,docs/patterns/appfactories.rst
flask,flask/testsuite/helpers.py
flask,CHANGES
flask,flask/testsuite/basic.py
flask,flask/app.py
flask,flask/testsuite/basic.py
flask,flask/testsuite/helpers.py
flask,flask/testsuite/helpers.py
flask,flask/testsuite/helpers.py
flask,CHANGES
flask,flask/helpers.py
flask,flask/testsuite/helpers.py
flask,flask/testsuite/testing.py
flask,docs/patterns/sqlite3.rst
flask,docs/deploying/fastcgi.rst
flask,docs/signals.rst
flask,docs/tutorial/dbinit.rst
flask,docs/tutorial/setup.rst
flask,examples/flaskr/flaskr.py
flask,CHANGES
flask,CHANGES
flask,flask/helpers.py
flask,flask/testsuite/helpers.py
flask,CHANGES
flask,flask/app.py
flask,flask/app.py
flask,CHANGES
flask,flask/testsuite/testing.py
flask,CHANGES
flask,flask/testing.py
flask,flask/testsuite/testing.py
flask,CHANGES
flask,flask/testsuite/helpers.py
flask,flask/wrappers.py
flask,docs/api.rst
flask,LICENSE
flask,docs/patterns/celery.rst
flask,flask/ctx.py
flask,flask/ctx.py
flask,flask/_compat.py
flask,flask/ctx.py
flask,docs/api.rst
flask,flask/debughelpers.py
flask,flask/config.py
flask,flask/testsuite/config.py
flask,docs/appcontext.rst
flask,docs/patterns/fileuploads.rst
flask,setup.cfg
flask,examples/persona/persona.py
flask,examples/persona/persona.py
flask,docs/_static/flask-favicon.ico
flask,docs/conf.py
flask,docs/deploying/wsgi-standalone.rst
flask,examples/flaskr/flaskr.py
flask,examples/flaskr/flaskr_tests.py
flask,examples/jqueryexample/jqueryexample.py
flask,examples/minitwit/minitwit.py
flask,examples/minitwit/minitwit_tests.py
flask,flask/__init__.py
flask,flask/_compat.py
flask,flask/app.py
flask,flask/blueprints.py
flask,flask/config.py
flask,flask/ctx.py
flask,flask/debughelpers.py
flask,flask/ext/__init__.py
flask,flask/exthook.py
flask,flask/globals.py
flask,flask/helpers.py
flask,flask/json.py
flask,flask/logging.py
flask,flask/module.py
flask,flask/sessions.py
flask,flask/signals.py
flask,flask/templating.py
flask,flask/testing.py
flask,flask/testsuite/__init__.py
flask,flask/testsuite/appctx.py
flask,flask/testsuite/basic.py
flask,flask/testsuite/blueprints.py
flask,flask/testsuite/config.py
flask,flask/testsuite/deprecations.py
flask,flask/testsuite/examples.py
flask,flask/testsuite/ext.py
flask,flask/testsuite/helpers.py
flask,flask/testsuite/regression.py
flask,flask/testsuite/reqctx.py
flask,flask/testsuite/signals.py
flask,flask/testsuite/subclassing.py
flask,flask/testsuite/templating.py
flask,flask/testsuite/testing.py
flask,flask/testsuite/views.py
flask,flask/views.py
flask,flask/wrappers.py
flask,scripts/flask-07-upgrade.py
flask,scripts/flaskext_compat.py
flask,scripts/flaskext_test.py
flask,scripts/make-release.py
flask,flask/testsuite/basic.py
flask,docs/quickstart.rst
flask,flask/app.py
flask,flask/testsuite/basic.py
flask,flask/helpers.py
flask,docs/config.rst
flask,docs/patterns/celery.rst
flask,docs/tutorial/dbinit.rst
flask,docs/tutorial/schema.rst
flask,docs/tutorial/setup.rst
flask,docs/tutorial/dbinit.rst
flask,docs/tutorial/folders.rst
flask,docs/tutorial/schema.rst
flask,docs/tutorial/setup.rst
flask,docs/appcontext.rst
flask,docs/quickstart.rst
flask,flask/app.py
flask,docs/patterns/sqlalchemy.rst
flask,docs/reqcontext.rst
flask,CHANGES
flask,flask/ctx.py
flask,flask/testsuite/appctx.py
flask,flask/testsuite/reqctx.py
flask,flask/app.py
flask,docs/patterns/apierrors.rst
flask,examples/flaskr/schema.sql
flask,docs/tutorial/dbcon.rst
flask,flask/helpers.py
flask,docs/patterns/appfactories.rst
flask,docs/quickstart.rst
flask,flask/blueprints.py
flask,CHANGES
flask,docs/config.rst
flask,flask/app.py
flask,flask/testsuite/templating.py
flask,docs/config.rst
flask,docs/errorhandling.rst
flask,CHANGES
flask,flask/app.py
flask,flask/testsuite/basic.py
flask,docs/patterns/sqlalchemy.rst
flask,flask/views.py
flask,docs/patterns/jquery.rst
flask,flask/testsuite/helpers.py
flask,flask/testsuite/ext.py
flask,flask/testsuite/blueprints.py
flask,flask/blueprints.py
flask,docs/tutorial/dbinit.rst
flask,docs/quickstart.rst
flask,flask/app.py
flask,flask/debughelpers.py
flask,flask/json.py
flask,docs/index.rst
flask,docs/tutorial/dbcon.rst
flask,docs/tutorial/dbinit.rst
flask,docs/tutorial/index.rst
flask,docs/tutorial/setup.rst
flask,docs/tutorial/views.rst
flask,examples/flaskr/flaskr.py
flask,examples/flaskr/flaskr.py
flask,docs/deploying/fastcgi.rst
flask,flask/wrappers.py
flask,flask/app.py
flask,flask/sessions.py
flask,CHANGES
flask,flask/helpers.py
flask,flask/testsuite/config.py
flask,docs/api.rst
flask,docs/blueprints.rst
flask,flask/config.py
flask,flask/testsuite/config.py
flask,flask/testsuite/static/config.json
flask,flask/app.py
flask,flask/testsuite/helpers.py
flask,docs/patterns/sqlite3.rst
flask,flask/app.py
flask,flask/testsuite/basic.py
flask,flask/testsuite/basic.py
flask,CHANGES
flask,docs/config.rst
flask,flask/app.py
flask,flask/sessions.py
flask,flask/testsuite/basic.py
flask,CHANGES
flask,flask/app.py
flask,docs/tutorial/setup.rst
flask,docs/deploying/fastcgi.rst
flask,docs/deploying/fastcgi.rst
flask,docs/signals.rst
flask,docs/tutorial/setup.rst
flask,docs/api.rst
flask,.travis-devel-requirements.txt
flask,.travis-devel-requirements.txt
flask,docs/quickstart.rst
flask,docs/quickstart.rst
flask,docs/quickstart.rst
flask,.travis-devel-requirements.txt
flask,.travis-devel-requirements.txt
flask,.travis-lowest-requirements.txt
flask,.travis-release-requirements.txt
flask,CHANGES
flask,flask/testsuite/signals.py
flask,tox.ini
flask,docs/api.rst
flask,flask/app.py
flask,flask/testsuite/__init__.py
flask,flask/testsuite/config.py
flask,tox.ini
flask,CHANGES
flask,docs/advanced_foreword.rst
flask,flask/blueprints.py
flask,flask/__init__.py
flask,setup.py
flask,flask/__init__.py
flask,setup.py
flask,flask/__init__.py
flask,setup.py
flask,CHANGES
flask,CHANGES
flask,flask/app.py
flask,flask/testsuite/basic.py
flask,CHANGES
flask,flask/sessions.py
flask,flask/testsuite/basic.py
flask,CHANGES
flask,flask/json.py
flask,flask/testsuite/helpers.py
flask,setup.py
flask,CHANGES
flask,flask/__init__.py
flask,setup.py
flask,AUTHORS
flask,setup.py
flask,docs/python3.rst
flask,flask/__init__.py
flask,setup.py
flask,flask/__init__.py
flask,setup.py
flask,CHANGES
flask,.travis.yml
flask,.travis-release-requirements.txt
flask,.travis.yml
flask,.travis.yml
flask,.travis-devel-requirements.txt
flask,.travis-lowest-requirements.txt
flask,.travis.yml
flask,CHANGES
flask,flask/testsuite/helpers.py
flask,flask/wrappers.py
flask,flask/app.py
flask,docs/patterns/apierrors.rst
flask,docs/patterns/apierrors.rst
flask,docs/patterns/index.rst
flask,docs/upgrading.rst
flask,docs/python3.rst
flask,docs/advanced_foreword.rst
flask,docs/contents.rst.inc
flask,docs/installation.rst
flask,docs/python3.rst
flask,docs/tutorial/dbcon.rst
flask,docs/appcontext.rst
flask,docs/patterns/sqlite3.rst
flask,docs/tutorial/dbcon.rst
flask,docs/api.rst
flask,CHANGES
flask,docs/api.rst
flask,flask/ctx.py
flask,flask/testsuite/basic.py
flask,flask/app.py
flask,examples/persona/static/persona.js
flask,examples/persona/templates/layout.html
flask,examples/persona/persona.py
flask,examples/persona/static/persona.js
flask,examples/persona/static/spinner.png
flask,examples/persona/static/style.css
flask,examples/persona/templates/index.html
flask,examples/persona/templates/layout.html
flask,flask/testsuite/blueprints.py
flask,docs/patterns/sqlalchemy.rst
flask,flask/app.py
flask,CHANGES
flask,flask/app.py
flask,flask/app.py
flask,docs/api.rst
flask,docs/testing.rst
flask,flask/testsuite/basic.py
flask,docs/testing.rst
flask,CHANGES
flask,docs/api.rst
flask,docs/signals.rst
flask,flask/__init__.py
flask,flask/ctx.py
flask,flask/signals.py
flask,flask/testsuite/signals.py
flask,flask/testsuite/basic.py
flask,CHANGES
flask,docs/api.rst
flask,docs/patterns/jquery.rst
flask,docs/templating.rst
flask,flask/app.py
flask,flask/json.py
flask,flask/testsuite/helpers.py
flask,flask/testsuite/basic.py
flask,CHANGES
flask,flask/app.py
flask,flask/ctx.py
flask,flask/testsuite/basic.py
flask,flask/_compat.py
flask,flask/_compat.py
flask,flask/helpers.py
flask,flask/testsuite/helpers.py
flask,flask/json.py
flask,CHANGES
flask,docs/config.rst
flask,flask/app.py
flask,flask/json.py
flask,flask/testsuite/helpers.py
flask,CHANGES
flask,docs/config.rst
flask,flask/app.py
flask,flask/json.py
flask,.travis.yml
flask,.travis.yml
flask,tox.ini
flask,Makefile
flask,flask/testsuite/ext.py
flask,CHANGES
flask,flask/app.py
flask,flask/ctx.py
flask,flask/testsuite/basic.py
flask,flask/testsuite/blueprints.py
flask,flask/testsuite/helpers.py
flask,flask/helpers.py
flask,flask/_compat.py
flask,flask/json.py
flask,flask/testing.py
flask,flask/app.py
flask,flask/testsuite/appctx.py
flask,flask/testsuite/helpers.py
flask,flask/testsuite/basic.py
flask,flask/testsuite/blueprints.py
flask,flask/testsuite/helpers.py
flask,flask/helpers.py
flask,flask/testsuite/basic.py
flask,flask/ctx.py
flask,flask/testsuite/helpers.py
flask,flask/helpers.py
flask,flask/testsuite/basic.py
flask,flask/testsuite/helpers.py
flask,flask/testsuite/signals.py
flask,flask/testsuite/subclassing.py
flask,flask/testsuite/testing.py
flask,flask/testsuite/views.py
flask,setup.py
flask,tox.ini
flask,flask/_compat.py
flask,flask/app.py
flask,flask/ctx.py
flask,flask/helpers.py
flask,flask/testsuite/blueprints.py
flask,flask/testsuite/basic.py
flask,flask/app.py
flask,flask/config.py
flask,flask/debughelpers.py
flask,flask/exthook.py
flask,flask/helpers.py
flask,flask/testing.py
flask,flask/views.py
flask,flask/testsuite/helpers.py
flask,docs/patterns/sqlite3.rst
flask,docs/tutorial/dbinit.rst
flask,examples/flaskr/flaskr.py
flask,examples/flaskr/flaskr_tests.py
flask,examples/minitwit/minitwit.py
flask,examples/minitwit/minitwit_tests.py
flask,flask/app.py
flask,flask/helpers.py
flask,flask/app.py
flask,.travis.yml
flask,.travis.yml
flask,.travis.yml
flask,flask/testsuite/ext.py
flask,CHANGES
flask,flask/exceptions.py
flask,flask/testsuite/helpers.py
flask,flask/wrappers.py
flask,flask/json.py
flask,flask/testsuite/basic.py
flask,flask/config.py
flask,flask/helpers.py
flask,flask/json.py
flask,flask/templating.py
flask,flask/testsuite/basic.py
flask,flask/testsuite/blueprints.py
flask,flask/testsuite/ext.py
flask,flask/testsuite/helpers.py
flask,flask/testsuite/testing.py
flask,setup.py
flask,flask/sessions.py
flask,flask/testsuite/__init__.py
flask,flask/debughelpers.py
flask,flask/testsuite/ext.py
flask,flask/testsuite/__init__.py
flask,flask/testsuite/__init__.py
flask,flask/testsuite/basic.py
flask,flask/testsuite/config.py
flask,flask/testsuite/reqctx.py
flask,flask/testsuite/testing.py
flask,flask/testsuite/__init__.py
flask,flask/testsuite/basic.py
flask,flask/testsuite/blueprints.py
flask,flask/testsuite/config.py
flask,flask/testsuite/ext.py
flask,flask/testsuite/helpers.py
flask,flask/testsuite/subclassing.py
flask,flask/testsuite/templating.py
flask,flask/testsuite/testing.py
flask,flask/testsuite/__init__.py
flask,flask/testsuite/testing.py
flask,flask/testsuite/__init__.py
flask,flask/testsuite/appctx.py
flask,flask/testsuite/basic.py
flask,flask/testsuite/blueprints.py
flask,flask/testsuite/config.py
flask,flask/testsuite/ext.py
flask,flask/testsuite/helpers.py
flask,flask/testsuite/reqctx.py
flask,flask/testsuite/signals.py
flask,flask/testsuite/subclassing.py
flask,flask/testsuite/templating.py
flask,flask/testsuite/testing.py
flask,flask/testsuite/basic.py
flask,flask/testsuite/blueprints.py
flask,flask/testsuite/helpers.py
flask,flask/testsuite/subclassing.py
flask,flask/testsuite/templating.py
flask,flask/testsuite/testing.py
flask,flask/testsuite/basic.py
flask,flask/testsuite/blueprints.py
flask,flask/testsuite/helpers.py
flask,flask/testsuite/regression.py
flask,flask/testsuite/reqctx.py
flask,flask/testsuite/signals.py
flask,flask/testsuite/templating.py
flask,flask/testsuite/testing.py
flask,flask/testsuite/views.py
flask,flask/json.py
flask,tox.ini
flask,tox.ini
flask,examples/flaskr/flaskr.py
flask,examples/minitwit/minitwit.py
flask,flask/_compat.py
flask,flask/app.py
flask,flask/config.py
flask,flask/exthook.py
flask,flask/helpers.py
flask,flask/testing.py
flask,flask/testsuite/__init__.py
flask,flask/testsuite/appctx.py
flask,flask/testsuite/basic.py
flask,flask/testsuite/blueprints.py
flask,flask/testsuite/config.py
flask,flask/testsuite/deprecations.py
flask,flask/testsuite/ext.py
flask,flask/testsuite/helpers.py
flask,flask/testsuite/regression.py
flask,flask/testsuite/reqctx.py
flask,flask/testsuite/signals.py
flask,flask/testsuite/subclassing.py
flask,flask/testsuite/templating.py
flask,flask/testsuite/testing.py
flask,flask/testsuite/views.py
flask,scripts/flaskext_test.py
flask,flask/_compat.py
flask,.travis.yml
flask,flask/ctx.py
flask,.travis.yml
flask,.travis.yml
flask,setup.py
flask,flask/testsuite/ext.py
flask,flask/testsuite/ext.py
flask,.travis.yml
flask,tox.ini
flask,flask/json.py
flask,flask/sessions.py
flask,flask/testsuite/basic.py
flask,flask/testsuite/blueprints.py
flask,flask/testsuite/helpers.py
flask,flask/testsuite/testing.py
flask,flask/helpers.py
flask,flask/sessions.py
flask,flask/testsuite/helpers.py
flask,flask/sessions.py
flask,flask/templating.py
flask,flask/testsuite/__init__.py
flask,flask/testsuite/config.py
flask,flask/_compat.py
flask,setup.py
flask,.travis.yml
flask,CHANGES
flask,docs/extensiondev.rst
flask,docs/installation.rst
flask,docs/patterns/jquery.rst
flask,docs/tutorial/dbinit.rst
flask,flask/json.py
flask,flask/wrappers.py
flask,scripts/flask-07-upgrade.py
flask,setup.py
flask,flask/app.py
flask,flask/config.py
flask,flask/app.py
flask,flask/config.py
flask,flask/ctx.py
flask,flask/debughelpers.py
flask,flask/helpers.py
flask,flask/testsuite/__init__.py
flask,flask/testsuite/basic.py
flask,flask/testsuite/blueprints.py
flask,flask/testsuite/config.py
flask,flask/testsuite/reqctx.py
flask,flask/testsuite/testing.py
flask,flask/wrappers.py
flask,README
flask,README
flask,README.md
flask,Makefile
flask,flask/testsuite/regression.py
flask,flask/json.py
flask,docs/api.rst
flask,flask/sessions.py
flask,flask/testsuite/basic.py
flask,flask/app.py
flask,docs/templating.rst
flask,CHANGES
flask,docs/api.rst
flask,flask/__init__.py
flask,flask/app.py
flask,flask/ctx.py
flask,flask/testsuite/basic.py
flask,flask/testsuite/reqctx.py
flask,docs/design.rst
flask,setup.py
flask,docs/patterns/urlprocessors.rst
flask,CHANGES
flask,docs/api.rst
flask,docs/signals.rst
flask,examples/flaskr/README
flask,flask/app.py
flask,flask/app.py
flask,AUTHORS
flask,docs/patterns/jquery.rst
flask,docs/quickstart.rst
flask,flask/json.py
flask,CHANGES
flask,docs/api.rst
flask,docs/signals.rst
flask,docs/patterns/appfactories.rst
flask,docs/quickstart.rst
flask,docs/tutorial/css.rst
flask,flask/__init__.py
flask,flask/helpers.py
flask,flask/signals.py
flask,flask/testsuite/signals.py
flask,docs/quickstart.rst
flask,docs/quickstart.rst
flask,docs/quickstart.rst
flask,docs/patterns/templateinheritance.rst
flask,docs/quickstart.rst
flask,docs/testing.rst
flask,CHANGES
flask,flask/sessions.py
flask,flask/testsuite/basic.py
flask,CHANGES
flask,flask/sessions.py
flask,flask/app.py
flask,CHANGES
flask,flask/app.py
flask,flask/blueprints.py
flask,flask/testsuite/templating.py
flask,docs/patterns/celery.rst
flask,docs/patterns/index.rst
flask,README
flask,README.md
flask,flask/helpers.py
flask,flask/testsuite/helpers.py
flask,flask/app.py
flask,flask/testsuite/regression.py
flask,CHANGES
flask,flask/app.py
flask,docs/patterns/deferredcallbacks.rst
flask,flask/helpers.py
flask,docs/installation.rst
flask,docs/conf.py
flask,LICENSE
flask,docs/tutorial/schema.rst
flask,examples/flaskr/schema.sql
flask,examples/minitwit/schema.sql
flask,CHANGES
flask,flask/app.py
flask,CHANGES
flask,docs/api.rst
flask,docs/upgrading.rst
flask,flask/app.py
flask,flask/ctx.py
flask,flask/globals.py
flask,flask/templating.py
flask,flask/testsuite/appctx.py
flask,flask/testsuite/basic.py
flask,docs/deploying/cgi.rst
flask,examples/blueprintexample/simple_page/templates/pages/hello.html
flask,examples/blueprintexample/simple_page/templates/pages/index.html
flask,examples/blueprintexample/simple_page/templates/pages/layout.html
flask,examples/blueprintexample/simple_page/templates/pages/world.html
flask,examples/flaskr/templates/login.html
flask,docs/extensiondev.rst
flask,docs/patterns/deferredcallbacks.rst
flask,docs/deploying/cgi.rst
flask,examples/flaskr/templates/login.html
flask,docs/appcontext.rst
flask,docs/appcontext.rst
flask,docs/patterns/streaming.rst
flask,docs/patterns/sqlite3.rst
flask,examples/flaskr/flaskr.py
flask,docs/templating.rst
flask,flask/debughelpers.py
flask,flask/sessions.py
flask,scripts/flaskext_compat.py
flask,examples/jqueryexample/templates/index.html
flask,CHANGES
flask,docs/config.rst
flask,flask/app.py
flask,flask/json.py
flask,flask/testsuite/helpers.py
flask,flask/helpers.py
flask,flask/testsuite/views.py
flask,docs/tutorial/dbinit.rst
flask,docs/deploying/wsgi-standalone.rst
flask,docs/appcontext.rst
flask,docs/patterns/sqlite3.rst
flask,examples/flaskr/flaskr.py
flask,examples/minitwit/minitwit.py
flask,flask/ctx.py
flask,CHANGES
flask,docs/templating.rst
flask,flask/app.py
flask,flask/templating.py
flask,flask/testsuite/templating.py
flask,CHANGES
flask,flask/session.py
flask,flask/json.py
flask,flask/testsuite/helpers.py
flask,CHANGES
flask,docs/api.rst
flask,flask/__init__.py
flask,flask/app.py
flask,flask/exceptions.py
flask,flask/helpers.py
flask,flask/json.py
flask,flask/sessions.py
flask,flask/wrappers.py
flask,flask/helpers.py
flask,flask/helpers.py
flask,flask/testsuite/regression.py
flask,CHANGES
flask,flask/app.py
flask,flask/testsuite/basic.py
flask,flask/testsuite/views.py
flask,.travis.yml
flask,Makefile
flask,tox.ini
flask,.travis.yml
flask,flask/testsuite/__init__.py
flask,setup.cfg
flask,docs/patterns/index.rst
flask,docs/patterns/requestchecksum.rst
flask,CHANGES
flask,flask/helpers.py
flask,flask/testsuite/helpers.py
flask,CHANGES
flask,flask/helpers.py
flask,flask/sessions.py
flask,flask/__init__.py
flask,docs/signals.rst
flask,docs/patterns/index.rst
flask,docs/patterns/methodoverrides.rst
flask,CHANGES
flask,flask/app.py
flask,flask/blueprints.py
flask,flask/testsuite/blueprints.py
flask,flask/testsuite/templates/template_test.html
flask,flask/testsuite/templating.py
flask,flask/testing.py
flask,flask/testsuite/testing.py
flask,docs/upgrading.rst
flask,flask/sessions.py
flask,docs/quickstart.rst
flask,flask/app.py
flask,docs/testing.rst
flask,flask/templating.py
flask,flask/app.py
flask,docs/upgrading.rst
flask,docs/appcontext.rst
flask,docs/upgrading.rst
flask,flask/app.py
flask,flask/exthook.py
flask,flask/testsuite/subclassing.py
flask,flask/wrappers.py
flask,docs/patterns/sqlalchemy.rst
flask,scripts/flaskext_compat.py
flask,docs/views.rst
flask,docs/becomingbig.rst
flask,flask/sessions.py
flask,setup.py
flask,docs/api.rst
flask,docs/upgrading.rst
flask,flask/__init__.py
flask,flask/helpers.py
flask,flask/wrappers.py
flask,flask/sessions.py
flask,setup.py
flask,flask/__init__.py
flask,setup.py
flask,CHANGES
flask,CHANGES
flask,docs/api.rst
flask,docs/upgrading.rst
flask,flask/sessions.py
flask,flask/testsuite/basic.py
flask,flask/helpers.py
flask,flask/helpers.py
flask,flask/app.py
flask,docs/deploying/fastcgi.rst
flask,docs/appcontext.rst
flask,docs/quickstart.rst
flask,docs/design.rst
flask,docs/deploying/mod_wsgi.rst
flask,docs/deploying/fastcgi.rst
flask,docs/tutorial/dbinit.rst
flask,docs/tutorial/introduction.rst
flask,docs/tutorial/dbinit.rst
flask,flask/helpers.py
flask,CHANGES
flask,CHANGES
flask,flask/helpers.py
flask,CHANGES
flask,CHANGES
flask,flask/__init__.py
flask,setup.py
flask,CHANGES
flask,docs/api.rst
flask,docs/patterns/streaming.rst
flask,flask/__init__.py
flask,flask/ctx.py
flask,flask/helpers.py
flask,flask/testsuite/appctx.py
flask,flask/testsuite/helpers.py
flask,flask/ctx.py
flask,flask/ctx.py
flask,flask/helpers.py
flask,docs/quickstart.rst
flask,flask/ctx.py
flask,docs/deploying/cgi.rst
flask,flask/helpers.py
flask,flask/testsuite/helpers.py
flask,.travis.yml
flask,docs/deploying/fastcgi.rst
flask,flask/helpers.py
flask,docs/becomingbig.rst
flask,docs/extensiondev.rst
flask,.travis.yml
flask,flask/helpers.py
flask,scripts/flaskext_compat.py
flask,CHANGES
flask,docs/api.rst
flask,flask/__init__.py
flask,flask/app.py
flask,flask/ctx.py
flask,flask/testsuite/basic.py
flask,CHANGES
flask,docs/api.rst
flask,flask/app.py
flask,flask/app.py
flask,flask/helpers.py
flask,flask/testsuite/basic.py
flask,flask/testsuite/basic.py
flask,flask/app.py
flask,CHANGES
flask,flask/app.py
flask,flask/ctx.py
flask,flask/testsuite/appctx.py
flask,CHANGES
flask,docs/config.rst
flask,flask/app.py
flask,flask/helpers.py
flask,flask/testsuite/blueprints.py
flask,flask/testsuite/helpers.py
flask,docs/advanced_foreword.rst
flask,docs/becomingbig.rst
flask,docs/contents.rst.inc
flask,docs/foreword.rst
flask,README
flask,README
flask,setup.py
flask,flask/testsuite/regression.py
flask,flask/app.py
flask,flask/helpers.py
flask,docs/quickstart.rst
flask,flask/app.py
flask,flask/testsuite/basic.py
flask,flask/app.py
flask,flask/helpers.py
flask,flask/testsuite/basic.py
flask,flask/app.py
flask,flask/testsuite/helpers.py
flask,docs/quickstart.rst
flask,docs/deploying/fastcgi.rst
flask,docs/deploying/fastcgi.rst
flask,CHANGES
flask,docs/design.rst
flask,docs/extensiondev.rst
flask,docs/htmlfaq.rst
flask,docs/patterns/jquery.rst
flask,docs/patterns/mongokit.rst
flask,docs/quickstart.rst
flask,docs/templating.rst
flask,flask/app.py
flask,flask/helpers.py
flask,docs/upgrading.rst
flask,docs/patterns/appdispatch.rst
flask,docs/installation.rst
flask,docs/api.rst
flask,scripts/flaskext_compat.py
flask,docs/quickstart.rst
flask,flask/blueprints.py
flask,flask/ctx.py
flask,docs/appcontext.rst
flask,docs/reqcontext.rst
flask,flask/__init__.py
flask,docs/extensiondev.rst
flask,docs/upgrading.rst
flask,docs/extensiondev.rst
flask,flask/ctx.py
flask,docs/api.rst
flask,docs/appcontext.rst
flask,docs/contents.rst.inc
flask,docs/extensiondev.rst
flask,docs/reqcontext.rst
flask,docs/signals.rst
flask,flask/app.py
flask,flask/ctx.py
flask,flask/signals.py
flask,flask/testsuite/appctx.py
flask,flask/helpers.py
flask,CHANGES
flask,docs/quickstart.rst
flask,docs/upgrading.rst
flask,flask/app.py
flask,flask/testsuite/basic.py
flask,docs/config.rst
flask,CHANGES
flask,docs/api.rst
flask,flask/ctx.py
flask,flask/__init__.py
flask,flask/helpers.py
flask,flask/testsuite/appctx.py
flask,flask/app.py
flask,flask/ctx.py
flask,flask/helpers.py
flask,flask/testsuite/appctx.py
flask,flask/app.py
flask,flask/ctx.py
flask,flask/globals.py
flask,flask/ctx.py
flask,docs/patterns/mongokit.rst
flask,docs/signals.rst
flask,docs/signals.rst
flask,docs/quickstart.rst
flask,LICENSE
flask,docs/conf.py
flask,flask/wrappers.py
flask,docs/patterns/appdispatch.rst
flask,CHANGES
flask,flask/helpers.py
flask,docs/deploying/wsgi-standalone.rst
flask,docs/deploying/wsgi-standalone.rst
flask,docs/deploying/fastcgi.rst
flask,docs/deploying/index.rst
flask,docs/deploying/uwsgi.rst
flask,docs/deploying/wsgi-standalone.rst
flask,docs/deploying/wsgi-standalone.rst
flask,docs/quickstart.rst
flask,setup.py
flask,docs/installation.rst
flask,setup.py
flask,docs/patterns/packages.rst
flask,flask/views.py
flask,tox.ini
flask,docs/patterns/appdispatch.rst
flask,docs/patterns/mongokit.rst
flask,CHANGES
flask,docs/config.rst
flask,flask/app.py
flask,flask/helpers.py
flask,flask/testsuite/blueprints.py
flask,flask/testsuite/helpers.py
flask,CHANGES
flask,flask/helpers.py
flask,flask/testsuite/helpers.py
flask,docs/extensiondev.rst
flask,docs/deploying/index.rst
flask,docs/quickstart.rst
flask,docs/advanced_foreword.rst
flask,docs/foreword.rst
flask,docs/extensiondev.rst
flask,docs/api.rst
flask,docs/api.rst
flask,docs/foreword.rst
flask,docs/foreword.rst
flask,docs/foreword.rst
flask,flask/exceptions.py
flask,flask/wrappers.py
flask,flask/helpers.py
flask,docs/quickstart.rst
flask,flask/helpers.py
flask,flask/helpers.py
flask,flask/testsuite/helpers.py
flask,setup.py
flask,docs/extensiondev.rst
flask,flask/helpers.py
flask,flask/testsuite/helpers.py
flask,docs/quickstart.rst
flask,CHANGES
flask,flask/app.py
flask,flask/testsuite/basic.py
flask,docs/quickstart.rst
flask,docs/quickstart.rst
flask,docs/tutorial/setup.rst
flask,CHANGES
flask,flask/testsuite/helpers.py
flask,flask/wrappers.py
flask,Makefile
flask,flask/helpers.py
flask,flask/testsuite/config.py
flask,flask/config.py
flask,flask/testsuite/config.py
flask,examples/blueprintexample/blueprintexample_test.py
flask,examples/blueprintexample/blueprintexample.py
flask,examples/blueprintexample/simple_page/__init__.py
flask,examples/blueprintexample/simple_page/simple_page.py
flask,examples/blueprintexample/simple_page/templates/pages/hello.html
flask,examples/blueprintexample/simple_page/templates/pages/index.html
flask,examples/blueprintexample/simple_page/templates/pages/layout.html
flask,examples/blueprintexample/simple_page/templates/pages/world.html
flask,docs/quickstart.rst
flask,docs/patterns/wtforms.rst
flask,docs/errorhandling.rst
flask,CHANGES
flask,flask/templating.py
flask,flask/testsuite/templating.py
flask,docs/blueprints.rst
flask,docs/installation.rst
flask,docs/installation.rst
flask,docs/installation.rst
flask,docs/installation.rst
flask,docs/installation.rst
flask,setup.py
flask,tox.ini
flask,tox.ini
flask,docs/errorhandling.rst
flask,docs/quickstart.rst
flask,docs/quickstart.rst
flask,docs/templating.rst
flask,docs/templating.rst
flask,docs/templating.rst
flask,CHANGES
flask,docs/api.rst
flask,docs/extensiondev.rst
flask,docs/views.rst
flask,flask/views.py
flask,docs/patterns/flashing.rst
flask,Makefile
flask,docs/_templates/sidebarintro.html
flask,Makefile
flask,docs/_templates/sidebarintro.html
flask,flask/views.py
flask,flask/views.py
flask,docs/patterns/appdispatch.rst
flask,docs/views.rst
flask,flask/views.py
flask,flask/testsuite/config.py
flask,flask/app.py
flask,flask/testsuite/basic.py
flask,flask/app.py
flask,CHANGES
flask,flask/app.py
flask,flask/app.py
flask,docs/patterns/flashing.rst
flask,flask/helpers.py
flask,CHANGES
flask,flask/helpers.py
flask,docs/patterns/flashing.rst
flask,flask/helpers.py
flask,flask/testsuite/basic.py
flask,flask/testsuite/basic.py
flask,docs/installation.rst
flask,docs/quickstart.rst
flask,docs/quickstart.rst
flask,docs/installation.rst
flask,docs/installation.rst
flask,docs/installation.rst
flask,docs/index.rst
flask,CHANGES
flask,flask/testsuite/blueprints.py
flask,flask/testsuite/templating.py
flask,flask/app.py
flask,flask/blueprints.py
flask,flask/blueprints.py
flask,flask/ctx.py
flask,flask/ctx.py
flask,docs/api.rst
flask,docs/quickstart.rst
flask,CHANGES
flask,docs/views.rst
flask,flask/views.py
flask,flask/helpers.py
flask,flask/testsuite/test_apps/lib/python2.5/site-packages/SiteEgg.egg
flask,flask/testsuite/helpers.py
flask,flask/testsuite/config.py
flask,flask/testsuite/test_apps/lib/python2.5/site-packages/site_app.py
flask,flask/testsuite/test_apps/lib/python2.5/site-packages/site_package/__init__.py
flask,flask/testsuite/test_apps/main_app.py
flask,flask/testsuite/test_apps/path/installed_package/__init__.py
flask,flask/helpers.py
flask,flask/helpers.py
flask,flask/testsuite/helpers.py
flask,flask/testsuite/test_apps/importerror.py
flask,docs/patterns/sqlalchemy.rst
flask,docs/views.rst
flask,docs/quickstart.rst
flask,docs/foreword.rst
flask,docs/installation.rst
flask,docs/quickstart.rst
flask,docs/deploying/mod_wsgi.rst
flask,flask/testsuite/testing.py
flask,docs/_templates/sidebarintro.html
flask,flask/testsuite/testing.py
flask,docs/foreword.rst
flask,docs/quickstart.rst
flask,docs/signals.rst
flask,CHANGES
flask,flask/app.py
flask,flask/testsuite/basic.py
flask,flask/testsuite/testing.py
flask,CHANGES
flask,flask/ctx.py
flask,flask/testsuite/regression.py
flask,docs/views.rst
flask,docs/views.rst
flask,CHANGES
flask,flask/helpers.py
flask,flask/testsuite/helpers.py
flask,docs/config.rst
flask,docs/api.rst
flask,CHANGES
flask,CHANGES
flask,flask/logging.py
flask,flask/testsuite/helpers.py
flask,docs/signals.rst
flask,docs/signals.rst
flask,flask/helpers.py
flask,docs/patterns/wtforms.rst
flask,CHANGES
flask,flask/helpers.py
flask,flask/testsuite/helpers.py
flask,flask/views.py
flask,CHANGES
flask,flask/session.py
flask,CHANGES
flask,flask/__init__.py
flask,setup.py
flask,CHANGES
flask,flask/__init__.py
flask,setup.py
flask,flask/__init__.py
flask,setup.py
flask,CHANGES
flask,setup.py
flask,flask/ext/__init__.py
flask,flask/exthook.py
flask,flask/testsuite/ext.py
flask,scripts/flaskext_compat.py
flask,flask/testsuite/config.py
flask,docs/config.rst
flask,docs/api.rst
flask,flask/app.py
flask,flask/config.py
flask,flask/testsuite/config.py
flask,docs/api.rst
flask,docs/config.rst
flask,flask/app.py
flask,docs/config.rst
flask,docs/api.rst
flask,docs/api.rst
flask,docs/api.rst
flask,flask/app.py
flask,CHANGES
flask,flask/ctx.py
flask,flask/globals.py
flask,flask/testing.py
flask,flask/testsuite/basic.py
flask,flask/app.py
flask,flask/testsuite/__init__.py
flask,flask/testsuite/__init__.py
flask,flask/testsuite/ext.py
flask,run-tests.py
flask,setup.py
flask,setup.py
flask,flask/ext/__init__.py
flask,flask/testsuite/__init__.py
flask,flask/testsuite/ext.py
flask,flask/testsuite/test_apps/flask_broken/__init__.py
flask,flask/testsuite/test_apps/flask_broken/b.py
flask,scripts/flaskext_compat.py
flask,flask/ext/__init__.py
flask,flask/ext/__init__.py
flask,scripts/flaskext_compat.py
flask,docs/extensions.rst
flask,docs/patterns/streaming.rst
flask,docs/extensions.rst
flask,docs/extensions.rst
flask,scripts/flaskext_compat.py
flask,flask/app.py
flask,flask/app.py
flask,setup.py
flask,flask/testsuite/ext.py
flask,docs/contents.rst.inc
flask,docs/extensions.rst
flask,scripts/flaskext_compat.py
flask,docs/extensiondev.rst
flask,CHANGES
flask,docs/api.rst
flask,docs/patterns/index.rst
flask,flask/ext/__init__.py
flask,flask/testsuite/ext.py
flask,flask/ext/__init__.py
flask,flask/testsuite/ext.py
flask,flask/testsuite/test_apps/flaskext/__init__.py
flask,flask/testsuite/test_apps/flaskext/oldext_package/__init__.py
flask,flask/testsuite/test_apps/flaskext/oldext_package/submodule.py
flask,flask/testsuite/test_apps/flaskext/oldext_simple.py
flask,flask/ext/__init__.py
flask,flask/testsuite/ext.py
flask,flask/testsuite/test_apps/flask_newext_package/__init__.py
flask,flask/testsuite/test_apps/flask_newext_package/submodule.py
flask,flask/testsuite/test_apps/flask_newext_simple.py
flask,flask/ext/__init__.py
flask,docs/views.rst
flask,CHANGES
flask,flask/testsuite/views.py
flask,flask/views.py
flask,flask/blueprints.py
flask,flask/views.py
flask,flask/app.py
flask,flask/app.py
flask,flask/testsuite/subclassing.py
flask,docs/patterns/deferredcallbacks.rst
flask,docs/patterns/index.rst
flask,docs/quickstart.rst
flask,flask/testsuite/basic.py
flask,flask/testing.py
flask,flask/testsuite/__init__.py
flask,flask/testsuite/basic.py
flask,flask/testsuite/blueprints.py
flask,flask/testsuite/deprecations.py
flask,flask/testsuite/helpers.py
flask,flask/testsuite/templating.py
flask,flask/testsuite/testing.py
flask,flask/__init__.py
flask,flask/app.py
flask,flask/config.py
flask,flask/ctx.py
flask,flask/globals.py
flask,flask/helpers.py
flask,flask/logging.py
flask,flask/module.py
flask,flask/session.py
flask,flask/sessions.py
flask,flask/signals.py
flask,flask/templating.py
flask,flask/testing.py
flask,flask/wrappers.py
flask,setup.py
flask,CHANGES
flask,docs/config.rst
flask,flask/app.py
flask,flask/sessions.py
flask,flask/testsuite/basic.py
flask,flask/testing.py
flask,flask/testsuite/testing.py
flask,flask/app.py
flask,flask/debughelpers.py
flask,flask/helpers.py
flask,docs/design.rst
flask,flask/ctx.py
flask,docs/foreword.rst
flask,flask/app.py
flask,run-tests.py
flask,flask/testsuite/__init__.py
flask,run-tests.py
flask,flask/testsuite/basic.py
flask,flask/signals.py
flask,flask/app.py
flask,CHANGES
flask,docs/upgrading.rst
flask,flask/testing.py
flask,flask/testsuite/testing.py
flask,flask/testing.py
flask,flask/testsuite/testing.py
flask,flask/testsuite/__init__.py
flask,run-tests.py
flask,flask/testsuite/__init__.py
flask,flask/testsuite/__init__.py
flask,run-tests.py
flask,run-tests.py
flask,run-tests.py
flask,README
flask,flask/testsuite/config.py
flask,flask/testsuite/helpers.py
flask,MANIFEST.in
flask,setup.py
flask,flask/testsuite/basic.py
flask,flask/testsuite/blueprints.py
flask,flask/testsuite/config.py
flask,flask/testsuite/deprecations.py
flask,flask/testsuite/helpers.py
flask,flask/testsuite/signals.py
flask,flask/testsuite/templating.py
flask,flask/testsuite/testing.py
flask,flask/testsuite/basic.py
flask,flask/testsuite/blueprints.py
flask,flask/testsuite/config.py
flask,flask/testsuite/deprecations.py
flask,flask/testsuite/helpers.py
flask,flask/testsuite/signals.py
flask,flask/testsuite/templating.py
flask,flask/testsuite/testing.py
flask,Makefile
flask,run-tests.py
flask,flask/testsuite/__init__.py
flask,flask/testsuite/basic.py
flask,flask/testsuite/blueprints.py
flask,flask/testsuite/config.py
flask,flask/testsuite/deprecations.py
flask,flask/testsuite/examples.py
flask,flask/testsuite/helpers.py
flask,flask/testsuite/signals.py
flask,flask/testsuite/static/index.html
flask,flask/testsuite/templates/_macro.html
flask,flask/testsuite/templates/context_template.html
flask,flask/testsuite/templates/escaping_template.html
flask,flask/testsuite/templates/mail.txt
flask,flask/testsuite/templates/nested/nested.txt
flask,flask/testsuite/templates/simple_template.html
flask,flask/testsuite/templates/template_filter.html
flask,flask/testsuite/templating.py
flask,flask/testsuite/test_apps/blueprintapp/__init__.py
flask,flask/testsuite/test_apps/blueprintapp/apps/__init__.py
flask,flask/testsuite/test_apps/blueprintapp/apps/admin/__init__.py
flask,flask/testsuite/test_apps/blueprintapp/apps/admin/static/css/test.css
flask,flask/testsuite/test_apps/blueprintapp/apps/admin/static/test.txt
flask,flask/testsuite/test_apps/blueprintapp/apps/admin/templates/admin/index.html
flask,flask/testsuite/test_apps/blueprintapp/apps/frontend/__init__.py
flask,flask/testsuite/test_apps/blueprintapp/apps/frontend/templates/frontend/index.html
flask,flask/testsuite/test_apps/config_module_app.py
flask,flask/testsuite/test_apps/config_package_app/__init__.py
flask,flask/testsuite/test_apps/moduleapp/__init__.py
flask,flask/testsuite/test_apps/moduleapp/apps/__init__.py
flask,flask/testsuite/test_apps/moduleapp/apps/admin/__init__.py
flask,flask/testsuite/test_apps/moduleapp/apps/admin/static/css/test.css
flask,flask/testsuite/test_apps/moduleapp/apps/admin/static/test.txt
flask,flask/testsuite/test_apps/moduleapp/apps/admin/templates/index.html
flask,flask/testsuite/test_apps/moduleapp/apps/frontend/__init__.py
flask,flask/testsuite/test_apps/moduleapp/apps/frontend/templates/index.html
flask,flask/testsuite/test_apps/subdomaintestmodule/__init__.py
flask,flask/testsuite/test_apps/subdomaintestmodule/static/hello.txt
flask,flask/testsuite/testing.py
flask,flask/testsuite/views.py
flask,scripts/flaskext_test.py
flask,setup.py
flask,tests/flask_tests.py
flask,docs/views.rst
flask,CHANGES
flask,flask/views.py
flask,tests/flask_tests.py
flask,flask/helpers.py
flask,docs/config.rst
flask,docs/testing.rst
flask,docs/patterns/sqlite3.rst
flask,docs/reqcontext.rst
flask,docs/upgrading.rst
flask,examples/flaskr/flaskr.py
flask,examples/minitwit/minitwit.py
flask,tests/flask_tests.py
flask,tests/flask_tests.py
flask,CHANGES
flask,docs/api.rst
flask,flask/app.py
flask,flask/testing.py
flask,tests/flask_tests.py
flask,flask/blueprints.py
flask,tests/flask_tests.py
flask,docs/testing.rst
flask,flask/testing.py
flask,tests/flask_tests.py
flask,tests/flask_tests.py
flask,CHANGES
flask,docs/api.rst
flask,flask/app.py
flask,flask/testing.py
flask,tests/flask_tests.py
flask,CHANGES
flask,docs/config.rst
flask,flask/app.py
flask,flask/sessions.py
flask,tests/flask_tests.py
flask,flask/app.py
flask,flask/app.py
flask,flask/blueprints.py
flask,tests/flask_tests.py
flask,docs/config.rst
flask,docs/signals.rst
flask,flask/app.py
flask,tests/flask_tests.py
flask,flask/helpers.py
flask,flask/helpers.py
flask,flask/app.py
flask,flask/helpers.py
flask,tests/flask_tests.py
flask,flask/app.py
flask,tests/flask_tests.py
flask,flask/app.py
flask,flask/app.py
flask,tests/flask_tests.py
flask,flask/app.py
flask,flask/helpers.py
flask,tests/flask_tests.py
flask,docs/config.rst
flask,docs/config.rst
flask,CHANGES
flask,docs/config.rst
flask,flask/app.py
flask,flask/helpers.py
flask,CHANGES
flask,flask/app.py
flask,tests/flask_tests.py
flask,docs/api.rst
flask,flask/wrappers.py
flask,docs/api.rst
flask,flask/app.py
flask,flask/debughelpers.py
flask,tests/flask_tests.py
flask,CHANGES
flask,docs/upgrading.rst
flask,flask/wrappers.py
flask,tests/flask_tests.py
flask,docs/config.rst
flask,flask/app.py
flask,tests/flask_tests.py
flask,scripts/make-release.py
flask,docs/quickstart.rst
flask,docs/quickstart.rst
flask,docs/conf.py
flask,docs/flaskdocext.py
flask,flask/app.py
flask,CHANGES
flask,flask/app.py
flask,flask/blueprints.py
flask,tests/flask_tests.py
flask,CHANGES
flask,flask/app.py
flask,tests/flask_tests.py
flask,docs/patterns/sqlite3.rst
flask,flask/debughelpers.py
flask,flask/wrappers.py
flask,flask/debughelpers.py
flask,tests/flask_tests.py
flask,flask/wrappers.py
flask,flask/debughelpers.py
flask,flask/debughelpers.py
flask,CHANGES
flask,flask/debughelpers.py
flask,flask/wrappers.py
flask,docs/blueprints.rst
flask,flask/wrappers.py
flask,flask/app.py
flask,CHANGES
flask,docs/config.rst
flask,flask/app.py
flask,tests/flask_tests.py
flask,docs/patterns/packages.rst
flask,tests/flask_tests.py
flask,docs/deploying/fastcgi.rst
flask,flask/wrappers.py
flask,docs/api.rst
flask,docs/quickstart.rst
flask,docs/patterns/streaming.rst
flask,docs/patterns/index.rst
flask,docs/patterns/streaming.rst
flask,docs/tutorial/dbcon.rst
flask,flask/app.py
flask,docs/patterns/templateinheritance.rst
flask,flask/helpers.py
flask,flask/app.py
flask,README
flask,CHANGES
flask,flask/templating.py
flask,tests/blueprintapp/__init__.py
flask,tests/blueprintapp/apps/admin/__init__.py
flask,tests/blueprintapp/apps/frontend/__init__.py
flask,tests/flask_tests.py
flask,docs/patterns/fileuploads.rst
flask,flask/__init__.py
flask,flask/app.py
flask,flask/config.py
flask,flask/globals.py
flask,flask/helpers.py
flask,flask/testing.py
flask,flask/wrappers.py
flask,docs/api.rst
flask,docs/api.rst
flask,flask/app.py
flask,CHANGES
flask,flask/app.py
flask,tests/flask_tests.py
flask,flask/app.py
flask,flask/ctx.py
flask,docs/tutorial/dbcon.rst
flask,flask/app.py
flask,docs/reqcontext.rst
flask,docs/patterns/urlprocessors.rst
flask,docs/testing.rst
flask,docs/testing.rst
flask,flask/app.py
flask,flask/sessions.py
flask,flask/sessions.py
flask,docs/api.rst
flask,flask/sessions.py
flask,docs/upgrading.rst
flask,flask/__init__.py
flask,flask/sessions.py
flask,flask/sessions.py
flask,CHANGES
flask,flask/sessions.py
flask,CHANGES
flask,docs/api.rst
flask,flask/__init__.py
flask,flask/app.py
flask,flask/ctx.py
flask,flask/session.py
flask,CHANGES
flask,docs/tutorial/dbcon.rst
flask,docs/blueprints.rst
flask,CHANGES
flask,flask/__init__.py
flask,setup.py
flask,CHANGES
flask,flask/blueprints.py
flask,tests/flask_tests.py
flask,flask/templating.py
flask,docs/upgrading.rst
flask,docs/upgrading.rst
flask,docs/patterns/appdispatch.rst
flask,scripts/make-release.py
flask,scripts/make-release.py
flask,flask/__init__.py
flask,setup.py
flask,CHANGES
flask,flask/app.py
flask,tests/flask_tests.py
flask,docs/patterns/appdispatch.rst
flask,docs/deploying/uwsgi.rst
flask,CHANGES
flask,flask/helpers.py
flask,docs/blueprints.rst
flask,docs/upgrading.rst
flask,scripts/make-release.py
flask,CHANGES
flask,docs/views.rst
flask,Makefile
flask,flask/__init__.py
flask,setup.py
flask,flask/__init__.py
flask,setup.py
flask,CHANGES
flask,docs/api.rst
flask,docs/patterns/errorpages.rst
flask,docs/patterns/flashing.rst
flask,docs/patterns/viewdecorators.rst
flask,docs/quickstart.rst
flask,docs/security.rst
flask,docs/tutorial/introduction.rst
flask,docs/tutorial/views.rst
flask,CHANGES
flask,docs/api.rst
flask,docs/contents.rst.inc
flask,docs/views.rst
flask,tests/flask_tests.py
flask,flask/views.py
flask,flask/app.py
flask,flask/views.py
flask,tests/flask_tests.py
flask,flask/blueprints.py
flask,docs/foreword.rst
flask,flask/app.py
flask,tests/flask_tests.py
flask,flask/helpers.py
flask,flask/wrappers.py
flask,tests/flask_tests.py
flask,CHANGES
flask,docs/api.rst
flask,docs/patterns/errorpages.rst
flask,docs/patterns/fileuploads.rst
flask,docs/patterns/flashing.rst
flask,docs/patterns/viewdecorators.rst
flask,docs/quickstart.rst
flask,docs/security.rst
flask,docs/tutorial/views.rst
flask,scripts/flask-07-upgrade.py
flask,scripts/testproj/templates/index.html
flask,scripts/testproj/test.py
flask,flask/__init__.py
flask,setup.py
flask,scripts/make-release.py
flask,CHANGES
flask,Makefile
flask,flask/__init__.py
flask,scripts/make-release.py
flask,flask/ctx.py
flask,docs/deploying/index.rst
flask,docs/patterns/appdispatch.rst
flask,flask/app.py
flask,extreview/approved.rst
flask,extreview/listed.rst
flask,extreview/unlisted.rst
flask,docs/patterns/fabric.rst
flask,docs/patterns/jquery.rst
flask,docs/security.rst
flask,docs/config.rst
flask,docs/patterns/appfactories.rst
flask,docs/testing.rst
flask,examples/flaskr/flaskr_tests.py
flask,docs/patterns/index.rst
flask,docs/patterns/urlprocessors.rst
flask,docs/api.rst
flask,docs/patterns/appfactories.rst
flask,docs/quickstart.rst
flask,flask/blueprints.py
flask,docs/upgrading.rst
flask,scripts/flask-07-upgrade.py
flask,tests/blueprintapp/__init__.py
flask,tests/blueprintapp/apps/__init__.py
flask,tests/blueprintapp/apps/admin/__init__.py
flask,tests/blueprintapp/apps/admin/static/css/test.css
flask,tests/blueprintapp/apps/admin/static/test.txt
flask,tests/blueprintapp/apps/admin/templates/admin/index.html
flask,tests/blueprintapp/apps/frontend/__init__.py
flask,tests/blueprintapp/apps/frontend/templates/frontend/index.html
flask,tests/flask_tests.py
flask,flask/blueprints.py
flask,tests/flask_tests.py
flask,docs/blueprints.rst
flask,docs/patterns/packages.rst
flask,docs/blueprints.rst
flask,flask/app.py
flask,flask/app.py
flask,flask/blueprints.py
flask,flask/helpers.py
flask,flask/module.py
flask,flask/templating.py
flask,tests/flask_tests.py
flask,docs/blueprints.rst
flask,docs/patterns/appfactories.rst
flask,docs/quickstart.rst
flask,docs/deploying/cgi.rst
flask,docs/deploying/fastcgi.rst
flask,docs/deploying/index.rst
flask,docs/deploying/mod_wsgi.rst
flask,docs/deploying/others.rst
flask,docs/deploying/uwsgi.rst
flask,docs/deploying/fastcgi.rst
flask,docs/deploying/index.rst
flask,docs/deploying/uwsgi.rst
flask,flask/blueprints.py
flask,docs/blueprints.rst
flask,docs/reqcontext.rst
flask,docs/blueprints.rst
flask,extreview/approved.rst
flask,docs/blueprints.rst
flask,docs/contents.rst.inc
flask,flask/blueprints.py
flask,scripts/testproj/test.py
flask,scripts/flask-07-upgrade.py
flask,scripts/testproj/test.py
flask,docs/upgrading.rst
flask,docs/upgrading.rst
flask,docs/upgrading.rst
flask,scripts/flask-07-upgrade.py
flask,scripts/testproj/test.py
flask,scripts/flask-07-upgrade.py
flask,docs/upgrading.rst
flask,scripts/flask-07-upgrade.py
flask,scripts/flask-07-upgrade.py
flask,scripts/flask-07-upgrade.py
flask,scripts/flask-07-upgrade.py
flask,scripts/flask-07-upgrade.py
flask,scripts/testproj/templates/index.html
flask,scripts/testproj/test.py
flask,scripts/flask-07-upgrade.py
flask,scripts/flask-07-upgrade.py
flask,scripts/flask-07-upgrade.py
flask,flask/helpers.py
flask,scripts/flask-07-upgrade.py
flask,extreview/approved.rst
flask,docs/upgrading.rst
flask,flask/app.py
flask,CHANGES
flask,flask/app.py
flask,flask/blueprints.py
flask,tests/flask_tests.py
flask,docs/config.rst
flask,flask/helpers.py
flask,flask/__init__.py
flask,flask/app.py
flask,flask/app.py
flask,flask/helpers.py
flask,flask/app.py
flask,flask/blueprints.py
flask,flask/app.py
flask,flask/blueprints.py
flask,flask/app.py
flask,flask/blueprints.py
flask,flask/ctx.py
flask,flask/helpers.py
flask,flask/module.py
flask,flask/templating.py
flask,flask/wrappers.py
flask,tests/flask_tests.py
flask,docs/config.rst
flask,docs/extensiondev.rst
flask,flask/app.py
flask,examples/flaskr/flaskr.py
flask,examples/minitwit/minitwit.py
flask,CHANGES
flask,docs/upgrading.rst
flask,flask/app.py
flask,docs/extensiondev.rst
flask,docs/patterns/sqlalchemy.rst
flask,docs/patterns/sqlite3.rst
flask,docs/tutorial/dbcon.rst
flask,tests/flask_tests.py
flask,docs/api.rst
flask,docs/config.rst
flask,docs/contents.rst.inc
flask,docs/reqcontext.rst
flask,docs/shell.rst
flask,docs/signals.rst
flask,flask/__init__.py
flask,flask/app.py
flask,flask/ctx.py
flask,flask/signals.py
flask,tests/flask_tests.py
flask,tests/flask_tests.py
flask,CHANGES
flask,flask/logging.py
flask,CHANGES
flask,tests/flask_tests.py
flask,flask/wrappers.py
flask,docs/quickstart.rst
flask,flask/config.py
flask,flask/helpers.py
flask,docs/quickstart.rst
flask,docs/patterns/packages.rst
flask,flask/app.py
flask,docs/patterns/fabric.rst
flask,flask/helpers.py
flask,flask/app.py
flask,flask/helpers.py
flask,flask/helpers.py
flask,tests/flask_tests.py
flask,docs/deploying/others.rst
flask,CHANGES
flask,docs/api.rst
flask,flask/__init__.py
flask,flask/helpers.py
flask,docs/tutorial/dbcon.rst
flask,flask/app.py
flask,docs/tutorial/setup.rst
flask,flask/helpers.py
flask,flask/app.py
flask,flask/templating.py
flask,flask/wrappers.py
flask,tests/flask_tests.py
flask,flask/app.py
flask,tests/flask_tests.py
flask,flask/helpers.py
flask,CHANGES
flask,flask/app.py
flask,flask/helpers.py
flask,tests/flask_tests.py
flask,flask/app.py
flask,flask/config.py
flask,tests/flask_tests.py
flask,docs/patterns/appdispatch.rst
flask,flask/config.py
flask,docs/extensiondev.rst
flask,docs/patterns/appdispatch.rst
flask,CHANGES
flask,docs/api.rst
flask,flask/__init__.py
flask,flask/ctx.py
flask,tests/flask_tests.py
flask,docs/testing.rst
flask,CHANGES
flask,docs/tutorial/dbcon.rst
flask,flask/app.py
flask,tests/flask_tests.py
flask,docs/patterns/packages.rst
flask,flask/config.py
flask,CHANGES
flask,flask/config.py
flask,docs/patterns/appdispatch.rst
flask,docs/patterns/index.rst
flask,flask/config.py
flask,tests/flask_tests.py
flask,flask/config.py
flask,flask/ctx.py
flask,docs/config.rst
flask,docs/errorhandling.rst
flask,docs/extensiondev.rst
flask,docs/security.rst
flask,docs/styleguide.rst
flask,docs/patterns/jquery.rst
flask,docs/quickstart.rst
flask,docs/patterns/fileuploads.rst
flask,docs/testing.rst
flask,docs/api.rst
flask,CHANGES
flask,flask/app.py
flask,tests/flask_tests.py
flask,docs/_templates/sidebarintro.html
flask,flask/app.py
flask,docs/patterns/sqlalchemy.rst
flask,docs/patterns/packages.rst
flask,docs/flaskstyle.sty
flask,CHANGES
flask,flask/helpers.py
flask,docs/deploying/fastcgi.rst
flask,docs/patterns/favicon.rst
flask,AUTHORS
flask,CHANGES
flask,docs/patterns/viewdecorators.rst
flask,flask/app.py
flask,flask/module.py
flask,tests/flask_tests.py
flask,docs/api.rst
flask,flask/helpers.py
flask,docs/patterns/favicon.rst
flask,docs/patterns/index.rst
flask,CHANGES
flask,flask/app.py
flask,tests/flask_tests.py
flask,flask/helpers.py
flask,docs/conf.py
flask,docs/deploying/cgi.rst
flask,docs/patterns/sqlalchemy.rst
flask,flask/module.py
flask,CHANGES
flask,tests/flask_tests.py
flask,CHANGES
flask,flask/helpers.py
flask,flask/app.py
flask,flask/app.py
flask,examples/flaskr/flaskr.py
flask,examples/minitwit/minitwit.py
flask,tests/flask_tests.py
flask,CHANGES
flask,docs/config.rst
flask,flask/app.py
flask,tests/flask_tests.py
flask,CHANGES
flask,docs/foreword.rst
flask,docs/unicode.rst
flask,docs/signals.rst
flask,flask/helpers.py
flask,docs/security.rst
flask,docs/api.rst
flask,docs/signals.rst
flask,docs/foreword.rst
flask,docs/installation.rst
flask,docs/tutorial/introduction.rst
flask,docs/tutorial/setup.rst
flask,docs/testing.rst
flask,examples/flaskr/flaskr_tests.py
flask,flask/app.py
flask,flask/app.py
flask,flask/testing.py
flask,tests/flask_tests.py
flask,docs/tutorial/folders.rst
flask,flask/app.py
flask,tests/flask_tests.py
flask,flask/config.py
flask,CHANGES
flask,tests/flaskext_test.py
flask,docs/patterns/packages.rst
flask,docs/security.rst
flask,docs/becomingbig.rst
flask,docs/config.rst
flask,docs/deploying/cgi.rst
flask,docs/deploying/fastcgi.rst
flask,docs/deploying/mod_wsgi.rst
flask,docs/deploying/others.rst
flask,docs/extensiondev.rst
flask,docs/license.rst
flask,docs/patterns/errorpages.rst
flask,docs/patterns/fileuploads.rst
flask,docs/patterns/flashing.rst
flask,docs/patterns/lazyloading.rst
flask,docs/patterns/mongokit.rst
flask,docs/patterns/sqlite3.rst
flask,docs/patterns/viewdecorators.rst
flask,docs/styleguide.rst
flask,docs/templating.rst
flask,docs/tutorial/setup.rst
flask,docs/upgrading.rst
flask,docs/api.rst
flask,flask/app.py
flask,flask/app.py
flask,docs/patterns/packages.rst
flask,CHANGES
flask,tests/flask_tests.py
flask,tests/subdomaintestmodule/__init__.py
flask,tests/subdomaintestmodule/static/hello.txt
flask,flask/module.py
flask,docs/patterns/fabric.rst
flask,docs/testing.rst
flask,docs/signals.rst
flask,docs/patterns/viewdecorators.rst
flask,docs/patterns/flashing.rst
flask,tests/flask_tests.py
flask,CHANGES
flask,flask/templating.py
flask,tests/flask_tests.py
flask,tests/moduleapp/apps/admin/__init__.py
flask,docs/errorhandling.rst
flask,docs/patterns/errorpages.rst
flask,docs/upgrading.rst
flask,CHANGES
flask,docs/upgrading.rst
flask,flask/helpers.py
flask,tests/flask_tests.py
flask,CHANGES
flask,docs/upgrading.rst
flask,flask/globals.py
flask,tests/flask_tests.py
flask,docs/testing.rst
flask,Makefile
flask,tests/flask_tests.py
flask,tests/flaskext_test.py
flask,setup.py
flask,flask/app.py
flask,flask/helpers.py
flask,flask/module.py
flask,flask/wrappers.py
flask,docs/extensiondev.rst
flask,docs/patterns/errorpages.rst
flask,docs/patterns/jquery.rst
flask,docs/patterns/lazyloading.rst
flask,docs/patterns/wtforms.rst
flask,docs/quickstart.rst
flask,docs/security.rst
flask,docs/upgrading.rst
flask,extreview/approved.rst
flask,extreview/listed.rst
flask,flask/config.py
flask,tests/flask_tests.py
flask,flask/helpers.py
flask,extreview/approved.rst
flask,CHANGES
flask,flask/app.py
flask,docs/quickstart.rst
flask,docs/_themes
flask,CHANGES
flask,flask/app.py
flask,tests/flask_tests.py
flask,CHANGES
flask,docs/_themes
flask,docs/styleguide.rst
flask,tests/flaskext_test.py
flask,docs/foreword.rst
flask,MANIFEST.in
flask,extreview/approved.rst
flask,extreview/listed.rst
flask,CHANGES
flask,setup.py
flask,CHANGES
flask,extreview/approved.rst
flask,extreview/listed.rst
flask,.gitignore
flask,Makefile
flask,tox.ini
flask,extreview/approved.rst
flask,extreview/listed.rst
flask,docs/extensiondev.rst
flask,docs/extensiondev.rst
flask,extreview/approved.rst
flask,extreview/listed.rst
flask,tests/flaskext_test.py
flask,extreview/listed.rst
flask,extreview/approved.rst
flask,tests/flaskext_test.py
flask,tests/flaskext_test.py
flask,tests/flaskext_test.py
flask,tests/flaskext_test.py
flask,extreview/listed.rst
flask,extreview/approved.rst
flask,extreview/approved.rst
flask,extreview/approved.rst
flask,extreview/unlisted.rst
flask,extreview/approved.rst
flask,extreview/listed.rst
flask,extreview/unlisted.rst
flask,extreview/unlisted.rst
flask,extreview/approved.rst
flask,extreview/listed.rst
flask,extreview/rejected.rst
flask,docs/extensiondev.rst
flask,flask/app.py
flask,flask/helpers.py
flask,Makefile
flask,tests/flaskext_test.py
flask,flask/templating.py
flask,docs/extensiondev.rst
flask,docs/tutorial/testing.rst
flask,docs/extensiondev.rst
flask,AUTHORS
flask,tests/flaskext_test.py
flask,docs/extensiondev.rst
flask,docs/extensiondev.rst
flask,docs/conf.py
flask,CHANGES
flask,flask/app.py
flask,flask/module.py
flask,tests/flask_tests.py
flask,tests/flask_tests.py
flask,docs/conf.py
flask,docs/deploying/others.rst
flask,docs/signals.rst
flask,tests/flask_tests.py
flask,docs/api.rst
flask,docs/signals.rst
flask,docs/design.rst
flask,docs/foreword.rst
flask,docs/foreword.rst
flask,docs/security.rst
flask,docs/htmlfaq.rst
flask,docs/LICENSE
flask,docs/extensiondev.rst
flask,docs/foreword.rst
flask,docs/becomingbig.rst
flask,docs/foreword.rst
flask,flask/signals.py
flask,flask/__init__.py
flask,docs/patterns/jquery.rst
flask,docs/patterns/mongokit.rst
flask,docs/contents.rst.inc
flask,docs/quickstart.rst
flask,docs/security.rst
flask,docs/templating.rst
flask,docs/installation.rst
flask,docs/signals.rst
flask,docs/_themes
flask,docs/conf.py
flask,docs/conf.py
flask,docs/conf.py
flask,docs/quickstart.rst
flask,CHANGES
flask,flask/app.py
flask,flask/signals.py
flask,flask/app.py
flask,docs/quickstart.rst
flask,flask/app.py
flask,flask/ctx.py
flask,flask/app.py
flask,docs/api.rst
flask,docs/contents.rst.inc
flask,docs/signals.rst
flask,CHANGES
flask,Makefile
flask,docs/api.rst
flask,docs/conf.py
flask,flask/__init__.py
flask,flask/app.py
flask,flask/signals.py
flask,flask/templating.py
flask,tests/flask_tests.py
flask,tests/templates/simple_template.html
flask,tests/templates/nested/nested.txt
flask,flask/helpers.py
flask,CHANGES
flask,docs/api.rst
flask,flask/__init__.py
flask,flask/helpers.py
flask,tests/flask_tests.py
flask,docs/errorhandling.rst
flask,examples/jqueryexample/templates/layout.html
flask,docs/tutorial/views.rst
flask,docs/config.rst
flask,docs/patterns/fileuploads.rst
flask,CHANGES
flask,docs/styleguide.rst
flask,flask/templating.py
flask,docs/contents.rst.inc
flask,docs/styleguide.rst
flask,docs/patterns/packages.rst
flask,docs/patterns/packages.rst
flask,docs/patterns/fileuploads.rst
flask,CHANGES
flask,flask/app.py
flask,flask/helpers.py
flask,flask/module.py
flask,tests/flask_tests.py
flask,CHANGES
flask,docs/config.rst
flask,flask/app.py
flask,flask/wrappers.py
flask,docs/config.rst
flask,flask/helpers.py
flask,tests/flask_tests.py
flask,CHANGES
flask,docs/upgrading.rst
flask,flask/app.py
flask,flask/templating.py
flask,tests/flask_tests.py
flask,CHANGES
flask,flask/app.py
flask,flask/helpers.py
flask,flask/wrappers.py
flask,CHANGES
flask,docs/quickstart.rst
flask,flask/app.py
flask,flask/ctx.py
flask,flask/helpers.py
flask,flask/wrappers.py
flask,tests/flask_tests.py
flask,CHANGES
flask,docs/upgrading.rst
flask,flask/app.py
flask,tests/flask_tests.py
flask,AUTHORS
flask,flask/helpers.py
flask,docs/patterns/fileuploads.rst
flask,docs/patterns/packages.rst
flask,flask/app.py
flask,flask/logging.py
flask,flask/module.py
flask,flask/session.py
flask,flask/templating.py
flask,CHANGES
flask,flask/templating.py
flask,tests/flask_tests.py
flask,CHANGES
flask,setup.py
flask,CHANGES
flask,setup.py
flask,CHANGES
flask,docs/patterns/fabric.rst
flask,docs/config.rst
flask,docs/deploying/mod_wsgi.rst
flask,docs/patterns/distribute.rst
flask,docs/patterns/fabric.rst
flask,docs/patterns/index.rst
flask,docs/config.rst
flask,docs/patterns/packages.rst
flask,flask/module.py
flask,CHANGES
flask,flask/app.py
flask,tests/flask_tests.py
flask,docs/foreword.rst
flask,flask/app.py
flask,flask/logging.py
flask,flask/testing.py
flask,flask/testing.py
flask,flask/app.py
flask,flask/ctx.py
flask,flask/module.py
flask,flask/testing.py
flask,CHANGES
flask,docs/api.rst
flask,flask/helpers.py
flask,flask/__init__.py
flask,flask/app.py
flask,flask/helpers.py
flask,flask/module.py
flask,tests/flask_tests.py
flask,tests/moduleapp/apps/admin/static/css/test.css
flask,flask/helpers.py
flask,docs/upgrading.rst
flask,flask/helpers.py
flask,tests/flask_tests.py
flask,flask/app.py
flask,flask/module.py
flask,.gitignore
flask,flask/helpers.py
flask,flask/module.py
flask,flask/wrappers.py
flask,flask/__init__.py
flask,flask/app.py
flask,flask/ctx.py
flask,flask/helpers.py
flask,flask/templating.py
flask,flask/wrappers.py
flask,docs/becomingbig.rst
flask,docs/foreword.rst
flask,flask/__init__.py
flask,CHANGES
flask,flask/app.py
flask,flask/helpers.py
flask,flask/app.py
flask,flask/config.py
flask,docs/_themes
flask,docs/unicode.rst
flask,CHANGES
flask,flask/module.py
flask,tests/flask_tests.py
flask,tests/moduleapp/__init__.py
flask,tests/moduleapp/apps/__init__.py
flask,tests/moduleapp/apps/admin/__init__.py
flask,tests/moduleapp/apps/admin/static/test.txt
flask,tests/moduleapp/apps/admin/templates/index.html
flask,tests/moduleapp/apps/frontend/__init__.py
flask,tests/moduleapp/apps/frontend/templates/index.html
flask,flask/app.py
flask,flask/ctx.py
flask,flask/templating.py
flask,flask/__init__.py
flask,flask/app.py
flask,flask/helpers.py
flask,flask/templating.py
flask,flask/app.py
flask,flask/helpers.py
flask,flask/module.py
flask,flask/app.py
flask,flask/helpers.py
flask,flask/module.py
flask,CHANGES
flask,flask/app.py
flask,flask/helpers.py
flask,flask/app.py
flask,flask/helpers.py
flask,CHANGES
flask,flask/app.py
flask,flask/helpers.py
flask,CHANGES
flask,flask/__init__.py
flask,flask/__init__.py
flask,flask/app.py
flask,flask/config.py
flask,flask/ctx.py
flask,flask/globals.py
flask,flask/helpers.py
flask,flask/module.py
flask,flask/session.py
flask,flask/wrappers.py
flask,setup.py
flask,flask/app.py
flask,flask/__init__.py
flask,flask/app.py
flask,tests/flask_tests.py
flask,CHANGES
flask,docs/quickstart.rst
flask,flask.py
flask,tests/flask_tests.py
flask,tests/templates/mail.txt
flask,flask.py
flask,tests/flask_tests.py
flask,flask/__init__.py
flask,flask/app.py
flask,flask/conf.py
flask,flask/ctx.py
flask,flask/globals.py
flask,flask/helpers.py
flask,flask/module.py
flask,flask/session.py
flask,flask/wrappers.py
flask,flask/__init__.py
flask,flask/app.py
flask,flask/conf.py
flask,flask/ctx.py
flask,flask/helpers.py
flask,flask/module.py
flask,flask/session.py
flask,flask/wrappers.py
flask,flask.py
flask,flask.py
flask,docs/quickstart.rst
flask,flask.py
flask,docs/_themes
flask,docs/unicode.rst
flask,docs/patterns/sqlalchemy.rst
flask,docs/patterns/wtforms.rst
flask,docs/quickstart.rst
flask,docs/deploying/mod_wsgi.rst
flask,docs/api.rst
flask,docs/api.rst
flask,tests/flask_tests.py
flask,flask.py
flask,CHANGES
flask,docs/config.rst
flask,flask.py
flask,tests/flask_tests.py
flask,AUTHORS
flask,docs/patterns/sqlite3.rst
flask,docs/config.rst
flask,docs/errorhandling.rst
flask,docs/testing.rst
flask,docs/tutorial/setup.rst
flask,docs/tutorial/views.rst
flask,docs/patterns/mongokit.rst
flask,docs/patterns/index.rst
flask,docs/patterns/sqlalchemy.rst
flask,docs/patterns/mongokit.rst
flask,docs/_themes
flask,AUTHORS
flask,docs/installation.rst
flask,docs/contents.rst.inc
flask,docs/foreword.rst
flask,docs/index.rst
flask,docs/index.rst
flask,flask.py
flask,LICENSE
flask,docs/contents.rst.inc
flask,docs/license.rst
flask,docs/upgrading.rst
flask,artwork/LICENSE
flask,docs/LICENSE
flask,CHANGES
flask,setup.py
flask,MANIFEST.in
flask,CHANGES
flask,CHANGES
flask,docs/design.rst
flask,flask.py
flask,tests/flask_tests.py
flask,docs/security.rst
flask,docs/unicode.rst
flask,docs/contents.rst.inc
flask,docs/unicode.rst
flask,docs/patterns/packages.rst
flask,docs/errorhandling.rst
flask,docs/testing.rst
flask,flask.py
flask,docs/security.rst
flask,docs/contents.rst.inc
flask,docs/security.rst
flask,flask.py
flask,docs/extensiondev.rst
flask,docs/patterns/appfactories.rst
flask,docs/patterns/index.rst
flask,docs/patterns/packages.rst
flask,docs/_static/no.png
flask,docs/_static/yes.png
flask,docs/htmlfaq.rst
flask,docs/_themes
flask,docs/htmlfaq.rst
flask,docs/quickstart.rst
flask,docs/htmlfaq.rst
flask,docs/_themes
flask,docs/htmlfaq.rst
flask,docs/htmlfaq.rst
flask,AUTHORS
flask,docs/htmlfaq.rst
flask,docs/_themes
flask,docs/htmlfaq.rst
flask,docs/contents.rst.inc
flask,docs/htmlfaq.rst
flask,CHANGES
flask,docs/config.rst
flask,flask.py
flask,flask.py
flask,flask.py
flask,docs/extensiondev.rst
flask,flask.py
flask,docs/deploying/fastcgi.rst
flask,docs/patterns/jquery.rst
flask,docs/patterns/jquery.rst
flask,flask.py
flask,flask.py
flask,flask.py
flask,docs/errorhandling.rst
flask,docs/conf.py
flask,CHANGES
flask,flask.py
flask,tests/flask_tests.py
flask,CHANGES
flask,docs/api.rst
flask,docs/testing.rst
flask,flask.py
flask,tests/flask_tests.py
flask,CHANGES
flask,flask.py
flask,tests/flask_tests.py
flask,docs/patterns/packages.rst
flask,docs/_themes
flask,docs/contents.rst.inc
flask,docs/extensiondev.rst
flask,Makefile
flask,setup.py
flask,docs/api.rst
flask,AUTHORS
flask,CHANGES
flask,flask.py
flask,flask.py
flask,tests/flask_tests.py
flask,docs/api.rst
flask,docs/deploying/mod_wsgi.rst
flask,docs/design.rst
flask,docs/installation.rst
flask,docs/quickstart.rst
flask,docs/testing.rst
flask,docs/tutorial/css.rst
flask,docs/tutorial/dbinit.rst
flask,docs/tutorial/testing.rst
flask,docs/design.rst
flask,CHANGES
flask,MANIFEST.in
flask,CHANGES
flask,flask.py
flask,CHANGES
flask,flask.py
flask,tests/flask_tests.py
flask,CHANGES
flask,setup.py
flask,CHANGES
flask,CHANGES
flask,docs/config.rst
flask,docs/errorhandling.rst
flask,docs/patterns/flashing.rst
flask,docs/quickstart.rst
flask,docs/shell.rst
flask,docs/upgrading.rst
flask,flask.py
flask,setup.py
flask,docs/_themes
flask,docs/becomingbig.rst
flask,docs/config.rst
flask,docs/contents.rst.inc
flask,docs/foreword.rst
flask,docs/patterns/appfactories.rst
flask,docs/patterns/jquery.rst
flask,docs/testing.rst
flask,docs/tutorial/setup.rst
flask,docs/tutorial/views.rst
flask,docs/upgrading.rst
flask,examples/flaskr/README
flask,examples/flaskr/flaskr.py
flask,examples/flaskr/flaskr_tests.py
flask,examples/minitwit/README
flask,examples/minitwit/minitwit.py
flask,examples/minitwit/minitwit_tests.py
flask,docs/patterns/appfactories.rst
flask,docs/patterns/index.rst
flask,docs/api.rst
flask,docs/config.rst
flask,docs/contents.rst.inc
flask,docs/patterns/distribute.rst
flask,flask.py
flask,docs/deploying/cgi.rst
flask,docs/patterns/caching.rst
flask,docs/patterns/lazyloading.rst
flask,flask.py
flask,tests/flask_tests.py
flask,docs/api.rst
flask,flask.py
flask,tests/flask_tests.py
flask,flask.py
flask,examples/minitwit/minitwit.py
flask,docs/_static/touch-icon.png
flask,docs/_themes
flask,docs/conf.py
flask,docs/deploying/mod_wsgi.rst
flask,flask.py
flask,docs/quickstart.rst
flask,docs/_themes
flask,docs/conf.py
flask,docs/patterns/index.rst
flask,docs/patterns/lazyloading.rst
flask,docs/tutorial/css.rst
flask,docs/tutorial/dbcon.rst
flask,docs/tutorial/dbinit.rst
flask,docs/tutorial/folders.rst
flask,docs/tutorial/introduction.rst
flask,docs/tutorial/schema.rst
flask,docs/tutorial/setup.rst
flask,docs/tutorial/templates.rst
flask,docs/tutorial/testing.rst
flask,docs/tutorial/views.rst
flask,examples/minitwit/minitwit.py
flask,docs/quickstart.rst
flask,docs/installation.rst
flask,flask.py
flask,CHANGES
flask,docs/contents.rst.inc
flask,docs/flaskstyle.sty
flask,docs/index.rst
flask,docs/latexindex.rst
flask,docs/shell.rst
flask,flask.py
flask,tests/flask_tests.py
flask,docs/quickstart.rst
flask,docs/_themes
flask,docs/deploying/cgi.rst
flask,docs/deploying/fastcgi.rst
flask,docs/deploying/mod_wsgi.rst
flask,docs/flaskstyle.sty
flask,docs/flaskstyle.sty
flask,docs/conf.py
flask,docs/contents.rst.inc
flask,docs/errorhandling.rst
flask,docs/flaskstyle.sty
flask,docs/index.rst
flask,docs/latexindex.rst
flask,flask.py
flask,docs/deploying/others.rst
flask,docs/api.rst
flask,docs/patterns/distribute.rst
flask,docs/patterns/fileuploads.rst
flask,docs/patterns/distribute.rst
flask,docs/api.rst
flask,flask.py
flask,tests/flask_tests.py
flask,flask.py
flask,tests/flask_tests.py
flask,docs/foreword.rst
flask,docs/conf.py
flask,docs/errorhandling.rst
flask,docs/patterns/errorpages.rst
flask,docs/patterns/index.rst
flask,docs/_templates/sidebarintro.html
flask,docs/_themes
flask,docs/conf.py
flask,docs/contents.rst.inc
flask,docs/errorhandling.rst
flask,docs/patterns/fileuploads.rst
flask,docs/quickstart.rst
flask,flask.py
flask,tests/flask_tests.py
flask,CHANGES
flask,flask.py
flask,tests/flask_tests.py
flask,docs/_templates/sidebarintro.html
flask,MANIFEST.in
flask,docs/patterns/distribute.rst
flask,docs/installation.rst
flask,docs/patterns/distribute.rst
flask,docs/patterns/flashing.rst
flask,docs/patterns/index.rst
flask,flask.py
flask,CHANGES
flask,flask.py
flask,tests/flask_tests.py
flask,flask.py
flask,flask.py
flask,docs/becomingbig.rst
flask,docs/design.rst
flask,docs/foreword.rst
flask,docs/installation.rst
flask,docs/quickstart.rst
flask,flask.py
flask,docs/logo.pdf
flask,CHANGES
flask,setup.py
flask,README
flask,CHANGES
flask,Makefile
flask,artwork/logo-full.svg
flask,docs/_static/logo-full.png
flask,setup.cfg
flask,setup.py
flask,flask.py
flask,docs/conf.py
flask,CHANGES
flask,docs/api.rst
flask,flask.py
flask,tests/flask_tests.py
flask,.gitmodules
flask,docs/_themes
flask,docs/_themes/flasky/static/flasky.css_t
flask,docs/_themes/flasky/theme.conf
flask,docs/conf.py
flask,examples/openidexample/openidexample.py
flask,examples/openidexample/simpleopenid.py
flask,examples/openidexample/static/openid.png
flask,examples/openidexample/static/style.css
flask,examples/openidexample/templates/create_profile.html
flask,examples/openidexample/templates/edit_profile.html
flask,examples/openidexample/templates/index.html
flask,examples/openidexample/templates/layout.html
flask,examples/openidexample/templates/login.html
flask,CHANGES
flask,flask.py
flask,tests/flask_tests.py
flask,docs/api.rst
flask,flask.py
flask,tests/flask_tests.py
flask,examples/openidexample/openidexample.py
flask,examples/openidexample/simpleopenid.py
flask,examples/openidexample/static/openid.png
flask,examples/openidexample/static/style.css
flask,examples/openidexample/templates/create_profile.html
flask,examples/openidexample/templates/edit_profile.html
flask,examples/openidexample/templates/index.html
flask,examples/openidexample/templates/layout.html
flask,examples/openidexample/templates/login.html
flask,flask.py
flask,tests/flask_tests.py
flask,docs/patterns/sqlalchemy.rst
flask,flask.py
flask,tests/flask_tests.py
flask,flask.py
flask,docs/patterns/index.rst
flask,CHANGES
flask,flask.py
flask,tests/flask_tests.py
flask,docs/patterns/viewdecorators.rst
flask,docs/patterns/viewdecorators.rst
flask,docs/testing.rst
flask,docs/tutorial/testing.rst
flask,docs/quickstart.rst
flask,flask.py
flask,docs/quickstart.rst
flask,Makefile
flask,docs/api.rst
flask,flask.py
flask,tests/flask_tests.py
flask,docs/patterns/wtforms.rst
flask,docs/patterns/caching.rst
flask,docs/patterns/index.rst
flask,docs/patterns/viewdecorators.rst
flask,docs/contents.rst.inc
flask,Makefile
flask,docs/contents.rst.inc
flask,docs/index.rst
flask,docs/latexindex.rst
flask,Makefile
flask,docs/conf.py
flask,docs/contents.rst
flask,docs/flaskstyle.sty
flask,docs/index.rst
flask,docs/latexindex.rst
flask,docs/logo.pdf
flask,tests/flask_tests.py
flask,tests/templates/template_filter.html
flask,flask.py
flask,tests/flask_tests.py
flask,flask.py
flask,tests/flask_tests.py
flask,docs/patterns/fileuploads.rst
flask,docs/patterns/fileuploads.rst
flask,docs/patterns/index.rst
flask,docs/patterns/packages.rst
flask,flask.py
flask,docs/quickstart.rst
flask,docs/tutorial/setup.rst
flask,docs/api.rst
flask,flask.py
flask,flask.py
flask,tests/flask_tests.py
flask,flask.py
flask,flask.py
flask,tests/flask_tests.py
flask,flask.py
flask,tests/flask_tests.py
flask,flask.py
flask,flask.py
flask,tests/flask_tests.py
flask,flask.py
flask,docs/patterns/wtforms.rst
flask,README
flask,docs/quickstart.rst
flask,.gitignore
flask,Makefile
flask,website/404.html
flask,website/index.html
flask,website/logo.png
flask,website/mask.png
flask,website/ship.png
flask,AUTHORS
flask,flask.py
flask,tests/flask_tests.py
flask,flask.py
flask,docs/testing.rst
flask,flask.py
flask,flask.py
flask,tests/flask_tests.py
flask,flask.py
flask,docs/testing.rst
flask,flask.py
flask,docs/installation.rst
flask,CHANGES
flask,docs/quickstart.rst
flask,flask.py
flask,CHANGES
flask,docs/changelog.rst
flask,docs/index.rst
flask,docs/testing.rst
flask,docs/testing.rst
flask,examples/flaskr/flaskr_tests.py
flask,examples/minitwit/minitwit_tests.py
flask,flask.py
flask,README
flask,flask.py
flask,docs/api.rst
flask,docs/patterns/jquery.rst
flask,docs/patterns/packages.rst
flask,examples/minitwit/minitwit.py
flask,flask.py
flask,setup.py
flask,flask.py
flask,tests/flask_tests.py
flask,website/index.html
flask,AUTHORS
flask,LICENSE
flask,docs/index.rst
flask,docs/license.rst
flask,flask.py
flask,docs/patterns/jquery.rst
flask,flask.py
flask,docs/patterns/wtforms.rst
flask,tests/flask_tests.py
flask,docs/becomingbig.rst
flask,docs/deploying/mod_wsgi.rst
flask,docs/design.rst
flask,docs/installation.rst
flask,docs/patterns/packages.rst
flask,docs/patterns/sqlalchemy.rst
flask,docs/patterns/sqlite3.rst
flask,docs/testing.rst
flask,docs/patterns/wtforms.rst
flask,docs/patterns/wtforms.rst
flask,flask.py
flask,docs/api.rst
flask,flask.py
flask,tests/flask_tests.py
flask,flask.py
flask,flask.py
flask,tests/flask_tests.py
flask,docs/installation.rst
flask,docs/api.rst
flask,docs/patterns/jquery.rst
flask,flask.py
flask,tests/flask_tests.py
flask,docs/installation.rst
flask,docs/installation.rst
flask,docs/patterns/jquery.rst
flask,docs/patterns/jquery.rst
flask,examples/jqueryexample/templates/index.html
flask,examples/jqueryexample/templates/layout.html
flask,docs/api.rst
flask,docs/patterns/index.rst
flask,docs/patterns/jquery.rst
flask,examples/jqueryexample/jqueryexample.py
flask,examples/jqueryexample/templates/index.html
flask,flask.py
flask,tests/flask_tests.py
flask,docs/deploying.rst
flask,docs/deploying/cgi.rst
flask,docs/deploying/fastcgi.rst
flask,docs/deploying/index.rst
flask,docs/deploying/mod_wsgi.rst
flask,docs/deploying/others.rst
flask,docs/index.rst
flask,docs/deploying.rst
flask,docs/tutorial/index.rst
flask,docs/patterns/wtforms.rst
flask,docs/patterns/wtforms.rst
flask,docs/patterns/sqlalchemy.rst
flask,docs/patterns/wtforms.rst
flask,docs/conf.py
flask,docs/installation.rst
flask,docs/patterns/flashing.rst
flask,docs/patterns/index.rst
flask,docs/patterns/wtforms.rst
flask,docs/quickstart.rst
flask,examples/minitwit/minitwit.py
flask,flask.py
flask,docs/installation.rst
flask,docs/tutorial/dbinit.rst
flask,docs/patterns/sqlalchemy.rst
flask,README
flask,docs/testing.rst
flask,examples/flaskr/flaskr_tests.py
flask,docs/api.rst
flask,docs/design.rst
flask,docs/index.rst
flask,flask.py
flask,tests/flask_tests.py
flask,tests/templates/_macro.html
flask,docs/_themes/flasky/static/flasky.css_t
flask,flask.py
flask,website/index.html
flask,docs/index.rst
flask,docs/patterns.rst
flask,docs/patterns/flashing.rst
flask,docs/patterns/index.rst
flask,docs/patterns/packages.rst
flask,docs/patterns/sqlalchemy.rst
flask,docs/patterns/sqlite3.rst
flask,docs/patterns/templateinheritance.rst
flask,Makefile
flask,docs/_themes/flasky/static/flasky.css_t
flask,website/index.html
flask,docs/_themes/flasky/static/flasky.css_t
flask,docs/_themes/flasky/static/flasky.css_t
flask,docs/index.rst
flask,docs/patterns.rst
flask,docs/tutorial.rst
flask,docs/tutorial/css.rst
flask,docs/tutorial/dbcon.rst
flask,docs/tutorial/dbinit.rst
flask,docs/tutorial/folders.rst
flask,docs/tutorial/index.rst
flask,docs/tutorial/introduction.rst
flask,docs/tutorial/schema.rst
flask,docs/tutorial/setup.rst
flask,docs/tutorial/templates.rst
flask,docs/tutorial/testing.rst
flask,docs/tutorial/views.rst
flask,website/404.html
flask,website/404.html
flask,website/mask.png
flask,website/ship.png
flask,docs/_templates/sidebarintro.html
flask,docs/_themes/flasky/static/flasky.css_t
flask,website/index.html
flask,README
flask,flask.py
flask,Makefile
flask,docs/deploying.rst
flask,flask.py
flask,tests/flask_tests.py
flask,website/index.html
flask,setup.py
flask,.gitignore
flask,setup.py
flask,website/index.html
flask,website/logo.png
flask,website/index.html
flask,website/logo.png
flask,LICENSE
flask,docs/patterns.rst
flask,docs/conf.py
flask,docs/patterns.rst
flask,docs/becomingbig.rst
flask,docs/becomingbig.rst
flask,docs/patterns.rst
flask,docs/patterns.rst
flask,docs/becomingbig.rst
flask,README
flask,docs/index.rst
flask,docs/patterns.rst
flask,docs/patterns.rst
flask,docs/tutorial.rst
flask,examples/flaskr/flaskr.py
flask,examples/minitwit/minitwit.py
flask,flask.py
flask,tests/flask_tests.py
flask,flask.py
flask,docs/_static/debugger.png
flask,docs/quickstart.rst
flask,flask.py
flask,docs/patterns.rst
flask,docs/quickstart.rst
flask,docs/testing.rst
flask,docs/tutorial.rst
flask,examples/flaskr/flaskr_tests.py
flask,examples/flaskr/static/style.css
flask,examples/flaskr/templates/show_entries.html
flask,docs/_static/flaskr.png
flask,docs/_themes/flasky/static/flasky.css_t
flask,docs/index.rst
flask,docs/quickstart.rst
flask,docs/tutorial.rst
flask,examples/flaskr/flaskr.py
flask,examples/flaskr/static/style.css
flask,examples/flaskr/templates/layout.html
flask,examples/flaskr/templates/login.html
flask,examples/flaskr/README
flask,flask.py
flask,examples/flaskr/README
flask,examples/flaskr/flaskr.py
flask,examples/flaskr/flaskr.py
flask,examples/flaskr/flaskr_tests.py
flask,examples/flaskr/schema.sql
flask,examples/flaskr/static/style.css
flask,examples/flaskr/templates/layout.html
flask,examples/flaskr/templates/login.html
flask,examples/flaskr/templates/show_entries.html
flask,flask.py
flask,flask.py
flask,tests/flask_tests.py
flask,tests/static/index.html
flask,Makefile
flask,flask_tests.py
flask,tests/flask_tests.py
flask,tests/templates/context_template.html
flask,tests/templates/escaping_template.html
flask,docs/deploying.rst
flask,README
flask,setup.py
flask,flask_tests.py
flask,flask_tests.py
flask,flask.py
flask,docs/deploying.rst
flask,docs/foreword.rst
flask,docs/index.rst
flask,docs/installation.rst
flask,docs/testing.rst
flask,examples/minitwit/README
flask,examples/minitwit/minitwit.py
flask,examples/minitwit/templates/timeline.html
flask,docs/api.rst
flask,docs/index.rst
flask,flask.py
flask,examples/minitwit/minitwit_tests.py
flask,examples/minitwit/README
flask,examples/minitwit/minitwit.py
flask,examples/minitwit/minitwit_tests.py
flask,flask.py
flask,examples/apishowcase/apishowcase.py
flask,examples/apishowcase/static/style.css
flask,examples/apishowcase/templates/counter.html
flask,examples/apishowcase/templates/hello.html
flask,examples/apishowcase/templates/index.html
flask,examples/apishowcase/templates/layout.html
flask,examples/minitwit/minitwit.py
flask,docs/quickstart.rst
flask,docs/quickstart.rst
flask,docs/_themes/flasky/static/flasky.css_t
flask,docs/_themes/flasky/static/flasky.css_t
flask,docs/foreword.rst
flask,docs/patterns.rst
flask,docs/quickstart.rst
flask,docs/quickstart.rst
flask,docs/quickstart.rst
flask,docs/quickstart.rst
flask,docs/quickstart.rst
flask,docs/quickstart.rst
flask,setup.py
flask,docs/_themes/flasky/static/flasky.css_t
flask,docs/deploying.rst
flask,setup.py
flask,docs/_templates/sidebarintro.html
flask,docs/_themes/flasky/static/flasky.css_t
flask,docs/api.rst
flask,docs/deploying.rst
flask,docs/flaskext.py
flask,docs/foreword.rst
flask,docs/index.rst
flask,docs/installation.rst
flask,docs/quickstart.rst
flask,flask.py
flask,docs/quickstart.rst
flask,docs/index.rst
flask,README
flask,artwork/logo-full.svg
flask,docs/_static/flask.png
flask,docs/_static/logo-full.png
flask,docs/_templates/sidebarintro.html
flask,docs/_templates/sidebarlogo.html
flask,docs/_themes/flasky/static/flasky.css_t
flask,docs/_themes/flasky/theme.conf
flask,docs/becomingbig.rst
flask,docs/conf.py
flask,docs/flaskext.py
flask,docs/foreword.rst
flask,docs/index.rst
flask,flask.py
flask,flask.py
flask,docs/patterns.rst
flask,docs/quickstart.rst
flask,docs/api.rst
flask,docs/index.rst
flask,docs/patterns.rst
flask,docs/quickstart.rst
flask,examples/minitwit/minitwit.py
flask,docs/installation.rst
flask,docs/quickstart.rst
flask,docs/api.rst
flask,docs/index.rst
flask,docs/installation.rst
flask,docs/quickstart.rst
flask,examples/minitwit/minitwit.py
flask,flask.py
flask,docs/api.rst
flask,docs/conf.py
flask,examples/minitwit/minitwit.py
flask,flask.py
flask,examples/minitwit/README
flask,.gitignore
flask,docs/.gitignore
flask,docs/Makefile
flask,docs/api.rst
flask,docs/conf.py
flask,docs/index.rst
flask,docs/make.bat
flask,examples/minitwit/minitwit.py
flask,flask.py
flask,README
flask,setup.py
flask,.gitignore
flask,examples/apishowcase/apishowcase.py
flask,examples/apishowcase/static/style.css
flask,examples/apishowcase/templates/counter.html
flask,examples/apishowcase/templates/hello.html
flask,examples/apishowcase/templates/index.html
flask,examples/apishowcase/templates/layout.html
flask,examples/minitwit/minitwit.py
flask,examples/minitwit/schema.sql
flask,examples/minitwit/static/style.css
flask,examples/minitwit/templates/layout.html
flask,examples/minitwit/templates/login.html
flask,examples/minitwit/templates/register.html
flask,examples/minitwit/templates/timeline.html
flask,flask.py
