repo,data_str
love,2026-09-20 11:36:36 -0300
love,2026-09-04 11:47:20 -0300
love,2026-08-26 00:47:02 -0300
love,2026-08-26 00:44:58 -0300
love,2026-08-26 00:44:22 -0300
love,2026-08-25 12:33:21 -0300
love,2026-08-21 12:53:49 -0300
love,2026-08-19 22:27:24 -0300
love,2026-08-08 11:09:20 -0300
love,2026-08-06 09:12:37 -0300
love,2026-08-05 18:03:50 -0300
love,2026-08-05 12:46:11 -0400
love,2026-08-01 17:54:51 -0300
love,2026-08-01 17:23:33 -0300
love,2026-08-01 20:35:10 +0200
love,2026-08-01 12:23:44 -0300
love,2026-08-01 12:21:05 -0300
love,2026-07-30 20:55:32 -0400
love,2026-07-29 22:40:49 -0300
love,2026-07-29 22:38:56 -0300
love,2026-07-29 18:00:43 -0300
love,2026-07-29 14:52:03 -0400
love,2026-07-26 21:18:36 -0300
love,2026-07-24 17:03:15 -0300
love,2026-07-24 16:50:17 -0300
love,2026-07-24 16:33:18 -0300
love,2026-07-24 14:23:55 -0300
love,2026-07-24 08:06:52 -0400
love,2026-07-23 12:24:47 -0400
love,2026-07-23 05:55:47 -0400
love,2026-07-23 05:48:40 -0400
love,2026-07-22 13:54:59 -0400
love,2026-07-19 10:39:55 -0300
love,2026-07-19 09:57:56 +0800
love,2026-07-18 17:14:38 -0300
love,2026-07-18 10:57:13 -0300
love,2026-07-18 10:55:16 -0300
love,2026-07-18 17:56:59 +0800
love,2026-07-18 17:42:01 +0800
love,2026-07-18 17:16:39 +0800
love,2026-07-18 17:15:29 +0800
love,2025-10-19 18:50:52 +0800
love,2026-07-16 14:01:38 -0300
love,2026-07-16 13:29:42 -0300
love,2026-07-16 10:29:49 +0200
love,2026-07-15 11:21:03 +0200
love,2026-07-15 11:11:14 +0200
love,2026-07-12 11:01:02 -0300
love,2026-07-05 11:11:19 -0300
love,2026-07-05 10:50:22 -0300
love,2026-07-01 15:17:07 -0300
love,2026-07-01 14:35:41 -0300
love,2026-07-01 14:20:25 -0300
love,2026-07-01 14:03:20 -0300
love,2026-06-28 19:15:40 -0300
love,2026-06-24 21:03:03 -0300
love,2026-06-24 19:37:04 -0400
love,2026-06-24 12:30:12 -0400
love,2026-06-21 21:32:35 -0300
love,2026-06-21 20:38:25 -0300
love,2026-06-21 16:40:11 -0300
love,2026-06-21 16:30:43 -0300
love,2026-06-21 16:16:38 -0300
love,2026-06-21 15:16:53 -0300
love,2026-06-21 14:58:22 -0300
love,2026-06-18 21:13:19 -0300
love,2026-06-18 20:49:08 -0300
love,2026-06-18 20:09:18 -0300
love,2026-06-14 21:28:35 -0300
love,2026-06-14 19:31:40 -0300
love,2026-06-14 16:48:34 -0300
love,2026-06-13 15:59:33 -0300
love,2026-06-13 15:46:44 -0300
love,2026-06-10 21:07:16 -0300
love,2026-06-06 10:27:43 -0300
love,2026-05-31 21:45:30 -0300
love,2026-05-29 22:46:33 -0300
love,2026-05-29 22:05:22 -0300
love,2026-05-20 19:20:02 +0800
love,2026-05-20 19:11:39 +0800
love,2026-05-18 11:42:10 -0300
love,2026-05-17 15:02:58 -0400
love,2026-05-04 20:20:33 -0300
love,2026-05-02 16:18:45 -0300
love,2026-05-02 16:06:08 -0300
love,2026-04-30 20:54:22 -0300
love,2026-04-30 20:52:08 -0300
love,2026-04-30 20:25:40 +0200
love,2026-04-29 20:11:03 -0300
love,2026-04-29 20:09:52 -0300
love,2026-04-19 17:59:29 -0700
love,2026-04-17 23:30:32 -0300
love,2026-04-17 23:25:36 -0300
love,2026-04-16 23:25:37 -0300
love,2026-04-16 23:04:31 -0300
love,2026-04-16 21:52:38 -0300
love,2026-04-16 21:49:08 -0300
love,2026-04-16 20:53:54 -0300
love,2026-04-09 20:31:40 -0300
love,2026-04-09 19:37:09 -0300
love,2026-03-31 20:38:52 -0300
love,2026-03-31 20:21:14 -0300
love,2026-03-31 20:03:57 -0300
love,2026-03-30 23:08:32 -0300
love,2026-03-30 21:13:13 -0300
love,2026-03-28 16:11:57 -0300
love,2026-03-28 16:11:38 -0300
love,2026-03-23 18:39:50 -0300
love,2026-03-23 22:38:14 +0100
love,2026-03-01 11:25:21 -0400
love,2026-03-01 00:25:44 -0400
love,2026-03-01 00:22:39 -0400
love,2026-03-01 00:20:32 -0400
love,2026-02-25 03:29:49 -0500
love,2026-02-04 14:31:52 -0500
love,2026-02-25 03:26:13 -0500
love,2026-02-15 00:07:20 -0400
love,2026-01-21 20:12:52 -0400
love,2026-01-21 18:49:11 +0000
love,2025-12-08 20:17:41 -0400
love,2025-11-27 21:07:12 -0400
love,2025-11-25 12:48:10 -0400
love,2025-11-25 15:41:42 +0800
love,2025-11-25 15:29:24 +0800
love,2025-11-25 13:30:46 +0800
love,2025-11-23 13:08:13 -0400
love,2025-11-22 22:34:24 +0000
love,2025-10-25 22:15:45 +0100
love,2025-10-25 21:12:51 +0100
love,2025-11-21 23:24:07 -0400
love,2025-11-21 17:47:37 +0000
love,2025-11-21 17:41:18 +0000
love,2025-11-20 19:15:59 +0000
love,2025-11-05 22:42:48 -0400
love,2025-10-28 21:01:43 -0300
love,2025-10-19 14:33:35 -0300
love,2025-10-19 12:35:40 -0400
love,2025-10-16 21:51:34 -0300
love,2025-10-14 20:55:49 +1100
love,2025-10-01 18:43:01 +1000
love,2025-10-01 18:40:45 +1000
love,2025-10-01 18:40:11 +1000
love,2025-09-27 13:50:31 +1000
love,2025-09-16 00:14:25 -0300
love,2025-09-15 21:22:48 -0300
love,2025-09-15 20:44:37 -0300
love,2025-09-15 12:06:30 -0400
love,2025-08-16 14:45:30 -0300
love,2025-08-16 10:05:26 -0300
love,2025-08-04 17:34:51 -0300
love,2025-08-04 17:34:37 -0300
love,2025-08-03 17:11:49 -0300
love,2025-08-01 22:14:25 -0300
love,2025-08-01 21:25:38 -0300
love,2025-07-26 15:22:40 -0300
love,2025-07-21 00:33:44 -0300
love,2025-07-12 23:19:22 +0100
love,2025-07-12 15:24:18 -0300
love,2025-07-12 16:40:47 +0100
love,2025-06-30 15:38:26 +0800
love,2025-06-30 13:53:30 +0800
love,2025-06-24 12:16:17 +0800
love,2025-06-22 17:01:40 -0300
love,2025-06-19 22:41:05 -0300
love,2025-06-19 22:07:32 -0300
love,2025-06-15 16:16:26 -0300
love,2025-06-10 20:26:34 +0800
love,2025-06-10 20:25:27 +0800
love,2025-05-31 23:23:53 -0300
love,2025-05-10 12:56:32 -0300
love,2025-05-07 22:01:41 -0300
love,2025-05-07 21:53:57 -0300
love,2025-05-07 19:37:14 -0300
love,2025-05-07 19:30:27 -0300
love,2025-05-06 22:41:12 -0300
love,2025-05-06 22:38:26 -0300
love,2025-04-16 21:10:33 -0300
love,2025-04-12 17:03:50 -0300
love,2025-04-12 16:59:07 -0300
love,2025-04-07 20:59:47 -0300
love,2025-04-07 20:56:22 -0300
love,2025-03-31 19:13:25 -0300
love,2025-03-23 09:43:02 -0300
love,2025-03-22 19:00:52 -0300
love,2025-03-09 16:57:49 +0100
love,2025-03-08 12:47:50 +0100
love,2025-03-02 17:20:47 -0400
love,2025-03-02 20:22:42 +0800
love,2025-03-02 20:10:37 +0800
love,2025-03-02 19:52:18 +0800
love,2025-03-01 14:52:02 -0400
love,2025-02-26 20:22:34 -0400
love,2025-02-18 08:25:19 -0300
love,2025-02-09 14:11:57 -0400
love,2025-02-08 23:08:59 -0400
love,2025-02-08 23:05:35 -0400
love,2025-02-08 22:03:19 -0400
love,2025-02-08 20:25:27 -0400
love,2025-02-08 16:46:37 -0400
love,2025-02-08 16:32:30 -0400
love,2025-02-04 23:12:56 -0400
love,2025-02-04 22:21:39 -0400
love,2025-02-02 17:05:48 -0400
love,2025-02-02 11:13:09 -0400
love,2025-02-02 10:57:22 -0400
love,2025-02-02 10:30:50 -0400
love,2025-02-02 10:29:57 -0400
love,2025-02-01 17:12:05 -0400
love,2025-02-01 17:08:33 -0400
love,2025-01-30 23:03:09 +0400
love,2025-01-31 22:52:23 -0400
love,2025-01-30 19:15:32 +0800
love,2025-01-30 12:07:26 +0800
love,2025-01-26 17:29:18 -0400
love,2025-01-26 16:54:03 -0400
love,2025-01-26 14:45:51 -0400
love,2025-01-25 23:09:56 -0400
love,2025-01-25 13:25:20 -0400
love,2025-01-25 12:50:57 -0400
love,2025-01-25 12:11:58 -0400
love,2025-01-24 22:27:34 -0400
love,2025-01-18 20:37:53 -0400
love,2025-01-18 18:19:05 -0400
love,2025-01-16 17:06:03 +0800
love,2025-01-16 17:04:27 +0800
love,2025-01-16 16:54:23 +0800
love,2025-01-16 16:53:38 +0800
love,2025-01-15 22:51:13 -0400
love,2025-01-15 17:35:58 +0300
love,2025-01-13 20:59:37 -0400
love,2025-01-13 20:30:43 -0400
love,2025-01-11 14:55:46 -0400
love,2025-01-11 14:55:23 -0400
love,2025-01-10 14:23:33 +0800
love,2025-01-10 14:18:51 +0800
love,2025-01-07 20:28:28 -0400
love,2025-01-05 12:15:23 +0800
love,2025-01-04 16:49:33 +0800
love,2025-01-04 12:15:22 +0800
love,2025-01-04 12:08:42 +0800
love,2025-01-02 14:08:21 +0800
love,2025-01-02 12:31:31 +0800
love,2025-01-04 16:19:30 -0400
love,2025-01-04 15:52:52 -0400
love,2025-01-04 15:50:52 -0400
love,2025-01-02 13:51:30 +0800
love,2024-12-29 23:42:59 -0400
love,2024-12-29 23:30:32 -0400
love,2024-12-29 16:43:49 -0400
love,2024-12-29 14:09:13 -0400
love,2024-12-25 17:50:53 -0400
love,2024-12-25 17:45:39 -0400
love,2024-12-25 14:22:36 -0400
love,2024-12-25 13:15:17 -0400
love,2024-12-24 18:50:11 -0400
love,2024-12-24 17:13:12 -0400
love,2024-12-23 16:46:42 -0400
love,2024-12-23 16:46:17 -0400
love,2024-12-23 16:45:40 -0400
love,2024-12-22 19:37:02 -0400
love,2024-12-20 23:45:31 -0400
love,2024-12-20 23:37:06 -0400
love,2024-12-20 21:06:27 -0400
love,2024-12-20 21:02:20 -0400
love,2024-12-20 20:53:42 -0400
love,2024-12-20 20:40:53 -0400
love,2024-12-20 12:35:51 -0400
love,2024-12-20 12:34:50 -0400
love,2024-12-19 18:18:41 -0400
love,2024-12-18 22:12:43 -0400
love,2024-12-17 18:55:22 -0400
love,2024-12-16 21:50:28 -0400
love,2024-12-16 22:47:35 +0200
love,2024-12-16 21:42:42 +0200
love,2024-12-10 19:44:39 -0400
love,2024-12-09 18:32:17 -0400
love,2024-12-09 18:30:27 -0400
love,2024-12-01 14:29:54 -0400
love,2024-12-01 14:23:13 -0400
love,2024-12-01 15:04:56 +0800
love,2024-11-29 17:46:30 +0100
love,2024-11-22 10:02:33 +0100
love,2024-11-24 13:30:07 -0400
love,2024-11-16 00:08:06 -0400
love,2024-11-09 23:33:34 -0400
love,2024-11-02 18:18:21 -0300
love,2024-11-01 17:09:42 -0300
love,2024-11-01 08:03:45 -0300
love,2024-10-25 18:52:46 -0300
love,2024-10-21 22:08:05 -0300
love,2024-10-21 21:46:17 -0300
love,2024-10-20 14:35:23 -0300
love,2024-10-20 13:00:41 -0300
love,2024-10-20 12:43:29 -0300
love,2024-10-19 15:36:34 -0300
love,2024-10-19 13:41:34 -0300
love,2024-10-19 12:33:42 -0300
love,2024-10-19 11:26:17 -0300
love,2024-10-18 20:32:53 -0300
love,2024-10-18 20:24:11 -0300
love,2024-10-18 20:22:26 -0300
love,2024-10-17 20:56:48 -0300
love,2024-10-16 22:24:27 -0300
love,2024-10-14 22:34:24 -0300
love,2024-10-14 17:37:56 -0300
love,2024-10-14 17:11:14 -0300
love,2024-10-13 15:56:54 -0300
love,2024-10-13 14:37:10 -0300
love,2024-10-13 09:20:27 -0300
love,2024-10-13 13:54:37 +0800
love,2024-10-12 12:32:39 -0300
love,2024-10-12 12:22:02 -0300
love,2024-10-12 12:19:19 -0300
love,2024-10-12 19:44:54 +0800
love,2024-10-11 19:00:07 -0300
love,2024-10-11 18:59:32 -0300
love,2024-10-09 21:21:33 -0300
love,2024-10-08 17:05:39 -0300
love,2024-10-06 20:27:59 -0300
love,2024-10-06 20:27:28 -0300
love,2024-10-06 17:08:35 -0300
love,2024-10-06 16:53:09 -0300
love,2024-10-03 12:42:11 -0300
love,2024-09-30 23:04:58 -0300
love,2024-09-30 20:15:11 -0300
love,2024-09-30 19:58:45 -0300
love,2024-09-30 14:43:27 -0300
love,2024-09-29 17:00:10 -0300
love,2024-09-28 18:30:26 -0300
love,2024-09-28 18:23:40 -0300
love,2024-09-28 18:23:09 -0300
love,2024-09-27 19:57:44 -0300
love,2024-09-27 19:50:11 -0300
love,2024-09-19 22:41:31 -0300
love,2024-09-11 18:46:21 -0300
love,2024-09-08 15:08:10 -0300
love,2024-09-07 19:22:34 -0300
love,2024-09-07 18:06:03 -0300
love,2024-09-07 17:36:34 -0300
love,2024-09-07 17:35:56 -0300
love,2024-09-07 17:35:15 -0300
love,2024-09-07 17:34:10 -0300
love,2024-09-07 17:32:50 -0300
love,2024-08-30 08:10:16 -0400
love,2024-08-28 21:14:15 -0300
love,2024-08-23 21:32:03 -0300
love,2024-08-21 17:19:19 -0300
love,2024-08-18 13:08:27 -0300
love,2024-08-14 21:00:24 -0300
love,2024-08-14 19:15:23 -0300
love,2024-08-13 18:02:30 -0300
love,2024-08-10 21:05:49 -0300
love,2024-08-10 18:11:04 -0300
love,2024-08-10 17:54:23 -0300
love,2024-08-10 11:12:27 -0300
love,2024-08-08 21:15:58 -0300
love,2024-08-05 10:21:10 -0300
love,2024-08-04 15:07:23 -0300
love,2024-08-03 19:53:46 -0300
love,2024-08-03 19:33:55 -0300
love,2024-08-03 18:04:27 -0300
love,2024-08-02 23:04:53 -0300
love,2024-08-01 20:39:31 -0300
love,2024-07-31 19:42:43 -0300
love,2024-07-31 19:42:06 -0300
love,2024-07-29 17:43:57 -0300
love,2024-07-29 20:28:14 +0100
love,2024-07-21 17:12:38 -0300
love,2024-07-16 17:44:58 -0300
love,2024-07-16 16:46:59 -0300
love,2024-07-15 21:09:03 -0300
love,2024-07-15 20:56:48 -0300
love,2024-07-15 18:50:54 -0300
love,2024-07-15 17:55:31 -0300
love,2024-07-15 17:44:03 -0300
love,2024-07-15 17:33:49 -0300
love,2024-07-15 17:24:21 -0300
love,2024-07-11 21:42:52 -0300
love,2024-07-11 21:29:49 -0300
love,2024-07-08 22:55:48 -0300
love,2024-07-07 16:54:18 -0300
love,2024-07-06 15:39:26 -0300
love,2024-07-06 15:32:58 -0300
love,2024-07-06 15:31:11 -0300
love,2024-07-01 22:56:07 -0300
love,2024-07-01 22:55:05 -0300
love,2024-07-01 22:54:17 -0300
love,2024-06-30 17:38:04 -0300
love,2024-06-30 17:37:22 -0300
love,2024-06-28 21:53:03 -0300
love,2024-06-24 20:24:51 -0300
love,2024-06-24 18:41:52 -0300
love,2024-06-24 18:31:34 -0300
love,2024-06-23 19:32:28 +0800
love,2024-06-22 22:10:42 -0300
love,2024-06-22 22:06:23 -0300
love,2024-06-22 18:13:47 -0600
love,2024-06-22 21:05:37 -0300
love,2024-06-22 17:10:52 -0600
love,2024-06-22 17:07:06 -0600
love,2024-06-22 15:55:56 -0600
love,2024-06-22 16:32:29 -0300
love,2024-06-22 16:32:10 -0300
love,2024-06-22 13:20:46 -0600
love,2024-06-21 22:44:30 -0300
love,2024-06-21 10:43:35 +0800
love,2024-06-20 22:14:31 -0300
love,2024-06-20 18:38:10 -0300
love,2024-06-20 18:14:46 -0300
love,2024-06-20 17:50:36 -0300
love,2024-06-20 17:49:50 -0300
love,2024-06-19 18:08:09 -0300
love,2024-06-18 22:19:40 -0300
love,2024-06-17 21:13:06 -0300
love,2024-06-17 20:57:28 -0300
love,2024-06-17 17:08:31 -0300
love,2024-04-03 23:11:27 +0200
love,2024-06-16 17:07:34 -0300
love,2024-06-16 11:17:46 -0300
love,2024-06-15 20:11:24 -0300
love,2024-06-15 15:40:48 -0300
love,2024-06-15 15:02:44 -0300
love,2024-06-15 14:46:27 -0300
love,2024-06-07 17:38:08 -0300
love,2024-06-01 21:21:20 -0300
love,2024-05-30 10:26:22 +0800
love,2024-05-10 21:50:22 -0300
love,2024-05-10 01:27:41 -0500
love,2024-05-10 01:24:48 -0500
love,2024-05-09 19:01:02 -0300
love,2024-05-09 19:00:53 -0300
love,2024-05-08 22:20:29 -0500
love,2024-05-08 21:16:39 -0500
love,2024-05-05 09:40:28 -0300
love,2024-05-03 20:56:13 -0300
love,2024-05-03 20:24:25 -0300
love,2024-05-02 18:05:42 -0300
love,2024-04-27 12:38:30 +0800
love,2024-04-26 20:32:15 -0300
love,2024-04-26 20:17:41 -0300
love,2024-04-26 20:11:10 -0300
love,2024-04-26 20:05:18 -0300
love,2024-04-26 19:51:28 -0300
love,2024-04-25 18:23:58 -0300
love,2024-04-25 12:36:43 +0800
love,2024-04-25 12:04:33 +0800
love,2024-04-25 11:54:13 +0800
love,2024-04-20 19:12:10 -0300
love,2024-04-20 18:58:35 -0300
love,2024-04-20 18:47:13 -0300
love,2024-04-20 18:37:52 -0300
love,2024-04-20 17:35:57 -0300
love,2024-04-18 20:32:21 -0300
love,2024-04-17 22:06:44 +0200
love,2024-04-14 11:31:46 -0300
love,2024-04-14 11:31:10 -0300
love,2024-04-14 11:29:46 -0300
love,2024-04-13 17:06:06 -0300
love,2024-04-13 16:48:44 -0300
love,2024-04-13 16:48:22 -0300
love,2024-04-12 18:08:20 -0300
love,2024-04-12 18:02:43 -0300
love,2024-04-12 17:59:22 -0300
love,2024-04-12 17:52:37 -0300
love,2024-04-12 17:31:21 -0300
love,2024-04-11 22:44:47 -0300
love,2024-04-11 22:35:43 -0300
love,2024-04-09 21:21:30 -0300
love,2024-04-09 21:20:16 -0300
love,2024-04-09 21:18:11 -0300
love,2024-04-09 17:33:11 -0300
love,2024-04-09 13:53:19 -0300
love,2024-04-09 18:04:54 +0200
love,2024-04-09 17:31:04 +0200
love,2024-04-08 22:10:11 -0300
love,2024-04-08 20:11:47 -0300
love,2024-04-08 17:59:06 -0300
love,2024-04-08 12:20:07 -0300
love,2024-04-07 17:25:46 -0300
love,2024-04-07 15:14:59 -0300
love,2024-04-07 09:48:54 -0300
love,2024-04-07 09:13:21 -0300
love,2024-04-06 21:38:12 -0300
love,2024-04-06 20:24:10 -0300
love,2024-04-06 09:46:40 -0300
love,2024-04-06 09:46:05 -0300
love,2024-04-05 22:30:58 -0300
love,2024-04-01 23:06:19 -0300
love,2024-04-01 23:01:00 -0300
love,2024-04-01 15:03:19 -0300
love,2024-03-30 21:20:47 +0100
love,2024-03-31 21:12:01 -0300
love,2024-03-31 17:56:36 -0300
love,2024-03-31 16:48:12 -0300
love,2024-03-31 13:28:46 -0300
love,2024-03-31 12:55:40 -0300
love,2024-03-31 10:11:17 -0300
love,2024-03-31 10:09:59 -0300
love,2024-03-30 15:05:51 -0300
love,2024-03-30 01:03:34 +0100
love,2024-03-30 12:20:52 -0300
love,2024-03-30 12:03:20 -0300
love,2024-03-30 11:38:51 -0300
love,2024-03-30 11:31:33 -0300
love,2024-03-30 11:30:15 -0300
love,2024-03-30 10:02:05 -0300
love,2024-03-30 13:46:00 +0100
love,2024-03-30 09:40:39 -0300
love,2024-03-30 13:16:21 +0100
love,2024-03-29 21:01:04 -0300
love,2024-03-28 19:06:42 -0300
love,2024-03-28 19:00:29 -0300
love,2024-03-27 20:00:05 -0300
love,2024-03-25 23:14:58 -0300
love,2024-03-25 21:07:05 -0300
love,2024-03-25 21:01:05 -0300
love,2024-03-25 20:55:28 -0300
love,2024-03-24 18:53:08 -0300
love,2024-03-24 10:46:29 -0300
love,2024-03-23 22:00:02 -0300
love,2024-03-23 17:58:34 -0300
love,2024-03-23 09:50:48 -0300
love,2024-03-23 00:19:47 -0300
love,2024-03-22 23:15:09 -0300
love,2024-03-22 23:08:34 -0300
love,2024-03-22 22:02:35 -0300
love,2024-03-22 19:55:17 -0300
love,2024-03-22 15:16:54 +0000
love,2024-03-22 12:17:15 +0000
love,2024-03-21 22:46:42 -0300
love,2024-03-21 22:10:24 -0300
love,2024-03-21 21:43:45 -0300
love,2024-03-21 21:32:03 -0300
love,2024-03-21 18:12:44 -0300
love,2024-03-21 11:24:51 +0800
love,2024-03-20 18:36:59 -0300
love,2024-03-20 12:43:50 -0300
love,2024-03-20 09:49:18 +0000
love,2024-03-19 18:05:06 +0000
love,2024-03-19 22:24:45 +0800
love,2024-03-17 13:54:40 -0300
love,2024-03-17 00:01:10 -0300
love,2024-03-16 23:51:40 -0300
love,2024-03-16 23:11:14 -0300
love,2024-03-16 12:41:04 -0300
love,2024-03-16 20:47:17 +0800
love,2024-03-16 15:11:21 +0800
love,2024-03-13 18:33:56 -0300
love,2024-03-13 22:16:33 +0100
love,2024-03-12 18:33:05 -0300
love,2024-03-12 18:28:26 -0300
love,2024-03-12 18:27:49 -0300
love,2024-03-11 19:14:25 -0300
love,2024-03-11 13:47:43 +0100
love,2024-03-10 21:24:10 -0300
love,2024-03-10 16:44:56 -0300
love,2024-03-10 15:41:31 -0300
love,2024-03-10 14:33:29 -0300
love,2024-03-10 13:51:33 -0300
love,2024-03-10 13:38:28 -0300
love,2024-03-10 13:08:04 -0300
love,2024-03-10 14:41:37 +0100
love,2024-02-17 11:42:14 +0100
love,2024-02-18 13:23:46 +0100
love,2024-02-17 12:44:54 +0100
love,2024-02-17 12:40:03 +0100
love,2024-02-25 12:01:38 +0100
love,2024-02-11 14:58:54 +0100
love,2024-03-03 13:38:25 +0100
love,2024-03-03 13:34:50 +0100
love,2024-02-17 11:45:31 +0100
love,2024-03-03 13:32:47 +0100
love,2024-03-09 16:09:26 -0400
love,2024-03-09 16:01:26 -0400
love,2024-03-09 13:22:39 -0400
love,2024-03-09 13:22:15 -0400
love,2024-03-09 13:07:23 -0400
love,2024-03-09 00:15:13 -0400
love,2024-03-08 17:52:21 -0400
love,2024-03-08 10:50:37 -0400
love,2024-03-08 13:42:05 +0100
love,2024-03-07 23:04:22 -0400
love,2024-03-07 22:31:05 -0400
love,2024-03-07 21:53:40 -0400
love,2024-03-07 21:37:21 -0400
love,2024-03-07 21:24:11 -0400
love,2024-03-07 21:00:45 -0400
love,2024-03-06 14:23:18 -0400
love,2024-03-06 08:11:15 -0400
love,2024-03-06 09:41:57 +0000
love,2024-03-06 09:19:02 +0000
love,2024-03-06 09:18:44 +0000
love,2024-03-05 23:03:55 -0400
love,2024-03-05 21:01:05 -0400
love,2024-03-03 12:40:23 -0400
love,2024-02-29 14:09:02 -0400
love,2024-02-29 17:49:24 +0000
love,2024-02-29 10:38:30 +0000
love,2024-02-29 10:17:14 +0000
love,2024-02-29 09:54:49 +0000
love,2024-02-29 09:20:18 +0000
love,2024-02-28 17:55:37 -0400
love,2024-02-28 18:38:43 +0000
love,2024-02-28 17:51:06 +0000
love,2024-02-28 17:49:51 +0000
love,2024-02-28 13:20:11 -0400
love,2024-02-27 23:17:24 -0400
love,2024-02-27 22:54:18 -0400
love,2024-02-27 11:18:42 +0800
love,2024-02-26 21:16:48 +0800
love,2024-02-26 20:44:32 +0800
love,2024-02-26 20:41:50 +0800
love,2024-02-25 20:09:06 -0400
love,2024-02-25 14:39:40 -0400
love,2024-02-25 14:25:36 -0400
love,2024-02-25 11:23:52 -0400
love,2024-02-24 23:42:28 -0400
love,2024-02-24 15:45:43 -0400
love,2024-02-24 15:21:38 -0400
love,2024-02-19 12:11:15 -0400
love,2024-02-18 17:22:31 -0400
love,2024-02-18 17:07:24 -0400
love,2024-02-18 17:06:40 -0400
love,2024-02-17 14:10:38 -0400
love,2024-02-17 14:00:31 -0400
love,2024-02-17 13:16:10 -0400
love,2024-02-13 21:20:07 -0400
love,2024-02-13 01:20:10 +0000
love,2024-02-13 01:01:18 +0000
love,2024-02-12 20:32:44 -0400
love,2024-02-12 20:06:55 -0400
love,2024-02-10 23:17:10 -0400
love,2024-02-10 22:52:28 -0400
love,2024-02-10 19:01:48 -0400
love,2024-02-10 13:44:17 -0400
love,2024-02-10 13:28:52 -0400
love,2024-02-10 12:56:57 -0400
love,2024-02-10 12:24:48 -0400
love,2024-02-10 12:13:22 -0400
love,2024-02-09 01:15:45 +0000
love,2024-02-09 00:55:57 +0000
love,2024-02-09 00:29:12 +0000
love,2024-02-04 23:18:40 -0400
love,2024-02-04 23:07:50 -0400
love,2024-02-04 17:02:26 -0400
love,2024-02-03 12:06:27 -0400
love,2024-01-29 19:13:44 +0800
love,2024-01-28 11:58:26 +0100
love,2024-01-13 18:06:37 -0400
love,2024-01-09 21:29:54 -0400
love,2024-01-09 21:11:04 -0400
love,2024-01-09 21:10:20 -0400
love,2024-01-08 22:31:06 -0400
love,2024-01-08 22:13:47 -0400
love,2024-01-08 21:09:40 -0400
love,2024-01-07 22:00:50 -0400
love,2024-01-07 21:58:29 -0400
love,2024-01-07 21:46:51 -0400
love,2024-01-07 21:40:14 -0400
love,2024-01-07 21:26:10 -0400
love,2024-01-07 21:22:43 -0400
love,2024-01-07 21:22:13 -0400
love,2024-01-07 21:17:43 -0400
love,2024-01-07 21:14:01 -0400
love,2024-01-06 15:44:39 -0400
love,2024-01-06 15:36:50 -0400
love,2024-01-06 15:22:02 -0400
love,2024-01-06 15:21:06 -0400
love,2024-01-06 12:42:19 +0100
love,2024-01-06 12:13:15 +0100
love,2024-01-06 12:04:25 +0100
love,2024-01-05 20:37:49 -0400
love,2024-01-04 21:35:52 -0400
love,2024-01-04 21:35:18 -0400
love,2024-01-04 16:23:49 -0400
love,2024-01-02 11:13:31 -0400
love,2024-01-01 16:12:24 -0400
love,2024-01-01 15:41:31 -0400
love,2023-12-31 16:32:12 -0400
love,2023-12-31 16:06:45 -0400
love,2023-12-31 13:57:51 +0100
love,2023-12-31 13:28:09 +0100
love,2023-12-31 12:56:38 +0100
love,2023-12-31 12:48:40 +0100
love,2023-12-31 12:36:25 +0100
love,2023-12-31 12:29:16 +0100
love,2023-12-31 12:23:29 +0100
love,2023-12-29 16:51:24 +0100
love,2023-12-27 21:28:02 +0100
love,2023-12-25 23:25:46 +0100
love,2023-12-25 23:24:07 +0100
love,2023-12-25 15:39:45 +0100
love,2023-12-24 15:19:23 +0100
love,2023-12-24 17:28:27 +0700
love,2023-12-24 17:26:58 +0700
love,2023-12-23 23:07:31 +0100
love,2023-12-23 16:54:00 +0100
love,2023-12-14 18:39:22 -0400
love,2023-12-13 21:47:42 -0400
love,2023-12-13 21:05:12 -0400
love,2023-12-13 20:42:42 -0400
love,2023-12-13 20:27:58 -0400
love,2023-12-13 20:27:31 -0400
love,2023-12-13 19:54:00 -0400
love,2023-12-14 00:42:19 +0100
love,2023-12-14 00:16:38 +0100
love,2023-12-14 00:09:08 +0100
love,2023-12-13 16:03:22 +0100
love,2023-12-13 14:28:34 +0100
love,2023-12-12 20:16:51 -0400
love,2023-12-12 19:55:38 -0400
love,2023-12-12 19:53:56 -0400
love,2023-12-12 19:53:38 -0400
love,2023-12-12 19:38:39 -0400
love,2023-12-12 19:36:47 -0400
love,2023-12-10 17:56:02 -0400
love,2023-12-10 21:41:50 +0000
love,2023-12-09 21:01:55 -0400
love,2023-12-09 19:41:52 -0400
love,2023-12-05 10:26:24 +0000
love,2023-12-04 16:13:38 +0000
love,2023-12-03 08:44:36 -0400
love,2023-12-02 15:37:44 -0400
love,2023-12-02 13:40:49 -0400
love,2023-11-29 20:45:36 -0400
love,2023-11-28 21:45:14 -0400
love,2023-11-28 15:15:48 +0000
love,2023-11-28 16:11:07 +0100
love,2023-11-27 23:14:36 -0400
love,2023-11-27 12:47:23 +0800
love,2023-11-27 12:13:56 +0800
love,2023-11-27 11:35:37 +0800
love,2023-11-26 17:11:34 -0400
love,2023-11-26 14:23:49 -0400
love,2023-11-27 00:01:43 +0800
love,2023-11-26 11:52:13 -0400
love,2023-11-26 15:00:34 +0100
love,2023-11-24 14:12:47 -0400
love,2023-11-23 13:57:07 +0000
love,2023-11-23 13:17:09 +0000
love,2023-11-23 13:16:35 +0000
love,2023-11-23 12:52:54 +0000
love,2023-11-22 19:43:09 -0400
love,2023-11-22 23:15:07 +0000
love,2023-11-20 20:05:30 +0000
love,2023-11-18 13:44:41 -0400
love,2023-11-17 20:19:51 +0000
love,2023-11-17 19:37:56 +0000
love,2023-11-17 17:15:46 +0000
love,2023-11-17 17:00:17 +0000
love,2023-11-17 12:19:56 +0000
love,2023-11-17 00:11:32 +0000
love,2023-11-16 23:28:50 +0000
love,2023-11-16 22:09:31 +0000
love,2023-11-16 21:54:01 +0000
love,2023-11-16 19:22:40 +0000
love,2023-11-15 23:15:27 -0400
love,2023-11-15 20:34:34 +0000
love,2023-11-15 19:54:14 +0000
love,2023-11-15 19:52:17 +0000
love,2023-11-15 19:32:39 +0000
love,2023-11-15 09:06:16 +0000
love,2023-11-15 12:19:06 +0800
love,2023-11-15 12:16:19 +0800
love,2023-11-14 23:21:28 +0000
love,2023-11-14 21:33:11 +0000
love,2023-11-14 21:22:10 +0000
love,2023-11-14 20:53:42 +0000
love,2023-11-14 20:42:04 +0000
love,2023-11-14 20:38:35 +0000
love,2023-11-14 20:18:43 +0000
love,2023-11-14 20:04:49 +0000
love,2023-11-14 18:34:53 +0000
love,2023-11-14 18:15:37 +0000
love,2023-11-14 18:01:34 +0000
love,2023-11-14 17:57:38 +0000
love,2023-11-14 17:53:13 +0000
love,2023-11-14 17:52:04 +0000
love,2023-11-14 13:00:09 +0000
love,2023-11-14 09:47:36 +0000
love,2023-11-07 20:27:42 -0400
love,2023-10-30 18:55:26 -0300
love,2023-10-21 13:55:43 -0300
love,2023-10-20 20:19:30 -0300
love,2023-10-14 20:48:21 -0300
love,2023-10-14 16:42:31 -0300
love,2023-10-14 15:02:28 -0300
love,2023-10-14 15:01:01 -0300
love,2023-10-14 18:18:53 +0100
love,2023-10-14 10:30:51 -0300
love,2023-10-13 21:53:45 -0300
love,2023-10-13 21:41:32 -0300
love,2023-10-12 13:33:28 +0800
love,2023-10-11 22:05:55 -0300
love,2023-10-11 22:05:33 -0300
love,2023-10-09 20:22:04 -0300
love,2023-10-09 22:32:41 +0100
love,2023-10-09 16:17:16 -0300
love,2023-10-09 20:16:01 +0200
love,2023-10-09 15:13:47 -0300
love,2023-10-09 15:13:03 -0300
love,2023-10-09 20:12:13 +0200
love,2023-10-09 20:07:32 +0200
love,2023-10-09 14:10:24 -0300
love,2023-10-09 13:37:30 -0300
love,2023-10-09 13:13:37 -0300
love,2023-10-09 16:04:25 +0200
love,2023-10-09 15:32:17 +0200
love,2023-10-09 15:31:23 +0200
love,2023-10-08 21:36:10 -0300
love,2023-10-08 21:08:59 -0300
love,2023-10-08 21:11:07 +0100
love,2023-10-08 18:25:00 +0100
love,2023-10-08 14:06:55 -0300
love,2023-10-08 17:12:07 +0100
love,2023-10-08 12:43:27 -0300
love,2023-10-08 12:32:10 -0300
love,2023-10-07 17:03:40 -0300
love,2023-10-07 15:35:00 -0300
love,2023-10-07 15:33:15 -0300
love,2023-10-07 15:33:01 -0300
love,2023-10-07 15:19:49 -0300
love,2023-10-07 15:17:24 -0300
love,2023-10-06 15:58:55 +0100
love,2023-10-06 15:33:53 +0100
love,2023-10-06 15:02:12 +0100
love,2023-10-06 14:39:43 +0100
love,2023-10-06 13:26:51 +0100
love,2023-10-06 10:14:44 +0100
love,2023-10-06 10:10:08 +0100
love,2023-10-05 20:12:28 -0600
love,2023-10-05 20:12:14 -0600
love,2023-10-06 00:53:29 +0100
love,2023-10-06 00:37:35 +0100
love,2023-10-06 00:08:39 +0100
love,2023-10-05 23:44:15 +0100
love,2023-10-05 23:03:32 +0100
love,2023-10-04 20:00:44 -0300
love,2023-10-04 19:56:22 -0300
love,2023-10-04 21:59:31 +0100
love,2023-10-04 14:43:44 +0100
love,2023-10-02 14:08:21 -0300
love,2023-10-02 14:05:54 -0300
love,2023-10-02 12:15:26 -0300
love,2023-10-02 12:11:35 -0300
love,2023-10-02 11:06:15 -0300
love,2023-10-02 11:00:02 -0300
love,2023-10-01 15:55:23 -0300
love,2023-09-30 20:12:43 -0300
love,2023-09-30 17:54:09 -0300
love,2023-09-28 16:53:59 +0800
love,2023-09-28 15:54:36 +0800
love,2023-09-09 13:22:45 -0300
love,2023-09-08 22:38:17 -0300
love,2023-09-01 18:43:18 -0600
love,2023-09-01 18:32:55 -0600
love,2023-09-01 18:32:05 -0600
love,2023-09-01 15:33:28 -0600
love,2023-08-30 21:47:26 -0300
love,2023-08-21 16:50:28 -0300
love,2023-08-20 13:39:20 -0300
love,2023-08-19 21:35:55 -0300
love,2023-08-07 21:08:51 -0300
love,2023-08-04 21:43:36 +0800
love,2023-08-03 17:54:46 +0800
love,2023-08-01 14:23:10 +0200
love,2023-07-30 15:35:20 +0200
love,2023-07-25 21:39:28 +0200
love,2023-07-25 16:50:39 +0200
love,2023-07-25 16:37:53 +0200
love,2023-07-25 16:26:26 +0200
love,2023-07-22 15:24:10 -0300
love,2023-07-18 14:56:45 +0200
love,2023-07-18 14:56:42 +0200
love,2023-07-18 14:07:24 +0200
love,2023-07-18 14:01:05 +0200
love,2023-07-08 13:23:13 +0200
love,2023-05-12 12:47:13 +0200
love,2023-05-11 11:56:06 +0200
love,2023-04-28 14:27:46 +0200
love,2023-04-16 00:10:41 +0200
love,2023-03-31 17:19:38 +0200
love,2023-07-10 20:03:06 -0300
love,2023-07-10 23:37:32 +0200
love,2023-07-01 17:53:29 -0300
love,2023-06-18 12:56:07 -0300
love,2023-06-18 11:54:17 -0300
love,2023-06-18 12:39:56 +1000
love,2023-06-17 22:16:18 -0300
love,2023-06-17 20:33:59 -0300
love,2023-06-15 19:22:57 +1000
love,2023-06-06 14:36:35 +0800
love,2023-06-03 18:08:22 -0300
love,2023-06-01 15:33:04 +0800
love,2023-06-01 15:10:43 +0800
love,2023-05-29 10:29:46 -0300
love,2023-05-29 09:47:44 -0300
love,2023-05-29 09:43:44 -0300
love,2023-05-29 09:42:25 -0300
love,2023-05-28 15:14:45 -0300
love,2023-05-28 12:30:32 -0300
love,2023-05-24 16:21:35 +0200
love,2023-05-24 16:10:53 +0200
love,2023-05-24 16:09:34 +0200
love,2023-05-24 16:08:27 +0200
love,2023-05-23 11:12:34 +0800
love,2023-05-23 10:55:01 +0800
love,2023-05-23 10:45:09 +0800
love,2023-05-17 23:46:20 +0200
love,2023-05-09 15:05:29 -0300
love,2023-05-09 14:26:58 -0300
love,2023-05-09 18:18:17 +0100
love,2023-05-09 17:46:02 +0100
love,2023-05-03 19:05:01 +0800
love,2023-05-03 18:42:16 +0800
love,2023-04-26 22:18:53 +0800
love,2023-04-23 21:19:32 -0300
love,2023-04-22 21:59:15 -0300
love,2023-04-19 16:26:06 +0800
love,2023-04-15 09:37:22 -0300
love,2023-04-15 16:17:42 +0800
love,2023-04-15 16:16:42 +0800
love,2022-09-24 13:26:28 +0800
love,2023-04-13 22:36:29 -0300
love,2023-04-13 22:32:54 -0300
love,2023-02-21 19:02:32 -0600
love,2023-02-21 19:00:29 -0600
love,2023-01-14 12:17:57 -0400
love,2023-01-14 12:13:35 -0400
love,2022-10-30 12:30:42 -0300
love,2022-09-16 11:00:19 +0200
love,2022-09-30 15:17:46 -0300
love,2023-04-13 21:56:19 -0300
love,2023-04-02 17:09:44 -0300
love,2023-04-01 18:02:16 -0300
love,2023-03-26 20:46:24 -0300
love,2023-03-19 11:04:49 -0300
love,2023-03-04 16:51:19 -0400
love,2023-02-26 13:14:44 -0400
love,2023-02-21 19:02:32 -0600
love,2023-02-21 19:00:29 -0600
love,2023-02-20 10:06:09 -0400
love,2023-02-19 22:15:07 -0400
love,2023-02-19 20:26:35 -0400
love,2023-02-19 19:52:07 -0400
love,2023-02-19 19:36:32 -0400
love,2023-02-19 19:36:03 -0400
love,2023-02-14 21:23:45 -0400
love,2023-02-15 01:22:38 +0100
love,2023-02-14 20:18:26 -0400
love,2023-02-13 19:41:25 -0400
love,2023-02-13 19:39:31 -0400
love,2023-02-13 19:37:59 -0400
love,2023-02-12 14:52:30 +0100
love,2023-02-12 14:18:26 +0100
love,2023-02-12 00:54:03 +0100
love,2023-02-12 00:22:51 +0100
love,2023-02-11 22:36:39 +0100
love,2023-02-11 22:21:07 +0100
love,2023-02-11 16:39:38 -0400
love,2023-02-11 16:29:24 -0400
love,2023-02-11 15:55:49 -0400
love,2023-02-11 20:28:28 +0100
love,2023-02-11 20:25:54 +0100
love,2023-02-11 20:20:49 +0100
love,2023-02-11 20:06:22 +0100
love,2023-02-11 20:06:19 +0100
love,2023-02-11 13:25:25 -0400
love,2023-02-11 16:56:58 +0000
love,2023-02-11 11:49:49 -0400
love,2023-02-11 11:35:04 -0400
love,2023-02-06 20:48:43 -0400
love,2023-02-06 18:16:19 -0400
love,2023-02-06 17:57:20 -0400
love,2023-02-06 12:19:19 +0100
love,2023-02-05 22:16:28 -0400
love,2023-02-05 15:55:19 -0400
love,2023-02-05 15:16:10 -0400
love,2023-02-04 10:25:13 -0400
love,2023-01-31 01:07:02 +0100
love,2023-01-30 09:41:02 -0400
love,2023-01-29 16:02:39 -0400
love,2023-01-29 15:58:31 -0400
love,2023-01-29 01:14:06 +0100
love,2023-01-27 14:10:19 +0100
love,2023-01-27 13:53:32 +0100
love,2023-01-27 02:36:10 +0100
love,2023-01-24 20:42:21 +0800
love,2023-01-22 00:17:42 +0100
love,2023-01-18 17:27:06 -0400
love,2023-01-15 15:51:09 -0400
love,2023-01-15 12:36:15 -0400
love,2023-01-15 11:48:04 +0800
love,2023-01-14 22:40:13 -0400
love,2023-01-14 22:35:00 -0400
love,2023-01-14 12:17:57 -0400
love,2023-01-14 12:13:35 -0400
love,2023-01-14 10:58:32 -0400
love,2023-01-14 10:54:59 -0400
love,2023-01-08 14:42:43 +0800
love,2023-01-13 18:10:45 -0400
love,2023-01-12 19:26:37 -0400
love,2023-01-11 18:17:22 -0400
love,2023-01-11 08:58:12 -0400
love,2023-01-09 16:37:12 +0100
love,2023-01-08 20:48:48 -0400
love,2023-01-08 20:37:05 -0400
love,2023-01-08 20:31:37 -0400
love,2023-01-08 20:25:38 -0400
love,2023-01-08 15:21:26 -0400
love,2023-01-06 17:15:29 -0400
love,2023-01-06 17:12:01 -0400
love,2023-01-06 17:03:38 -0400
love,2023-01-03 21:12:16 -0400
love,2023-01-03 20:36:11 -0400
love,2023-01-03 20:35:31 -0400
love,2023-01-01 19:32:27 -0400
love,2023-01-01 19:01:43 -0400
love,2023-01-01 18:33:25 -0400
love,2023-01-01 15:07:37 -0400
love,2023-01-01 12:52:38 -0400
love,2023-01-01 12:20:01 -0400
love,2023-01-01 12:18:54 -0400
love,2023-01-01 10:59:42 -0400
love,2023-01-01 10:57:32 -0400
love,2023-01-01 15:16:26 +0800
love,2023-01-01 14:46:25 +0800
love,2022-12-31 22:46:34 -0400
love,2022-12-31 22:36:48 -0400
love,2022-12-31 22:25:49 -0400
love,2022-12-31 21:45:12 -0400
love,2022-12-31 02:32:54 +0200
love,2022-12-30 00:04:32 -0400
love,2022-12-30 00:03:58 -0400
love,2022-12-30 00:01:10 -0400
love,2022-12-29 12:12:28 -0400
love,2022-12-29 10:28:28 -0400
love,2022-12-29 10:27:52 -0400
love,2022-12-29 09:52:05 -0400
love,2022-12-28 19:46:48 -0400
love,2022-12-28 13:51:21 +0800
love,2022-12-28 13:51:08 +0800
love,2022-12-27 13:32:08 -0400
love,2022-12-27 13:55:35 +0100
love,2022-12-27 13:54:46 +0100
love,2022-12-26 22:29:50 -0400
love,2022-12-26 22:22:14 -0400
love,2022-12-26 22:19:02 -0400
love,2022-12-26 20:57:56 -0500
love,2022-12-26 19:06:08 -0400
love,2022-12-25 23:09:57 +0100
love,2022-12-24 22:37:58 +0100
love,2022-12-22 02:27:35 +0100
love,2022-12-22 01:27:05 +0100
love,2022-12-21 17:20:43 +0100
love,2022-12-21 17:20:13 +0100
love,2022-12-21 16:29:55 +0100
love,2022-12-12 15:15:57 +0800
love,2022-12-11 23:21:47 +0100
love,2022-12-10 21:11:59 -0400
love,2022-12-08 18:46:44 -0400
love,2022-12-07 23:30:20 -0400
love,2022-12-07 22:51:42 -0400
love,2022-12-06 20:36:36 -0400
love,2022-12-06 09:56:25 -0400
love,2022-12-06 14:51:03 +0800
love,2022-12-06 14:14:30 +0800
love,2022-12-05 22:54:39 -0400
love,2022-12-05 22:35:44 -0400
love,2022-12-06 09:50:01 +0800
love,2022-12-06 09:46:30 +0800
love,2022-12-06 00:16:50 +0800
love,2022-12-06 00:16:38 +0800
love,2022-12-06 00:01:47 +0800
love,2022-12-05 23:54:20 +0800
love,2022-12-05 23:46:52 +0800
love,2022-12-05 23:19:23 +0800
love,2022-12-05 23:09:50 +0800
love,2022-12-05 22:22:25 +0800
love,2022-12-05 15:28:44 +0800
love,2022-12-05 15:21:10 +0800
love,2022-12-05 15:14:50 +0800
love,2022-12-05 14:33:11 +0800
love,2022-12-05 13:57:39 +0800
love,2022-12-05 13:31:47 +0800
love,2022-12-04 19:52:25 -0400
love,2022-12-04 19:36:38 -0400
love,2022-12-04 17:51:11 -0400
love,2022-12-04 17:48:17 -0400
love,2022-12-04 00:06:19 -0400
love,2022-12-04 16:47:17 +1300
love,2022-12-03 23:23:07 -0400
love,2022-11-02 19:41:49 +1300
love,2022-11-28 00:59:32 +0100
love,2022-11-27 12:46:20 +0800
love,2022-11-26 20:54:46 -0400
love,2022-11-26 05:30:31 +0100
love,2022-11-25 23:27:04 -0400
love,2022-11-22 11:58:30 +0800
love,2022-11-12 03:37:01 +0100
love,2022-11-12 03:36:58 +0100
love,2022-11-12 03:25:14 +0100
love,2022-11-12 03:24:07 +0100
love,2022-11-12 03:22:23 +0100
love,2022-11-02 17:00:50 +1300
love,2022-10-30 12:30:42 -0300
love,2022-10-29 21:31:39 -0300
love,2022-10-27 14:22:46 +0200
love,2022-10-27 14:22:43 +0200
love,2022-10-26 12:16:04 +0200
love,2022-10-25 19:51:03 -0300
love,2022-10-25 17:10:13 -0300
love,2022-10-25 17:08:10 -0300
love,2022-10-25 13:52:35 +0200
love,2022-10-20 23:44:45 +0200
love,2022-10-24 23:41:27 +0800
love,2022-10-17 01:30:44 +0800
love,2022-10-17 00:59:22 +0800
love,2022-10-17 00:36:28 +0800
love,2022-10-17 00:31:47 +0800
love,2022-10-17 00:30:01 +0800
love,2022-10-17 00:28:07 +0800
love,2022-10-16 20:22:48 +0800
love,2022-10-16 17:51:02 +0800
love,2022-10-16 03:33:09 +0200
love,2022-10-15 15:02:41 +0200
love,2022-10-15 15:01:31 +0200
love,2022-10-15 14:57:32 +0200
love,2022-10-14 14:58:27 +0200
love,2022-10-14 14:29:19 +0200
love,2022-10-14 00:06:31 +0200
love,2022-10-14 00:06:29 +0200
love,2022-10-14 00:01:58 +0200
love,2022-10-13 23:58:31 +0200
love,2022-10-10 17:06:19 -0300
love,2022-10-10 14:35:52 -0300
love,2022-10-10 14:35:12 -0300
love,2022-10-10 13:47:17 -0300
love,2022-10-08 17:14:24 -0300
love,2022-10-08 15:04:17 -0300
love,2022-10-08 13:21:56 +0800
love,2022-10-08 12:58:16 +0800
love,2022-10-08 12:54:20 +0800
love,2022-10-08 12:53:26 +0800
love,2022-10-06 19:33:30 +0200
love,2022-10-06 02:12:36 +0200
love,2022-10-06 01:18:27 +0200
love,2022-10-05 17:55:40 +0200
love,2022-10-05 15:18:27 +0200
love,2022-10-05 17:55:40 +0200
love,2022-10-05 15:18:27 +0200
love,2022-10-01 21:55:59 -0300
love,2022-09-30 15:17:46 -0300
love,2022-09-27 04:57:53 +0200
love,2022-09-26 21:20:09 -0300
love,2022-09-26 21:18:51 -0300
love,2022-09-25 22:05:18 -0300
love,2022-09-25 17:41:47 -0300
love,2022-09-25 17:41:08 -0300
love,2022-09-25 17:40:53 -0300
love,2022-09-25 17:43:47 +0800
love,2022-09-24 20:10:06 -0300
love,2022-09-24 20:07:50 -0300
love,2022-09-25 00:01:11 +0800
love,2022-09-24 23:51:12 +0800
love,2022-09-24 18:37:07 +0800
love,2022-09-24 18:25:54 +0800
love,2022-09-24 14:29:28 +0800
love,2022-09-24 13:26:28 +0800
love,2022-09-22 23:01:31 -0300
love,2022-09-22 22:20:42 -0300
love,2022-09-21 09:19:48 -0300
love,2022-09-21 14:03:39 +0200
love,2022-09-21 14:03:06 +0200
love,2022-09-20 22:13:32 -0300
love,2022-09-20 22:10:11 -0300
love,2022-09-20 19:13:12 -0300
love,2022-09-20 19:12:40 -0300
love,2022-09-20 19:04:56 -0300
love,2022-09-20 10:12:32 -0300
love,2022-09-20 14:49:56 +0200
love,2022-09-20 07:58:31 -0300
love,2022-09-20 12:36:58 +0200
love,2022-09-20 12:36:56 +0200
love,2022-09-19 21:42:49 -0300
love,2022-09-20 02:23:31 +0200
love,2022-09-20 02:12:01 +0200
love,2022-09-20 01:59:51 +0200
love,2022-09-20 01:59:51 +0200
love,2022-09-19 16:44:06 -0300
love,2022-09-19 19:51:48 +0200
love,2022-09-19 15:43:25 +0200
love,2022-09-19 15:38:33 +0200
love,2022-09-19 14:23:46 +0200
love,2022-09-18 23:02:45 -0300
love,2022-09-18 22:27:38 -0300
love,2022-09-18 22:55:47 -0300
love,2022-09-18 22:19:18 -0300
love,2022-09-18 22:04:20 +0200
love,2022-09-18 22:00:28 +0200
love,2022-09-18 21:23:15 +0200
love,2022-09-18 21:03:18 +0200
love,2022-09-18 20:50:06 +0200
love,2022-09-18 20:39:55 +0200
love,2022-09-18 16:50:12 +0200
love,2022-09-18 16:11:08 +0200
love,2022-09-18 14:16:42 +0200
love,2022-09-18 05:55:37 +0200
love,2022-09-18 04:31:24 +0200
love,2022-09-18 02:57:29 +0200
love,2022-09-18 00:18:32 +0200
love,2022-09-17 20:32:34 +0200
love,2022-09-16 13:49:31 +0200
love,2022-09-16 11:00:19 +0200
love,2022-09-16 02:25:36 +0200
love,2022-09-16 00:30:26 +0200
love,2022-09-15 15:55:47 +0200
love,2022-09-15 15:17:06 +0200
love,2022-09-14 17:31:53 +0200
love,2022-09-14 14:15:57 +0200
love,2022-09-14 13:48:13 +0200
love,2022-09-14 13:31:09 +0200
love,2022-09-13 17:39:12 +0200
love,2022-09-13 14:34:11 +0200
love,2022-09-13 14:11:24 +0200
love,2022-09-13 13:09:57 +0200
love,2022-09-12 13:46:03 +0200
love,2022-09-11 17:49:43 +0200
love,2022-09-11 17:09:38 +0200
love,2022-09-11 15:03:40 +0200
love,2022-09-11 13:02:38 +0200
love,2022-09-11 04:20:45 +0200
love,2022-09-10 23:17:42 -0300
love,2022-09-11 01:57:23 +0200
love,2022-09-10 19:21:31 +0200
love,2022-09-10 17:40:46 +0200
love,2022-09-10 15:27:45 +0200
love,2022-09-09 23:42:28 +0200
love,2022-09-09 23:14:44 +0200
love,2022-09-09 12:02:30 +0200
love,2022-09-04 23:38:39 -0300
love,2022-09-02 10:53:52 -0300
love,2022-09-01 16:10:10 +0200
love,2022-09-01 14:51:06 +0200
love,2022-08-31 19:50:03 +0200
love,2022-08-31 02:35:56 +0200
love,2022-08-31 02:07:46 +0200
love,2022-08-30 20:28:18 +0200
love,2022-08-30 17:11:59 +0200
love,2022-08-30 03:20:33 +0200
love,2022-08-29 17:43:54 +0200
love,2022-08-28 03:43:08 +0200
love,2022-08-28 03:35:06 +0200
love,2022-08-27 19:21:37 -0300
love,2022-08-27 22:20:33 +0200
love,2022-08-27 20:58:17 +0200
love,2022-08-27 17:37:30 +0200
love,2022-08-27 17:37:02 +0200
love,2022-08-27 17:35:41 +0200
love,2022-08-27 17:12:19 +0200
love,2022-08-26 11:48:46 +0800
love,2022-08-26 11:45:25 +0800
love,2022-08-25 19:44:10 -0300
love,2022-08-25 19:25:01 -0300
love,2022-08-25 18:17:31 -0300
love,2022-08-25 18:15:18 +0200
love,2022-08-23 01:38:47 +0200
love,2022-08-22 23:09:21 +0200
love,2022-08-22 17:40:27 +0200
love,2022-08-21 17:42:39 +0200
love,2022-08-21 02:08:01 +0200
love,2022-08-20 22:04:23 +0200
love,2022-08-20 21:33:09 +0200
love,2022-08-20 21:03:49 +0200
love,2022-08-20 19:38:59 +0200
love,2022-08-20 13:55:48 -0300
love,2022-08-20 18:30:32 +0300
love,2022-08-20 16:38:13 +0200
love,2022-08-20 15:49:09 +0200
love,2022-08-20 10:51:39 +0300
love,2022-08-20 10:44:34 +0300
love,2022-08-19 23:41:04 +0200
love,2022-08-19 21:40:21 +0200
love,2022-08-19 16:44:59 +0200
love,2022-08-15 03:43:35 +0200
love,2022-08-15 00:06:50 +0200
love,2022-08-14 22:15:24 +0200
love,2022-08-14 20:45:57 +0200
love,2022-08-14 04:56:20 +0200
love,2022-08-11 16:11:06 +0200
love,2022-08-09 20:42:34 -0300
love,2022-08-09 20:37:48 -0300
love,2022-08-09 00:57:07 +0200
love,2022-08-08 22:06:01 +0200
love,2022-08-08 21:36:43 +0200
love,2022-08-01 19:30:08 +0200
love,2022-08-01 18:51:09 +0200
love,2022-08-01 17:38:23 +0200
love,2022-08-01 16:07:37 +0200
love,2022-08-01 15:53:31 +0200
love,2022-07-31 23:56:03 +0200
love,2022-07-31 03:31:35 +0200
love,2022-07-31 01:42:48 +0200
love,2022-07-30 02:17:58 +0200
love,2022-07-30 01:41:37 +0200
love,2022-07-30 01:16:56 +0200
love,2022-07-30 00:48:46 +0200
love,2022-07-30 00:26:49 +0200
love,2022-07-29 22:59:15 +0200
love,2022-07-29 22:35:35 +0200
love,2022-07-29 21:06:11 +0200
love,2022-07-29 21:04:35 +0200
love,2022-07-24 16:34:28 -0300
love,2022-07-24 16:23:56 -0300
love,2022-07-24 13:43:48 +0200
love,2022-07-22 22:42:35 -0300
love,2022-07-19 02:36:02 +0200
love,2022-07-18 22:28:41 +0200
love,2022-07-17 00:28:41 +0200
love,2022-07-16 23:46:03 +0200
love,2022-07-16 23:27:54 +0200
love,2022-07-16 23:19:24 +0200
love,2022-07-16 21:45:27 +0200
love,2022-07-16 17:52:29 +0200
love,2022-07-16 15:55:48 +0200
love,2022-07-15 01:44:07 +0200
love,2022-07-14 18:01:46 +0200
love,2022-07-13 17:27:11 +0200
love,2022-07-13 16:50:28 +0200
love,2022-07-13 16:37:16 +0200
love,2022-07-13 16:05:12 +0200
love,2022-07-13 15:55:14 +0200
love,2022-07-13 13:56:00 +0200
love,2022-07-11 17:17:32 +0200
love,2022-07-11 13:58:35 +0200
love,2022-07-11 01:47:34 +0200
love,2022-07-11 01:13:50 +0200
love,2022-07-10 22:52:03 +0200
love,2022-07-10 19:13:10 +0200
love,2022-07-10 09:53:40 -0300
love,2022-07-10 15:26:12 +0300
love,2022-07-10 03:46:12 +0200
love,2022-07-10 02:25:28 +0200
love,2022-07-09 09:00:58 -0300
love,2022-07-03 17:03:58 -0300
love,2022-07-01 13:43:51 +0200
love,2022-06-30 20:16:40 +0200
love,2022-06-30 18:42:49 +0200
love,2022-06-25 23:02:13 +0200
love,2022-06-18 18:09:58 -0300
love,2022-06-18 17:59:55 -0300
love,2022-06-18 17:52:27 -0300
love,2022-06-18 17:15:20 -0300
love,2022-06-16 02:25:55 +0200
love,2022-06-16 01:16:23 +0200
love,2022-06-14 23:30:51 +0200
love,2022-06-14 18:18:23 +0200
love,2022-06-13 16:50:12 +0200
love,2022-06-12 02:06:44 +0200
love,2022-06-12 02:00:30 +0200
love,2022-06-11 19:49:26 -0300
love,2022-06-11 20:33:44 +0200
love,2022-06-11 01:34:17 +0200
love,2022-06-11 01:22:29 +0200
love,2022-06-11 00:59:14 +0200
love,2022-06-09 19:57:53 -0300
love,2022-06-09 19:57:31 -0300
love,2022-05-30 22:14:02 -0300
love,2022-05-30 21:53:55 -0300
love,2022-05-30 21:46:55 -0300
love,2022-05-30 21:43:25 -0300
love,2022-05-29 01:49:29 +0800
love,2022-05-28 19:19:50 +0800
love,2022-05-28 19:17:50 +0800
love,2022-05-28 13:47:53 +0800
love,2022-05-22 22:40:09 +0800
love,2022-05-22 20:20:39 +0800
love,2022-05-10 18:22:49 -0300
love,2022-05-08 22:59:00 +0200
love,2022-05-08 22:51:11 +0200
love,2022-05-08 22:44:32 +0200
love,2022-05-07 12:18:24 +0800
love,2022-05-07 11:04:28 +0800
love,2022-05-07 10:50:10 +0800
love,2022-05-06 16:46:39 +0200
love,2022-05-06 16:06:09 +0200
love,2022-05-04 23:43:23 +0200
love,2022-05-04 15:42:36 +0200
love,2022-05-04 15:41:50 +0200
love,2022-05-03 21:09:16 +0200
love,2022-05-03 18:11:31 +0200
love,2022-05-03 17:51:54 +0200
love,2022-05-03 17:51:35 +0200
love,2022-05-03 17:51:18 +0200
love,2022-05-03 20:39:32 +0800
love,2022-05-03 20:16:26 +0800
love,2022-05-03 19:29:24 +0800
love,2022-05-02 09:44:56 +0800
love,2022-05-02 09:43:08 +0800
love,2022-05-02 09:20:04 +0800
love,2022-05-02 07:40:48 +0800
love,2022-05-01 21:51:31 +0800
love,2022-05-01 17:15:07 +0800
love,2022-05-01 17:01:50 +0800
love,2022-04-23 13:15:58 -0300
love,2022-04-23 09:41:29 -0300
love,2022-04-23 09:40:02 -0300
love,2022-04-23 02:04:19 -0300
love,2022-04-22 22:55:48 -0300
love,2022-04-22 21:11:39 -0300
love,2022-04-22 21:05:20 -0300
love,2022-04-22 19:38:17 -0300
love,2022-04-21 20:02:48 -0300
love,2022-04-21 19:57:32 -0300
love,2022-04-21 19:53:27 -0300
love,2022-04-21 19:52:46 -0300
love,2022-04-21 19:52:04 -0300
love,2022-04-18 20:53:46 -0300
love,2022-04-18 20:41:55 -0300
love,2022-04-18 20:12:08 -0300
love,2022-04-18 10:46:02 -0300
love,2022-04-17 11:26:06 -0300
love,2022-04-16 16:47:31 -0300
love,2022-04-16 11:12:48 +0800
love,2022-04-15 23:47:28 -0300
love,2022-04-15 23:43:30 -0300
love,2022-04-15 23:31:57 -0300
love,2022-04-15 23:16:13 -0300
love,2022-04-11 20:50:22 -0300
love,2022-04-02 21:19:59 -0300
love,2022-03-22 14:32:41 +0100
love,2022-03-22 14:31:50 +0100
love,2022-03-21 15:26:27 +0100
love,2022-03-18 10:30:31 +0800
love,2022-03-17 23:41:16 +0800
love,2022-03-17 23:39:54 +0800
love,2022-03-17 23:38:25 +0800
love,2022-03-12 12:57:09 -0400
love,2022-03-13 00:26:04 +0800
love,2022-03-05 21:46:52 +0800
love,2022-03-05 21:46:33 +0800
love,2022-03-05 15:27:06 +0800
love,2022-03-05 13:42:20 +0800
love,2022-03-01 22:34:14 +0800
love,2022-03-01 22:33:33 +0800
love,2022-02-20 12:23:41 -0400
love,2022-02-19 16:34:52 -0400
love,2022-02-19 14:17:37 -0400
love,2022-02-15 21:16:55 -0400
love,2022-02-15 21:12:13 -0400
love,2022-02-13 16:11:58 -0400
love,2022-02-13 16:06:22 -0400
love,2022-02-12 09:37:30 -0400
love,2022-02-06 17:06:37 -0500
love,2022-02-06 22:56:24 +0100
love,2022-02-06 16:38:47 -0500
love,2022-02-06 16:38:21 -0500
love,2022-02-06 22:16:38 +0800
love,2022-02-05 21:40:24 -0400
love,2022-02-06 02:11:20 +0100
love,2022-02-05 20:45:24 +0100
love,2022-02-05 20:43:41 +0100
love,2022-02-05 20:43:41 +0100
love,2022-02-05 10:58:26 +0800
love,2022-02-04 22:09:50 -0400
love,2022-02-05 01:53:05 +0100
love,2022-02-04 20:27:13 -0400
love,2022-02-04 20:07:27 +0100
love,2022-02-04 20:03:41 +0100
love,2022-02-04 20:03:23 +0100
love,2022-02-04 20:01:59 +0100
love,2022-01-16 02:58:11 +0100
love,2022-01-06 14:55:07 +0100
love,2022-01-06 01:42:50 +0100
love,2022-01-06 01:12:16 +0100
love,2022-02-04 20:07:27 +0100
love,2022-02-04 20:03:41 +0100
love,2022-02-04 20:03:23 +0100
love,2022-02-04 20:01:59 +0100
love,2022-01-31 21:27:59 -0400
love,2022-01-31 21:25:49 -0400
love,2022-01-30 16:47:36 -0400
love,2022-01-30 16:21:25 -0400
love,2022-01-30 16:07:43 -0400
love,2022-01-30 16:07:25 -0400
love,2022-01-30 14:06:55 -0400
love,2022-01-30 13:21:33 -0400
love,2022-01-24 21:19:40 -0400
love,2022-01-24 21:09:33 -0400
love,2022-01-23 12:55:06 -0400
love,2022-01-23 12:42:13 -0400
love,2022-01-23 11:28:09 -0400
love,2022-01-22 23:36:07 -0400
love,2022-01-22 23:27:53 -0400
love,2022-01-22 23:12:42 -0400
love,2022-01-22 21:29:57 -0400
love,2022-01-22 20:57:06 -0400
love,2022-01-22 14:51:37 -0400
love,2022-01-22 14:41:42 -0400
love,2022-01-22 12:59:09 -0400
love,2022-01-16 18:41:14 -0400
love,2022-01-16 14:18:34 -0400
love,2022-01-16 13:47:18 -0400
love,2022-01-16 13:44:29 -0400
love,2022-01-16 13:00:12 -0400
love,2022-01-16 12:00:16 -0400
love,2022-01-16 11:58:07 -0400
love,2022-01-16 10:30:56 -0400
love,2022-01-15 23:31:07 -0400
love,2022-01-16 02:58:11 +0100
love,2022-01-15 21:23:15 -0400
love,2022-01-15 18:57:26 -0400
love,2022-01-14 20:36:54 -0400
love,2022-01-12 18:31:32 -0400
love,2022-01-12 18:23:23 -0400
love,2022-01-09 14:37:33 -0400
love,2022-01-08 22:56:21 -0400
love,2022-01-06 17:53:32 -0400
love,2022-01-06 17:37:56 -0400
love,2022-01-06 17:34:20 -0400
love,2022-01-06 14:55:07 +0100
love,2022-01-05 21:28:47 -0400
love,2022-01-05 21:20:04 -0400
love,2022-01-05 21:13:53 -0400
love,2022-01-05 21:12:22 -0400
love,2022-01-05 21:10:27 -0400
love,2022-01-05 20:58:38 -0400
love,2022-01-05 20:52:17 -0400
love,2022-01-06 01:42:50 +0100
love,2022-01-05 20:33:08 -0400
love,2022-01-06 01:12:16 +0100
love,2022-01-04 21:29:56 -0400
love,2022-01-03 16:22:08 -0400
love,2022-01-03 16:09:38 -0400
love,2022-01-03 14:36:22 -0400
love,2022-01-03 14:33:54 -0400
love,2022-01-03 11:57:05 -0400
love,2022-01-02 14:02:55 -0400
love,2022-01-02 15:07:12 +0100
love,2022-01-02 09:37:33 -0400
love,2022-01-01 18:15:27 -0400
love,2022-01-01 18:06:50 -0400
love,2022-01-01 17:41:23 -0400
love,2022-01-01 15:48:43 -0400
love,2022-01-01 15:36:57 -0400
love,2022-01-01 15:28:42 -0400
love,2021-12-31 18:33:40 -0400
love,2021-12-31 10:09:36 +0800
love,2021-12-30 19:25:10 -0400
love,2021-12-30 17:06:26 -0400
love,2021-12-30 16:39:22 -0400
love,2021-12-30 14:00:12 -0400
love,2021-12-30 12:48:41 -0400
love,2021-12-30 12:46:37 -0400
love,2021-12-30 20:00:04 +0800
love,2021-12-28 16:25:03 -0400
love,2021-12-28 15:30:10 -0400
love,2021-12-28 15:10:09 -0400
love,2021-12-28 12:49:33 -0400
love,2021-12-28 12:46:56 -0400
love,2021-12-27 21:31:04 -0400
love,2021-12-27 21:17:04 -0400
love,2021-12-27 12:10:37 -0400
love,2021-12-26 13:13:27 -0400
love,2021-12-26 12:54:35 -0400
love,2021-12-26 12:34:47 -0400
love,2021-12-25 22:31:18 -0400
love,2021-12-25 14:21:59 -0400
love,2021-12-25 14:21:45 -0400
love,2021-12-24 23:04:44 -0400
love,2021-12-24 22:41:31 -0400
love,2021-12-24 22:20:25 -0400
love,2021-12-24 19:22:10 -0400
love,2021-12-24 19:13:48 -0400
love,2021-12-24 18:56:21 -0400
love,2021-12-24 18:46:06 -0400
love,2021-12-24 18:04:11 -0400
love,2021-12-24 17:50:17 -0400
love,2021-12-24 17:45:05 -0400
love,2021-12-24 16:45:23 -0400
love,2021-12-24 16:14:06 -0400
love,2021-12-24 15:35:18 -0400
love,2021-12-24 15:34:05 -0400
love,2021-12-24 11:41:12 -0400
love,2021-12-24 11:35:35 -0400
love,2021-12-24 11:26:11 -0400
love,2021-12-19 09:47:45 +0800
love,2021-12-13 10:41:19 -0400
love,2021-12-13 09:20:17 +0100
love,2021-12-11 22:05:17 -0400
love,2021-12-12 09:34:08 +0800
love,2021-12-12 01:26:20 +0800
love,2021-12-11 11:52:42 -0400
love,2021-12-07 19:51:40 -0400
love,2021-12-04 13:11:01 -0400
love,2021-12-04 11:58:00 -0400
love,2021-11-28 13:54:56 -0400
love,2021-11-28 18:36:00 +0100
love,2021-11-24 21:30:18 -0400
love,2021-11-24 21:18:45 -0400
love,2021-11-24 21:15:51 -0400
love,2021-11-24 21:07:04 -0400
love,2021-11-22 10:21:51 -0400
love,2021-11-22 14:57:05 +0100
love,2021-11-21 01:08:48 -0400
love,2021-11-21 01:04:48 +0100
love,2021-11-20 16:43:56 -0400
love,2021-11-20 11:42:33 +0800
love,2021-11-19 21:44:04 -0400
love,2021-11-13 14:34:54 +0800
love,2021-11-12 21:58:49 -0400
love,2021-11-06 18:30:08 -0300
love,2021-11-06 17:03:54 -0300
love,2021-11-06 16:42:41 -0300
love,2021-11-06 11:17:23 -0300
love,2021-11-06 10:43:43 -0300
love,2021-11-06 10:41:30 -0300
love,2021-11-05 15:22:03 +0800
love,2021-11-05 13:55:14 +0800
love,2021-11-02 17:54:13 +0800
love,2021-11-01 01:37:18 +0300
love,2021-10-21 13:46:42 -0300
love,2021-10-19 21:50:19 -0300
love,2021-10-19 21:22:26 -0300
love,2021-10-16 21:28:22 -0300
love,2021-10-16 21:25:05 -0300
love,2021-10-16 21:15:58 -0300
love,2021-10-16 21:14:38 -0300
love,2021-10-10 22:08:56 -0300
love,2021-10-02 15:32:07 -0300
love,2021-09-24 23:01:51 -0300
love,2021-09-25 08:17:41 +0800
love,2021-09-21 22:52:50 +0800
love,2021-09-16 22:26:54 +0800
love,2021-09-15 23:19:53 +0800
love,2021-09-05 13:18:10 -0300
love,2021-09-05 13:03:46 -0300
love,2021-09-05 12:55:32 -0300
love,2021-08-31 21:22:06 +1200
love,2021-08-23 16:53:55 -0300
love,2021-08-21 14:31:44 +0800
love,2021-08-14 20:42:46 -0300
love,2021-08-13 18:13:45 -0300
love,2021-08-13 14:43:03 -0300
love,2021-08-12 17:43:33 -0300
love,2021-08-12 16:38:54 -0300
love,2021-08-11 18:41:38 -0300
love,2021-08-02 16:11:58 -0300
love,2021-07-18 14:09:28 -0300
love,2021-07-18 13:38:10 -0300
love,2021-07-18 13:18:43 -0300
love,2021-07-18 13:09:48 -0300
love,2021-07-07 22:23:32 -0700
love,2021-07-07 20:29:21 -0700
love,2021-07-07 18:40:16 -0700
love,2021-06-05 18:59:02 -0600
love,2021-06-04 22:11:21 -0600
love,2021-06-04 22:05:43 -0600
love,2021-05-25 23:28:38 -0600
love,2021-05-25 23:22:05 -0600
love,2021-07-01 21:52:41 -0300
love,2021-07-01 17:22:03 -0700
love,2021-06-06 18:16:56 -0300
love,2021-06-06 18:04:58 -0300
love,2021-06-06 12:19:54 -0300
love,2021-06-06 11:52:15 -0300
love,2021-06-06 11:46:22 -0300
love,2021-06-06 11:43:54 -0300
love,2021-05-31 09:57:33 +0800
love,2021-05-30 21:27:34 -0300
love,2021-05-30 21:12:45 -0300
love,2021-05-30 16:44:06 -0300
love,2021-05-30 16:42:29 -0300
love,2021-05-30 16:40:29 -0300
love,2021-05-30 16:06:11 -0300
love,2021-05-30 16:04:54 -0300
love,2021-05-30 16:04:37 -0300
love,2021-05-30 15:46:21 -0300
love,2021-05-30 23:36:12 +0800
love,2021-05-30 12:19:01 -0300
love,2021-05-30 11:52:50 -0300
love,2021-05-30 09:56:39 -0300
love,2021-05-30 11:08:52 -0300
love,2021-05-30 11:07:53 -0300
love,2021-05-30 10:47:47 -0300
love,2021-05-30 10:45:58 -0300
love,2021-04-20 19:18:59 -0300
love,2021-04-20 19:09:20 -0300
love,2021-04-17 15:09:21 -0300
love,2021-04-11 19:53:16 -0300
love,2021-04-07 20:43:22 -0300
love,2021-04-07 20:34:24 -0300
love,2021-04-07 20:33:44 -0300
love,2021-04-07 20:12:15 -0300
love,2021-04-05 12:25:40 -0300
love,2021-04-05 12:10:01 -0300
love,2021-04-05 11:22:54 -0300
love,2021-04-05 11:01:02 -0300
love,2021-04-05 10:32:01 -0300
love,2021-04-04 23:49:23 -0300
love,2021-04-04 23:48:23 -0300
love,2021-04-04 23:47:58 -0300
love,2021-04-04 16:14:45 -0300
love,2021-04-04 16:02:59 -0300
love,2021-04-04 16:01:22 -0300
love,2021-04-03 13:49:29 -0300
love,2021-04-03 13:46:56 -0300
love,2021-04-02 22:10:01 -0300
love,2021-04-02 18:10:46 -0300
love,2021-04-02 17:53:55 -0300
love,2021-04-02 16:10:20 -0300
love,2021-04-02 15:45:17 -0300
love,2021-04-02 14:32:45 -0300
love,2021-03-31 23:04:27 -0300
love,2021-03-31 23:02:36 -0300
love,2021-03-31 20:38:37 -0300
love,2021-03-31 18:35:57 -0300
love,2021-03-30 19:32:33 -0300
love,2021-03-30 19:28:42 -0300
love,2021-03-30 19:27:52 -0300
love,2021-03-29 18:28:06 -0300
love,2021-03-27 23:10:49 -0300
love,2021-03-27 22:40:29 -0300
love,2021-03-27 22:21:00 -0300
love,2021-03-27 17:46:43 -0300
love,2021-03-27 17:37:53 -0300
love,2021-03-27 17:37:09 -0300
love,2021-03-26 21:49:00 -0300
love,2021-03-26 21:43:24 -0300
love,2021-03-26 21:42:08 -0300
love,2021-03-25 20:41:05 -0300
love,2021-03-25 20:36:31 -0300
love,2021-03-23 21:57:36 -0300
love,2021-03-23 21:35:54 -0300
love,2021-03-23 21:28:23 -0300
love,2021-02-15 16:08:23 -0400
love,2021-02-14 16:03:36 -0400
love,2021-02-14 14:45:21 -0400
love,2021-02-14 14:40:45 -0400
love,2021-02-13 19:03:23 +0800
love,2021-02-12 19:48:41 +0800
love,2021-02-06 22:10:49 +0800
love,2021-02-06 19:42:53 +0800
love,2021-01-23 13:47:12 -0400
love,2021-01-17 20:59:16 -0400
love,2021-01-17 16:50:44 -0400
love,2021-01-17 14:48:35 -0400
love,2021-01-17 14:13:16 -0400
love,2021-01-17 14:02:00 -0400
love,2021-01-16 20:51:06 -0400
love,2021-01-16 20:34:27 -0400
love,2021-01-16 14:08:03 -0400
love,2021-01-16 13:09:01 -0400
love,2021-01-14 20:40:37 -0400
love,2021-01-14 20:33:45 -0400
love,2021-01-10 17:53:12 -0400
love,2021-01-09 11:44:13 -0400
love,2021-01-07 11:49:11 +0800
love,2021-01-06 21:55:06 -0400
love,2021-01-06 21:49:34 -0400
love,2021-01-05 17:37:01 -0400
love,2021-01-02 16:12:51 -0400
love,2021-01-02 13:43:45 -0400
love,2021-01-01 19:42:20 -0400
love,2021-01-01 19:36:13 -0400
love,2021-01-01 16:41:39 -0400
love,2021-01-01 16:32:34 -0400
love,2021-01-01 16:29:40 -0400
love,2021-01-01 16:25:50 -0400
love,2021-01-01 20:48:15 +0800
love,2020-12-31 14:10:39 -0400
love,2020-12-31 16:48:42 +0800
love,2020-12-31 00:06:41 -0400
love,2020-12-30 22:54:08 -0400
love,2020-12-31 10:32:05 +0800
love,2020-12-30 14:17:06 -0400
love,2020-12-30 11:46:00 -0400
love,2020-12-30 04:27:48 +0000
love,2020-12-27 19:52:27 -0400
love,2020-12-27 19:17:47 -0400
love,2020-12-27 15:01:09 -0400
love,2020-12-27 14:22:38 -0400
love,2020-12-26 22:55:06 -0400
love,2020-12-26 22:48:08 -0400
love,2020-12-26 16:37:37 -0400
love,2020-12-25 16:13:29 -0400
love,2020-12-25 21:45:32 +0800
love,2020-12-24 20:31:33 -0400
love,2020-12-24 12:45:08 -0400
love,2020-12-24 12:29:00 -0400
love,2020-12-24 22:15:15 +0800
love,2020-12-23 20:42:12 -0400
love,2020-12-23 20:13:41 -0400
love,2020-12-23 13:00:24 -0400
love,2020-12-23 12:58:26 -0400
love,2020-12-22 23:21:17 -0400
love,2020-12-22 23:06:06 -0400
love,2020-12-22 22:56:43 -0400
love,2020-12-22 22:55:05 -0400
love,2020-12-22 22:54:43 -0400
love,2020-12-22 22:43:10 -0400
love,2020-12-22 22:37:17 -0400
love,2020-12-22 20:04:16 -0400
love,2020-12-22 19:35:06 -0400
love,2020-12-22 19:34:23 -0400
love,2020-12-22 19:23:02 -0400
love,2020-12-21 13:36:29 -0400
love,2020-12-18 22:53:02 -0400
love,2020-12-15 10:25:38 +0800
love,2020-12-09 19:54:36 -0600
love,2020-12-08 23:13:52 -0300
love,2020-12-03 14:29:03 +0800
love,2020-12-03 13:53:41 +0800
love,2020-12-03 13:48:25 +0800
love,2020-12-03 13:42:53 +0800
love,2020-12-03 13:34:23 +0800
love,2020-11-13 17:58:53 -0400
love,2020-11-13 17:57:30 -0400
love,2020-11-12 23:46:49 -0400
love,2020-11-11 21:04:24 -0400
love,2020-11-11 16:35:27 -0400
love,2020-11-11 16:12:21 -0400
love,2020-11-11 16:07:35 -0400
love,2020-11-11 15:11:00 -0400
love,2020-11-03 22:12:56 -0400
love,2020-11-03 22:11:07 -0400
love,2020-11-02 21:27:57 -0400
love,2020-11-02 18:20:58 -0400
love,2020-11-02 18:17:07 -0400
love,2020-11-02 18:08:35 -0400
love,2020-11-01 22:46:31 -0500
love,2020-11-01 21:36:15 -0400
love,2020-10-26 20:43:52 -0300
love,2020-10-26 20:37:41 -0300
love,2020-10-26 18:25:40 -0300
love,2020-10-26 17:11:50 -0300
love,2020-10-25 23:13:50 -0300
love,2020-10-25 23:00:12 -0300
love,2020-10-25 22:24:07 -0300
love,2020-10-24 17:58:25 -0300
love,2020-10-24 17:57:59 -0300
love,2020-10-24 00:36:33 -0300
love,2020-10-24 00:33:02 -0300
love,2020-10-17 22:52:58 -0400
love,2020-10-17 22:40:07 -0400
love,2020-10-17 22:30:01 -0400
love,2020-10-17 22:15:18 -0400
love,2020-10-16 21:19:50 -0300
love,2020-10-13 08:47:29 -0300
love,2020-10-11 10:45:37 +0100
love,2020-10-12 18:52:09 -0300
love,2020-10-12 18:29:18 -0300
love,2020-10-12 18:26:57 -0300
love,2020-10-12 17:29:08 -0300
love,2020-10-11 23:57:28 -0300
love,2020-10-11 10:27:32 +0100
love,2020-10-06 18:43:27 +0800
love,2020-10-06 07:45:45 +0000
love,2020-10-03 19:28:57 -0300
love,2020-10-01 22:09:47 -0300
love,2020-09-29 20:22:41 -0300
love,2020-09-22 19:35:54 -0300
love,2020-09-22 13:50:49 +0800
love,2020-09-22 13:09:33 +0800
love,2020-09-22 13:09:03 +0800
love,2020-09-22 12:06:26 +0800
love,2020-09-21 22:35:19 -0300
love,2020-09-21 22:14:41 -0300
love,2020-09-21 16:38:57 -0300
love,2020-09-20 21:54:02 -0400
love,2020-09-17 09:51:38 -0400
love,2020-09-17 09:37:23 -0400
love,2020-09-16 21:47:58 -0400
love,2020-09-15 12:56:56 -0400
love,2020-08-23 02:38:52 -0400
love,2020-08-18 00:19:37 -0400
love,2020-08-16 22:42:29 -0400
love,2020-08-16 21:20:16 -0400
love,2020-08-16 20:57:20 -0400
love,2020-08-16 19:39:36 -0400
love,2020-08-16 19:28:20 -0400
love,2020-08-16 19:12:56 -0400
love,2020-08-16 19:01:59 -0400
love,2020-08-16 18:25:27 -0400
love,2020-08-16 18:25:03 -0400
love,2020-08-16 06:34:37 -0400
love,2020-08-16 11:34:19 -0300
love,2020-08-15 22:57:30 -0400
love,2020-08-14 21:21:39 -0300
love,2020-08-15 01:28:49 +0200
love,2020-08-14 19:27:42 +0200
love,2020-08-13 00:26:17 -0400
love,2020-08-09 12:25:07 -0300
love,2020-08-09 12:12:28 -0300
love,2020-08-02 16:00:08 -0300
love,2020-08-01 21:51:37 -0300
love,2020-07-29 19:42:38 -0300
love,2020-07-29 19:35:45 -0300
love,2020-07-29 19:15:22 -0300
love,2020-07-29 18:51:21 -0300
love,2020-07-29 18:21:19 -0300
love,2020-07-29 18:11:20 -0300
love,2020-07-28 20:44:36 -0300
love,2020-07-27 17:35:16 -0300
love,2020-07-26 16:59:09 -0300
love,2020-07-26 16:49:59 -0300
love,2020-07-26 16:43:40 -0300
love,2020-07-26 16:32:18 -0300
love,2020-07-25 19:48:54 -0300
love,2020-07-21 21:56:47 -0300
love,2020-07-21 21:46:45 -0300
love,2020-07-21 20:50:49 -0300
love,2020-07-21 19:09:13 -0300
love,2020-07-21 18:57:50 -0300
love,2020-07-20 22:13:30 -0300
love,2020-07-20 22:10:08 -0300
love,2020-07-20 18:13:27 -0300
love,2020-07-19 15:41:04 -0300
love,2020-07-18 21:29:36 -0300
love,2020-07-12 18:25:55 -0300
love,2020-07-11 17:21:26 -0300
love,2020-07-10 22:52:23 -0300
love,2020-06-28 21:58:13 -0300
love,2020-06-15 22:00:30 -0300
love,2020-06-15 13:48:24 +0800
love,2020-06-15 13:44:28 +0800
love,2020-06-15 13:43:36 +0800
love,2020-06-15 13:23:53 +0800
love,2020-06-15 13:18:36 +0800
love,2020-06-14 21:14:56 -0300
love,2020-06-13 20:29:23 -0300
love,2020-06-10 12:22:16 +0800
love,2020-06-08 23:16:26 -0300
love,2020-06-08 11:38:45 +0100
love,2020-06-07 15:36:23 -0300
love,2020-06-06 16:42:12 -0300
love,2020-05-23 20:29:38 -0300
love,2020-05-23 15:19:28 -0300
love,2020-05-23 14:37:01 -0300
love,2020-05-21 20:08:43 -0300
love,2020-05-21 19:56:19 -0300
love,2020-05-22 00:33:47 +0200
love,2020-05-21 16:02:12 +0200
love,2020-05-21 15:56:57 +0200
love,2020-05-21 15:56:43 +0200
love,2020-05-20 23:05:11 +0200
love,2020-05-03 17:14:54 -0300
love,2020-05-03 12:48:43 -0300
love,2020-04-26 22:57:17 -0300
love,2020-04-26 22:49:42 -0300
love,2020-04-26 11:44:53 -0300
love,2020-04-26 09:09:26 -0300
love,2020-04-23 22:49:38 -0300
love,2020-04-23 18:38:29 -0300
love,2020-04-22 23:18:00 -0300
love,2020-03-15 20:13:39 -0300
love,2020-03-15 19:25:48 -0300
love,2020-03-15 19:24:49 -0300
love,2020-03-15 19:17:04 -0300
love,2020-03-15 16:18:37 +0100
love,2020-03-15 01:29:33 -0300
love,2020-03-07 16:09:40 -0400
love,2020-03-04 20:37:41 -0400
love,2020-03-04 20:36:06 -0400
love,2020-03-03 19:41:54 -0400
love,2020-03-03 19:30:22 -0400
love,2020-03-02 17:37:26 -0400
love,2020-03-01 12:39:51 +0000
love,2020-02-28 23:25:25 -0400
love,2020-02-28 23:21:08 -0400
love,2020-02-28 23:12:22 -0400
love,2020-02-28 23:10:21 -0400
love,2020-02-28 23:01:35 -0400
love,2020-02-28 23:00:07 -0400
love,2020-02-28 22:17:20 -0400
love,2020-02-28 21:54:03 -0400
love,2020-02-27 20:19:55 -0400
love,2020-02-27 20:08:50 -0400
love,2020-02-23 22:39:18 -0400
love,2020-02-23 16:49:38 -0400
love,2020-02-23 16:30:55 -0400
love,2020-02-22 18:58:41 -0400
love,2020-02-17 16:31:02 -0400
love,2020-02-17 02:17:58 -0400
love,2020-02-17 02:17:38 -0400
love,2020-02-17 01:55:49 -0400
love,2020-02-16 19:42:11 -0400
love,2020-02-16 19:15:25 -0400
love,2020-02-16 18:54:14 -0400
love,2020-02-16 18:34:07 -0400
love,2020-02-16 09:04:50 -0400
love,2020-02-16 19:56:39 +0800
love,2020-02-16 16:05:32 +0800
love,2020-02-16 16:01:28 +0800
love,2020-02-16 15:25:31 +0800
love,2020-02-16 14:42:54 +0800
love,2020-02-16 14:35:36 +0800
love,2020-02-16 14:25:40 +0800
love,2020-02-16 14:00:45 +0800
love,2020-02-16 12:06:27 +0800
love,2020-02-15 16:00:55 -0400
love,2020-02-15 15:44:23 -0400
love,2020-02-15 14:18:35 -0400
love,2020-02-15 13:53:15 -0400
love,2020-02-15 13:51:12 -0400
love,2020-02-15 13:50:47 -0400
love,2020-02-15 13:49:04 -0400
love,2020-02-12 22:57:13 -0400
love,2020-02-12 22:25:04 -0400
love,2020-02-12 21:50:23 -0400
love,2020-02-12 20:07:35 -0400
love,2020-02-12 18:56:55 -0400
love,2020-02-11 19:32:00 -0400
love,2020-02-09 12:46:52 -0400
love,2020-02-09 12:11:19 -0400
love,2020-02-08 20:40:10 -0400
love,2020-02-07 20:29:21 -0400
love,2020-02-05 20:39:55 -0400
love,2020-02-05 18:03:34 -0400
love,2020-02-05 07:49:38 -0400
love,2020-02-04 22:15:18 -0400
love,2020-02-04 22:06:55 -0400
love,2020-02-04 20:52:57 -0400
love,2020-02-04 20:09:46 -0400
love,2020-02-04 20:05:31 -0400
love,2020-02-04 19:56:19 -0400
love,2020-02-04 19:19:37 -0400
love,2020-02-04 19:05:43 -0400
love,2020-02-03 23:05:46 -0400
love,2020-02-03 19:26:11 -0400
love,2020-02-03 19:15:24 -0400
love,2020-02-03 19:02:58 -0400
love,2020-02-02 22:26:28 -0400
love,2020-02-02 13:50:37 -0400
love,2020-02-02 01:21:27 -0400
love,2020-02-01 23:54:51 -0400
love,2020-02-01 18:33:40 -0400
love,2020-02-01 18:25:50 -0400
love,2020-02-01 18:10:04 -0400
love,2020-02-01 17:56:41 -0400
love,2020-02-01 17:34:32 -0400
love,2020-02-01 15:59:38 -0400
love,2020-02-01 15:39:59 -0400
love,2020-01-30 20:35:33 -0400
love,2020-01-30 20:03:24 -0400
love,2020-01-29 13:11:08 +0800
love,2020-01-28 21:25:58 +0800
love,2020-01-27 11:32:29 +0800
love,2020-01-27 11:24:56 +0800
love,2020-01-26 15:46:33 -0400
love,2020-01-26 21:23:33 +0800
love,2020-01-24 17:43:33 -0400
love,2020-01-24 18:56:16 +0100
love,2020-01-19 19:03:46 -0400
love,2020-01-19 15:03:19 -0400
love,2020-01-18 17:37:03 -0400
love,2020-01-15 23:26:24 -0400
love,2020-01-15 13:27:46 -0400
love,2020-01-15 13:27:10 -0400
love,2020-01-15 14:59:00 +0100
love,2020-01-15 14:41:19 +0100
love,2020-01-14 23:01:21 -0400
love,2020-01-13 23:20:49 -0400
love,2020-01-13 20:44:39 -0400
love,2020-01-13 20:41:05 -0400
love,2020-01-13 18:00:07 -0400
love,2020-01-13 17:51:49 -0400
love,2020-01-13 17:46:08 -0400
love,2020-01-13 17:45:34 -0400
love,2020-01-13 11:18:05 +0800
love,2020-01-12 22:11:08 -0400
love,2020-01-12 19:46:11 -0400
love,2020-01-12 16:41:23 -0400
love,2020-01-11 22:24:38 -0400
love,2020-01-09 21:37:33 -0400
love,2020-01-09 21:15:33 -0400
love,2020-01-09 21:06:10 -0400
love,2020-01-06 22:41:01 -0400
love,2020-01-06 19:58:22 -0400
love,2020-01-04 18:40:44 -0400
love,2020-01-03 22:45:36 -0400
love,2020-01-03 22:40:36 -0400
love,2019-12-31 15:45:20 -0400
love,2019-12-29 21:20:47 -0400
love,2019-12-28 22:43:39 -0500
love,2019-12-28 14:06:11 -0500
love,2019-12-27 13:57:20 -0500
love,2019-12-27 13:51:57 -0500
love,2019-12-27 13:28:15 -0500
love,2019-12-27 09:57:42 -0500
love,2019-12-26 23:07:51 -0500
love,2019-12-23 23:38:04 -0400
love,2019-12-23 17:17:51 -0400
love,2019-12-23 15:10:00 -0400
love,2019-12-23 14:51:50 -0400
love,2019-12-23 14:36:17 -0400
love,2019-12-22 23:03:30 -0400
love,2019-12-22 22:41:13 -0400
love,2019-12-22 17:54:20 -0400
love,2019-12-22 17:42:23 -0400
love,2019-12-20 00:46:32 -0400
love,2019-12-20 00:45:20 -0400
love,2019-12-20 00:32:56 -0400
love,2019-12-19 19:56:55 -0400
love,2019-12-19 17:47:46 -0400
love,2019-12-19 11:30:38 +0100
love,2019-11-23 19:16:59 -0400
love,2019-11-19 21:47:48 -0400
love,2019-11-18 22:45:54 -0400
love,2019-11-18 21:16:51 -0400
love,2019-11-18 21:13:54 -0400
love,2019-11-16 14:33:48 -0400
love,2019-11-16 14:24:20 -0400
love,2019-11-12 21:27:46 -0400
love,2019-10-27 19:07:58 -0300
love,2019-10-27 12:16:11 -0300
love,2019-10-27 12:15:26 -0300
love,2019-10-27 11:54:52 -0300
love,2019-10-26 02:02:31 -0300
love,2019-10-07 14:17:17 +0000
love,2019-10-07 21:31:58 +0800
love,2019-10-07 20:47:40 +0800
love,2019-10-07 20:20:02 +0800
love,2019-10-04 19:28:55 -0300
love,2019-10-01 19:02:16 -0300
love,2019-10-01 18:54:16 -0300
love,2019-09-29 12:30:13 +0000
love,2019-09-29 09:29:34 -0300
love,2019-09-29 16:21:17 +0800
love,2019-09-29 15:54:45 +0800
love,2019-09-29 15:54:27 +0800
love,2019-09-29 12:18:47 +0800
love,2019-09-29 12:09:39 +0800
love,2019-09-29 11:47:13 +0800
love,2019-09-28 19:31:02 -0300
love,2019-09-28 18:34:56 -0300
love,2019-09-28 00:31:44 -0300
love,2019-09-26 20:38:02 -0300
love,2019-09-26 20:11:25 -0300
love,2019-09-26 19:38:36 -0300
love,2019-09-25 15:52:12 -0300
love,2019-09-25 15:30:22 -0300
love,2019-09-23 18:00:11 -0300
love,2019-09-22 12:47:49 -0300
love,2019-09-21 22:20:16 -0300
love,2019-09-21 22:13:36 -0300
love,2019-09-21 22:13:10 -0300
love,2019-09-21 21:48:03 -0300
love,2019-09-21 14:46:45 -0300
love,2019-09-21 11:08:55 -0300
love,2019-09-21 11:02:40 -0300
love,2019-09-20 19:25:15 -0300
love,2019-09-19 20:48:17 -0300
love,2019-09-18 20:23:32 -0300
love,2019-09-18 19:36:08 -0300
love,2019-09-17 22:40:11 -0300
love,2019-09-15 19:08:25 -0300
love,2019-09-15 14:02:19 -0300
love,2019-09-14 23:13:40 -0300
love,2019-09-12 20:08:45 -0300
love,2019-09-12 20:00:23 -0300
love,2019-08-25 17:16:58 -0300
love,2019-08-25 16:50:15 -0300
love,2019-08-11 15:34:00 +0200
love,2019-08-11 11:13:22 +0200
love,2019-08-02 21:06:07 -0300
love,2019-08-02 21:04:22 -0300
love,2019-07-31 19:24:17 -0300
love,2019-07-20 11:25:52 -0300
love,2019-07-20 10:59:12 -0300
love,2019-07-20 10:51:59 -0300
love,2019-07-20 10:47:58 -0300
love,2019-07-17 19:18:56 -0300
love,2019-07-17 19:03:45 -0300
love,2019-07-17 19:02:17 -0300
love,2019-07-17 18:57:14 -0300
love,2019-07-14 10:23:19 -0300
love,2019-07-13 21:58:01 -0300
love,2019-07-01 12:45:44 -0300
love,2019-06-29 21:01:17 -0300
love,2019-06-28 12:40:41 -0300
love,2019-06-28 12:39:15 -0300
love,2019-06-26 17:38:04 +0200
love,2019-06-25 20:39:40 -0300
love,2019-06-25 20:19:27 -0300
love,2019-06-25 20:13:31 -0300
love,2019-06-25 20:08:32 -0300
love,2019-06-25 23:02:44 +0000
love,2019-06-24 21:54:09 -0300
love,2019-06-20 18:57:42 -0300
love,2019-06-17 16:09:46 +0800
love,2019-06-16 22:48:33 -0300
love,2019-06-04 20:33:44 -0300
love,2019-06-04 20:29:44 -0300
love,2019-06-02 11:35:52 -0300
love,2019-06-01 15:58:42 -0300
love,2019-06-01 15:06:19 -0300
love,2019-05-30 20:36:19 -0300
love,2019-05-27 19:36:22 -0300
love,2019-05-27 19:20:25 -0300
love,2019-05-26 15:12:02 -0300
love,2019-05-26 14:46:52 -0300
love,2019-05-26 13:55:29 -0300
love,2019-05-22 20:00:30 +0200
love,2019-05-22 19:57:39 +0200
love,2019-05-22 19:50:51 +0200
love,2019-05-19 18:30:45 -0300
love,2019-05-18 00:08:11 -0300
love,2019-05-16 20:16:40 -0300
love,2019-05-16 19:17:19 -0300
love,2019-05-04 11:35:41 +0200
love,2019-05-04 11:26:16 +0200
love,2019-05-04 10:44:41 +0200
love,2019-04-28 12:09:16 -0300
love,2019-04-24 20:13:07 -0300
love,2019-04-24 00:11:18 -0300
love,2019-04-24 00:10:22 -0300
love,2019-04-23 21:30:32 -0300
love,2019-04-23 21:18:56 -0300
love,2019-04-11 18:45:09 -0300
love,2019-04-07 16:41:55 -0300
love,2019-04-07 15:47:00 -0300
love,2019-04-06 13:08:25 -0300
love,2019-04-02 21:13:01 -0300
love,2019-04-02 20:20:18 -0300
love,2019-04-02 20:12:09 -0300
love,2019-03-09 15:27:54 +0100
love,2019-03-09 15:24:02 +0100
love,2019-03-09 14:15:11 +0000
love,2019-03-03 03:33:24 +0000
love,2019-03-02 13:47:49 +0100
love,2019-02-09 23:24:42 +0000
love,2019-02-09 18:55:48 +0800
love,2019-02-08 23:58:02 +0800
love,2019-01-19 12:12:29 -0400
love,2019-01-16 19:30:21 -0400
love,2019-01-16 18:21:58 -0400
love,2019-01-15 17:29:13 -0400
love,2019-01-05 10:17:11 -0400
love,2019-01-04 21:36:05 -0400
love,2019-01-03 21:09:05 -0400
love,2019-01-03 20:36:47 -0400
love,2018-12-31 22:36:36 -0400
love,2018-12-31 21:02:02 -0400
love,2018-12-27 23:52:54 -0400
love,2018-12-27 21:52:11 -0400
love,2018-12-27 21:48:42 -0400
love,2018-12-27 21:16:45 -0400
love,2018-12-26 14:47:34 -0400
love,2018-12-26 11:36:23 -0400
love,2018-12-26 10:36:41 -0400
love,2018-12-26 00:34:14 -0400
love,2018-12-25 18:33:26 -0400
love,2018-12-21 14:25:43 -0400
love,2018-12-21 14:12:44 -0400
love,2018-12-19 21:52:46 -0400
love,2018-12-19 11:04:36 +0100
love,2018-12-19 10:33:33 +0100
love,2018-12-18 13:39:06 -0400
love,2018-12-18 00:07:39 -0400
love,2018-12-17 16:44:13 -0400
love,2018-12-17 16:19:56 -0400
love,2018-12-16 15:15:32 -0400
love,2018-12-13 23:19:48 -0400
love,2018-12-13 22:38:11 -0400
love,2018-12-13 22:36:42 -0400
love,2018-12-13 22:34:30 -0400
love,2018-12-13 20:52:45 -0400
love,2018-12-12 17:51:03 -0400
love,2018-12-12 18:20:42 +0000
love,2018-12-12 11:26:14 -0400
love,2018-12-06 21:50:18 +0000
love,2018-12-03 18:19:28 +0100
love,2018-11-30 04:01:52 +0000
love,2018-11-30 03:54:58 +0000
love,2018-11-29 17:07:20 +0100
love,2018-11-25 19:03:30 +0000
love,2018-11-25 18:46:33 +0000
love,2018-11-25 12:48:52 -0400
love,2018-11-25 12:48:11 -0400
love,2018-11-20 03:21:14 +0000
love,2018-11-12 15:20:09 -0400
love,2018-11-04 19:43:48 +0800
love,2018-11-03 16:30:49 +0800
love,2018-11-03 15:54:50 +0800
love,2018-11-03 15:19:55 +0800
love,2018-11-03 10:39:29 +0800
love,2018-10-28 13:52:09 -0300
love,2018-10-28 13:41:26 -0300
love,2018-10-28 13:41:12 -0300
love,2018-10-23 03:22:33 +0000
love,2018-10-23 00:17:19 +0000
love,2018-10-03 20:02:59 +0200
love,2018-10-03 20:02:10 +0200
love,2018-09-29 14:52:11 -0300
love,2018-09-29 14:50:49 -0300
love,2018-09-28 20:51:41 -0300
love,2018-09-21 08:32:27 -0400
love,2018-08-14 18:10:15 -0300
love,2018-07-10 19:17:49 +0200
love,2018-06-09 13:36:56 +0000
love,2018-06-09 13:35:11 +0000
love,2018-06-05 10:22:08 +0200
love,2018-05-26 09:54:09 +0200
love,2018-05-24 20:25:55 +0200
love,2018-04-29 21:05:03 +0200
love,2018-04-15 15:25:49 -0300
love,2018-04-15 15:25:20 -0300
love,2018-04-08 15:59:05 -0300
love,2018-04-08 11:31:10 -0300
love,2018-04-07 18:59:12 -0300
love,2018-04-07 18:37:29 -0300
love,2018-04-07 12:43:00 -0300
love,2018-04-07 11:35:20 -0300
love,2018-04-04 17:49:51 +0200
love,2018-04-03 20:12:41 -0300
love,2018-04-02 16:34:48 -0300
love,2018-04-02 15:58:38 -0300
love,2018-04-02 11:20:52 -0300
love,2018-04-01 22:45:51 -0300
love,2018-04-01 20:08:24 +0200
love,2018-04-01 15:05:39 -0300
love,2018-04-01 13:01:02 -0300
love,2018-04-01 12:50:54 -0300
love,2018-04-01 12:48:33 -0300
love,2018-03-31 22:46:12 +0200
love,2018-03-31 12:27:02 +0200
love,2018-03-31 13:30:18 +0200
love,2018-03-24 14:43:56 -0300
love,2018-03-18 11:08:40 +0100
love,2018-03-18 11:06:11 +0100
love,2018-03-11 19:11:33 -0300
love,2018-03-11 18:47:44 -0300
love,2018-02-24 22:28:58 -0400
love,2018-02-17 14:55:39 +0100
love,2018-02-16 18:20:35 -0400
love,2018-02-11 22:09:14 -0800
love,2018-02-11 12:12:10 +0100
love,2018-02-11 12:10:57 +0100
love,2018-02-10 12:06:30 +0100
love,2018-02-07 22:32:06 -0400
love,2018-02-07 22:28:33 -0400
love,2018-01-30 17:31:44 +0100
love,2018-01-28 22:32:40 -0400
love,2018-01-28 16:53:09 -0400
love,2018-01-25 02:15:29 +0000
love,2018-01-21 17:35:57 -0400
love,2018-01-16 21:54:28 -0400
love,2018-01-14 19:25:38 -0400
love,2018-01-14 19:15:24 -0400
love,2018-01-14 14:40:46 -0400
love,2018-01-14 14:37:48 -0400
love,2018-01-13 21:11:07 -0400
love,2018-01-10 22:52:28 -0400
love,2018-01-10 21:31:00 -0400
love,2018-01-08 15:34:46 +0000
love,2018-01-06 01:55:09 -0400
love,2018-01-06 01:03:41 -0400
love,2018-01-06 00:59:09 -0400
love,2018-01-06 00:42:16 -0400
love,2018-01-03 19:55:02 +0100
love,2018-01-03 19:47:35 +0100
love,2017-12-30 16:41:54 -0400
love,2017-12-30 00:54:58 -0400
love,2017-12-28 23:16:51 -0400
love,2017-12-27 12:27:12 -0400
love,2017-12-27 11:03:32 -0400
love,2017-12-26 20:17:43 -0400
love,2017-12-26 19:50:55 -0400
love,2017-12-26 19:45:23 -0400
love,2017-12-24 22:31:58 -0400
love,2017-12-24 22:08:57 -0400
love,2017-12-24 22:05:10 -0400
love,2017-12-24 16:05:52 -0400
love,2017-12-24 15:54:03 -0400
love,2017-12-22 16:32:54 -0400
love,2017-12-22 16:13:20 -0400
love,2017-12-17 21:56:17 -0400
love,2017-12-17 21:52:19 -0400
love,2017-12-17 21:42:04 -0400
love,2017-12-17 21:16:11 -0400
love,2017-12-17 21:05:40 -0400
love,2017-12-16 23:09:15 -0400
love,2017-12-16 19:56:02 -0400
love,2017-12-15 22:18:19 -0400
love,2017-12-15 19:41:17 -0400
love,2017-12-13 22:15:23 +0100
love,2017-12-10 14:40:08 -0400
love,2017-12-10 00:17:14 -0400
love,2017-12-10 00:16:13 -0400
love,2017-12-09 23:34:08 -0400
love,2017-12-04 19:12:06 -0400
love,2017-12-03 23:04:40 -0400
love,2017-12-03 19:33:48 -0400
love,2017-12-01 16:13:39 +0000
love,2017-12-01 13:32:51 +0000
love,2017-11-28 22:41:01 +0000
love,2017-11-26 18:31:43 -0400
love,2017-11-25 10:23:29 -0400
love,2017-11-21 19:49:52 -0400
love,2017-11-20 22:38:25 -0400
love,2017-11-20 22:20:39 -0400
love,2017-11-20 22:15:06 -0400
love,2017-11-13 19:45:18 -0400
love,2017-11-11 20:48:02 -0400
love,2017-11-11 21:42:52 +0100
love,2017-11-03 13:38:04 +0100
love,2017-11-03 12:27:10 +0000
love,2017-10-30 13:30:19 +0100
love,2017-10-27 19:39:25 -0300
love,2017-10-26 21:05:15 -0300
love,2017-10-26 20:58:19 -0300
love,2017-10-25 23:23:41 -0300
love,2017-10-25 23:12:39 -0300
love,2017-10-22 12:37:30 -0300
love,2017-10-22 12:33:47 -0300
love,2017-10-21 22:37:51 -0300
love,2017-10-21 15:18:25 -0300
love,2017-10-21 11:15:39 -0300
love,2017-10-21 03:12:37 -0300
love,2017-10-21 03:08:18 -0300
love,2017-10-16 14:46:06 +0200
love,2017-10-16 14:40:17 +0200
love,2017-10-12 15:24:07 +0200
love,2017-10-12 15:20:38 +0200
love,2017-10-12 15:11:15 +0200
love,2017-10-12 14:23:58 +0200
love,2017-10-08 16:24:48 -0300
love,2017-10-04 14:05:09 +0200
love,2017-10-04 13:56:14 +0200
love,2017-10-02 17:11:53 +0200
love,2017-09-30 17:02:16 -0300
love,2017-09-30 16:42:11 -0300
love,2017-09-30 16:41:45 -0300
love,2017-09-30 12:27:50 -0300
love,2017-09-30 11:11:14 -0300
love,2017-09-30 10:39:24 -0300
love,2017-09-30 10:25:14 -0300
love,2017-09-25 15:52:49 +0000
love,2017-09-25 10:27:12 +0200
love,2017-09-25 10:08:57 +0200
love,2017-09-24 19:25:27 -0300
love,2017-09-24 16:19:39 -0300
love,2017-09-24 16:09:05 -0300
love,2017-09-23 20:23:01 -0300
love,2017-09-23 19:47:57 -0300
love,2017-09-23 10:56:54 +0200
love,2017-09-22 20:31:24 -0300
love,2017-09-22 19:47:55 -0300
love,2017-09-18 14:31:51 +0200
love,2017-09-16 20:01:48 -0300
love,2017-09-16 09:30:46 +0200
love,2018-05-20 12:21:50 +0200
love,2018-05-20 10:14:49 +0000
love,2018-05-20 11:27:29 +0200
love,2018-05-13 20:23:00 +0200
love,2018-05-13 12:12:29 -0300
love,2018-05-11 17:35:24 +0200
love,2018-05-03 20:04:16 +0200
love,2018-02-09 21:42:04 +0800
love,2017-09-13 15:48:53 +0200
love,2017-09-12 12:40:21 +0200
love,2017-09-11 13:40:21 +0200
love,2017-09-09 13:23:49 +0200
love,2017-09-04 01:18:48 -0300
love,2017-09-03 23:41:35 -0300
love,2017-09-03 19:48:41 -0300
love,2017-09-03 19:47:46 -0300
love,2017-09-03 19:34:46 -0300
love,2017-09-03 18:46:33 -0300
love,2017-09-03 18:23:54 -0300
love,2017-09-02 14:39:21 -0300
love,2017-09-01 18:10:57 -0300
love,2017-08-30 22:25:26 -0300
love,2017-08-30 18:57:12 +0200
love,2017-08-30 13:21:39 +0200
love,2017-08-30 13:07:57 +0200
love,2017-08-27 21:56:07 -0300
love,2017-08-27 21:31:41 -0300
love,2017-08-27 18:17:30 -0300
love,2017-08-27 18:14:54 -0300
love,2017-08-27 16:55:33 -0300
love,2017-08-27 16:23:55 -0300
love,2017-08-27 16:18:54 -0300
love,2017-08-27 14:40:46 -0300
love,2017-08-27 13:50:47 -0300
love,2017-08-27 13:46:31 -0300
love,2017-08-27 10:45:06 -0300
love,2017-08-25 22:42:03 -0300
love,2017-08-25 18:27:16 -0300
love,2017-08-19 17:20:03 -0300
love,2017-08-17 22:02:49 -0300
love,2017-08-14 22:56:20 -0300
love,2017-08-14 18:41:22 -0300
love,2017-08-10 21:06:04 -0300
love,2017-08-10 20:29:02 -0300
love,2017-08-07 20:15:26 -0300
love,2017-08-07 18:53:40 -0300
love,2017-08-06 21:42:05 -0300
love,2017-08-06 03:48:48 -0300
love,2017-08-06 03:47:54 -0300
love,2017-08-06 03:23:12 -0300
love,2017-08-06 00:53:49 -0300
love,2017-08-06 00:13:02 -0300
love,2017-08-05 23:55:20 -0300
love,2017-08-05 16:56:39 -0300
love,2017-08-05 16:53:27 -0300
love,2017-08-02 21:49:34 -0300
love,2017-08-02 19:58:29 -0400
love,2017-08-02 19:33:42 -0400
love,2017-08-01 23:53:44 -0300
love,2017-08-01 23:24:20 -0300
love,2017-08-01 23:22:24 -0300
love,2017-08-02 02:56:02 +0300
love,2017-08-01 18:35:35 -0300
love,2017-07-29 23:22:54 -0300
love,2017-07-29 23:09:45 -0300
love,2017-07-29 22:53:20 -0300
love,2017-07-29 12:54:53 -0300
love,2017-07-29 11:52:01 -0300
love,2017-07-29 11:45:35 -0300
love,2017-07-29 02:06:32 -0300
love,2017-07-29 01:25:56 -0300
love,2017-07-28 19:28:50 -0300
love,2017-07-28 19:14:54 -0300
love,2017-07-28 18:53:54 -0300
love,2017-07-28 14:49:35 +0200
love,2017-07-27 19:54:56 -0300
love,2017-07-27 17:41:27 +0200
love,2017-07-27 17:40:56 +0200
love,2017-07-25 08:05:46 -0300
love,2017-07-23 19:56:48 -0300
love,2017-07-23 19:45:49 -0300
love,2017-07-23 18:44:08 -0300
love,2017-07-23 01:58:25 -0300
love,2017-07-23 01:49:27 -0300
love,2017-07-23 00:28:25 -0300
love,2017-07-22 23:34:39 -0300
love,2017-07-21 21:37:48 -0300
love,2017-07-21 21:17:55 -0300
love,2017-07-18 15:15:04 -0300
love,2017-07-16 12:17:50 -0300
love,2017-07-14 23:34:06 -0300
love,2017-07-13 23:54:37 -0300
love,2017-07-11 20:38:47 -0300
love,2017-07-10 00:34:57 -0400
love,2017-07-10 00:22:41 -0400
love,2017-07-09 21:45:43 -0300
love,2017-07-10 00:32:41 +0000
love,2017-07-10 03:30:16 +0300
love,2017-07-10 03:14:41 +0300
love,2017-07-09 21:06:54 -0300
love,2017-07-09 17:31:07 -0300
love,2017-07-09 16:55:21 -0300
love,2017-07-02 15:27:58 +0200
love,2017-06-30 19:08:41 +0200
love,2017-06-27 22:26:30 -0300
love,2017-06-27 21:31:50 -0300
love,2017-06-22 15:07:31 +0300
love,2017-06-20 08:06:28 -0400
love,2017-06-11 14:35:51 -0300
love,2017-06-10 15:09:33 -0300
love,2017-06-10 14:25:22 -0300
love,2017-06-10 00:07:39 -0300
love,2017-06-08 21:10:17 -0300
love,2017-06-02 19:35:58 -0300
love,2017-05-20 15:37:29 -0300
love,2017-05-20 00:28:41 +0000
love,2017-05-19 18:11:46 -0600
love,2017-05-19 20:28:37 -0300
love,2017-05-19 20:21:04 -0300
love,2017-05-19 19:22:04 -0300
love,2017-05-19 19:14:58 -0300
love,2017-05-17 22:03:09 -0300
love,2017-05-17 18:51:42 -0300
love,2017-05-16 22:07:01 -0300
love,2017-05-06 23:59:15 -0300
love,2017-05-06 23:56:10 -0300
love,2017-05-03 13:06:10 +0200
love,2017-04-30 00:37:26 -0300
love,2017-04-30 00:01:23 -0300
love,2017-04-29 21:29:37 -0300
love,2017-04-29 18:38:23 -0300
love,2017-04-29 13:35:07 -0300
love,2017-04-28 21:36:50 -0300
love,2017-04-23 00:12:57 -0300
love,2017-04-15 01:58:03 -0300
love,2017-04-14 05:53:36 +0300
love,2017-04-12 20:26:06 -0300
love,2017-04-11 22:32:40 -0300
love,2017-04-11 20:45:12 -0300
love,2017-04-11 19:06:51 -0300
love,2017-04-11 19:03:13 -0300
love,2017-04-11 18:34:04 -0300
love,2017-04-11 00:00:22 -0300
love,2017-04-08 18:53:48 -0300
love,2017-04-07 12:19:29 +0200
love,2017-04-07 12:04:58 +0200
love,2017-04-02 13:32:25 -0300
love,2017-04-01 21:20:08 -0300
love,2017-04-01 21:19:19 -0300
love,2017-03-30 19:09:15 +0200
love,2017-03-12 13:20:35 -0300
love,2017-03-12 12:27:26 +0100
love,2017-03-12 10:47:19 +0100
love,2017-03-12 10:39:31 +0100
love,2017-03-11 14:52:01 +0000
love,2017-03-11 08:13:12 +0000
love,2017-03-11 01:54:26 -0600
love,2017-03-10 06:42:52 -0600
love,2017-03-09 21:15:56 -0400
love,2017-03-09 20:46:26 -0400
love,2017-03-09 19:38:51 -0400
love,2017-03-07 21:20:44 -0400
love,2017-03-07 21:03:23 -0400
love,2017-03-06 23:15:10 -0400
love,2017-03-03 22:10:10 -0400
love,2017-03-01 21:19:37 -0400
love,2017-02-26 20:22:03 -0400
love,2017-02-26 20:18:06 -0400
love,2017-02-26 17:22:08 -0400
love,2017-02-26 17:15:26 -0400
love,2017-02-26 17:11:22 -0400
love,2017-02-25 18:02:06 -0400
love,2017-02-25 17:52:27 -0400
love,2017-02-25 17:23:00 -0400
love,2017-02-20 15:46:43 -0400
love,2017-02-20 14:58:13 -0400
love,2017-02-19 15:44:03 +0000
love,2017-02-19 10:42:35 -0500
love,2017-02-19 16:22:00 +0100
love,2017-02-12 17:58:28 -0400
love,2017-02-12 16:40:54 -0400
love,2017-02-11 21:41:22 +0100
love,2017-02-11 15:47:30 -0400
love,2017-02-11 15:18:04 -0400
love,2017-02-11 15:14:39 -0400
love,2017-02-11 20:12:44 +0100
love,2017-02-11 19:04:53 +0000
love,2017-02-11 00:02:07 -0400
love,2017-02-10 18:36:47 +0300
love,2017-02-10 06:19:53 +0300
love,2017-02-07 15:23:53 -0500
love,2017-02-07 03:15:05 +0300
love,2017-02-04 20:18:42 +0100
love,2017-01-31 15:46:05 +0100
love,2017-01-31 15:43:36 +0100
love,2017-01-31 15:32:42 +0100
love,2017-01-30 22:11:26 -0400
love,2017-01-29 17:47:29 -0400
love,2017-01-29 16:13:41 -0400
love,2017-01-29 02:06:17 -0400
love,2017-01-29 01:19:37 -0400
love,2017-01-29 01:05:20 -0400
love,2017-01-29 00:20:16 -0400
love,2017-01-28 23:19:45 -0400
love,2017-01-28 21:39:30 -0400
love,2017-01-28 21:37:09 -0400
love,2017-01-28 19:26:57 -0400
love,2017-01-27 23:19:04 -0400
love,2017-01-22 23:39:32 -0400
love,2017-01-22 22:50:37 -0400
love,2017-01-22 21:18:06 -0400
love,2017-01-22 20:52:11 -0400
love,2017-01-22 18:54:04 -0400
love,2017-01-21 12:06:35 -0400
love,2017-01-21 12:03:43 -0400
love,2017-01-16 16:51:36 -0400
love,2017-01-15 22:07:51 +0100
love,2017-01-15 20:26:21 +0100
love,2017-01-15 20:21:38 +0100
love,2017-01-15 11:15:52 -0400
love,2017-01-14 20:35:56 -0400
love,2017-01-14 01:20:07 -0400
love,2017-01-13 19:28:09 -0500
love,2017-01-12 22:55:19 -0400
love,2017-01-12 22:52:24 -0400
love,2017-01-11 11:44:50 +0100
love,2017-01-09 22:37:49 -0400
love,2017-01-06 08:41:27 +0300
love,2017-01-05 23:25:20 -0400
love,2017-01-05 22:33:10 -0400
love,2017-01-05 20:27:47 -0400
love,2017-01-05 20:22:50 -0400
love,2017-01-05 19:40:18 -0400
love,2017-01-05 14:50:03 +0000
love,2017-01-04 22:57:56 -0400
love,2017-01-03 23:49:29 -0400
love,2017-01-04 02:26:22 +0000
love,2017-01-04 01:56:27 +0000
love,2017-01-02 20:41:07 -0400
love,2017-01-02 01:28:29 -0400
love,2017-01-02 01:21:22 -0400
love,2017-01-02 01:02:15 -0400
love,2017-01-01 21:58:13 -0400
love,2017-01-01 13:06:31 -0400
love,2017-01-01 12:13:17 -0400
love,2016-12-30 18:36:54 -0400
love,2016-12-30 14:32:11 -0400
love,2016-12-30 14:19:07 -0400
love,2016-12-29 23:59:42 -0400
love,2016-12-29 23:59:25 -0400
love,2016-12-29 23:55:51 -0400
love,2016-12-29 02:45:27 -0400
love,2016-12-29 00:25:14 -0400
love,2016-12-28 19:32:43 -0400
love,2016-12-28 16:24:57 -0400
love,2016-12-28 12:32:37 -0400
love,2016-12-28 04:05:52 -0400
love,2016-12-28 02:36:31 -0400
love,2016-12-28 01:24:21 -0400
love,2016-12-27 23:23:57 -0400
love,2016-12-27 23:21:25 -0400
love,2016-12-27 22:48:43 -0400
love,2016-12-27 22:03:08 -0400
love,2016-12-27 21:33:19 -0400
love,2016-12-27 21:02:58 -0400
love,2016-12-21 09:54:37 +0100
love,2016-12-18 00:09:11 -0400
love,2016-12-11 16:33:05 -0400
love,2016-12-10 23:46:00 -0400
love,2016-12-10 16:25:09 -0400
love,2016-12-10 16:21:48 -0400
love,2016-12-10 16:14:14 -0400
love,2016-12-09 16:32:36 +0300
love,2016-12-08 19:27:47 +0300
love,2016-12-03 17:23:46 -0400
love,2016-12-03 16:35:12 -0400
love,2016-12-03 20:54:48 +0100
love,2016-12-02 23:53:10 +0100
love,2016-12-02 13:59:21 +0100
love,2016-12-02 13:57:20 +0100
love,2016-11-30 18:04:10 -0400
love,2016-11-30 22:38:30 +0100
love,2016-11-30 13:24:11 +0100
love,2016-11-30 12:55:08 +0100
love,2016-11-27 22:57:23 -0400
love,2016-11-27 22:53:23 -0400
love,2016-11-26 22:19:12 +0100
love,2016-11-26 01:50:36 -0400
love,2016-11-26 00:36:59 -0400
love,2016-11-25 23:50:37 -0400
love,2016-11-25 23:21:08 -0400
love,2016-11-25 23:10:29 -0400
love,2016-11-25 22:51:31 -0400
love,2016-11-25 20:07:30 -0400
love,2016-11-25 19:59:48 -0400
love,2016-11-25 19:35:07 -0400
love,2016-11-24 21:54:19 -0400
love,2016-11-24 21:37:13 -0400
love,2016-11-24 21:30:45 -0400
love,2016-11-21 18:28:16 -0400
love,2016-11-21 17:36:03 +0000
love,2016-11-20 23:00:22 -0500
love,2016-11-20 10:08:07 -0400
love,2016-11-20 10:04:08 -0400
love,2016-11-20 13:51:49 +0000
love,2016-11-19 23:47:33 -0400
love,2016-11-19 20:12:12 -0400
love,2016-11-19 19:19:14 -0400
love,2016-11-19 19:13:26 -0400
love,2016-11-17 22:06:06 +0000
love,2016-11-16 17:37:43 +0000
love,2016-11-16 14:45:06 +0100
love,2016-11-14 21:51:47 +0100
love,2016-11-14 21:06:53 +0100
love,2016-11-13 17:38:42 +0100
love,2016-11-13 17:13:40 +0100
love,2016-11-13 16:51:27 +0100
love,2016-11-13 16:46:26 +0100
love,2016-11-13 16:38:57 +0100
love,2016-11-05 17:33:32 -0300
love,2016-11-05 20:29:50 +0000
love,2016-11-04 22:27:49 +0800
love,2016-11-04 11:37:38 +0800
love,2016-11-04 05:40:07 +0300
love,2016-11-03 20:24:21 +0300
love,2016-11-03 06:31:31 +0300
love,2016-11-02 13:08:56 +0100
love,2016-10-31 20:23:56 +0100
love,2016-10-31 20:23:52 +0100
love,2016-10-29 23:42:40 -0300
love,2016-10-29 15:35:10 +0000
love,2016-10-29 12:30:15 -0300
love,2016-10-28 16:26:28 -0400
love,2016-10-26 20:39:34 +0000
love,2016-10-26 17:33:03 -0200
love,2016-10-25 10:34:17 -0400
love,2016-10-25 15:33:30 +0200
love,2016-10-25 15:21:31 +0200
love,2016-10-24 21:35:22 -0300
love,2016-10-25 02:39:39 +0300
love,2016-10-25 02:05:53 +0300
love,2016-10-24 18:14:09 -0300
love,2016-10-23 23:00:46 -0300
love,2016-10-23 22:56:19 -0300
love,2016-10-23 19:22:56 +0300
love,2016-10-23 18:53:02 +0300
love,2016-10-23 17:56:52 +0300
love,2016-10-22 21:32:44 -0300
love,2016-10-20 22:57:12 -0300
love,2016-10-19 02:33:03 +0000
love,2016-10-19 05:13:30 +0300
love,2016-10-18 22:32:35 -0300
love,2016-10-18 22:08:25 -0300
love,2016-10-18 22:06:52 -0300
love,2016-10-18 05:36:28 +0300
love,2016-10-18 05:33:34 +0300
love,2016-10-18 05:04:46 +0300
love,2016-10-16 16:04:00 -0300
love,2016-10-15 19:58:54 +0200
love,2016-10-15 17:56:37 +0000
love,2016-10-15 14:55:35 -0300
love,2016-10-15 17:50:19 +0000
love,2016-10-15 20:08:41 +0300
love,2016-10-15 20:04:08 +0300
love,2016-10-15 10:02:18 +0300
love,2016-10-13 18:18:08 +0300
love,2016-10-13 04:40:41 +0300
love,2016-10-12 17:42:23 -0300
love,2016-10-12 20:49:05 +0300
love,2016-10-12 18:53:49 +0300
love,2016-10-11 06:30:30 +0300
love,2016-10-10 09:33:10 -0300
love,2016-10-10 09:14:57 -0300
love,2016-10-08 15:35:31 -0300
love,2016-10-08 11:03:37 -0300
love,2016-10-08 10:50:50 -0300
love,2016-10-06 23:13:16 -0400
love,2016-10-06 23:01:44 -0300
love,2016-10-06 21:59:01 -0300
love,2016-10-05 20:49:24 -0400
love,2016-10-04 11:06:37 -0400
love,2016-10-01 16:30:53 -0400
love,2016-10-30 01:08:46 -0300
love,2016-10-30 01:07:39 -0300
love,2016-10-28 00:13:36 -0300
love,2016-10-27 22:23:24 -0300
love,2016-10-25 19:56:47 -0300
love,2016-10-25 22:50:53 +0000
love,2016-10-25 00:58:44 +0300
love,2016-10-24 18:20:28 -0300
love,2016-10-23 21:32:20 -0300
love,2016-10-23 21:09:13 +0300
love,2016-10-22 21:31:48 -0300
love,2016-10-21 23:43:26 -0300
love,2016-10-21 23:42:09 -0300
love,2016-10-21 22:19:16 -0300
love,2016-10-21 22:04:39 -0300
love,2016-10-20 21:50:48 -0300
love,2016-10-20 18:13:20 -0300
love,2016-10-18 23:35:37 -0300
love,2016-10-18 23:30:52 -0300
love,2016-10-19 05:29:08 +0300
love,2016-10-19 02:24:43 +0000
love,2016-09-29 21:21:53 -0300
love,2016-09-27 23:23:56 -0300
love,2016-09-27 23:13:01 -0300
love,2016-09-27 23:12:33 -0300
love,2016-09-27 22:53:48 -0300
love,2016-09-27 22:46:55 -0300
love,2016-09-21 20:03:39 -0300
love,2016-09-21 19:44:53 -0300
love,2016-09-19 22:43:47 -0300
love,2016-09-16 19:58:26 +0200
love,2016-09-12 08:11:38 -0300
love,2016-09-11 21:40:00 -0300
love,2016-09-11 20:57:40 -0300
love,2016-09-11 14:53:23 -0300
love,2016-09-11 13:09:41 -0300
love,2016-09-11 13:09:01 -0300
love,2016-09-11 12:40:02 -0300
love,2016-09-08 23:33:48 -0300
love,2016-09-08 18:42:56 -0300
love,2016-09-08 18:11:50 -0300
love,2016-09-01 18:32:12 -0300
love,2016-09-01 18:15:25 -0300
love,2016-08-29 23:15:00 -0300
love,2016-08-29 23:14:20 -0300
love,2016-08-29 23:03:37 -0300
love,2016-08-29 22:53:14 -0300
love,2016-08-29 22:52:15 -0300
love,2016-08-29 22:41:24 -0300
love,2016-08-29 18:48:53 -0300
love,2016-08-24 18:02:27 -0300
love,2016-08-21 11:22:21 -0300
love,2016-08-20 09:17:14 -0300
love,2016-08-19 14:36:36 +0200
love,2016-08-19 08:47:16 +0000
love,2016-08-19 08:46:05 +0000
love,2016-08-15 17:12:36 +0200
love,2016-08-13 12:43:52 -0300
love,2016-08-13 12:41:14 -0300
love,2016-08-12 23:44:16 -0300
love,2016-08-02 14:33:28 +0200
love,2016-08-02 14:26:51 +0200
love,2016-08-02 13:07:05 +0200
love,2016-08-01 10:15:34 -0300
love,2016-07-31 14:40:55 -0300
love,2016-07-31 14:25:12 -0300
love,2016-07-31 11:51:53 -0300
love,2016-07-28 18:08:27 -0300
love,2016-07-28 17:15:52 +0200
love,2016-07-20 21:52:56 -0300
love,2016-07-20 19:36:43 -0300
love,2016-07-17 17:44:38 -0300
love,2016-07-15 12:20:58 +0200
love,2016-07-14 18:43:30 +0200
love,2016-07-14 18:42:42 +0200
love,2016-07-14 18:07:20 +0200
love,2016-07-14 16:41:08 +0200
love,2016-07-14 16:39:29 +0200
love,2016-07-14 16:29:45 +0200
love,2016-07-14 14:22:38 +0200
love,2016-07-13 22:42:06 +0100
love,2016-07-13 22:19:09 +0100
love,2016-07-13 21:26:50 +0100
love,2016-07-12 21:25:23 +0200
love,2016-07-07 21:18:35 +0200
love,2016-07-07 21:13:49 +0200
love,2016-06-21 16:07:32 +0200
love,2016-06-21 15:48:49 +0200
love,2016-06-11 19:51:51 +0200
love,2016-05-23 13:21:44 -0300
love,2016-05-22 21:31:03 +0000
love,2016-05-22 15:59:09 -0300
love,2016-05-22 15:28:20 -0300
love,2016-05-22 15:11:15 -0300
love,2016-05-21 22:18:12 +0000
love,2016-05-21 15:24:11 -0300
love,2016-05-21 14:46:17 -0300
love,2016-05-15 10:25:08 -0300
love,2016-05-12 18:20:01 -0300
love,2016-05-12 18:14:36 -0300
love,2016-05-11 21:38:12 -0300
love,2016-05-02 18:03:57 -0300
love,2016-05-01 21:04:01 -0300
love,2016-04-15 22:45:34 +0000
love,2016-04-14 18:36:47 -0400
love,2016-04-14 18:32:39 -0400
love,2016-04-10 22:11:28 -0300
love,2016-04-10 21:52:16 -0300
love,2016-04-10 21:58:03 +0000
love,2016-04-10 15:59:03 +0000
love,2016-04-10 15:51:50 +0000
love,2016-04-10 06:29:58 +0200
love,2016-04-09 07:28:03 +0200
love,2016-04-08 14:28:22 +0200
love,2016-04-07 22:56:03 +0200
love,2016-04-03 10:59:47 -0300
love,2016-04-03 09:58:17 -0300
love,2016-04-02 18:28:16 -0300
love,2016-04-02 18:27:33 -0300
love,2016-04-02 18:14:52 -0300
love,2016-04-02 19:01:38 +0200
love,2016-04-02 18:39:53 +0200
love,2016-04-02 17:50:28 +0200
love,2016-04-02 17:38:19 +0200
love,2016-04-02 17:26:35 +0200
love,2016-04-02 17:25:38 +0200
love,2016-04-02 17:19:20 +0200
love,2016-04-02 12:10:44 -0300
love,2016-04-02 12:02:39 -0300
love,2016-04-01 07:48:19 -0300
love,2016-03-31 18:27:34 -0300
love,2016-03-31 17:58:27 -0300
love,2016-03-29 22:43:20 +0200
love,2016-03-28 19:46:29 -0300
love,2016-03-28 19:28:40 -0300
love,2016-03-27 11:28:34 -0300
love,2016-03-26 12:18:36 -0300
love,2016-03-26 12:01:34 -0300
love,2016-03-25 20:13:49 -0300
love,2016-03-22 20:53:09 -0300
love,2016-03-22 18:05:26 -0300
love,2016-03-21 20:50:20 -0300
love,2016-03-20 22:36:54 -0300
love,2016-03-20 22:00:24 -0300
love,2016-03-20 22:28:14 +0100
love,2016-03-20 10:44:36 +0100
love,2016-03-18 23:01:49 -0300
love,2016-03-18 22:58:48 -0300
love,2016-03-14 17:14:49 +0100
love,2016-03-14 14:40:10 +0100
love,2016-03-12 22:04:07 -0400
love,2016-03-12 19:11:03 -0400
love,2016-03-09 22:04:14 -0400
love,2016-03-08 12:55:49 +0100
love,2016-03-08 11:44:36 +0100
love,2016-03-08 11:29:50 +0100
love,2016-03-05 21:56:51 -0400
love,2016-03-05 12:59:00 -0400
love,2016-03-03 21:30:46 -0400
love,2016-03-03 21:28:30 -0400
love,2016-03-03 20:36:30 -0400
love,2016-03-02 22:12:32 -0400
love,2016-03-01 18:57:17 -0400
love,2016-02-28 12:41:27 -0400
love,2016-02-26 18:38:39 -0400
love,2016-02-26 15:24:01 +0100
love,2016-02-26 15:11:42 +0100
love,2016-02-26 14:52:02 +0100
love,2016-02-24 18:36:34 -0400
love,2016-02-24 19:42:22 +0000
love,2016-02-20 19:24:33 -0400
love,2016-02-18 22:11:41 -0400
love,2016-02-15 16:29:16 -0400
love,2016-02-14 22:06:43 -0400
love,2016-02-14 21:56:32 -0400
love,2016-02-14 21:51:29 -0400
love,2016-02-14 20:06:16 -0400
love,2016-02-14 19:59:34 -0400
love,2016-02-14 19:52:27 -0400
love,2016-02-14 19:51:55 -0400
love,2016-02-14 19:24:17 -0400
love,2016-02-14 16:39:32 -0400
love,2016-02-14 15:51:50 +0100
love,2016-02-14 15:51:45 +0100
love,2016-02-14 00:26:02 -0400
love,2016-02-13 23:14:08 +0100
love,2016-02-13 12:24:33 -0400
love,2016-02-13 10:58:03 -0500
love,2016-02-13 11:20:53 -0500
love,2016-02-13 15:45:07 +0100
love,2016-02-12 17:07:24 -0400
love,2016-02-12 20:26:49 +0100
love,2016-02-12 20:13:49 +0100
love,2016-02-11 22:34:33 -0400
love,2016-02-02 08:38:07 -0400
love,2016-02-01 20:30:52 -0400
love,2016-01-31 18:41:24 -0400
love,2016-01-31 10:49:29 -0400
love,2016-01-31 10:03:19 -0400
love,2016-01-31 10:02:42 -0400
love,2016-01-30 22:35:25 -0400
love,2016-01-26 22:19:35 -0400
love,2016-01-25 22:52:32 -0400
love,2016-01-25 18:06:33 +0100
love,2016-01-25 18:05:50 +0100
love,2016-01-24 13:35:58 -0400
love,2016-01-17 22:55:12 -0400
love,2016-01-16 12:51:31 -0400
love,2016-01-14 19:16:41 -0400
love,2016-01-13 21:43:00 -0400
love,2016-01-13 21:23:56 -0400
love,2016-01-10 20:13:06 -0400
love,2016-01-10 20:11:34 -0400
love,2016-01-10 16:12:51 -0400
love,2016-01-09 23:40:04 -0400
love,2016-01-09 19:47:45 -0500
love,2016-01-09 19:45:47 -0500
love,2016-01-09 17:14:05 -0400
love,2016-01-09 10:35:20 -0500
love,2016-01-05 19:59:29 -0400
love,2016-01-05 18:45:20 -0400
love,2016-01-05 21:45:44 +0100
love,2016-01-05 17:48:44 +0100
love,2016-01-02 21:15:39 -0400
love,2016-01-02 19:16:20 -0500
love,2016-01-02 23:57:44 +0000
love,2016-01-02 18:56:23 -0500
love,2016-01-02 18:52:25 -0500
love,2016-01-01 00:05:06 -0400
love,2015-12-31 15:54:02 -0400
love,2015-12-31 15:48:05 -0400
love,2015-12-31 15:45:32 -0400
love,2015-12-31 02:16:36 -0500
love,2015-12-31 01:28:00 -0500
love,2015-12-31 00:13:01 -0400
love,2015-12-29 22:52:16 -0400
love,2015-12-29 01:30:45 -0400
love,2015-12-29 01:11:05 -0400
love,2015-12-29 00:10:40 -0400
love,2015-12-24 22:53:48 -0500
love,2015-12-24 17:33:50 -0500
love,2015-12-24 17:09:30 -0500
love,2015-12-24 15:53:50 -0500
love,2015-12-23 21:34:28 -0700
love,2015-12-22 15:47:50 -0500
love,2015-12-22 09:32:26 -0500
love,2015-12-22 09:31:54 -0500
love,2015-12-22 10:04:44 +0100
love,2015-12-22 00:07:24 -0500
love,2015-12-21 23:17:12 -0500
love,2015-12-21 11:04:50 -0500
love,2015-12-20 19:25:09 -0500
love,2015-12-19 22:21:50 -0400
love,2015-12-19 14:56:08 +0100
love,2015-12-17 23:15:06 -0400
love,2015-12-17 19:03:13 -0400
love,2015-12-16 16:10:37 -0400
love,2015-12-16 14:53:16 -0400
love,2015-12-16 16:55:38 +0100
love,2015-12-16 16:51:07 +0100
love,2015-12-15 21:51:47 -0400
love,2015-12-15 21:50:38 -0400
love,2015-12-15 15:02:23 -0400
love,2015-12-15 14:03:44 -0400
love,2015-12-14 20:43:39 -0400
love,2015-12-14 18:30:43 -0400
love,2015-12-14 15:42:03 -0400
love,2015-12-14 11:54:09 -0400
love,2015-12-13 23:50:23 -0400
love,2015-12-13 21:54:55 -0400
love,2015-12-13 21:45:59 -0400
love,2015-12-13 21:45:25 -0400
love,2015-12-13 21:22:36 -0400
love,2015-12-13 20:50:35 -0400
love,2015-12-12 17:54:54 -0400
love,2015-12-12 14:23:47 -0400
love,2015-12-12 14:19:37 -0400
love,2015-12-12 14:13:04 -0400
love,2015-12-11 23:17:49 -0400
love,2015-12-11 22:36:17 -0400
love,2015-12-11 22:33:51 -0400
love,2015-12-11 20:14:52 -0400
love,2015-12-11 00:21:33 -0400
love,2015-12-11 00:07:42 -0400
love,2015-12-10 13:09:54 -0400
love,2015-12-10 12:45:53 -0400
love,2015-12-09 17:22:46 -0400
love,2015-12-08 23:57:07 -0400
love,2015-12-08 23:08:59 -0400
love,2015-12-08 22:44:19 -0400
love,2015-12-08 22:41:19 -0400
love,2015-12-08 21:43:32 -0400
love,2015-12-08 21:24:16 -0400
love,2015-12-07 23:14:27 -0400
love,2015-12-07 23:01:52 -0400
love,2015-12-06 07:29:22 +0000
love,2015-12-06 07:19:53 +0000
love,2015-12-06 07:16:12 +0000
love,2015-12-04 21:13:09 -0400
love,2015-11-30 23:55:50 -0400
love,2015-11-30 23:36:17 -0400
love,2015-11-30 02:26:59 -0400
love,2015-11-30 02:22:20 -0400
love,2015-11-29 20:38:12 -0400
love,2015-11-28 14:55:26 -0400
love,2015-11-28 10:33:17 -0400
love,2015-11-27 17:49:17 -0400
love,2015-11-27 17:20:51 -0400
love,2015-11-26 23:04:04 -0400
love,2015-11-26 21:24:29 -0400
love,2015-11-25 15:49:24 -0400
love,2015-11-25 04:29:00 -0400
love,2015-11-24 22:35:57 -0400
love,2015-11-24 22:16:40 -0400
love,2015-11-24 15:47:52 -0400
love,2015-11-24 15:14:57 -0400
love,2015-11-24 14:25:52 -0400
love,2015-11-18 17:12:54 +0100
love,2015-11-17 01:27:48 -0400
love,2015-11-14 19:33:56 -0400
love,2015-11-14 18:51:43 -0400
love,2015-11-12 01:35:07 -0400
love,2015-11-11 19:57:09 -0400
love,2015-11-11 19:35:45 -0400
love,2015-11-11 18:23:13 +0100
love,2015-11-10 23:17:48 +0100
love,2015-11-07 01:49:37 -0400
love,2015-11-06 15:17:17 +0100
love,2015-11-02 19:37:18 -0400
love,2015-11-02 03:28:31 -0400
love,2015-11-01 23:17:46 -0400
love,2015-10-29 03:57:29 -0300
love,2015-10-29 00:44:00 -0300
love,2015-10-28 01:59:53 -0300
love,2015-10-26 20:47:56 -0300
love,2015-10-24 02:28:22 -0300
love,2015-10-19 15:54:53 -0300
love,2015-10-15 14:42:57 -0300
love,2015-10-03 01:49:12 -0300
love,2015-10-02 03:18:11 -0300
love,2015-09-27 20:59:11 -0300
love,2015-09-27 20:58:08 -0300
love,2015-09-25 17:36:20 -0300
love,2015-09-16 22:28:22 -0300
love,2015-09-16 19:04:57 -0300
love,2015-09-16 16:36:44 -0300
love,2015-09-14 18:50:48 -0300
love,2015-09-13 11:26:11 -0300
love,2015-09-09 23:28:48 -0300
love,2015-09-09 20:47:03 -0300
love,2015-09-07 17:10:14 -0300
love,2015-09-05 11:30:59 -0300
love,2015-09-05 11:20:47 -0300
love,2015-08-27 21:00:18 -0300
love,2015-08-27 18:46:04 -0300
love,2015-08-25 17:12:59 -0300
love,2015-08-22 23:41:05 -0300
love,2015-08-22 23:04:12 -0300
love,2015-08-20 22:43:15 -0300
love,2015-08-20 20:34:53 -0300
love,2015-08-19 17:48:27 -0300
love,2015-08-19 16:12:14 +0200
love,2015-08-18 22:32:27 -0300
love,2015-08-18 22:13:06 -0300
love,2015-08-17 19:01:43 +0200
love,2015-08-17 17:10:20 +0200
love,2015-08-16 01:04:51 -0300
love,2015-08-15 23:57:04 -0300
love,2015-08-15 00:41:45 -0300
love,2015-08-14 22:46:29 -0300
love,2015-08-14 21:30:07 -0300
love,2015-08-13 19:48:25 -0300
love,2015-08-13 19:46:11 -0300
love,2015-08-13 19:44:52 -0300
love,2015-08-13 19:44:18 -0300
love,2015-08-13 19:42:31 -0300
love,2015-08-13 19:41:35 -0300
love,2015-08-13 19:39:56 -0300
love,2015-08-13 19:38:07 -0300
love,2015-08-12 23:45:44 -0300
love,2015-08-12 19:33:56 -0300
love,2015-08-11 23:07:33 -0300
love,2015-08-11 18:01:24 -0300
love,2015-08-10 14:39:58 -0300
love,2015-08-10 09:47:40 -0300
love,2015-08-09 21:46:21 -0300
love,2015-08-06 20:49:59 -0300
love,2015-08-05 14:36:07 +0200
love,2015-08-05 01:51:08 -0300
love,2015-08-05 01:43:34 -0300
love,2015-08-03 20:27:46 -0300
love,2015-08-01 16:01:59 -0300
love,2015-08-01 19:55:41 +0200
love,2015-08-01 13:31:08 -0300
love,2015-08-01 14:22:36 +0200
love,2015-07-30 20:48:36 -0300
love,2015-07-30 20:33:38 -0300
love,2015-07-28 11:27:45 -0300
love,2015-07-24 21:40:55 -0300
love,2015-07-19 22:39:02 -0300
love,2015-07-18 13:22:55 -0300
love,2015-07-18 03:26:07 -0300
love,2015-07-17 19:00:42 -0300
love,2015-07-13 17:32:18 +0200
love,2015-07-08 14:21:22 -0300
love,2015-07-06 11:58:08 +0200
love,2015-07-06 11:52:40 +0200
love,2015-07-05 17:32:45 +0200
love,2015-07-05 10:06:24 -0300
love,2015-07-04 22:30:09 -0300
love,2015-07-03 20:34:25 -0300
love,2015-07-03 16:50:58 -0300
love,2015-07-03 13:01:22 -0300
love,2015-07-03 10:54:24 -0300
love,2015-07-02 23:15:37 -0300
love,2015-07-02 21:07:34 -0300
love,2015-06-29 14:25:20 -0300
love,2015-06-28 21:39:56 -0300
love,2015-06-28 21:37:59 -0300
love,2015-06-27 17:51:57 -0300
love,2015-06-26 23:10:14 -0300
love,2015-06-26 21:51:22 -0300
love,2015-06-26 19:34:05 -0300
love,2015-06-25 10:00:54 -0300
love,2015-06-25 11:36:49 +0200
love,2015-06-24 22:25:55 -0300
love,2015-06-24 22:04:19 -0300
love,2015-06-24 16:47:10 -0300
love,2015-06-23 20:55:23 -0300
love,2015-06-23 13:35:32 +0200
love,2015-06-21 20:28:26 -0300
love,2015-06-21 12:20:08 -0300
love,2015-06-21 11:47:56 -0300
love,2015-06-21 11:20:26 -0300
love,2015-06-18 14:27:45 -0300
love,2015-06-16 21:27:19 -0300
love,2015-06-16 20:57:31 -0300
love,2015-06-16 10:25:41 +0200
love,2015-06-15 00:50:01 -0300
love,2015-06-14 18:58:11 -0300
love,2015-06-14 18:41:34 -0300
love,2015-06-14 18:10:40 -0300
love,2015-06-14 01:01:44 -0300
love,2015-06-12 16:53:05 -0300
love,2015-06-11 21:16:28 -0300
love,2015-06-09 22:38:36 -0300
love,2015-06-09 21:26:41 -0300
love,2015-06-09 00:03:55 -0300
love,2015-06-08 23:44:18 -0300
love,2015-06-07 20:19:42 -0300
love,2015-06-07 19:40:46 -0300
love,2015-06-07 23:10:48 +0200
love,2015-06-07 17:45:43 -0300
love,2015-06-02 23:06:31 -0300
love,2015-05-29 23:33:01 -0300
love,2015-05-29 18:01:02 -0300
love,2015-05-28 20:54:41 -0300
love,2015-05-27 21:21:47 -0300
love,2015-05-27 18:39:03 -0300
love,2015-05-27 18:30:17 -0300
love,2015-05-27 17:47:51 -0300
love,2015-05-27 17:36:27 -0300
love,2015-05-23 17:28:58 -0700
love,2015-05-23 17:05:03 -0700
love,2015-05-23 16:52:27 -0700
love,2015-05-23 16:20:19 -0700
love,2015-05-23 16:06:36 -0700
love,2015-05-23 12:52:27 -0700
love,2015-05-23 12:45:58 -0300
love,2015-05-18 21:46:04 -0300
love,2015-05-17 19:52:31 +0200
love,2015-05-15 14:45:11 -0300
love,2015-05-12 21:59:09 -0300
love,2015-05-11 21:14:10 -0300
love,2015-05-04 10:38:28 -0300
love,2015-05-03 20:49:06 -0300
love,2015-05-03 20:29:03 -0300
love,2015-05-03 20:06:15 -0300
love,2015-05-03 22:20:08 +0000
love,2015-05-03 17:52:20 -0300
love,2015-05-03 17:14:49 -0300
love,2015-05-02 18:07:35 -0300
love,2015-05-02 14:05:29 -0300
love,2015-05-01 21:20:23 -0300
love,2015-04-27 19:08:02 -0300
love,2015-04-27 18:48:13 -0300
love,2015-04-27 04:19:03 -0300
love,2015-04-26 21:22:04 -0300
love,2015-04-25 21:32:10 -0300
love,2015-04-25 18:56:47 -0300
love,2015-04-25 12:00:07 -0300
love,2015-04-25 00:16:10 -0300
love,2015-04-24 23:53:28 -0300
love,2015-04-17 17:01:41 -0300
love,2015-04-13 12:51:48 -0300
love,2015-04-13 12:26:54 -0300
love,2015-04-12 15:48:25 -0300
love,2015-04-10 13:00:36 -0300
love,2015-04-08 22:44:16 -0300
love,2015-04-08 22:24:17 -0300
love,2015-04-05 17:35:19 -0300
love,2015-04-02 00:28:09 -0300
love,2015-03-29 23:51:08 -0300
love,2015-03-29 12:37:18 +0100
love,2015-03-28 13:44:39 -0300
love,2015-03-28 23:43:18 +0800
love,2015-03-28 23:05:38 +0800
love,2015-03-28 22:59:22 +0800
love,2015-03-28 22:56:57 +0800
love,2015-03-26 22:16:17 -0300
love,2015-03-26 14:51:47 -0300
love,2015-03-25 00:31:16 -0300
love,2015-03-24 20:45:21 -0300
love,2015-03-23 13:43:11 -0300
love,2015-03-23 11:28:14 -0300
love,2015-03-23 00:24:06 -0300
love,2015-03-22 19:57:00 +0100
love,2015-03-22 19:22:18 +0100
love,2015-03-22 19:16:24 +0100
love,2015-03-22 10:16:12 -0700
love,2015-03-22 14:26:25 +0100
love,2015-03-21 18:15:41 -0700
love,2015-03-21 21:49:17 +0100
love,2015-03-21 02:36:13 -0300
love,2015-03-20 00:55:14 -0300
love,2015-03-20 00:16:36 -0300
love,2015-03-19 17:08:44 -0300
love,2015-03-19 14:41:15 -0300
love,2015-03-18 11:28:01 +0000
love,2015-03-17 17:24:45 -0300
love,2015-03-17 11:54:52 -0300
love,2015-03-17 01:13:29 -0300
love,2015-03-16 22:55:58 -0300
love,2015-03-16 03:13:10 -0300
love,2015-03-15 23:45:08 -0300
love,2015-03-15 21:37:04 +0100
love,2015-03-15 21:36:35 +0100
love,2015-03-15 15:15:21 -0300
love,2015-03-15 12:34:40 -0300
love,2015-03-15 15:53:48 +0100
love,2015-03-13 19:26:09 -0300
love,2015-03-11 18:28:22 -0300
love,2015-03-10 01:13:39 -0300
love,2015-03-09 23:08:42 -0300
love,2015-03-09 23:05:29 -0300
love,2015-03-07 23:28:58 -0400
love,2015-03-07 22:05:37 -0400
love,2015-03-07 15:36:53 -0400
love,2015-03-07 00:41:18 -0400
love,2015-03-06 02:08:33 -0400
love,2015-03-04 23:07:05 -0400
love,2015-03-04 20:35:41 -0400
love,2015-03-04 16:03:01 -0400
love,2015-03-04 03:57:41 -0400
love,2015-03-04 03:21:26 -0400
love,2015-03-03 17:48:19 -0400
love,2015-03-03 02:21:28 -0400
love,2015-03-03 00:49:46 -0400
love,2015-03-03 00:13:46 -0400
love,2015-03-02 23:43:09 -0400
love,2015-03-02 18:06:14 -0400
love,2015-03-02 15:18:12 -0400
love,2015-03-02 02:32:53 -0400
love,2015-03-02 00:52:07 -0400
love,2015-03-01 23:38:34 -0400
love,2015-03-01 18:42:02 -0400
love,2015-03-01 18:32:41 -0400
love,2015-03-01 03:51:44 -0400
love,2015-03-01 02:55:50 -0400
love,2015-03-01 02:46:00 -0400
love,2015-02-28 16:22:02 -0400
love,2015-02-28 02:32:34 -0400
love,2015-02-28 00:11:27 -0400
love,2015-02-27 23:34:08 -0400
love,2015-02-27 21:20:31 -0400
love,2015-02-27 04:51:38 -0400
love,2015-02-27 03:58:40 -0400
love,2015-02-27 03:47:25 -0400
love,2015-02-26 17:06:09 -0400
love,2015-02-26 01:00:38 -0400
love,2015-02-26 00:45:48 -0400
love,2015-02-26 00:13:46 -0400
love,2015-02-25 23:27:35 -0400
love,2015-02-24 21:42:55 -0400
love,2015-02-24 03:54:29 -0400
love,2015-02-24 03:07:46 -0400
love,2015-02-24 02:36:32 -0400
love,2015-02-23 17:55:30 -0400
love,2015-02-23 08:59:28 +0000
love,2015-02-22 22:17:17 -0400
love,2015-02-22 17:48:32 -0400
love,2015-02-22 02:38:09 -0400
love,2015-02-22 02:30:26 -0400
love,2015-02-21 22:03:34 -0400
love,2015-02-21 21:54:13 -0400
love,2015-02-21 20:52:29 -0400
love,2015-02-21 19:06:41 -0400
love,2015-02-21 17:27:54 -0400
love,2015-02-21 17:16:40 -0400
love,2015-02-21 03:53:33 -0400
love,2015-02-21 03:47:19 -0400
love,2015-02-21 01:56:17 -0400
love,2015-02-20 20:12:44 -0400
love,2015-02-20 01:20:08 -0400
love,2015-02-20 00:21:21 -0400
love,2015-02-18 23:04:01 -0400
love,2015-02-18 22:51:39 -0400
love,2015-02-18 22:47:04 -0400
love,2015-02-18 19:01:19 -0400
love,2015-02-18 00:43:09 -0400
love,2015-02-18 00:18:47 -0400
love,2015-02-17 22:46:20 -0400
love,2015-02-17 18:33:59 -0400
love,2015-02-17 17:56:40 -0400
love,2015-02-17 02:33:42 -0400
love,2015-02-17 02:24:09 -0400
love,2015-02-17 00:40:50 -0400
love,2015-02-17 00:35:01 -0400
love,2015-02-16 17:35:45 -0400
love,2015-02-16 17:16:47 -0400
love,2015-02-16 17:10:03 -0400
love,2015-02-16 16:44:14 -0400
love,2015-02-16 16:31:10 -0400
love,2015-02-16 16:29:45 -0400
love,2015-02-16 04:19:07 -0400
love,2015-02-16 03:12:47 -0400
love,2015-02-16 01:47:20 -0400
love,2015-02-16 00:27:17 -0400
love,2015-02-16 00:21:39 -0400
love,2015-02-16 00:17:48 -0400
love,2015-02-16 00:10:11 -0400
love,2015-02-15 23:44:35 -0400
love,2015-02-15 21:57:43 -0400
love,2015-02-15 21:31:22 -0400
love,2015-02-15 17:38:43 -0400
love,2015-02-15 16:11:50 -0400
love,2015-02-14 21:00:30 -0400
love,2015-02-14 18:55:28 -0400
love,2015-02-14 18:53:31 -0400
love,2015-02-14 17:54:25 -0400
love,2015-02-14 16:12:18 -0400
love,2015-02-14 16:11:45 -0400
love,2015-02-14 20:19:47 +0100
love,2015-02-14 00:43:28 -0400
love,2015-02-13 15:18:52 +0100
love,2015-02-11 15:40:22 -0400
love,2015-02-09 21:46:56 -0400
love,2015-02-09 21:43:31 -0400
love,2015-02-09 17:43:59 -0400
love,2015-02-03 03:18:22 -0400
love,2015-02-02 17:28:11 -0400
love,2015-02-02 16:29:58 -0400
love,2015-02-02 15:26:13 -0400
love,2015-02-02 01:13:21 -0400
love,2015-02-01 03:13:14 -0400
love,2015-02-01 00:36:34 -0400
love,2015-01-31 23:17:37 -0400
love,2015-01-31 02:36:31 -0400
love,2015-01-31 01:35:17 -0400
love,2015-01-31 01:22:54 -0400
love,2015-01-31 01:10:38 -0400
love,2015-01-30 22:14:46 -0400
love,2015-01-30 17:19:47 -0400
love,2015-01-30 04:48:09 -0400
love,2015-01-30 04:24:31 -0400
love,2015-01-30 01:28:27 -0400
love,2015-01-29 21:36:28 -0400
love,2015-01-29 21:28:27 -0400
love,2015-01-29 21:27:05 -0400
love,2015-01-29 20:38:12 -0400
love,2015-01-26 14:42:53 -0400
love,2015-01-26 14:13:42 -0400
love,2015-01-24 23:09:49 +0100
love,2015-01-24 04:09:56 -0400
love,2015-01-24 03:52:09 -0400
love,2015-01-24 03:43:52 -0400
love,2015-01-24 03:39:05 -0400
love,2015-01-24 03:21:33 -0400
love,2015-01-24 00:05:39 -0400
love,2015-01-23 00:47:28 -0400
love,2015-01-22 18:28:24 -0400
love,2015-01-22 17:33:01 -0400
love,2015-01-22 02:18:56 -0400
love,2015-01-22 02:16:49 -0400
love,2015-01-22 02:12:26 -0400
love,2015-01-22 01:02:01 -0400
love,2015-01-21 21:46:33 -0400
love,2015-01-21 21:42:24 -0400
love,2015-01-21 18:23:16 -0400
love,2015-01-21 16:52:56 -0400
love,2015-01-20 22:31:54 -0400
love,2015-01-20 15:13:59 -0400
love,2015-01-20 07:53:44 -0400
love,2015-01-20 03:40:08 -0400
love,2015-01-20 03:18:28 -0400
love,2015-01-20 00:40:17 -0400
love,2015-01-19 23:55:44 -0400
love,2015-01-19 23:32:45 -0400
love,2015-01-19 23:32:16 -0400
love,2015-01-16 15:54:18 -0400
love,2015-01-16 15:47:26 -0400
love,2015-01-15 20:22:57 -0400
love,2015-01-15 17:48:04 -0400
love,2015-01-15 16:39:27 -0400
love,2015-01-15 16:36:52 -0400
love,2015-01-15 15:59:15 -0400
love,2015-01-15 11:26:40 +0100
love,2015-01-15 11:10:46 +0100
love,2015-01-15 10:54:27 +0100
love,2015-01-15 10:31:16 +0100
love,2015-01-14 15:55:49 -0400
love,2015-01-14 15:52:05 -0400
love,2015-01-14 15:17:16 +0100
love,2015-01-14 15:16:04 +0100
love,2015-01-10 18:44:58 -0400
love,2015-01-05 00:14:41 -0400
love,2015-01-05 00:00:46 -0400
love,2015-01-03 23:02:10 -0400
love,2014-12-31 23:19:07 -0800
love,2014-12-31 19:32:43 -0400
love,2014-12-29 03:29:03 -0400
love,2014-12-27 18:27:28 -0400
love,2014-12-23 04:01:03 -0400
love,2014-12-22 17:57:44 -0800
love,2014-12-22 19:16:36 -0400
love,2014-12-22 14:50:44 -0800
love,2014-12-15 12:31:40 +0100
love,2014-12-15 11:29:26 +0000
love,2014-12-11 21:23:06 -0400
love,2014-12-11 21:22:12 -0400
love,2014-12-10 19:11:06 -0400
love,2014-12-08 21:19:41 -0400
love,2014-12-05 12:19:50 -0400
love,2014-11-26 07:44:09 -0800
love,2014-11-15 20:17:18 -0400
love,2014-11-15 01:17:20 -0400
love,2014-11-14 22:06:37 -0400
love,2014-11-14 21:43:22 -0400
love,2014-11-12 17:18:50 -0400
love,2014-11-05 21:11:22 -0400
love,2014-11-03 16:34:18 -0400
love,2014-11-03 16:24:28 -0400
love,2014-11-03 16:19:47 -0400
love,2014-10-26 15:31:32 -0300
love,2014-10-19 19:25:31 -0300
love,2014-10-19 01:52:48 -0300
love,2014-10-18 20:30:36 -0300
love,2014-10-18 01:45:02 -0300
love,2014-10-13 03:20:47 -0300
love,2014-10-10 12:35:33 -0600
love,2014-10-06 20:09:10 -0300
love,2014-10-06 19:34:11 -0300
love,2014-10-02 18:22:54 -0700
love,2014-09-30 17:36:10 -0700
love,2014-09-28 21:26:17 -0300
love,2014-09-28 20:16:32 -0300
love,2014-09-28 16:05:17 -0300
love,2014-09-28 16:00:40 -0300
love,2014-09-28 15:56:04 -0300
love,2014-09-28 15:37:56 -0300
love,2014-09-28 15:28:14 -0300
love,2014-09-28 14:58:59 -0300
love,2014-09-27 03:17:08 -0300
love,2014-09-27 02:26:58 -0300
love,2014-09-21 19:50:02 -0300
love,2014-09-21 03:31:36 -0300
love,2014-09-20 00:34:34 -0300
love,2014-09-20 00:27:20 -0300
love,2014-09-19 21:00:04 -0300
love,2014-09-19 17:24:30 -0300
love,2014-09-19 16:19:55 -0300
love,2014-09-18 22:36:22 -0300
love,2014-09-18 20:29:47 -0300
love,2014-09-18 18:30:56 -0300
love,2014-09-18 02:44:29 -0300
love,2014-09-18 02:39:18 -0300
love,2014-09-18 02:15:20 -0300
love,2014-09-16 22:34:22 -0300
love,2014-09-16 14:24:04 -0300
love,2014-09-15 17:43:31 +0200
love,2014-09-14 15:58:37 -0300
love,2014-09-11 02:42:56 -0300
love,2014-09-07 13:19:27 -0300
love,2014-09-05 07:57:42 +0200
love,2014-09-04 13:33:18 -0300
love,2014-09-03 18:11:20 +0200
love,2014-09-03 18:01:21 +0200
love,2014-08-31 01:15:58 -0300
love,2014-08-31 00:51:54 -0300
love,2014-08-30 22:08:10 -0300
love,2014-08-29 01:31:16 -0300
love,2014-08-28 20:39:49 -0300
love,2014-08-28 00:48:32 -0300
love,2014-08-27 21:53:33 -0300
love,2014-08-27 08:17:40 -0300
love,2014-08-27 01:04:58 -0300
love,2014-08-27 00:58:42 -0300
love,2014-08-26 23:23:17 -0300
love,2014-08-26 22:16:01 -0300
love,2014-08-26 09:44:07 -0300
love,2014-08-26 09:40:24 -0300
love,2014-08-26 08:08:09 -0300
love,2014-08-26 03:24:42 -0300
love,2014-08-26 00:05:08 -0300
love,2014-08-25 18:02:44 -0300
love,2014-08-25 03:46:11 -0300
love,2014-08-25 01:37:05 -0300
love,2014-08-22 17:58:07 -0300
love,2014-08-22 17:44:52 -0300
love,2014-08-21 16:53:43 -0300
love,2014-08-21 16:38:22 -0300
love,2014-08-21 15:01:29 -0300
love,2014-08-20 20:22:46 -0300
love,2014-08-19 16:06:54 +0200
love,2014-08-18 21:35:52 -0300
love,2014-08-13 02:43:50 -0300
love,2014-08-13 01:50:52 -0300
love,2014-08-12 18:09:07 -0300
love,2014-08-11 03:11:51 -0300
love,2014-08-11 02:42:12 -0300
love,2014-08-10 03:09:16 -0300
love,2014-08-09 23:14:28 -0300
love,2014-08-09 20:18:09 -0300
love,2014-08-09 19:55:29 -0300
love,2014-08-09 16:18:22 -0300
love,2014-08-09 16:04:59 -0300
love,2014-08-08 18:54:12 -0300
love,2014-08-08 18:49:11 -0300
love,2014-08-08 00:56:52 -0300
love,2014-08-08 00:25:44 -0300
love,2014-08-07 18:10:19 -0300
love,2014-08-07 20:22:58 +0200
love,2014-08-07 14:53:17 -0300
love,2014-08-07 01:12:48 -0300
love,2014-08-06 22:25:29 -0300
love,2014-08-06 20:16:15 -0300
love,2014-08-04 22:02:47 -0300
love,2014-07-30 01:38:45 -0300
love,2014-07-30 01:32:10 -0300
love,2014-07-30 01:22:01 -0300
love,2014-07-28 16:58:51 -0300
love,2014-07-24 00:31:11 -0300
love,2014-07-21 21:28:21 -0300
love,2014-07-21 15:12:01 -0300
love,2014-07-21 14:52:01 -0300
love,2014-07-15 15:49:01 -0300
love,2014-07-15 13:16:37 +0200
love,2014-07-13 20:26:51 -0300
love,2014-07-12 21:12:21 -0300
love,2014-07-10 20:54:35 -0300
love,2014-07-10 16:16:00 -0300
love,2014-07-10 16:13:42 -0300
love,2014-07-08 14:09:00 -0300
love,2014-07-08 14:01:55 -0300
love,2014-07-07 15:24:24 -0300
love,2014-07-05 17:55:06 -0300
love,2014-07-05 16:40:15 -0300
love,2014-07-05 16:22:52 -0300
love,2014-06-19 15:06:59 -0300
love,2014-06-19 03:02:37 -0300
love,2014-06-18 19:05:43 -0300
love,2014-06-18 16:24:38 -0300
love,2014-06-18 14:34:05 +0200
love,2014-06-18 10:59:32 +0200
love,2014-06-17 21:52:56 -0300
love,2014-06-16 03:09:04 -0300
love,2014-06-15 18:20:05 -0300
love,2014-06-14 16:58:24 -0300
love,2014-06-14 16:20:30 -0300
love,2014-06-13 23:28:00 -0300
love,2014-06-09 19:00:05 -0300
love,2014-06-09 18:37:47 -0300
love,2014-06-09 18:32:02 -0300
love,2014-06-05 20:56:43 -0300
love,2014-06-05 17:19:31 -0300
love,2014-06-05 14:59:29 -0300
love,2014-06-05 13:42:03 -0300
love,2014-06-05 03:02:50 -0300
love,2014-06-05 00:25:34 -0300
love,2014-06-04 16:23:39 -0300
love,2014-06-04 16:06:36 -0300
love,2014-06-04 16:03:02 -0300
love,2014-06-04 15:50:06 -0300
love,2014-06-03 19:27:00 -0300
love,2014-06-02 00:22:41 -0300
love,2014-05-31 00:42:18 -0300
love,2014-05-30 17:52:58 -0300
love,2014-05-29 17:11:03 -0300
love,2014-05-29 13:20:10 -0300
love,2014-05-29 01:18:02 -0300
love,2014-05-29 00:27:40 -0300
love,2014-05-28 01:36:09 -0300
love,2014-05-23 13:46:13 -0300
love,2014-05-22 21:18:07 -0300
love,2014-05-21 21:40:56 -0300
love,2014-05-21 21:35:07 -0300
love,2014-05-21 21:16:37 -0300
love,2014-05-21 21:14:08 -0300
love,2014-05-20 22:48:54 -0300
love,2014-05-14 20:00:59 -0300
love,2014-05-14 16:45:16 -0300
love,2014-05-14 12:42:02 -0300
love,2014-05-14 01:38:33 -0300
love,2014-05-13 21:59:24 -0300
love,2014-05-13 21:22:29 -0300
love,2014-05-13 20:54:58 -0300
love,2014-05-10 16:52:40 -0300
love,2014-05-06 21:24:26 -0300
love,2014-05-06 19:48:50 +0200
love,2014-05-06 19:35:02 +0200
love,2014-05-05 16:30:56 -0300
love,2014-05-05 00:27:42 -0300
love,2014-05-04 04:10:46 -0300
love,2014-05-03 22:27:01 -0300
love,2014-05-03 22:21:45 -0300
love,2014-05-03 22:07:32 -0300
love,2014-05-03 21:43:20 -0300
love,2014-05-03 14:50:08 +0200
love,2014-05-02 11:31:12 -0300
love,2014-05-02 08:56:23 -0300
love,2014-05-01 14:12:21 -0300
love,2014-04-26 14:35:39 +0200
love,2014-04-25 20:32:42 -0300
love,2014-04-25 17:53:38 +0200
love,2014-04-25 17:44:46 +0200
love,2014-04-24 15:21:53 -0300
love,2014-04-23 19:43:54 -0300
love,2014-04-23 22:31:56 +0200
love,2014-04-23 02:15:02 -0300
love,2014-04-23 11:39:36 +1000
love,2014-04-23 11:29:55 +1000
love,2014-04-23 11:29:41 +1000
love,2014-04-23 11:15:14 +1000
love,2014-04-23 10:19:26 +1000
love,2014-04-22 17:11:59 -0300
love,2014-04-19 21:36:06 -0300
love,2014-04-17 19:48:16 -0300
love,2014-04-15 18:35:33 -0300
love,2014-04-11 04:15:21 -0300
love,2014-04-11 03:48:12 -0300
love,2014-04-09 14:27:14 -0300
love,2014-04-05 18:55:05 -0300
love,2014-04-05 01:40:30 -0300
love,2014-04-05 01:33:14 -0300
love,2014-04-02 22:16:27 -0300
love,2014-04-01 21:08:12 -0300
love,2014-04-01 20:49:24 -0300
love,2014-04-01 20:46:31 -0300
love,2014-04-01 20:42:57 -0300
love,2014-04-01 20:50:17 +0200
love,2014-04-01 20:23:52 +0200
love,2014-04-01 16:57:07 +0200
love,2014-04-01 16:54:51 +0200
love,2014-03-31 16:13:05 -0300
love,2014-03-31 05:01:29 -0300
love,2014-03-31 04:56:29 -0300
love,2014-03-31 03:45:22 -0300
love,2014-03-30 14:15:36 +0200
love,2014-03-29 17:51:33 -0300
love,2014-03-29 16:30:48 -0300
love,2014-03-27 23:28:36 -0300
love,2014-03-21 04:51:37 -0300
love,2014-03-21 04:45:19 -0300
love,2014-03-18 19:46:14 -0300
love,2014-03-18 03:50:00 -0300
love,2014-03-17 20:14:53 -0300
love,2014-03-17 15:06:04 -0300
love,2014-03-15 21:43:25 -0300
love,2014-03-13 05:34:16 -0300
love,2014-03-12 17:55:19 -0300
love,2014-03-12 06:19:56 -0300
love,2014-03-12 02:55:03 -0300
love,2014-03-12 02:26:32 -0300
love,2014-03-12 02:24:21 -0300
love,2014-03-12 02:21:27 -0300
love,2014-03-10 21:36:14 -0300
love,2014-03-04 01:09:48 -0400
love,2014-03-04 00:52:16 -0400
love,2014-03-03 03:36:17 -0400
love,2014-03-02 15:49:29 -0400
love,2014-03-02 03:17:47 -0400
love,2014-03-01 21:16:01 -0400
love,2014-03-01 20:23:04 -0400
love,2014-02-27 05:38:46 -0400
love,2014-02-26 20:47:05 -0400
love,2014-02-16 14:54:33 -0400
love,2014-02-16 13:19:59 +0100
love,2014-02-16 09:59:27 +0100
love,2014-02-15 20:59:57 -0400
love,2014-02-13 19:59:35 -0400
love,2014-02-12 02:22:57 -0400
love,2014-02-10 14:01:59 -0400
love,2014-02-10 02:32:24 -0400
love,2014-02-08 20:28:41 -0400
love,2014-02-08 02:43:13 -0400
love,2014-02-06 05:46:47 -0400
love,2014-02-05 02:21:16 -0400
love,2014-02-04 19:45:50 -0400
love,2014-02-04 02:02:54 -0400
love,2014-02-03 04:59:58 -0400
love,2014-02-02 18:31:41 -0400
love,2014-01-30 21:51:17 -0400
love,2014-01-30 21:09:13 -0400
love,2014-01-29 23:10:57 -0400
love,2014-01-29 17:04:03 -0400
love,2014-01-29 16:20:05 -0400
love,2014-01-29 05:24:47 -0400
love,2014-01-28 03:27:42 -0400
love,2014-01-28 03:20:08 -0400
love,2014-01-27 23:42:26 -0400
love,2014-01-27 23:30:16 -0400
love,2014-01-27 19:24:14 -0400
love,2014-01-27 19:04:12 -0400
love,2014-01-27 18:44:00 -0400
love,2014-01-27 02:58:34 -0400
love,2014-01-27 02:28:38 -0400
love,2014-01-27 02:19:30 -0400
love,2014-01-27 01:31:41 -0400
love,2014-01-22 18:26:10 -0400
love,2014-01-21 06:16:47 -0400
love,2014-01-21 06:01:50 -0400
love,2014-01-18 00:41:02 -0400
love,2014-01-17 22:28:06 -0400
love,2014-01-17 22:00:50 -0400
love,2014-01-17 21:17:11 -0400
love,2014-01-17 21:12:30 -0400
love,2014-01-17 21:11:20 -0400
love,2014-01-16 16:20:30 -0400
love,2014-01-15 23:38:39 -0400
love,2014-01-15 23:03:39 -0400
love,2014-01-15 14:56:28 -0400
love,2014-01-15 04:41:07 -0400
love,2014-01-15 04:02:24 -0400
love,2014-01-15 03:32:07 -0400
love,2014-01-15 03:25:57 -0400
love,2014-01-13 01:47:06 -0400
love,2014-01-09 22:49:00 -0400
love,2014-01-09 22:18:37 -0400
love,2014-01-07 20:30:46 -0400
love,2014-01-05 15:52:12 -0400
love,2014-01-04 21:19:03 -0400
love,2014-01-03 19:13:59 -0400
love,2014-01-03 17:28:58 -0400
love,2014-01-03 17:07:12 -0400
love,2014-01-03 14:06:23 -0400
love,2014-01-03 02:05:23 -0400
love,2014-01-01 03:52:43 -0400
love,2014-01-01 02:08:50 -0400
love,2013-12-31 23:37:04 -0400
love,2013-12-31 23:06:23 -0400
love,2013-12-31 22:31:08 -0400
love,2013-12-31 22:09:04 -0400
love,2013-12-31 21:32:58 -0400
love,2013-12-31 20:15:55 -0400
love,2013-12-30 23:52:46 -0400
love,2013-12-30 01:44:04 -0400
love,2013-12-28 01:51:50 -0400
love,2013-12-27 16:50:30 +0100
love,2013-12-27 16:50:07 +0100
love,2013-12-27 15:51:15 +0100
love,2013-12-27 15:02:40 -0500
love,2013-12-25 05:43:07 -0400
love,2013-12-25 05:30:07 -0400
love,2013-12-25 02:19:59 -0400
love,2013-12-23 00:28:03 -0400
love,2013-12-20 00:50:14 -0400
love,2013-12-20 00:20:41 -0400
love,2013-12-18 03:15:44 -0400
love,2013-12-17 04:03:04 -0400
love,2013-12-14 17:44:30 +0100
love,2013-12-14 17:42:43 +0100
love,2013-12-14 13:57:52 +0100
love,2013-12-13 23:07:54 +0100
love,2013-12-13 20:32:55 +0100
love,2013-12-13 02:37:06 -0400
love,2013-12-12 15:30:47 +0100
love,2013-12-10 12:34:46 +0100
love,2013-12-10 03:54:56 -0400
love,2013-12-08 20:06:12 +0100
love,2013-12-08 19:32:32 +0100
love,2013-12-07 05:07:54 -0400
love,2013-12-07 02:13:54 -0400
love,2013-12-04 17:03:34 -0400
love,2013-12-02 21:07:43 +0100
love,2013-12-01 21:25:27 -0400
love,2013-11-28 21:46:36 -0400
love,2013-11-27 01:21:57 +0100
love,2013-11-27 00:51:27 +0100
love,2013-11-23 19:35:06 -0400
love,2013-11-23 17:20:45 -0400
love,2013-11-21 17:42:53 -0400
love,2013-11-21 21:57:54 +0100
love,2013-11-21 20:58:58 +0100
love,2013-11-20 17:55:30 -0400
love,2013-11-18 06:18:51 -0400
love,2013-11-18 05:29:53 -0400
love,2013-11-17 05:47:38 -0400
love,2013-11-17 05:44:09 -0400
love,2013-11-15 15:41:15 -0400
love,2013-11-13 04:07:29 -0400
love,2013-11-13 00:21:10 -0400
love,2013-11-12 19:17:12 -0400
love,2013-11-12 18:24:15 -0400
love,2013-11-11 18:07:05 -0400
love,2013-11-10 19:57:13 -0400
love,2013-11-09 16:37:19 -0400
love,2013-11-09 04:30:36 -0400
love,2013-11-08 22:18:56 -0400
love,2013-11-08 20:03:17 -0400
love,2013-11-08 01:50:26 -0400
love,2013-11-07 23:26:24 -0400
love,2013-11-06 01:50:54 -0400
love,2013-11-05 15:17:54 -0400
love,2013-11-04 18:42:52 -0400
love,2013-11-04 15:03:45 -0400
love,2013-11-03 20:23:31 +0100
love,2013-11-03 18:27:36 +0100
love,2013-11-02 18:49:37 +0100
love,2013-11-02 18:47:11 +0100
love,2013-11-01 01:09:21 -0300
love,2013-10-31 20:24:43 +0100
love,2013-10-31 16:26:24 -0300
love,2013-10-30 18:07:41 -0300
love,2013-10-30 17:05:46 -0300
love,2013-10-30 14:35:29 -0300
love,2013-10-30 14:26:34 -0300
love,2013-10-28 19:33:22 -0300
love,2013-10-28 12:59:03 -0300
love,2013-10-28 00:00:45 +0100
love,2013-10-26 00:22:28 -0300
love,2013-10-25 21:56:32 -0300
love,2013-10-25 17:05:29 -0300
love,2013-10-24 17:46:21 -0300
love,2013-10-24 17:30:41 -0300
love,2013-10-24 20:28:52 +0200
love,2013-10-23 21:23:24 -0300
love,2013-10-23 17:07:56 -0300
love,2013-10-23 16:02:06 -0300
love,2013-10-23 15:20:31 -0300
love,2013-10-23 13:52:04 -0300
love,2013-10-23 06:53:52 -0300
love,2013-10-23 00:09:12 +0200
love,2013-10-21 19:52:42 -0300
love,2013-10-20 13:17:57 -0300
love,2013-10-20 04:07:37 -0300
love,2013-10-20 04:02:09 -0300
love,2013-10-19 16:16:42 -0300
love,2013-10-15 23:09:35 -0400
love,2013-10-15 20:03:58 +0200
love,2013-10-15 20:03:22 +0200
love,2013-10-14 03:38:07 -0300
love,2013-10-13 16:31:29 -0300
love,2013-10-12 00:40:18 -0300
love,2013-10-11 21:21:11 -0300
love,2013-10-11 05:30:11 -0300
love,2013-10-11 02:53:53 -0300
love,2013-10-11 02:44:44 -0300
love,2013-10-11 02:25:48 -0300
love,2013-10-10 23:05:45 -0300
love,2013-10-08 18:17:31 -0300
love,2013-10-08 17:29:07 -0300
love,2013-10-07 23:52:30 -0300
love,2013-10-07 23:49:49 -0300
love,2013-10-07 22:18:44 -0300
love,2013-10-07 18:29:18 -0300
love,2013-10-07 15:43:32 -0300
love,2013-10-06 23:25:29 -0300
love,2013-10-06 21:52:05 -0300
love,2013-10-05 04:07:39 -0300
love,2013-10-05 01:54:41 -0300
love,2013-10-04 14:36:29 +0200
love,2013-10-04 14:30:56 +0200
love,2013-10-04 14:18:09 +0200
love,2013-10-04 14:01:55 +0200
love,2013-10-01 23:52:20 -0300
love,2013-09-30 04:30:17 -0300
love,2013-09-30 04:00:28 -0300
love,2013-09-30 02:35:10 -0300
love,2013-09-29 22:44:04 -0300
love,2013-09-29 21:24:19 -0300
love,2013-09-30 00:49:56 +0200
love,2013-09-29 12:56:48 +0200
love,2013-09-29 12:47:34 +0200
love,2013-09-29 04:58:26 -0300
love,2013-09-29 02:50:37 -0300
love,2013-09-29 00:49:50 +0200
love,2013-09-28 18:26:47 -0300
love,2013-09-26 00:48:48 -0300
love,2013-09-26 00:36:50 -0300
love,2013-09-24 11:09:18 -0300
love,2013-09-23 21:52:28 -0300
love,2013-09-23 20:40:58 -0300
love,2013-09-23 18:03:10 -0300
love,2013-09-23 17:12:20 -0300
love,2013-09-20 17:50:59 -0300
love,2013-09-20 03:39:40 -0300
love,2013-09-19 23:33:13 -0300
love,2013-09-19 19:05:40 -0300
love,2013-09-19 18:13:52 -0300
love,2013-09-18 18:30:12 -0300
love,2013-09-17 02:41:19 -0300
love,2013-09-17 00:54:55 -0300
love,2013-09-16 04:50:24 -0300
love,2013-09-16 03:11:38 -0300
love,2013-09-16 02:42:50 -0300
love,2013-09-06 00:59:19 -0300
love,2013-09-05 23:17:29 -0300
love,2013-09-05 18:55:44 -0300
love,2013-08-31 21:15:09 -0300
love,2013-08-30 23:50:29 -0300
love,2013-08-30 23:40:46 -0300
love,2013-08-30 17:34:58 -0300
love,2013-08-30 00:33:20 -0300
love,2013-08-29 21:42:05 -0300
love,2013-08-29 20:59:25 -0300
love,2013-08-29 17:16:21 -0300
love,2013-08-29 16:24:13 -0300
love,2013-08-29 08:31:58 +0200
love,2013-08-29 03:20:27 -0300
love,2013-08-29 01:39:21 -0300
love,2013-08-29 00:40:06 -0300
love,2013-08-28 19:15:00 -0300
love,2013-08-28 19:13:17 -0300
love,2013-08-28 19:10:18 -0300
love,2013-08-28 13:34:35 +0200
love,2013-08-28 05:23:02 -0300
love,2013-08-28 04:21:08 -0300
love,2013-08-28 01:07:00 -0300
love,2013-08-27 23:02:05 -0300
love,2013-08-26 18:18:07 -0300
love,2013-08-26 17:37:59 -0300
love,2013-08-26 17:35:10 -0300
love,2013-08-26 13:27:19 -0300
love,2013-08-26 02:47:06 -0300
love,2013-08-26 00:53:14 -0300
love,2013-08-26 00:47:27 -0300
love,2013-08-25 19:26:47 -0300
love,2013-08-25 16:51:42 -0300
love,2013-08-22 20:28:50 -0300
love,2013-08-22 00:30:58 -0300
love,2013-08-21 19:37:26 -0300
love,2013-08-21 18:52:07 -0300
love,2013-08-21 21:44:31 +0200
love,2013-08-19 21:19:41 -0300
love,2013-08-19 19:57:55 -0300
love,2013-08-19 16:05:43 -0300
love,2013-08-18 13:17:53 -0300
love,2013-08-17 14:30:23 -0300
love,2013-08-17 03:44:44 -0300
love,2013-08-17 00:12:46 -0300
love,2013-08-17 00:08:22 -0300
love,2013-08-16 19:25:41 -0300
love,2013-08-16 03:17:55 -0300
love,2013-08-15 23:40:32 -0300
love,2013-08-14 19:56:04 -0300
love,2013-08-14 19:47:35 -0300
love,2013-08-14 11:16:41 -0300
love,2013-08-14 11:07:56 -0300
love,2013-08-13 16:05:20 -0300
love,2013-08-11 17:50:57 -0300
love,2013-08-11 17:32:12 -0300
love,2013-08-11 04:15:42 -0300
love,2013-08-10 20:11:50 -0300
love,2013-08-08 22:06:11 -0300
love,2013-08-08 21:37:11 +0200
love,2013-08-08 03:35:52 -0300
love,2013-08-08 03:19:54 -0300
love,2013-08-08 03:19:19 -0300
love,2013-08-08 08:11:18 +0200
love,2013-08-07 21:48:21 +0200
love,2013-08-05 15:02:50 -0300
love,2013-08-04 19:35:25 -0300
love,2013-08-04 18:27:36 -0300
love,2013-08-04 18:07:50 -0300
love,2013-08-04 17:28:33 -0300
love,2013-08-04 17:20:14 -0300
love,2013-08-04 17:04:52 -0300
love,2013-08-04 13:15:55 +0200
love,2013-08-04 00:32:23 -0300
love,2013-08-03 21:30:47 -0300
love,2013-08-03 21:24:43 -0300
love,2013-08-03 18:52:00 -0300
love,2013-08-03 22:13:33 +0200
love,2013-08-03 16:30:37 -0300
love,2013-08-03 15:10:08 -0300
love,2013-08-03 05:00:46 -0300
love,2013-08-01 18:32:44 -0300
love,2013-08-01 17:14:20 -0300
love,2013-08-01 12:55:46 -0300
love,2013-08-01 02:39:54 -0300
love,2013-08-01 01:48:45 -0300
love,2013-07-29 16:03:38 -0300
love,2013-07-29 05:50:08 -0300
love,2013-07-29 01:48:36 -0300
love,2013-07-28 17:20:24 -0300
love,2013-07-28 16:51:22 -0300
love,2013-07-27 17:06:20 -0300
love,2013-07-27 16:10:06 -0300
love,2013-07-25 00:58:37 -0300
love,2013-07-24 02:44:36 -0300
love,2013-07-21 21:41:23 -0300
love,2013-07-20 14:49:14 -0300
love,2013-07-19 19:53:39 -0300
love,2013-07-19 15:45:40 -0300
love,2013-07-18 00:45:49 -0300
love,2013-07-17 18:34:57 -0300
love,2013-07-17 03:38:15 -0300
love,2013-07-17 00:35:25 -0300
love,2013-07-16 23:23:58 -0300
love,2013-07-16 20:04:10 -0300
love,2013-07-17 00:06:53 +0200
love,2013-07-16 05:07:03 -0300
love,2013-07-16 00:18:04 -0300
love,2013-07-15 13:22:47 -0300
love,2013-07-15 11:53:24 +0200
love,2013-07-14 18:04:20 -0300
love,2013-07-14 21:49:04 +0200
love,2013-07-12 15:18:27 -0300
love,2013-07-11 19:26:50 -0300
love,2013-07-11 16:09:41 -0300
love,2013-07-11 14:40:52 +0200
love,2013-07-11 14:19:15 +0200
love,2013-07-11 01:10:19 -0300
love,2013-07-10 20:36:20 -0300
love,2013-07-10 17:41:54 -0300
love,2013-07-10 15:34:10 -0300
love,2013-07-10 11:59:12 -0300
love,2013-07-10 16:24:29 +0200
love,2013-07-10 16:11:39 +0200
love,2013-07-10 16:02:52 +0200
love,2013-07-10 15:42:50 +0200
love,2013-07-09 15:19:49 +0200
love,2013-07-09 15:00:51 +0200
love,2013-07-09 14:52:27 +0200
love,2013-07-09 07:48:42 -0300
love,2013-07-09 07:38:44 -0300
love,2013-07-09 04:43:13 -0300
love,2013-07-09 04:17:34 -0300
love,2013-07-09 00:13:18 -0300
love,2013-07-08 17:00:47 -0300
love,2013-07-06 07:02:48 -0300
love,2013-07-05 19:42:47 +0200
love,2013-07-04 19:06:42 -0300
love,2013-07-04 06:29:02 -0300
love,2013-07-02 06:14:38 -0300
love,2013-07-02 02:27:08 -0300
love,2013-07-01 23:29:18 -0300
love,2013-06-30 16:59:28 -0300
love,2013-06-30 15:48:47 -0300
love,2013-06-30 17:29:55 +0200
love,2013-06-30 16:32:56 +0200
love,2013-06-29 20:19:06 -0300
love,2013-06-29 00:18:22 -0300
love,2013-06-29 00:04:56 -0300
love,2013-06-27 06:26:20 -0300
love,2013-06-27 02:23:56 -0300
love,2013-06-27 01:43:32 -0300
love,2013-06-26 20:21:08 -0300
love,2013-06-26 03:42:42 -0300
love,2013-06-25 05:37:44 -0300
love,2013-06-25 05:28:20 -0300
love,2013-06-22 17:04:51 -0300
love,2013-06-22 15:54:53 -0300
love,2013-06-22 14:58:12 +0200
love,2013-06-22 03:14:15 -0300
love,2013-06-21 06:02:09 -0300
love,2013-06-18 23:16:01 -0300
love,2013-06-18 17:31:47 -0300
love,2013-06-17 15:52:44 -0300
love,2013-06-17 15:23:53 -0300
love,2013-06-17 13:43:40 -0300
love,2013-06-16 19:48:53 -0300
love,2013-06-16 07:36:18 -0300
love,2013-06-16 04:10:09 -0300
love,2013-06-15 22:07:16 -0300
love,2013-06-15 21:52:39 -0300
love,2013-06-14 10:12:09 -0300
love,2013-06-14 14:12:28 +0200
love,2013-06-14 08:43:07 -0300
love,2013-06-14 05:29:05 -0300
love,2013-06-13 23:36:57 -0300
love,2013-06-13 17:37:14 -0300
love,2013-06-12 06:30:00 -0300
love,2013-06-12 00:54:46 -0300
love,2013-06-11 20:15:55 -0300
love,2013-06-09 18:24:19 -0300
love,2013-06-09 16:31:02 -0300
love,2013-06-09 02:49:30 -0300
love,2013-06-09 02:42:33 -0300
love,2013-06-08 19:56:36 -0300
love,2013-06-08 16:51:52 -0300
love,2013-06-08 16:50:13 -0300
love,2013-06-08 08:35:16 -0300
love,2013-06-07 03:31:30 -0300
love,2013-06-01 23:18:28 -0300
love,2013-06-01 14:56:00 -0300
love,2013-06-01 04:00:54 -0300
love,2013-05-30 04:31:32 -0300
love,2013-05-28 20:23:31 -0300
love,2013-05-27 16:18:38 -0300
love,2013-05-26 23:21:35 +0200
love,2013-05-26 22:34:04 +0200
love,2013-05-26 21:04:51 +0200
love,2013-05-26 17:45:14 +0200
love,2013-05-24 22:22:40 +0200
love,2013-05-24 04:16:19 -0300
love,2013-05-24 02:21:47 -0300
love,2013-05-23 17:59:15 -0300
love,2013-05-23 14:03:58 -0300
love,2013-05-23 13:42:29 -0300
love,2013-05-22 23:08:21 -0300
love,2013-05-22 19:18:11 -0300
love,2013-05-22 18:44:40 -0300
love,2013-05-22 04:26:29 -0300
love,2013-05-21 22:24:51 -0300
love,2013-05-21 20:41:26 -0300
love,2013-05-20 14:47:37 -0300
love,2013-05-20 19:04:27 +0200
love,2013-05-20 06:25:51 -0300
love,2013-05-18 20:13:26 -0300
love,2013-05-18 07:03:52 -0300
love,2013-05-18 03:00:45 -0700
love,2013-05-16 15:30:34 -0300
love,2013-05-12 18:11:24 -0300
love,2013-05-12 17:04:56 -0300
love,2013-05-12 22:01:12 +0200
love,2013-05-12 21:57:06 +0200
love,2013-05-12 16:13:32 -0300
love,2013-05-12 13:01:05 +0200
love,2013-05-12 13:00:08 +0200
love,2013-05-12 05:49:00 -0300
love,2013-05-11 15:57:16 -0300
love,2013-05-10 22:32:15 -0300
love,2013-05-10 19:09:17 +0200
love,2013-05-10 19:06:12 +0200
love,2013-05-10 19:03:16 +0200
love,2013-05-10 17:40:04 +0200
love,2013-05-10 17:28:55 +0200
love,2013-05-10 17:00:15 +0200
love,2013-05-10 16:50:20 +0200
love,2013-05-10 16:39:02 +0200
love,2013-05-10 01:01:40 -0300
love,2013-05-09 23:12:50 -0300
love,2013-05-08 17:47:37 -0300
love,2013-05-08 17:19:25 -0300
love,2013-05-08 14:01:55 +0200
love,2013-05-07 15:23:26 -0300
love,2013-05-05 16:47:42 -0300
love,2013-05-03 15:49:39 -0300
love,2013-05-03 15:43:10 -0300
love,2013-05-03 04:04:44 -0300
love,2013-05-02 17:26:50 -0400
love,2013-05-02 07:05:14 -0700
love,2013-05-01 23:18:25 -0700
love,2013-05-01 18:26:40 -0700
love,2013-05-01 16:17:42 -0700
love,2013-04-28 18:15:03 -0700
love,2013-04-28 11:12:19 -0700
love,2013-04-27 19:26:32 -0700
love,2013-04-26 22:35:01 -0700
love,2013-04-26 22:05:58 -0700
love,2013-04-26 14:42:16 +0200
love,2013-04-26 14:20:49 +0200
love,2013-04-25 11:16:43 -0700
love,2013-04-24 23:19:37 -0700
love,2013-04-24 16:01:16 -0700
love,2013-04-24 12:04:24 -0700
love,2013-04-23 23:25:45 -0700
love,2013-04-23 16:47:22 -0700
love,2013-04-23 01:02:13 -0700
love,2013-04-22 23:34:28 -0700
love,2013-04-22 10:02:49 -0700
love,2013-04-21 19:54:05 -0700
love,2013-04-21 18:49:56 -0700
love,2013-04-21 20:01:03 +0200
love,2013-04-21 10:13:20 -0700
love,2013-04-21 18:53:13 +0200
love,2013-04-19 16:11:39 -0300
love,2013-04-19 16:00:36 -0300
love,2013-04-19 15:33:30 -0300
love,2013-04-19 14:20:11 -0300
love,2013-04-18 17:03:32 -0300
love,2013-04-18 04:57:50 -0300
love,2013-04-18 04:54:53 -0300
love,2013-04-18 02:14:35 -0300
love,2013-04-17 01:06:33 -0300
love,2013-04-16 15:52:29 -0300
love,2013-04-15 16:00:45 -0300
love,2013-04-15 15:11:06 -0300
love,2013-04-15 14:57:20 -0300
love,2013-04-14 23:02:44 -0300
love,2013-04-13 05:35:38 -0300
love,2013-04-12 15:40:53 -0300
love,2013-04-12 15:24:21 -0300
love,2013-04-12 14:20:00 -0300
love,2013-04-11 20:12:15 -0300
love,2013-04-11 17:59:32 -0300
love,2013-04-10 13:17:54 -0300
love,2013-04-10 00:15:43 -0300
love,2013-04-09 23:44:00 -0300
love,2013-04-09 23:39:20 -0300
love,2013-04-09 18:12:03 -0300
love,2013-04-09 14:08:05 -0300
love,2013-04-09 10:57:43 -0300
love,2013-04-09 00:31:23 -0300
love,2013-04-08 21:58:20 -0300
love,2013-04-07 23:11:11 -0300
love,2013-04-07 22:58:08 -0300
love,2013-04-07 18:25:59 -0700
love,2013-04-07 18:22:56 -0700
love,2013-04-07 17:18:34 -0300
love,2013-04-06 14:14:11 -0300
love,2013-04-06 14:02:24 -0300
love,2013-04-05 18:55:44 -0300
love,2013-04-04 19:09:18 -0300
love,2013-04-01 16:47:45 -0300
love,2013-03-31 19:02:27 -0300
love,2013-03-31 04:55:03 -0300
love,2013-03-31 00:31:21 -0300
love,2013-03-30 21:56:57 -0300
love,2013-03-30 16:39:50 -0300
love,2013-03-30 14:42:09 -0300
love,2013-03-30 04:45:21 -0300
love,2013-03-27 19:44:50 -0300
love,2013-03-27 19:43:04 -0300
love,2013-03-27 01:32:29 -0300
love,2013-03-27 01:09:53 -0300
love,2013-03-26 23:41:46 -0300
love,2013-03-26 19:45:32 -0300
love,2013-03-26 04:58:43 -0300
love,2013-03-25 22:04:39 -0700
love,2013-03-25 20:43:51 -0700
love,2013-03-25 21:23:09 -0300
love,2013-03-25 11:47:11 -0700
love,2013-03-25 11:42:19 -0700
love,2013-03-24 23:43:36 -0300
love,2013-03-24 02:20:15 -0300
love,2013-03-21 12:21:13 -0300
love,2013-03-21 11:27:40 -0300
love,2013-03-21 03:17:37 -0300
love,2013-03-20 23:23:26 -0300
love,2013-03-19 22:42:12 -0300
love,2013-03-19 11:53:57 -0300
love,2013-03-19 09:01:15 -0300
love,2013-03-18 22:55:41 -0300
love,2013-03-18 16:15:21 -0300
love,2013-03-18 04:07:18 -0300
love,2013-03-17 18:11:41 -0300
love,2013-03-17 16:08:34 -0300
love,2013-03-17 13:43:07 -0300
love,2013-03-17 03:54:11 -0300
love,2013-03-17 03:40:13 -0300
love,2013-03-17 03:30:36 -0300
love,2013-03-17 01:56:24 -0300
love,2013-03-16 12:49:46 -0300
love,2013-03-15 19:40:58 -0300
love,2013-03-14 16:11:17 -0300
love,2013-03-14 16:02:26 -0300
love,2013-03-14 17:21:13 +0100
love,2013-03-13 22:12:35 -0300
love,2013-03-13 22:03:42 -0300
love,2013-03-13 20:02:47 -0300
love,2013-03-13 19:12:48 -0300
love,2013-03-13 23:09:25 +0100
love,2013-03-13 20:48:39 +0100
love,2013-03-13 14:38:58 -0300
love,2013-03-13 00:08:09 -0300
love,2013-03-12 20:52:24 -0300
love,2013-03-12 20:48:40 -0300
love,2013-03-12 17:16:39 -0300
love,2013-03-11 22:46:25 -0300
love,2013-03-11 19:03:37 -0300
love,2013-03-11 17:56:55 -0300
love,2013-03-11 02:00:25 -0300
love,2013-03-11 01:53:49 -0300
love,2013-03-11 01:44:43 -0300
love,2013-03-10 23:00:31 +0100
love,2013-03-10 22:16:23 +0100
love,2013-03-10 22:07:24 +0100
love,2013-03-10 03:40:25 -0300
love,2013-03-07 17:47:40 -0400
love,2013-03-06 11:17:39 -0400
love,2013-03-06 09:43:55 -0400
love,2013-03-05 13:59:45 -0400
love,2013-03-05 12:31:11 -0400
love,2013-03-04 22:16:54 -0400
love,2013-03-04 19:05:57 -0400
love,2013-03-04 18:49:25 -0400
love,2013-03-04 14:31:33 -0400
love,2013-03-04 14:02:35 -0400
love,2013-03-04 14:01:04 -0400
love,2013-03-04 13:58:14 -0400
love,2013-03-03 20:23:40 -0400
love,2013-03-03 19:55:37 -0400
love,2013-03-03 18:55:57 -0400
love,2013-03-03 18:49:56 -0400
love,2013-03-03 14:58:59 -0400
love,2013-03-03 19:53:57 +0100
love,2013-03-03 19:51:04 +0100
love,2013-03-01 17:32:38 -0400
love,2013-03-01 10:01:37 -0400
love,2013-02-26 22:15:48 -0400
love,2013-02-26 21:44:01 -0400
love,2013-02-26 11:24:30 -0400
love,2013-02-26 06:35:50 -0400
love,2013-02-26 10:43:03 +0100
love,2013-02-26 10:37:42 +0100
love,2013-02-25 18:34:23 +0100
love,2013-02-25 18:32:54 +0100
love,2013-02-24 15:02:56 -0400
love,2013-02-24 14:07:03 -0400
love,2013-02-24 15:11:14 +0100
love,2013-02-24 14:54:25 +0100
love,2013-02-24 09:47:03 -0400
love,2013-02-24 00:50:39 -0400
love,2013-02-23 15:52:03 -0400
love,2013-02-19 14:21:01 -0400
love,2013-02-19 03:17:05 -0400
love,2013-02-17 11:36:17 -0400
love,2013-02-17 00:19:46 -0400
love,2013-02-16 01:45:01 -0400
love,2013-02-16 01:04:00 -0400
love,2013-02-16 00:51:57 -0400
love,2013-02-14 21:49:11 -0400
love,2013-02-14 08:03:55 -0400
love,2013-02-13 04:01:02 -0400
love,2013-02-11 20:27:29 -0400
love,2013-02-11 18:27:57 -0400
love,2013-02-10 02:37:54 -0400
love,2013-02-09 21:24:41 -0400
love,2013-02-09 21:16:25 -0400
love,2013-02-09 21:11:23 -0400
love,2013-02-06 23:53:22 -0400
love,2013-02-05 05:32:49 -0400
love,2013-02-01 01:44:00 -0400
love,2013-01-30 19:01:14 -0400
love,2013-01-30 17:50:32 -0400
love,2013-01-30 17:15:12 +0100
love,2013-01-30 00:27:46 -0400
love,2013-01-29 23:19:26 +0100
love,2013-01-29 13:01:34 -0400
love,2013-01-29 11:25:38 -0400
love,2013-01-29 04:34:36 -0400
love,2013-01-28 20:41:45 -0400
love,2013-01-28 00:25:03 +0100
love,2013-01-27 17:18:11 -0400
love,2013-01-27 20:04:16 +0100
love,2013-01-27 19:15:55 +0100
love,2013-01-24 18:26:40 -0400
love,2013-01-23 15:28:11 -0400
love,2013-01-23 06:26:17 -0400
love,2013-01-23 06:00:28 -0400
love,2013-01-23 03:15:49 -0400
love,2013-01-23 03:02:46 -0400
love,2013-01-22 23:43:35 -0400
love,2013-01-21 02:31:15 -0400
love,2013-01-18 21:03:07 +0100
love,2013-01-18 13:20:40 +0100
love,2013-01-18 12:43:43 +0100
love,2013-01-17 20:29:48 -0400
love,2013-01-18 00:55:28 +0100
love,2013-01-18 00:48:36 +0100
love,2013-01-18 00:32:25 +0100
love,2013-01-18 00:29:01 +0100
love,2013-01-17 04:18:38 -0400
love,2013-01-16 07:21:41 -0400
love,2013-01-15 20:20:35 -0400
love,2013-01-13 21:37:52 -0500
love,2013-01-13 16:19:27 +0100
love,2013-01-12 18:07:14 -0500
love,2013-01-12 23:54:15 +0100
love,2013-01-12 11:52:04 +0100
love,2013-01-12 11:28:32 +0100
love,2013-01-11 00:47:15 -0400
love,2013-01-11 00:21:28 -0400
love,2013-01-09 01:01:13 -0400
love,2013-01-08 23:59:48 -0400
love,2013-01-08 05:33:22 -0400
love,2013-01-07 19:13:19 -0400
love,2013-01-07 18:26:41 -0400
love,2013-01-07 16:31:48 -0400
love,2013-01-07 07:29:04 -0400
love,2013-01-07 07:11:40 -0400
love,2013-01-07 06:56:59 -0400
love,2013-01-07 06:39:33 -0400
love,2013-01-07 06:21:15 -0400
love,2013-01-05 15:59:01 -0400
love,2013-01-04 05:05:25 -0400
love,2013-01-04 01:45:46 -0400
love,2013-01-04 01:20:38 -0400
love,2013-01-02 17:19:41 -0400
love,2013-01-02 05:55:50 -0400
love,2013-01-02 05:29:17 -0400
love,2013-01-02 04:44:24 -0400
love,2013-01-02 04:21:22 -0400
love,2013-01-02 02:50:13 -0400
love,2013-01-01 21:44:27 -0400
love,2013-01-01 21:29:38 -0400
love,2013-01-01 17:54:14 -0400
love,2013-01-01 04:39:33 -0400
love,2013-01-01 04:29:41 -0400
love,2013-01-01 04:08:30 -0400
love,2013-01-01 04:03:26 -0400
love,2012-12-31 06:18:43 -0400
love,2012-12-28 21:32:13 -0400
love,2012-12-24 17:07:29 -0500
love,2012-12-23 00:29:23 -0400
love,2012-12-22 22:47:07 -0400
love,2012-12-22 05:37:34 -0400
love,2012-12-22 01:35:36 -0400
love,2012-12-22 00:29:11 -0400
love,2012-12-21 20:35:32 -0400
love,2012-12-21 17:43:47 -0400
love,2012-12-21 05:03:50 -0400
love,2012-12-20 21:51:31 -0400
love,2012-12-20 03:42:48 -0400
love,2012-12-15 22:18:40 +0100
love,2012-12-15 14:26:46 +0100
love,2012-12-15 14:13:23 +0100
love,2012-12-15 13:58:34 +0100
love,2012-12-01 14:00:05 +0100
love,2012-11-28 16:14:10 +0100
love,2012-11-28 16:01:04 +0100
love,2012-11-23 10:29:55 +0100
love,2012-11-23 10:24:46 +0100
love,2012-11-23 10:24:15 +0100
love,2012-11-23 10:23:44 +0100
love,2012-11-23 09:12:07 +0100
love,2012-11-23 09:08:36 +0100
love,2012-11-22 21:24:43 +0100
love,2012-11-22 21:07:35 +0100
love,2012-11-22 20:59:47 +0100
love,2012-11-19 21:10:28 +0100
love,2012-11-18 19:29:49 +0100
love,2012-11-18 19:28:57 +0100
love,2012-11-18 19:18:37 +0100
love,2012-11-18 19:01:51 +0100
love,2012-11-18 18:48:37 +0100
love,2012-11-18 11:02:30 +0100
love,2012-11-18 10:53:17 +0100
love,2012-10-18 13:29:13 +0200
love,2012-10-17 21:33:10 -0400
love,2013-01-19 11:25:25 +0100
love,2013-01-12 12:53:07 +0100
love,2012-10-17 18:36:32 +0200
love,2012-10-15 17:13:08 +0200
love,2012-10-14 17:41:12 +0200
love,2012-10-14 17:23:35 +0200
love,2012-10-14 17:19:40 +0200
love,2012-10-12 13:52:16 +0200
love,2012-10-12 13:14:40 +0200
love,2012-10-11 22:22:10 +0200
love,2012-10-09 13:05:13 -0400
love,2012-10-04 17:27:31 +0200
love,2012-10-01 22:13:29 +0200
love,2012-10-01 22:11:51 +0200
love,2012-10-01 22:06:56 +0200
love,2012-10-01 21:39:52 +0200
love,2012-09-11 16:11:26 +0200
love,2012-09-11 15:21:39 +0200
love,2012-09-11 14:29:05 +0200
love,2012-09-10 19:58:44 +0200
love,2012-09-10 19:45:54 +0200
love,2012-09-10 12:39:37 +0200
love,2012-08-28 17:47:23 +0200
love,2012-08-27 15:57:39 +0200
love,2012-08-21 16:14:38 +0200
love,2012-08-21 15:18:12 +0200
love,2012-08-18 11:56:42 -0500
love,2012-08-17 15:12:52 +0200
love,2012-08-05 16:08:22 +0200
love,2012-08-05 16:03:37 +0200
love,2012-08-03 19:39:41 +0200
love,2012-08-03 16:01:33 +0200
love,2012-08-03 15:51:43 +0200
love,2012-08-03 15:27:59 +0200
love,2012-07-24 23:59:42 +0200
love,2012-07-23 11:53:13 +0200
love,2012-07-23 10:54:23 +0200
love,2012-07-21 21:56:10 +0200
love,2012-07-21 17:51:54 +0200
love,2012-07-17 21:33:16 -0400
love,2012-07-12 00:21:25 -0400
love,2012-07-08 13:37:09 +0200
love,2012-07-05 17:25:41 +0200
love,2012-07-05 16:15:38 +0200
love,2012-07-05 16:14:44 +0200
love,2012-07-04 20:22:54 +0200
love,2012-07-04 17:25:57 +0200
love,2012-07-04 17:24:31 +0200
love,2012-07-04 17:15:16 +0200
love,2012-07-04 14:41:03 +0200
love,2012-07-04 14:40:24 +0200
love,2012-07-04 13:58:38 +0200
love,2012-07-04 13:54:15 +0200
love,2012-07-04 13:51:33 +0200
love,2012-07-03 15:09:24 +0200
love,2012-07-03 03:52:53 -0500
love,2012-07-02 02:09:04 -0400
love,2012-07-02 00:19:43 +0200
love,2012-06-29 13:04:32 +0200
love,2012-06-29 09:56:50 +0200
love,2012-06-28 23:52:33 +0200
love,2012-06-11 17:06:57 +0200
love,2012-06-04 23:50:50 +0200
love,2012-06-04 23:37:31 +0200
love,2012-06-04 17:59:36 +0200
love,2012-06-02 22:01:55 +0200
love,2012-06-01 23:21:28 +0200
love,2012-06-01 23:03:20 +0200
love,2012-06-01 17:31:44 +0200
love,2012-06-01 17:19:36 +0200
love,2012-06-01 17:10:17 +0200
love,2012-05-31 23:12:53 +0200
love,2012-05-31 21:13:33 +0200
love,2012-05-30 19:30:16 +0200
love,2012-05-30 19:10:51 +0200
love,2012-05-30 19:09:33 +0200
love,2012-05-30 18:47:57 +0200
love,2012-05-29 23:37:51 +0200
love,2012-05-29 23:37:25 +0200
love,2012-05-29 23:36:49 +0200
love,2012-05-29 23:26:23 +0200
love,2012-05-29 22:01:46 +0200
love,2012-05-29 21:33:10 +0200
love,2012-05-19 01:27:35 +0200
love,2012-05-19 01:22:38 +0200
love,2012-05-19 01:05:43 +0200
love,2012-05-18 19:42:46 +0200
love,2012-05-18 19:29:20 +0200
love,2012-05-18 19:27:09 +0200
love,2012-05-18 19:21:40 +0200
love,2012-05-18 18:56:05 +0200
love,2012-05-18 18:12:25 +0200
love,2012-05-18 18:00:04 +0200
love,2012-05-18 17:46:00 +0200
love,2012-05-18 17:35:51 +0200
love,2012-05-18 17:23:50 +0200
love,2012-05-18 16:51:15 +0200
love,2012-05-18 15:15:03 +0200
love,2012-05-09 17:45:50 +0200
love,2012-05-09 17:17:16 +0200
love,2012-05-09 15:43:16 +0200
love,2012-05-09 15:39:01 +0200
love,2012-05-09 15:30:30 +0200
love,2012-05-08 16:12:33 +0200
love,2012-04-23 19:11:04 +0200
love,2012-04-20 22:40:16 +0400
love,2012-04-17 20:55:47 +1200
love,2012-04-17 20:54:12 +1200
love,2012-04-03 13:55:12 +0200
love,2012-04-02 16:33:52 -0400
love,2012-04-02 16:32:18 -0400
love,2012-04-02 16:31:32 -0400
love,2012-04-02 16:27:55 -0400
love,2012-04-02 16:26:54 -0400
love,2012-04-01 19:36:35 +0200
love,2012-03-22 23:18:58 +0100
love,2012-03-22 17:21:28 +0100
love,2012-03-22 17:20:16 +0100
love,2012-03-22 13:11:35 +0100
love,2012-03-22 12:43:52 +0100
love,2012-03-10 14:11:20 +0100
love,2012-03-08 19:32:23 -0500
love,2012-03-07 23:33:27 +0100
love,2012-03-07 23:26:03 +0100
love,2012-03-07 23:24:29 +0100
love,2012-03-07 23:01:05 +0100
love,2012-03-07 22:59:23 +0100
love,2012-03-07 22:35:21 +0100
love,2012-03-05 22:14:00 +0100
love,2012-03-05 20:58:17 +0100
love,2012-03-05 20:46:46 +0100
love,2012-03-03 20:41:42 -0500
love,2012-03-03 20:33:55 -0500
love,2012-03-03 20:24:11 -0500
love,2012-03-03 19:25:42 -0500
love,2012-03-03 12:35:55 +0100
love,2012-03-03 12:11:06 +0100
love,2012-03-03 11:42:39 +0100
love,2012-03-03 10:47:57 +0100
love,2012-03-02 19:26:40 -0500
love,2012-03-02 19:00:03 -0500
love,2012-02-29 18:55:08 -0500
love,2012-02-29 18:52:52 -0500
love,2012-02-26 18:24:14 +0100
love,2012-02-09 20:26:18 +0100
love,2012-02-09 13:19:52 +0100
love,2012-02-06 10:32:33 -0500
love,2012-02-05 19:22:33 -0500
love,2012-02-05 23:14:01 +0100
love,2012-02-05 23:13:42 +0100
love,2012-02-05 23:13:18 +0100
love,2012-02-05 08:22:00 -0500
love,2012-02-04 19:53:29 -0500
love,2012-02-04 19:45:38 -0500
love,2012-02-04 19:38:11 -0500
love,2012-02-04 19:16:27 -0500
love,2012-02-04 19:09:20 -0500
love,2012-02-04 19:07:24 -0500
love,2012-02-04 18:55:48 -0500
love,2012-02-04 18:35:30 -0500
love,2012-02-04 18:26:43 -0500
love,2012-02-04 17:54:16 -0500
love,2012-02-04 17:21:42 -0500
love,2012-02-04 17:18:57 -0500
love,2012-02-04 16:55:09 -0500
love,2012-02-04 22:17:36 +0100
love,2012-02-04 21:36:19 +0100
love,2012-02-04 11:31:07 -0500
love,2012-02-01 10:43:59 +0100
love,2012-01-26 15:00:40 -0500
love,2012-01-26 14:46:59 -0500
love,2012-01-26 10:20:11 -0500
love,2012-01-24 23:02:35 +0100
love,2012-01-24 23:00:18 +0100
love,2012-01-20 14:07:22 +0100
love,2012-01-19 14:59:36 +0100
love,2012-01-15 14:36:51 +0100
love,2012-01-15 11:09:38 +0100
love,2012-01-14 18:18:18 +0100
love,2012-01-12 11:30:09 +0100
love,2012-01-12 11:26:22 +0100
love,2012-01-12 11:24:05 +0100
love,2012-01-10 15:39:44 +0100
love,2012-01-10 15:38:26 +0100
love,2012-01-10 15:36:18 +0100
love,2012-01-10 11:23:50 +0100
love,2012-01-10 04:24:13 +0100
love,2012-01-10 04:14:17 +0100
love,2012-01-09 02:41:11 -0600
love,2012-01-08 20:59:52 -0600
love,2012-01-08 20:18:45 -0600
love,2012-01-08 20:14:27 -0600
love,2012-01-08 14:11:40 +0100
love,2012-01-08 13:46:01 +0100
love,2012-01-08 13:27:10 +0100
love,2012-01-08 13:16:50 +0100
love,2012-01-08 12:35:14 +0100
love,2012-01-07 14:08:41 +0100
love,2012-01-07 11:37:50 +0100
love,2012-01-06 17:08:52 +0100
love,2012-01-06 17:04:48 +0100
love,2012-01-04 14:01:14 +0100
love,2012-01-04 10:25:39 +0100
love,2011-12-31 18:40:54 +0100
love,2011-12-31 16:47:30 +0100
love,2011-12-31 16:34:34 +0100
love,2011-12-31 15:54:11 +0100
love,2011-12-30 15:03:50 +0100
love,2011-12-30 14:09:26 +0100
love,2011-12-29 22:45:51 +0100
love,2011-12-29 15:27:04 +0100
love,2011-12-29 15:16:53 +0100
love,2011-12-29 13:47:39 +0100
love,2011-12-29 13:37:42 +0100
love,2011-12-29 13:06:12 +0100
love,2011-12-28 14:39:13 +0100
love,2011-12-28 14:17:10 +0100
love,2011-12-27 23:32:11 +0100
love,2011-12-27 23:04:50 +0100
love,2011-12-27 21:25:06 +0100
love,2011-12-26 21:29:47 +0100
love,2011-12-25 19:05:04 +0100
love,2011-12-24 01:10:40 +0100
love,2011-12-23 12:16:36 +0100
love,2011-12-22 03:37:34 -0600
love,2011-12-22 02:45:11 -0600
love,2011-12-22 02:43:58 -0600
love,2011-12-22 01:54:17 -0600
love,2011-12-20 21:02:59 +0100
love,2011-12-20 20:53:26 +0100
love,2011-12-20 20:26:17 +0100
love,2011-12-20 19:51:50 +0100
love,2011-12-20 19:17:26 +0100
love,2011-12-19 14:15:48 +0100
love,2011-12-19 01:42:34 -0600
love,2011-12-19 00:28:45 -0600
love,2011-12-19 00:17:17 -0600
love,2011-12-14 00:32:18 +0100
love,2011-12-13 19:24:10 +0100
love,2011-12-13 19:22:59 +0100
love,2011-12-13 18:51:24 +0100
love,2011-12-13 18:38:56 +0100
love,2011-12-13 17:50:38 +0100
love,2011-12-13 17:11:57 +0100
love,2011-12-11 19:08:01 +0100
love,2011-12-11 16:55:52 +0100
love,2011-12-11 16:24:59 +0100
love,2011-12-06 21:55:16 +0100
love,2011-12-06 21:30:31 +0100
love,2011-11-30 17:50:41 +0100
love,2011-11-19 16:11:49 +0100
love,2011-11-19 15:38:51 +0100
love,2011-11-16 11:32:41 +0100
love,2011-11-16 10:24:10 +0100
love,2011-11-15 21:37:11 +0100
love,2011-11-13 10:59:59 +0100
love,2011-11-12 22:09:56 +0100
love,2011-11-12 21:24:08 +0100
love,2011-11-12 21:19:35 +0100
love,2011-11-12 21:13:38 +0100
love,2011-11-12 21:11:41 +0100
love,2011-11-12 15:11:09 +0100
love,2011-11-12 15:00:26 +0100
love,2011-11-08 23:22:48 +0100
love,2011-11-08 22:33:08 +0100
love,2011-11-05 23:18:30 +0100
love,2011-11-05 23:17:32 +0100
love,2011-11-05 22:07:15 +0100
love,2011-11-04 19:08:37 +0100
love,2011-11-01 11:48:28 -0400
love,2011-10-28 10:47:16 +0200
love,2011-10-26 21:17:40 +0200
love,2011-10-26 21:12:17 +0200
love,2011-10-24 17:43:56 +0200
love,2011-10-20 18:30:49 -0400
love,2011-10-20 20:19:01 +0200
love,2011-10-13 12:38:19 -0500
love,2011-10-13 12:16:20 -0500
love,2011-10-13 12:15:35 -0500
love,2011-10-12 21:49:04 +0200
love,2011-10-12 14:42:51 -0500
love,2011-10-12 14:41:25 -0500
love,2011-10-12 21:36:46 +0200
love,2011-10-12 14:03:38 -0500
love,2011-10-12 13:51:47 -0500
love,2011-10-12 13:40:56 -0500
love,2011-10-12 17:11:13 +0200
love,2011-10-12 17:10:04 +0200
love,2011-10-12 12:37:09 +0200
love,2011-10-12 00:06:15 -0500
love,2011-10-11 23:29:10 -0500
love,2011-10-10 12:16:28 +0200
love,2011-10-07 19:52:14 -0400
love,2011-10-07 15:14:43 -0400
love,2011-10-07 15:00:40 +0200
love,2011-10-07 14:44:57 +0200
love,2011-10-07 14:44:17 +0200
love,2011-10-06 15:17:21 +0200
love,2011-10-05 01:34:42 -0400
love,2011-10-04 12:47:20 -0400
love,2011-10-04 12:38:40 -0400
love,2011-10-04 12:33:34 -0400
love,2011-10-04 11:34:33 -0400
love,2011-10-04 15:19:17 +0200
love,2011-10-03 09:40:41 +0200
love,2011-10-03 01:38:13 -0400
love,2011-10-03 00:52:44 +0200
love,2011-10-02 17:00:09 +0200
love,2011-10-02 10:28:37 -0400
love,2011-10-02 16:11:24 +0200
love,2011-10-02 10:06:31 -0400
love,2011-10-02 09:33:42 -0400
love,2011-10-02 09:28:39 -0400
love,2011-09-30 14:57:03 +0200
love,2011-09-29 11:19:30 -0400
love,2011-09-29 11:14:42 -0400
love,2011-09-29 11:12:03 -0400
love,2011-09-29 11:09:08 -0400
love,2011-09-27 16:38:46 -0400
love,2011-09-27 15:48:29 -0400
love,2011-09-26 21:35:44 -0400
love,2011-09-26 20:22:03 -0400
love,2011-09-26 19:13:44 -0300
love,2011-09-26 23:21:53 +0200
love,2011-09-26 11:20:26 -0400
love,2011-09-25 22:29:30 -0400
love,2011-09-25 12:35:57 -0400
love,2011-09-25 12:18:13 -0400
love,2011-09-25 11:32:46 -0400
love,2011-09-25 11:30:58 -0400
love,2011-09-25 11:21:05 -0400
love,2011-09-24 23:52:56 -0400
love,2011-09-24 17:29:42 -0400
love,2011-09-24 17:14:03 -0400
love,2011-09-24 17:12:45 -0400
love,2011-09-24 23:07:02 +0200
love,2011-09-24 16:59:45 -0400
love,2011-09-24 16:46:07 -0400
love,2011-09-24 16:26:41 -0400
love,2011-09-24 16:15:09 -0400
love,2011-09-24 15:34:28 -0400
love,2011-09-24 14:54:06 -0400
love,2011-09-24 13:51:11 -0400
love,2011-09-24 13:45:40 -0400
love,2011-09-24 13:45:24 -0400
love,2011-09-24 13:22:05 -0400
love,2011-09-24 13:21:50 -0400
love,2011-09-24 12:32:28 -0400
love,2011-09-24 12:20:59 -0400
love,2011-09-24 11:58:24 -0400
love,2011-09-24 11:51:06 -0400
love,2011-09-24 09:27:39 -0400
love,2011-09-24 03:39:21 -0400
love,2011-09-24 03:10:19 -0400
love,2011-09-24 02:34:27 -0400
love,2011-09-24 02:15:46 -0400
love,2011-09-24 01:55:15 -0400
love,2011-09-24 01:16:34 -0400
love,2011-09-24 00:47:54 -0400
love,2011-09-24 00:41:42 -0400
love,2011-09-23 23:40:04 -0400
love,2011-09-23 23:05:08 -0400
love,2011-09-23 22:54:29 -0400
love,2011-09-23 22:32:49 -0400
love,2011-09-23 22:32:39 -0400
love,2011-09-23 22:21:14 -0400
love,2011-09-23 21:25:41 -0400
love,2011-09-23 18:01:40 -0400
love,2011-09-23 17:01:53 -0400
love,2011-09-23 16:27:59 -0400
love,2011-09-23 16:17:29 -0400
love,2011-09-23 16:09:18 -0400
love,2011-09-21 21:26:34 +0200
love,2011-09-15 17:17:28 -0400
love,2011-09-15 16:13:54 -0400
love,2011-09-15 15:35:11 -0400
love,2011-09-15 15:31:09 -0400
love,2011-09-15 14:28:48 -0400
love,2011-09-15 12:40:16 -0400
love,2011-09-11 22:55:34 +0200
love,2011-09-11 22:29:37 +0200
love,2011-09-11 12:51:34 +0200
love,2011-09-10 17:28:38 +0200
love,2011-09-10 15:34:45 +0200
love,2011-09-08 16:09:10 +0200
love,2011-09-08 12:25:43 +0200
love,2011-09-07 23:32:54 +0200
love,2011-09-07 13:52:07 +0200
love,2011-09-07 13:42:51 +0200
love,2011-09-05 19:26:20 +0200
love,2011-09-05 19:22:08 +0200
love,2011-09-04 13:21:57 -0400
love,2011-09-03 16:34:36 -0400
love,2011-09-03 16:25:10 -0400
love,2011-09-03 16:15:16 -0400
love,2011-09-03 15:39:32 -0400
love,2011-09-03 16:22:21 +0200
love,2011-09-03 14:31:31 +0200
love,2011-08-31 12:28:56 +0200
love,2011-08-31 12:13:06 +0200
love,2011-08-30 17:18:11 +0200
love,2011-08-28 17:12:59 +0200
love,2011-08-26 13:01:46 +0200
love,2011-08-26 12:48:57 +0200
love,2011-08-25 14:06:50 +0200
love,2011-08-24 12:11:08 +0200
love,2011-08-24 09:58:16 +0200
love,2011-08-22 18:07:50 +0200
love,2011-08-22 18:05:09 +0200
love,2011-08-22 18:04:19 +0200
love,2011-08-13 15:38:03 +0200
love,2011-08-13 15:30:29 +0200
love,2011-08-12 15:37:03 +0200
love,2011-08-12 15:32:55 +0200
love,2011-08-12 15:31:48 +0200
love,2011-08-12 15:11:04 +0200
love,2011-08-12 14:45:55 +0200
love,2011-08-12 14:41:18 +0200
love,2011-08-12 13:49:49 +0200
love,2011-08-12 13:38:42 +0200
love,2011-08-12 11:35:14 +0200
love,2011-08-08 16:26:38 +0200
love,2011-08-08 15:54:43 +0200
love,2011-08-08 15:32:34 +0200
love,2011-08-07 18:55:36 +0200
love,2011-08-07 18:51:58 +0200
love,2011-08-07 18:23:07 +0200
love,2011-08-07 13:54:36 +0200
love,2011-08-06 17:14:52 +0200
love,2011-08-06 16:54:04 +0200
love,2011-08-06 16:51:33 +0200
love,2011-08-06 14:44:49 +0200
love,2011-08-06 14:24:56 +0200
love,2011-08-06 14:22:00 +0200
love,2011-08-06 14:16:28 +0200
love,2011-08-06 14:02:37 +0200
love,2011-08-06 13:42:57 +0200
love,2011-08-06 13:39:54 +0200
love,2011-08-06 13:36:22 +0200
love,2011-08-05 12:29:42 +0200
love,2011-08-02 04:35:06 -0500
love,2011-07-24 18:47:13 +0200
love,2011-07-24 18:40:22 +0200
love,2011-07-24 18:32:52 +0200
love,2011-07-24 18:32:11 +0200
love,2011-07-24 15:37:14 +0200
love,2011-07-24 15:37:02 +0200
love,2011-07-24 15:21:52 +0200
love,2011-07-24 14:08:11 +0200
love,2011-07-24 14:03:46 +0200
love,2011-07-24 13:51:24 +0200
love,2011-07-23 19:57:19 +0200
love,2011-07-23 17:49:48 +0200
love,2011-07-23 17:12:29 +0200
love,2011-07-23 13:52:04 +0200
love,2011-07-22 17:57:48 +0200
love,2011-07-22 16:20:51 +0200
love,2011-07-18 02:07:46 +0200
love,2011-07-16 20:40:46 +0200
love,2011-07-15 20:22:36 +0200
love,2011-07-11 21:08:49 +0200
love,2011-07-11 17:18:55 +0200
love,2011-07-11 17:14:52 +0200
love,2011-07-05 16:06:49 +0200
love,2011-07-05 16:06:14 +0200
love,2011-07-05 15:30:55 +0200
love,2011-07-05 15:26:42 +0200
love,2011-07-05 14:33:34 +0200
love,2011-07-03 18:02:53 +0200
love,2011-07-03 12:49:11 +0200
love,2011-07-02 11:46:42 -0500
love,2011-07-02 18:20:43 +0200
love,2011-07-02 18:17:47 +0200
love,2011-07-02 18:08:27 +0200
love,2011-07-02 18:07:54 +0200
love,2011-07-02 10:52:45 -0500
love,2011-07-02 16:43:56 +0200
love,2011-07-02 16:24:58 +0200
love,2011-07-02 16:21:10 +0200
love,2011-06-30 13:13:58 +0200
love,2011-06-29 12:49:31 +0200
love,2011-06-28 22:02:53 -0500
love,2011-06-28 17:01:35 +0200
love,2011-06-24 01:18:48 +0200
love,2011-06-23 17:08:26 +0200
love,2011-06-23 15:17:37 +0200
love,2011-06-23 11:19:12 +0200
love,2011-06-22 14:54:29 +0200
love,2011-06-21 19:45:00 +0200
love,2011-06-15 13:16:13 +0200
love,2011-06-15 13:09:32 +0200
love,2011-06-10 15:03:27 +0200
love,2011-06-10 14:43:23 +0200
love,2011-06-10 14:40:37 +0200
love,2011-06-10 14:03:56 +0200
love,2011-06-09 12:23:11 +0200
love,2011-06-09 11:01:11 +0200
love,2011-06-09 10:56:13 +0200
love,2011-06-09 10:26:47 +0200
love,2011-06-08 23:43:58 +0200
love,2011-06-08 23:37:01 +0200
love,2011-06-08 23:17:32 +0200
love,2011-06-08 22:45:28 +0200
love,2011-06-08 21:58:59 +0200
love,2011-06-08 21:55:23 +0200
love,2011-06-08 21:44:21 +0200
love,2011-06-08 17:14:41 +0200
love,2011-06-08 16:54:35 +0200
love,2011-06-03 17:04:35 -0500
love,2011-06-03 16:43:33 -0500
love,2011-05-30 14:45:33 +0200
love,2011-05-30 14:26:28 +0200
love,2011-05-29 15:33:48 +0200
love,2011-05-29 15:19:41 +0200
love,2011-05-28 22:00:05 -0500
love,2011-05-27 16:59:46 +0200
love,2011-05-16 12:11:20 -0500
love,2011-05-16 17:12:37 +0200
love,2011-05-16 17:02:43 +0200
love,2011-05-16 14:10:07 +0200
love,2011-05-15 23:31:12 +0200
love,2011-05-15 16:33:38 -0400
love,2011-05-15 22:10:17 +0200
love,2011-05-14 23:02:52 +0200
love,2011-05-13 15:55:41 +0200
love,2011-05-08 19:23:25 -0400
love,2011-05-08 18:50:01 -0400
love,2011-05-08 18:41:42 -0400
love,2011-05-07 14:12:41 +0200
love,2011-05-04 20:20:53 +0200
love,2011-04-27 16:40:26 +0200
love,2011-04-27 16:35:14 +0200
love,2011-04-26 23:20:58 +0200
love,2011-04-26 23:05:26 +0200
love,2011-04-26 22:10:34 +0200
love,2011-04-25 23:45:15 +0200
love,2011-04-23 19:18:05 +0200
love,2011-04-23 19:16:17 +0200
love,2011-04-23 19:12:52 +0200
love,2011-04-08 09:12:30 +0200
love,2011-04-07 19:22:55 +0200
love,2011-04-07 19:06:36 +0200
love,2011-04-07 18:16:44 +0200
love,2011-04-06 21:24:09 +0200
love,2011-04-06 21:20:32 +0200
love,2011-04-06 11:21:36 -0400
love,2011-04-06 11:20:25 -0400
love,2011-04-05 22:13:11 +0200
love,2011-04-03 16:54:18 +0200
love,2011-03-28 11:02:19 -0400
love,2011-03-28 10:28:45 -0400
love,2011-03-26 17:10:41 +0100
love,2011-03-26 17:09:42 +0100
love,2011-03-26 17:06:05 +0100
love,2011-03-22 01:08:31 +0100
love,2011-03-21 14:07:51 -0500
love,2011-03-21 14:07:29 -0500
love,2011-03-20 00:54:34 -0500
love,2011-03-19 23:58:14 -0500
love,2011-03-19 23:52:30 -0500
love,2011-03-19 23:41:07 -0500
love,2011-03-19 20:21:40 -0500
love,2011-03-19 10:20:29 -0400
love,2011-03-19 10:13:11 -0400
love,2011-03-19 12:47:39 +0100
love,2011-03-17 20:50:27 -0400
love,2011-03-16 23:23:20 +0100
love,2011-03-14 16:37:42 -0400
love,2011-03-13 20:31:19 +0100
love,2011-03-13 20:25:35 +0100
love,2011-03-13 20:17:31 +0100
love,2011-03-13 20:02:56 +0100
love,2011-03-13 19:51:08 +0100
love,2011-03-13 13:16:02 -0400
love,2011-03-13 10:09:17 -0400
love,2011-03-13 09:33:32 -0400
love,2011-03-13 13:50:30 +0100
love,2011-03-13 13:23:01 +0100
love,2011-03-13 13:21:18 +0100
love,2011-03-13 13:13:37 +0100
love,2011-03-13 08:04:43 -0400
love,2011-03-13 07:59:18 -0400
love,2011-03-13 07:46:36 -0400
love,2011-03-12 10:11:37 -0500
love,2011-03-12 09:58:40 -0500
love,2011-03-12 15:43:00 +0100
love,2011-03-12 14:36:50 +0100
love,2011-03-12 14:35:58 +0100
love,2011-03-12 14:30:21 +0100
love,2011-03-12 14:29:24 +0100
love,2011-03-11 13:56:51 -0500
love,2011-03-11 01:44:01 -0500
love,2011-03-10 19:05:05 -0500
love,2011-03-10 14:16:36 +0100
love,2011-03-10 14:16:01 +0100
love,2011-03-10 13:41:25 +0100
love,2011-03-10 13:35:18 +0100
love,2011-03-09 12:39:21 +0100
love,2011-03-09 12:37:51 +0100
love,2011-03-09 12:34:34 +0100
love,2011-03-09 11:11:21 +0100
love,2011-03-09 12:07:13 +0100
love,2011-03-09 11:07:26 +0100
love,2011-03-09 11:01:40 +0100
love,2011-03-06 20:03:46 -0500
love,2011-03-06 17:09:38 +0100
love,2011-03-06 15:11:47 +0100
love,2011-03-06 05:18:08 -0500
love,2011-03-06 05:16:04 -0500
love,2011-03-06 05:03:15 -0500
love,2011-03-06 05:02:35 -0500
love,2011-03-05 23:37:36 -0500
love,2011-03-05 23:18:54 -0500
love,2011-03-05 23:17:36 -0500
love,2011-03-05 22:19:24 -0500
love,2011-03-05 22:13:48 -0500
love,2011-03-05 21:15:38 -0500
love,2011-03-05 15:43:47 +0100
love,2011-03-05 13:24:03 +0100
love,2011-03-03 09:46:52 +0100
love,2011-03-01 20:11:30 +0100
love,2011-02-22 11:15:27 +0100
love,2011-02-20 23:34:48 +0100
love,2011-02-20 22:03:14 +0100
love,2011-02-20 01:00:27 +0100
love,2011-02-20 00:58:15 +0100
love,2011-02-18 16:10:20 +0100
love,2011-02-18 15:43:28 +0100
love,2011-02-18 15:42:58 +0100
love,2011-02-13 17:14:42 +0100
love,2011-02-13 09:15:39 -0600
love,2011-02-11 20:41:03 +0100
love,2011-02-11 19:50:34 +0100
love,2011-02-11 18:58:26 +0100
love,2011-02-11 18:53:23 +0100
love,2011-02-11 17:40:22 +0100
love,2011-02-11 11:40:37 -0500
love,2011-02-11 15:45:31 +0100
love,2011-02-11 15:43:41 +0100
love,2011-02-02 21:07:21 -0500
love,2011-01-31 20:27:42 +0100
love,2011-01-30 16:25:55 +0100
love,2011-01-30 16:20:31 +0100
love,2011-01-30 00:34:28 +0100
love,2011-01-30 00:29:08 +0100
love,2011-01-27 22:14:27 +0100
love,2011-01-26 16:06:14 +0100
love,2011-01-25 13:24:39 +0100
love,2011-01-17 11:22:59 +0100
love,2011-01-17 11:10:46 +0100
love,2011-01-17 11:08:58 +0100
love,2011-01-17 11:04:02 +0100
love,2011-01-15 22:26:16 +0100
love,2011-01-15 14:40:27 -0600
love,2011-01-15 14:32:02 -0600
love,2011-01-15 14:29:10 -0600
love,2011-01-15 13:00:03 -0600
love,2011-01-14 17:39:54 +0100
love,2011-01-12 22:55:29 +0100
love,2011-01-09 16:36:13 +0100
love,2011-01-09 16:28:30 +0100
love,2011-01-09 18:24:02 +0100
love,2011-01-09 16:27:19 +0100
love,2011-01-09 16:12:02 +0100
love,2011-01-08 20:56:30 -0600
love,2011-01-08 20:39:29 -0600
love,2011-01-09 01:19:33 +0100
love,2011-01-09 01:17:05 +0100
love,2011-01-07 14:42:51 +0100
love,2011-01-07 14:08:10 +0100
love,2011-01-06 22:54:51 +0100
love,2011-01-04 01:09:32 +0100
love,2011-01-03 22:19:24 +0100
love,2011-01-02 22:58:53 +0100
love,2011-01-02 22:44:19 +0100
love,2011-01-02 21:36:51 +0100
love,2011-01-01 19:42:59 +0100
love,2010-12-31 12:03:05 +0100
love,2010-12-31 11:46:32 +0100
love,2010-12-31 11:37:50 +0100
love,2010-12-31 00:44:32 +0100
love,2010-12-27 14:38:33 +0100
love,2010-12-27 14:34:43 +0100
love,2010-12-20 19:08:29 +0100
love,2010-12-20 17:38:26 +0100
love,2010-12-19 12:31:31 +0100
love,2010-12-19 12:30:59 +0100
love,2010-12-18 12:38:29 +0100
love,2010-12-07 19:52:35 +0100
love,2010-12-07 19:43:20 +0100
love,2010-12-07 19:37:59 +0100
love,2010-12-05 23:16:52 +0100
love,2010-11-28 13:23:29 +0100
love,2010-11-28 11:39:55 +0100
love,2010-11-28 11:29:48 +0100
love,2010-11-28 11:21:26 +0100
love,2010-11-28 04:16:37 -0600
love,2010-11-25 16:49:03 +0100
love,2010-11-25 15:13:08 +0100
love,2010-11-18 02:40:07 -0500
love,2010-11-16 20:47:28 +0100
love,2010-11-12 08:38:41 -0500
love,2010-11-11 13:17:41 -0500
love,2010-11-10 22:27:57 -0500
love,2010-11-10 16:57:41 -0500
love,2010-11-09 19:29:00 -0500
love,2010-11-09 19:10:04 -0500
love,2010-11-09 19:07:51 -0500
love,2010-11-09 18:56:34 -0500
love,2010-11-07 14:13:53 +0100
love,2010-11-07 13:51:51 +0100
love,2010-11-07 00:54:15 +0100
love,2010-11-07 00:43:26 +0100
love,2010-11-06 11:32:43 +0100
love,2010-11-05 08:14:34 +0100
love,2010-10-23 14:09:17 -0400
love,2010-10-23 18:24:52 +0200
love,2010-10-23 18:16:20 +0200
love,2010-10-19 17:15:27 -0400
love,2010-10-14 16:17:21 -0500
love,2010-10-14 20:24:38 +0200
love,2010-10-12 19:39:16 -0500
love,2010-10-12 19:35:53 -0500
love,2010-10-12 18:17:40 -0500
love,2010-10-12 21:36:41 +0200
love,2010-10-11 18:56:10 +0200
love,2010-10-06 19:33:07 -0400
love,2010-10-06 18:54:34 -0400
love,2010-10-06 22:22:35 +0200
love,2010-09-27 21:10:50 +0200
love,2010-09-27 21:08:05 +0200
love,2010-09-23 20:16:45 +0200
love,2010-09-22 10:45:34 +0200
love,2010-09-20 00:56:37 +0200
love,2010-09-19 13:51:29 +0200
love,2010-09-19 13:31:07 +0200
love,2010-09-19 13:22:10 +0200
love,2010-09-18 14:40:17 -0400
love,2010-09-18 14:39:43 -0400
love,2010-09-18 20:22:29 +0200
love,2010-09-18 10:07:52 +0200
love,2010-09-15 21:11:52 +0200
love,2010-09-15 21:10:46 +0200
love,2010-09-14 15:42:46 -0400
love,2010-09-14 21:05:26 +0200
love,2010-09-14 20:41:14 +0200
love,2010-09-05 16:38:49 +0200
love,2010-09-05 16:37:56 +0200
love,2010-09-05 12:05:05 +0200
love,2010-09-07 17:16:58 +0200
love,2010-09-06 07:53:30 +0200
love,2010-09-05 17:43:40 +0200
love,2010-09-05 17:24:33 +0200
love,2010-09-04 16:53:19 +0200
love,2010-09-03 19:29:26 +0200
love,2010-09-03 15:30:13 +0200
love,2010-09-03 15:18:48 +0200
love,2010-09-03 15:18:16 +0200
love,2010-09-03 14:53:37 +0200
love,2010-09-03 14:46:01 +0200
love,2010-09-03 14:28:57 +0200
love,2010-09-02 18:25:28 -0400
love,2010-09-02 17:21:09 +0200
love,2010-08-28 13:02:28 -0500
love,2010-08-28 12:28:56 -0500
love,2010-08-28 11:42:37 -0500
love,2010-08-28 17:27:35 +0200
love,2010-08-28 17:03:21 +0200
love,2010-08-27 22:19:16 +0200
love,2010-08-27 08:52:14 -0500
love,2010-08-27 14:38:36 +0200
love,2010-08-27 14:14:22 +0200
love,2010-08-27 13:51:11 +0200
love,2010-08-26 21:02:50 +0200
love,2010-08-26 20:44:30 +0200
love,2010-08-26 10:36:07 -0500
love,2010-08-26 17:25:34 +0200
love,2010-08-26 13:02:41 +0200
love,2010-08-25 17:54:19 -0500
love,2010-08-25 17:38:06 +0200
love,2010-08-25 17:28:51 +0200
love,2010-08-24 14:12:12 -0500
love,2010-08-23 21:59:50 -0500
love,2010-08-23 21:24:16 -0500
love,2010-08-19 13:41:19 -0500
love,2010-08-19 09:08:36 -0500
love,2010-08-19 01:05:51 -0500
love,2010-08-13 21:04:32 +0200
love,2010-08-13 18:50:00 +0200
love,2010-08-13 13:35:42 +0200
love,2010-08-13 13:33:13 +0200
love,2010-08-11 21:10:31 +0200
love,2010-08-11 20:29:47 +0200
love,2010-08-10 19:05:56 +0200
love,2010-08-10 16:55:17 +0200
love,2010-08-10 16:43:35 +0200
love,2010-08-10 16:23:11 +0200
love,2010-08-09 12:32:10 +0200
love,2010-08-04 14:22:30 +0200
love,2010-08-04 13:41:21 +0200
love,2010-08-04 13:38:22 +0200
love,2010-08-03 13:51:19 +0200
love,2010-08-03 12:05:57 +0200
love,2010-08-01 08:56:05 -0500
love,2010-08-01 08:54:50 -0500
love,2010-08-01 14:42:54 +0200
love,2010-07-31 16:22:12 +0200
love,2010-06-26 19:10:58 +0200
love,2010-06-25 12:05:16 -0500
love,2010-06-25 16:08:21 +0200
love,2010-06-23 13:31:45 -0500
love,2010-06-22 16:19:14 +0200
love,2010-06-21 01:38:52 -0500
love,2010-06-21 00:27:07 +0200
love,2010-06-17 18:22:12 +0200
love,2010-06-12 15:35:54 +0200
love,2010-06-03 15:58:46 +0200
love,2010-05-23 17:30:38 -0500
love,2010-05-23 17:28:19 -0500
love,2010-05-23 15:36:49 +0200
love,2010-05-22 18:17:08 -0500
love,2010-05-20 21:53:50 +0200
love,2010-05-20 17:41:57 +0200
love,2010-05-20 17:31:07 +0200
love,2010-05-07 14:55:12 -0400
love,2010-05-07 14:54:56 -0400
love,2010-05-05 13:26:20 +0200
love,2010-05-04 18:06:10 +0200
love,2010-05-03 20:40:43 -0400
love,2010-04-23 09:40:06 -0400
love,2010-04-19 16:18:51 +0200
love,2010-04-18 23:40:01 +0200
love,2010-04-18 10:16:13 -0400
love,2010-04-18 14:44:46 +0200
love,2010-04-17 16:11:48 -0400
love,2010-04-17 22:03:33 +0200
love,2010-04-17 22:01:56 +0200
love,2010-04-17 21:59:13 +0200
love,2010-04-17 15:34:08 -0400
love,2010-04-17 21:32:45 +0200
love,2010-04-16 04:28:51 -0400
love,2010-04-15 14:08:43 -0400
love,2010-04-15 14:04:16 -0400
love,2010-04-15 10:19:01 -0400
love,2010-04-15 10:18:09 -0400
love,2010-04-15 10:17:42 -0400
love,2010-04-14 21:51:35 -0400
love,2010-04-14 20:31:36 -0400
love,2010-04-14 11:10:17 -0400
love,2010-04-13 10:42:30 -0400
love,2010-04-12 16:20:11 -0400
love,2010-04-11 23:09:53 -0400
love,2010-04-11 23:09:29 -0400
love,2010-04-11 16:43:18 -0400
love,2010-04-11 12:22:40 -0400
love,2010-04-07 19:16:49 -0400
love,2010-04-03 07:12:52 -0400
love,2010-04-03 12:27:35 +0200
love,2010-04-01 20:15:10 -0400
love,2010-04-01 20:13:47 -0400
love,2010-03-30 01:22:03 -0400
love,2010-03-30 01:20:53 -0400
love,2010-03-28 17:52:22 +0200
love,2010-03-24 00:47:50 -0500
love,2010-03-24 00:43:37 -0500
love,2010-03-22 23:57:28 -0500
love,2010-03-15 01:39:28 -0400
love,2010-03-15 01:26:57 -0400
love,2010-03-07 13:35:25 +0100
love,2010-03-07 13:34:57 +0100
love,2010-03-03 20:38:21 +0100
love,2010-03-03 19:15:09 +0100
love,2010-03-01 22:02:44 +0100
love,2010-03-01 21:59:13 +0100
love,2010-03-01 21:07:46 +0100
love,2010-03-01 21:00:00 +0100
love,2010-03-01 20:55:47 +0100
love,2010-03-01 20:46:01 +0100
love,2010-02-26 03:55:21 -0500
love,2010-02-25 20:13:50 +0100
love,2010-02-25 19:52:00 +0100
love,2010-02-24 21:35:21 +0100
love,2010-02-24 21:35:19 +0100
love,2010-02-24 21:34:55 +0100
love,2010-02-24 21:21:45 +0100
love,2010-02-24 20:47:56 +0100
love,2010-02-24 20:43:05 +0100
love,2010-02-24 20:40:59 +0100
love,2010-02-24 13:47:15 +0100
love,2010-02-24 12:01:43 +0100
love,2010-02-22 13:13:42 +0100
love,2010-02-22 13:13:09 +0100
love,2010-02-22 00:25:51 -0500
love,2010-02-21 14:07:26 +0100
love,2010-02-21 14:06:49 +0100
love,2010-02-20 18:19:16 +0100
love,2010-02-18 19:59:21 -0600
love,2010-02-16 16:45:02 +0100
love,2010-02-16 16:42:33 +0100
love,2010-02-16 16:05:24 +0100
love,2010-02-16 16:02:07 +0100
love,2010-02-14 19:14:07 +0100
love,2010-02-14 17:41:11 +0100
love,2010-02-14 11:16:56 +0100
love,2010-02-14 10:39:42 +0100
love,2010-02-14 10:09:21 +0100
love,2010-02-12 21:47:12 +0100
love,2010-02-12 21:25:50 +0100
love,2010-02-12 20:59:32 +0100
love,2010-02-12 20:25:06 +0100
love,2010-02-12 20:24:39 +0100
love,2010-02-09 15:18:27 -0500
love,2010-02-09 14:30:41 -0500
love,2010-02-09 13:21:25 -0500
love,2010-02-09 13:20:40 -0500
love,2010-02-09 12:39:05 -0500
love,2010-02-09 12:37:55 -0500
love,2010-02-07 15:45:11 +0100
love,2010-02-06 13:50:52 +0100
love,2010-02-06 12:40:15 +0100
love,2010-02-06 12:38:16 +0100
love,2010-02-03 20:51:42 +0100
love,2010-02-03 20:48:58 +0100
love,2010-02-03 20:22:18 +0100
love,2010-02-02 21:22:57 +0100
love,2010-02-02 21:22:00 +0100
love,2010-01-31 23:16:10 +0100
love,2010-01-31 19:28:46 +0100
love,2010-01-31 17:03:46 +0100
love,2010-01-31 16:54:47 +0100
love,2010-01-31 16:30:30 +0100
love,2010-01-31 15:38:29 +0100
love,2010-01-31 14:24:22 +0100
love,2010-01-31 13:51:56 +0100
love,2010-01-31 13:33:18 +0100
love,2010-01-31 13:02:15 +0100
love,2010-01-31 12:46:52 +0100
love,2010-01-31 11:52:54 +0100
love,2010-01-31 11:47:33 +0100
love,2010-01-21 19:47:28 +0100
love,2010-01-19 08:28:32 -0500
love,2010-01-19 08:27:12 -0500
love,2010-01-12 10:36:41 -0600
love,2009-12-27 17:38:51 +0100
love,2010-01-08 20:49:47 +0100
love,2010-01-07 20:36:14 +0100
love,2010-01-07 13:32:21 -0600
love,2010-01-07 19:51:22 +0100
love,2010-01-07 19:48:29 +0100
love,2010-01-06 09:34:45 -0600
love,2010-01-06 09:10:47 -0600
love,2010-01-06 09:07:30 -0600
love,2010-01-06 09:03:44 -0600
love,2010-01-06 08:50:41 -0600
love,2010-01-06 15:19:24 +0100
love,2010-01-06 15:16:48 +0100
love,2010-01-06 15:16:17 +0100
love,2010-01-05 13:44:34 -0600
love,2010-01-05 13:33:52 -0600
love,2010-01-04 20:18:51 -0600
love,2010-01-04 20:11:59 +0100
love,2010-01-04 20:02:36 +0100
love,2010-01-03 13:23:06 +0100
love,2010-01-03 13:20:32 +0100
love,2010-01-01 13:54:20 -0600
love,2010-01-01 19:34:56 +0100
love,2009-12-30 02:00:52 -0600
love,2009-12-30 01:54:50 -0600
love,2009-12-29 16:38:20 +0100
love,2009-12-21 19:45:06 +0100
love,2009-12-21 01:29:56 +0100
love,2009-12-14 13:11:01 -0600
love,2009-12-14 20:01:22 +0100
love,2009-12-14 19:51:31 +0100
love,2009-12-13 23:25:11 +0100
love,2009-12-13 20:21:55 +0100
love,2009-12-10 22:38:26 +0100
love,2009-12-05 16:29:33 -0600
love,2009-12-03 19:20:45 -0600
love,2009-12-03 19:13:35 -0600
love,2009-12-03 18:56:40 -0600
love,2009-12-02 16:06:01 +0100
love,2009-12-02 16:05:27 +0100
love,2009-11-30 22:55:30 +0100
love,2009-11-30 08:21:48 +0100
love,2009-11-29 13:40:37 +0100
love,2009-11-28 10:58:57 +0100
love,2009-11-28 10:58:23 +0100
love,2009-11-24 14:48:51 -0600
love,2009-11-23 12:34:08 -0600
love,2009-11-23 12:27:03 -0600
love,2009-11-23 18:30:38 +0100
love,2009-11-23 18:09:28 +0100
love,2009-11-22 16:42:34 -0600
love,2009-11-22 16:13:57 -0600
love,2009-11-22 22:19:00 +0100
love,2009-11-22 22:02:49 +0100
love,2009-11-22 22:01:28 +0100
love,2009-11-22 14:36:29 +0100
love,2009-11-22 14:36:00 +0100
love,2009-11-22 14:20:15 +0100
love,2009-11-22 13:53:07 +0100
love,2009-11-22 13:25:45 +0100
love,2009-11-22 13:19:13 +0100
love,2009-11-22 09:32:12 +0100
love,2009-11-12 22:36:47 +0100
love,2009-11-12 20:58:40 +0100
love,2009-11-11 20:52:59 +0100
love,2009-11-10 23:25:12 +0100
love,2009-11-10 20:24:29 +0100
love,2009-11-08 17:16:42 +0100
love,2009-11-08 17:02:21 +0100
love,2009-11-08 17:00:53 +0100
love,2009-11-08 16:59:18 +0100
love,2009-11-07 16:08:43 +0100
love,2009-11-07 14:41:35 +0100
love,2009-11-07 00:47:57 +0100
love,2009-11-06 17:28:27 +0100
love,2009-11-05 22:10:00 +0100
love,2009-11-02 23:00:08 +0100
love,2009-11-02 11:34:02 -0600
love,2009-11-02 10:56:55 -0600
love,2009-11-01 22:09:23 -0600
love,2009-10-31 00:15:13 +0100
love,2009-10-29 22:42:33 +0100
love,2009-10-29 22:36:17 +0100
love,2009-10-29 22:34:54 +0100
love,2009-10-28 18:14:32 +0100
love,2009-10-26 22:13:02 +0100
love,2009-10-25 13:05:36 +0100
love,2009-10-24 23:48:06 +0200
love,2009-10-23 13:41:50 +0200
love,2009-10-12 14:01:47 -0500
love,2009-10-11 17:16:00 +0200
love,2009-10-11 16:23:33 +0200
love,2009-10-10 14:55:25 +0200
love,2009-10-10 14:49:48 +0200
love,2009-10-10 11:11:04 +0200
love,2009-09-20 13:00:35 +0200
love,2009-09-20 05:14:17 -0500
love,2009-09-19 20:45:20 -0500
love,2009-09-19 19:59:23 -0500
love,2009-09-19 14:46:33 +0200
love,2009-09-14 21:47:08 +0200
love,2009-09-13 21:37:05 +0200
love,2009-09-13 10:15:23 +0200
love,2009-09-06 12:53:26 -0500
love,2009-09-06 11:29:17 -0500
love,2009-09-06 12:56:53 +0200
love,2009-09-06 02:43:18 -0500
love,2009-09-05 14:07:05 -0500
love,2009-09-05 16:14:52 +0200
love,2009-09-05 16:09:00 +0200
love,2009-09-05 16:13:32 +0300
love,2009-09-05 14:37:44 +0200
love,2009-09-05 15:31:05 +0300
love,2009-09-04 08:49:39 +0200
love,2009-09-04 01:36:26 -0500
love,2009-09-04 00:34:13 -0500
love,2009-09-02 20:42:55 -0500
love,2009-09-02 20:42:38 -0500
love,2009-09-02 22:47:11 +0200
love,2009-09-02 21:18:13 +0200
love,2009-09-01 19:52:20 +0200
love,2009-09-01 03:56:00 -0500
love,2009-08-31 16:29:27 -0500
love,2009-08-31 15:29:59 -0500
love,2009-08-31 15:24:15 -0500
love,2009-08-31 15:23:44 -0500
love,2009-08-31 22:15:10 +0200
love,2009-08-31 21:10:56 +0200
love,2009-08-30 20:20:22 +0200
love,2009-08-30 20:16:20 +0200
love,2009-08-30 12:43:22 -0500
love,2009-08-30 14:52:52 +0200
love,2009-08-30 14:12:49 +0200
love,2009-08-30 05:05:27 -0500
love,2009-08-30 04:33:54 -0500
love,2009-08-28 20:45:20 -0500
love,2009-08-27 22:03:41 -0500
love,2009-08-27 15:36:00 -0500
love,2009-08-27 14:10:28 -0500
love,2009-08-27 14:10:06 -0500
love,2009-08-27 13:55:19 -0500
love,2009-08-27 10:26:42 -0500
love,2009-08-27 10:26:28 -0500
love,2009-08-27 17:24:12 +0200
love,2009-08-27 15:03:00 +0200
love,2009-08-27 01:21:21 -0500
love,2009-08-26 17:48:29 -0500
love,2009-08-27 00:48:08 +0200
love,2009-08-27 00:21:29 +0200
love,2009-08-26 17:20:29 -0500
love,2009-08-26 15:43:41 -0500
love,2009-08-26 11:07:44 -0500
love,2009-08-26 17:20:23 +0200
love,2009-08-26 00:14:40 +0200
love,2009-08-25 22:22:55 +0200
love,2009-08-24 21:38:35 +0200
love,2009-08-24 21:38:23 +0200
love,2009-08-24 19:57:08 +0200
love,2009-08-21 16:31:19 +0200
love,2009-08-21 16:30:39 +0200
love,2009-08-20 22:58:25 +0200
love,2009-08-20 21:15:43 +0200
love,2009-08-20 21:14:06 +0200
love,2009-08-20 13:51:03 +0200
love,2009-08-18 19:00:21 +0200
love,2009-08-18 18:43:59 +0200
love,2009-08-17 23:35:04 +0200
love,2009-08-15 14:29:47 +0200
love,2009-08-15 12:48:32 +0200
love,2009-08-15 10:20:32 +0200
love,2009-08-15 01:27:27 +0200
love,2009-08-14 22:44:57 +0200
love,2009-08-14 20:12:40 +0200
love,2009-08-13 21:55:05 +0200
love,2009-08-13 21:38:55 +0200
love,2009-08-10 21:33:07 +0200
love,2009-08-09 21:08:55 +0200
love,2009-08-08 12:15:47 +0200
love,2009-08-06 21:19:01 +0200
love,2009-08-04 23:05:49 +0200
love,2009-08-04 21:13:32 +0200
love,2009-08-04 20:26:48 +0200
love,2009-08-04 19:57:14 +0200
love,2009-08-01 22:11:48 +0200
love,2009-07-31 16:18:52 +0200
love,2009-07-31 16:08:30 +0200
love,2009-07-30 21:43:00 +0200
love,2009-07-30 00:59:46 +0200
love,2009-07-30 00:37:43 +0200
love,2009-07-29 12:55:40 +0200
love,2009-07-28 20:22:48 +0200
love,2009-07-28 17:43:22 +0200
love,2009-07-28 17:21:29 +0200
love,2009-07-28 17:18:10 +0200
love,2009-07-28 17:01:25 +0200
love,2009-07-28 16:58:21 +0200
love,2009-07-27 15:17:54 +0200
love,2009-07-27 02:10:51 +0200
love,2009-07-27 00:37:40 +0200
love,2009-07-26 23:30:46 +0200
love,2009-07-26 23:25:11 +0200
love,2009-07-26 23:08:40 +0200
love,2009-07-26 23:05:26 +0200
love,2009-07-26 15:46:49 +0200
