repo,data_str
renpy,2026-09-25 22:35:05 -0400
renpy,2026-09-25 22:34:17 -0400
renpy,2026-09-25 22:31:34 -0400
renpy,2026-09-25 00:22:58 -0400
renpy,2026-09-24 21:18:05 -0400
renpy,2026-09-24 21:14:47 -0400
renpy,2026-09-24 20:40:29 -0400
renpy,2026-09-24 20:37:31 -0400
renpy,2026-09-24 20:11:05 -0400
renpy,2026-09-24 18:56:15 -0400
renpy,2026-09-24 14:00:47 -0400
renpy,2026-09-24 13:59:49 -0400
renpy,2026-09-24 12:56:07 -0400
renpy,2026-09-14 22:16:42 -0400
renpy,2026-09-14 22:09:59 -0400
renpy,2026-09-19 23:57:05 -0400
renpy,2026-09-17 20:44:53 -0400
renpy,2026-09-16 22:24:15 -0400
renpy,2026-09-15 18:29:51 -0700
renpy,2026-09-15 16:32:10 -0400
renpy,2026-09-13 20:45:10 -0400
renpy,2026-09-13 09:53:06 -0400
renpy,2026-09-13 09:52:48 -0400
renpy,2026-09-13 10:22:46 +0200
renpy,2026-09-12 23:17:40 -0400
renpy,2026-09-11 20:32:39 -0400
renpy,2026-09-11 10:50:14 -0700
renpy,2026-09-11 10:25:26 -0700
renpy,2026-09-11 08:40:45 -0400
renpy,2026-09-11 07:40:28 -0400
renpy,2026-09-11 07:28:57 -0400
renpy,2026-09-10 23:40:05 -0400
renpy,2026-09-10 17:59:04 -0400
renpy,2026-09-10 23:49:35 +0400
renpy,2026-09-10 23:46:58 +0400
renpy,2026-09-10 23:44:47 +0400
renpy,2026-09-10 15:20:45 -0400
renpy,2026-09-10 12:25:46 -0400
renpy,2026-09-10 12:13:36 -0400
renpy,2026-09-10 09:45:40 -0400
renpy,2026-09-10 17:39:18 +0700
renpy,2026-09-10 17:37:58 +0700
renpy,2026-09-09 22:58:56 -0400
renpy,2026-09-09 10:39:54 -0700
renpy,2026-09-09 10:31:45 -0700
renpy,2026-09-09 10:23:18 -0700
renpy,2026-09-08 14:25:47 -0700
renpy,2026-09-07 23:48:10 -0400
renpy,2026-09-07 17:40:58 -0400
renpy,2026-09-07 23:23:25 +0300
renpy,2026-09-07 13:49:22 -0400
renpy,2026-09-06 23:04:42 -0400
renpy,2026-09-06 23:04:28 -0400
renpy,2026-09-06 17:04:39 +0700
renpy,2026-09-06 16:56:12 +0700
renpy,2026-09-05 13:01:25 -0400
renpy,2026-09-05 13:00:27 -0400
renpy,2026-09-05 12:59:30 -0400
renpy,2026-09-05 10:24:49 -0400
renpy,2026-09-05 07:47:32 -0400
renpy,2026-09-05 07:37:49 -0400
renpy,2026-09-05 07:37:23 -0400
renpy,2026-09-05 07:04:31 -0400
renpy,2026-09-05 14:03:30 +0400
renpy,2026-09-05 13:31:49 +0400
renpy,2026-09-05 13:29:56 +0400
renpy,2026-09-05 13:28:17 +0400
renpy,2026-09-05 13:20:48 +0400
renpy,2026-09-05 10:10:38 +0400
renpy,2026-09-05 10:10:09 +0400
renpy,2026-09-05 09:23:48 +0400
renpy,2026-09-05 09:23:37 +0400
renpy,2026-09-04 22:28:23 -0400
renpy,2026-09-05 00:11:12 +0300
renpy,2026-09-04 13:19:29 +0400
renpy,2026-09-04 13:19:11 +0400
renpy,2026-09-04 13:19:11 +0400
renpy,2026-09-04 13:40:02 +0400
renpy,2026-09-04 13:16:29 +0400
renpy,2026-09-04 13:11:49 +0400
renpy,2026-09-03 12:54:57 +0400
renpy,2026-09-02 22:59:55 -0400
renpy,2026-09-02 08:45:30 -0400
renpy,2026-09-02 08:45:14 -0400
renpy,2026-09-02 08:44:30 -0400
renpy,2026-09-02 01:23:25 -0400
renpy,2026-09-02 00:39:06 -0400
renpy,2026-09-02 00:22:34 -0400
renpy,2026-09-01 19:50:57 -0400
renpy,2026-09-01 19:50:46 -0400
renpy,2026-09-01 15:27:30 -0400
renpy,2026-09-01 12:39:39 -0400
renpy,2026-09-01 09:55:57 -0400
renpy,2026-09-01 09:55:51 -0400
renpy,2026-09-01 09:55:15 -0400
renpy,2026-09-01 09:12:35 -0400
renpy,2026-09-01 08:30:15 -0400
renpy,2026-09-01 08:30:00 -0400
renpy,2026-09-01 08:29:38 -0400
renpy,2026-09-01 08:28:45 -0400
renpy,2026-09-01 08:27:27 -0400
renpy,2026-09-01 08:26:34 -0400
renpy,2026-09-01 08:19:03 -0400
renpy,2026-09-01 04:17:27 +0000
renpy,2026-09-01 00:14:12 -0400
renpy,2026-08-31 23:21:35 -0400
renpy,2026-08-31 22:46:37 -0400
renpy,2026-08-31 22:46:30 -0400
renpy,2026-08-31 22:31:21 -0400
renpy,2026-08-31 22:05:32 -0400
renpy,2026-08-31 20:33:13 -0400
renpy,2026-08-31 20:31:16 -0400
renpy,2026-08-31 19:41:34 -0400
renpy,2026-09-01 02:32:27 +0400
renpy,2026-09-01 02:10:52 +0400
renpy,2026-09-01 01:11:21 +0400
renpy,2026-09-01 01:10:06 +0400
renpy,2026-08-31 22:54:33 +0200
renpy,2026-08-31 22:46:27 +0200
renpy,2026-08-31 23:12:30 +0300
renpy,2026-08-31 23:07:17 +0300
renpy,2026-08-31 01:09:36 -0400
renpy,2026-08-30 23:28:40 -0400
renpy,2026-08-30 23:05:17 -0400
renpy,2026-08-30 22:42:14 -0400
renpy,2026-08-29 22:23:31 -0400
renpy,2026-08-29 21:11:16 -0400
renpy,2026-08-29 21:10:38 -0400
renpy,2026-08-30 00:36:59 +0300
renpy,2026-08-29 23:02:37 +0300
renpy,2026-08-29 23:04:43 +0400
renpy,2026-08-28 22:31:35 -0400
renpy,2026-08-28 22:30:51 -0400
renpy,2026-08-29 04:45:41 +0400
renpy,2026-08-28 23:10:17 +0400
renpy,2026-08-28 00:49:57 -0400
renpy,2026-08-27 23:57:43 -0400
renpy,2026-08-27 00:41:33 -0400
renpy,2026-08-27 00:15:55 -0400
renpy,2026-08-26 21:01:43 -0400
renpy,2026-08-25 21:45:35 -0400
renpy,2026-08-25 21:45:14 -0400
renpy,2026-08-25 21:37:27 -0400
renpy,2026-08-23 11:28:03 +0300
renpy,2026-08-25 11:52:29 +0300
renpy,2026-08-25 12:33:42 +0800
renpy,2026-08-25 05:39:44 +0400
renpy,2026-08-24 21:23:05 -0400
renpy,2026-08-24 21:22:37 -0400
renpy,2026-08-25 04:43:20 +0400
renpy,2026-08-24 19:18:08 +0400
renpy,2026-08-24 11:19:16 -0400
renpy,2026-08-24 19:18:08 +0400
renpy,2026-08-24 19:18:08 +0400
renpy,2026-08-24 14:54:18 +0300
renpy,2026-08-24 04:30:16 -0400
renpy,2026-08-23 21:49:12 -0400
renpy,2026-08-24 05:05:52 +0400
renpy,2026-08-24 00:43:57 +0200
renpy,2026-08-23 04:30:16 -0400
renpy,2026-08-23 09:21:06 +0300
renpy,2026-08-23 01:06:01 -0400
renpy,2026-08-22 23:29:29 -0400
renpy,2026-08-22 21:47:11 +0200
renpy,2026-08-22 22:37:16 +0300
renpy,2026-08-21 23:11:34 -0400
renpy,2026-08-21 23:09:39 -0400
renpy,2026-08-21 13:39:50 +0200
renpy,2026-08-21 12:38:58 +0200
renpy,2026-08-20 23:51:44 -0400
renpy,2026-08-19 02:43:30 -0400
renpy,2026-08-19 01:09:12 -0400
renpy,2026-08-19 00:21:19 -0400
renpy,2026-08-18 23:45:49 -0400
renpy,2026-08-18 23:37:29 -0400
renpy,2026-08-18 08:17:58 -0400
renpy,2026-08-18 07:21:05 -0400
renpy,2026-08-15 13:13:07 +0800
renpy,2026-08-15 13:08:15 +0800
renpy,2026-08-15 10:28:37 +0800
renpy,2026-08-15 08:56:12 +0800
renpy,2026-08-18 04:10:03 +0000
renpy,2026-08-17 22:42:02 -0400
renpy,2026-08-17 22:41:47 -0400
renpy,2026-08-17 12:15:18 -0400
renpy,2026-08-17 10:09:21 -0400
renpy,2026-08-17 07:51:58 -0400
renpy,2026-08-17 00:39:46 -0400
renpy,2026-08-17 00:11:15 -0400
renpy,2026-08-17 11:53:06 +0800
renpy,2026-08-16 21:00:29 -0400
renpy,2026-08-16 20:44:41 -0400
renpy,2026-08-16 20:10:40 -0400
renpy,2026-08-16 20:10:26 -0400
renpy,2026-08-16 20:09:59 -0400
renpy,2026-08-15 16:56:31 -0400
renpy,2026-08-16 17:34:38 -0400
renpy,2026-08-16 15:08:08 -0400
renpy,2026-08-16 19:54:15 +0800
renpy,2026-08-16 15:36:42 +0400
renpy,2026-08-16 03:16:42 +0000
renpy,2026-08-15 23:14:57 -0400
renpy,2026-08-15 23:14:37 -0400
renpy,2026-08-15 22:47:11 -0400
renpy,2026-08-15 16:18:10 -0400
renpy,2026-08-15 14:26:46 -0400
renpy,2026-08-15 13:39:48 -0400
renpy,2026-08-14 23:26:59 -0400
renpy,2026-08-14 20:13:01 +0800
renpy,2026-08-14 16:17:07 -0400
renpy,2026-08-14 11:40:57 -0700
renpy,2026-08-14 01:17:12 -0400
renpy,2026-08-14 00:05:53 -0400
renpy,2026-08-13 23:23:21 -0400
renpy,2026-08-13 22:42:41 -0400
renpy,2026-08-13 22:39:46 -0400
renpy,2026-08-13 22:36:48 -0400
renpy,2026-08-13 22:29:41 -0400
renpy,2026-08-12 21:52:55 +0800
renpy,2026-08-12 21:21:49 +0800
renpy,2026-08-13 02:59:23 -0400
renpy,2026-08-12 22:25:15 -0400
renpy,2026-08-13 08:04:44 +0900
renpy,2026-08-12 15:32:04 -0400
renpy,2026-08-12 14:11:29 -0400
renpy,2026-08-12 13:32:13 -0400
renpy,2026-08-12 19:19:53 +0200
renpy,2026-08-12 11:38:58 -0400
renpy,2026-08-12 10:11:30 -0400
renpy,2026-08-12 10:08:46 -0400
renpy,2026-08-12 10:08:02 -0400
renpy,2026-08-11 22:57:25 -0400
renpy,2026-08-11 22:45:38 -0400
renpy,2026-08-10 01:36:01 -0400
renpy,2026-08-11 22:58:58 -0400
renpy,2026-08-11 04:11:36 +0000
renpy,2026-08-10 23:49:31 -0400
renpy,2026-08-10 20:28:39 -0400
renpy,2026-08-10 20:28:06 -0400
renpy,2026-08-11 02:43:24 +0400
renpy,2026-08-11 02:35:49 +0400
renpy,2026-08-10 22:56:24 +0400
renpy,2026-08-10 13:14:48 -0400
renpy,2026-08-10 11:11:54 -0400
renpy,2026-08-10 10:00:01 -0400
renpy,2026-08-10 08:50:32 -0400
renpy,2026-08-10 08:46:36 -0400
renpy,2026-08-10 07:37:13 -0400
renpy,2026-08-10 04:15:59 +0000
renpy,2026-08-09 21:35:05 -0400
renpy,2026-08-09 21:34:23 -0400
renpy,2026-08-09 19:41:01 -0400
renpy,2026-08-09 19:21:19 -0400
renpy,2026-08-09 18:20:00 -0400
renpy,2026-08-09 13:42:34 -0400
renpy,2026-08-09 11:35:00 -0400
renpy,2026-08-09 09:05:46 -0400
renpy,2026-08-09 15:21:05 +0400
renpy,2026-08-09 15:07:13 +0400
renpy,2026-08-09 14:31:21 +0400
renpy,2026-08-09 13:57:26 +0400
renpy,2026-08-09 01:23:53 -0400
renpy,2026-08-08 23:51:41 -0400
renpy,2026-08-08 12:00:35 -0400
renpy,2026-08-08 11:06:56 -0400
renpy,2026-08-08 01:53:56 -0400
renpy,2026-08-08 01:45:59 -0400
renpy,2026-08-08 01:08:31 -0400
renpy,2026-08-08 00:34:14 -0400
renpy,2026-08-08 00:04:21 -0400
renpy,2026-08-07 23:55:20 -0400
renpy,2026-08-07 23:23:52 -0400
renpy,2026-08-07 23:18:01 -0400
renpy,2026-08-07 22:46:49 -0400
renpy,2026-08-07 21:47:07 -0400
renpy,2026-08-07 20:36:10 -0400
renpy,2026-08-07 19:44:59 -0400
renpy,2026-08-07 19:40:47 -0400
renpy,2026-08-07 19:39:54 -0400
renpy,2026-08-07 15:43:48 -0400
renpy,2026-08-07 15:23:24 -0400
renpy,2026-08-07 09:37:55 +0400
renpy,2026-08-06 22:24:22 -0400
renpy,2026-08-04 21:02:42 -0400
renpy,2026-08-06 22:24:22 -0400
renpy,2026-08-06 20:02:18 -0400
renpy,2026-08-06 18:44:10 -0400
renpy,2026-08-06 16:10:33 -0400
renpy,2026-08-06 14:30:55 +0400
renpy,2026-08-06 10:24:35 +0400
renpy,2026-08-06 10:00:02 +0400
renpy,2026-08-05 23:47:12 -0400
renpy,2026-08-05 21:20:24 -0400
renpy,2026-08-06 05:02:25 +0400
renpy,2026-08-05 14:10:17 -0400
renpy,2026-08-05 14:08:24 -0400
renpy,2026-08-05 13:53:34 -0400
renpy,2026-08-04 00:48:18 -0400
renpy,2026-08-05 18:50:27 +0800
renpy,2026-08-05 09:52:36 +0400
renpy,2026-08-05 09:52:36 +0400
renpy,2026-08-05 09:52:36 +0400
renpy,2026-08-05 00:14:18 -0400
renpy,2026-08-04 23:13:49 -0400
renpy,2026-08-04 23:37:42 -0400
renpy,2026-08-04 23:13:49 -0400
renpy,2026-08-04 21:02:42 -0400
renpy,2026-08-04 00:14:50 -0400
renpy,2026-08-04 04:10:40 +0000
renpy,2026-08-03 23:07:19 -0400
renpy,2026-08-03 22:38:38 -0400
renpy,2026-08-04 04:43:29 +0800
renpy,2026-08-04 03:09:44 +0800
renpy,2026-08-02 23:54:26 -0400
renpy,2026-08-02 22:23:56 -0400
renpy,2026-08-02 00:47:13 -0400
renpy,2026-08-01 23:51:33 -0400
renpy,2026-08-02 00:44:59 -0400
renpy,2026-08-02 00:43:36 -0400
renpy,2026-08-02 00:34:33 -0400
renpy,2026-08-01 23:51:33 -0400
renpy,2026-08-01 22:25:16 -0400
renpy,2026-08-02 03:23:26 +0400
renpy,2026-08-01 10:17:09 -0400
renpy,2026-08-01 10:16:23 -0400
renpy,2026-08-01 04:30:46 -0400
renpy,2026-08-01 00:06:57 -0400
renpy,2026-08-01 00:06:28 -0400
renpy,2026-08-01 00:04:30 -0400
renpy,2026-08-01 00:03:15 -0400
renpy,2026-08-01 00:00:40 -0400
renpy,2026-07-31 23:10:32 -0400
renpy,2026-07-31 23:10:32 -0400
renpy,2026-07-31 04:30:06 -0400
renpy,2026-07-27 23:36:48 -0400
renpy,2026-07-28 22:51:08 -0400
renpy,2026-07-31 00:25:45 +0400
renpy,2026-07-29 21:38:23 -0400
renpy,2026-07-28 22:51:08 -0400
renpy,2026-07-29 06:41:47 +0400
renpy,2026-07-29 06:41:19 +0400
renpy,2026-07-29 06:17:23 +0400
renpy,2026-07-27 08:23:08 +0400
renpy,2026-07-27 08:23:07 +0400
renpy,2026-07-27 08:23:08 +0400
renpy,2026-07-27 08:23:08 +0400
renpy,2026-07-27 08:23:08 +0400
renpy,2026-07-27 08:23:08 +0400
renpy,2026-07-27 08:23:08 +0400
renpy,2026-07-27 08:23:07 +0400
renpy,2026-07-27 08:23:07 +0400
renpy,2026-07-27 08:23:08 +0400
renpy,2026-07-27 08:23:07 +0400
renpy,2026-07-27 08:23:07 +0400
renpy,2026-07-27 23:39:24 -0400
renpy,2026-07-27 23:36:48 -0400
renpy,2026-07-27 19:30:02 -0400
renpy,2026-07-27 08:22:50 +0400
renpy,2026-07-27 00:02:12 -0400
renpy,2026-07-26 23:52:47 -0400
renpy,2026-07-27 07:58:03 +0400
renpy,2026-07-26 01:58:06 -0400
renpy,2026-07-25 23:51:01 -0400
renpy,2026-07-25 22:53:15 -0400
renpy,2026-07-25 09:42:35 -0400
renpy,2026-07-25 09:42:22 -0400
renpy,2026-07-25 09:30:38 -0400
renpy,2026-07-25 16:44:21 +0400
renpy,2026-07-24 22:39:30 -0400
renpy,2026-07-24 22:38:20 -0400
renpy,2026-07-24 21:49:10 -0400
renpy,2026-07-24 22:53:13 +0400
renpy,2026-07-24 10:08:53 -0400
renpy,2026-07-24 08:32:48 +0000
renpy,2026-07-24 04:30:51 -0400
renpy,2026-07-24 11:20:27 +0400
renpy,2026-07-24 11:02:37 +0400
renpy,2026-07-24 10:54:23 +0400
renpy,2026-07-24 10:46:08 +0400
renpy,2026-07-24 09:45:51 +0400
renpy,2026-07-23 22:52:50 -0400
renpy,2026-07-23 20:05:12 -0400
renpy,2026-07-23 19:45:39 -0400
renpy,2026-07-21 22:54:31 -0400
renpy,2026-07-21 22:04:18 +0200
renpy,2026-07-13 13:06:05 +0800
renpy,2026-07-20 23:26:08 -0400
renpy,2026-07-20 01:31:54 -0400
renpy,2026-07-20 04:16:17 +0000
renpy,2026-07-19 22:27:01 -0400
renpy,2026-07-19 06:04:02 +0200
renpy,2026-07-19 08:02:03 +0400
renpy,2026-07-19 06:01:28 +0400
renpy,2026-07-19 04:10:52 +0400
renpy,2026-07-19 04:10:33 +0400
renpy,2026-07-19 02:34:51 +0400
renpy,2026-07-19 02:19:55 +0400
renpy,2026-07-19 00:45:31 +0400
renpy,2026-07-19 00:26:46 +0400
renpy,2026-07-18 01:04:57 -0400
renpy,2026-07-17 04:30:07 -0400
renpy,2026-07-16 22:10:19 -0400
renpy,2026-07-16 22:09:34 -0400
renpy,2026-07-16 01:40:29 -0400
renpy,2026-07-16 00:43:58 -0400
renpy,2026-07-15 23:17:01 -0400
renpy,2026-07-15 23:04:57 -0400
renpy,2026-07-15 22:01:03 -0400
renpy,2026-07-14 22:11:58 -0400
renpy,2026-07-13 23:40:04 -0400
renpy,2026-07-13 04:15:56 +0000
renpy,2026-07-12 22:14:11 -0400
renpy,2026-07-12 08:27:21 -0400
renpy,2026-07-11 17:18:23 -0400
renpy,2026-07-11 16:05:46 -0400
renpy,2026-07-11 15:48:39 -0400
renpy,2026-07-11 15:45:09 -0400
renpy,2026-07-11 15:44:49 -0400
renpy,2026-07-11 15:44:12 -0400
renpy,2026-07-11 14:38:46 -0400
renpy,2026-07-11 14:22:53 -0400
renpy,2026-07-11 13:28:26 -0400
renpy,2026-07-11 13:27:26 -0400
renpy,2026-07-11 13:26:13 -0400
renpy,2026-07-11 00:04:32 -0400
renpy,2026-07-10 22:35:33 -0400
renpy,2026-07-09 17:34:16 -0400
renpy,2026-07-09 17:33:32 -0400
renpy,2026-07-08 23:01:44 -0400
renpy,2026-07-08 10:01:16 -0400
renpy,2026-07-07 22:23:52 -0400
renpy,2026-07-07 20:25:34 +0400
renpy,2026-07-07 19:49:42 +0400
renpy,2026-07-07 08:11:43 +0400
renpy,2026-07-06 23:52:48 -0400
renpy,2026-07-06 23:10:15 -0400
renpy,2026-07-06 23:09:59 -0400
renpy,2026-07-06 23:02:22 -0400
renpy,2026-07-07 05:42:22 +0400
renpy,2026-07-07 05:36:50 +0400
renpy,2026-07-07 04:11:02 +0400
renpy,2026-07-07 04:00:26 +0400
renpy,2026-07-05 18:54:25 -0400
renpy,2026-07-05 00:57:27 -0400
renpy,2026-07-04 23:43:45 -0400
renpy,2026-07-04 22:45:45 -0400
renpy,2026-07-03 23:43:24 -0400
renpy,2026-07-03 16:45:40 -0400
renpy,2026-07-03 16:41:21 -0400
renpy,2026-07-03 15:59:31 -0400
renpy,2026-07-03 08:00:38 -0400
renpy,2026-07-03 02:18:55 -0400
renpy,2026-07-03 02:18:39 -0400
renpy,2026-07-03 00:57:31 -0400
renpy,2026-07-03 00:15:54 -0400
renpy,2026-07-02 23:51:03 -0400
renpy,2026-07-02 08:09:56 -0400
renpy,2026-07-02 02:15:03 -0400
renpy,2026-07-02 01:50:33 -0400
renpy,2026-07-02 00:45:43 -0400
renpy,2026-07-01 23:57:41 -0400
renpy,2026-07-01 23:56:58 -0400
renpy,2026-07-01 23:43:14 -0400
renpy,2026-07-01 23:42:16 -0400
renpy,2026-06-30 23:22:38 -0400
renpy,2026-07-01 21:06:39 -0400
renpy,2026-07-01 21:05:47 -0400
renpy,2026-07-02 00:53:48 +0500
renpy,2026-06-27 10:53:36 -0400
renpy,2026-06-27 10:50:39 -0400
renpy,2026-06-24 22:28:26 -0400
renpy,2026-06-24 01:31:26 -0400
renpy,2026-06-23 23:09:52 +0700
renpy,2026-06-21 22:44:37 -0400
renpy,2026-06-21 11:30:34 +0700
renpy,2026-06-21 04:18:13 +0000
renpy,2026-06-21 10:58:53 +0700
renpy,2026-06-21 10:29:40 +0700
renpy,2026-06-20 23:22:49 +0700
renpy,2026-06-20 23:04:26 +0700
renpy,2026-06-20 21:04:34 +0700
renpy,2026-06-20 01:46:18 -0400
renpy,2026-06-19 08:53:42 -0400
renpy,2026-06-19 04:30:36 -0400
renpy,2026-06-19 02:02:33 -0400
renpy,2026-06-19 02:00:51 -0400
renpy,2026-06-19 07:41:54 +0400
renpy,2026-06-19 07:37:59 +0400
renpy,2026-06-19 07:00:56 +0400
renpy,2026-06-18 22:56:13 -0400
renpy,2026-06-18 22:49:45 -0400
renpy,2026-06-19 06:47:57 +0400
renpy,2026-06-18 00:22:26 -0400
renpy,2026-06-18 00:06:13 -0400
renpy,2026-06-17 23:11:45 -0400
renpy,2026-06-17 22:45:20 -0400
renpy,2026-06-15 23:56:48 -0400
renpy,2026-06-15 01:28:07 -0400
renpy,2026-06-14 23:42:15 -0400
renpy,2026-06-14 23:15:49 -0400
renpy,2026-06-14 16:09:10 -0400
renpy,2026-06-14 00:03:52 -0400
renpy,2026-06-13 22:21:27 -0400
renpy,2026-06-13 18:30:56 -0400
renpy,2026-06-13 13:36:46 -0400
renpy,2026-06-13 04:30:08 -0400
renpy,2026-06-12 22:12:52 -0400
renpy,2026-06-12 08:11:38 -0400
renpy,2026-06-12 08:04:00 -0400
renpy,2026-06-11 00:17:50 -0400
renpy,2026-06-11 05:10:41 +0400
renpy,2026-06-11 05:10:07 +0400
renpy,2026-06-10 04:30:03 -0400
renpy,2026-06-10 00:56:19 -0400
renpy,2026-06-06 23:50:37 -0400
renpy,2026-06-05 09:35:30 -0400
renpy,2026-06-05 07:06:06 -0400
renpy,2025-10-31 08:55:35 +0100
renpy,2026-06-04 00:57:56 -0400
renpy,2026-06-03 22:51:43 -0400
renpy,2026-06-02 23:00:42 -0400
renpy,2026-06-02 22:53:04 -0400
renpy,2026-05-11 18:06:12 -0400
renpy,2026-05-11 17:07:39 -0400
renpy,2026-05-28 22:09:33 +0400
renpy,2026-06-05 07:06:06 -0400
renpy,2026-06-05 00:40:08 -0400
renpy,2026-06-04 00:57:56 -0400
renpy,2026-06-03 22:51:43 -0400
renpy,2026-06-03 04:30:53 -0400
renpy,2026-06-02 23:00:42 -0400
renpy,2026-06-02 22:53:04 -0400
renpy,2026-06-01 22:07:50 -0400
renpy,2026-05-31 21:21:33 -0400
renpy,2026-05-30 23:51:42 -0400
renpy,2026-05-29 04:30:53 -0400
renpy,2026-05-28 22:09:33 +0400
renpy,2026-05-27 22:46:36 -0400
renpy,2026-05-27 04:30:53 -0400
renpy,2026-05-26 22:27:44 -0400
renpy,2026-05-25 16:37:38 -0400
renpy,2026-05-25 00:00:09 -0400
renpy,2026-05-24 23:23:06 -0400
renpy,2026-05-24 21:23:01 -0400
renpy,2026-05-24 17:29:27 -0400
renpy,2026-05-23 22:36:43 -0400
renpy,2026-05-21 22:42:40 -0400
renpy,2026-05-21 00:33:29 -0400
renpy,2026-05-20 23:04:39 -0400
renpy,2026-05-22 22:15:11 -0400
renpy,2026-05-22 17:50:09 -0400
renpy,2026-05-22 16:22:06 -0400
renpy,2026-05-21 22:42:40 -0400
renpy,2026-05-19 22:24:12 +0000
renpy,2026-05-21 22:13:51 -0400
renpy,2026-05-21 00:33:29 -0400
renpy,2026-05-20 23:04:39 -0400
renpy,2026-05-19 23:01:05 -0400
renpy,2026-05-18 22:27:36 -0400
renpy,2026-05-19 23:01:05 -0400
renpy,2026-05-19 22:24:12 +0000
renpy,2026-05-19 14:52:22 -0700
renpy,2026-05-20 01:48:23 +0400
renpy,2026-05-19 23:40:49 +0400
renpy,2026-05-19 23:08:15 +0400
renpy,2026-05-18 22:27:36 -0400
renpy,2026-05-17 09:45:24 -0400
renpy,2026-05-16 09:13:59 -0400
renpy,2026-05-16 09:13:59 -0400
renpy,2026-05-16 04:30:33 -0400
renpy,2026-05-15 21:14:41 -0400
renpy,2026-05-15 20:55:24 -0400
renpy,2026-05-15 20:54:38 -0400
renpy,2026-05-15 20:49:55 +0800
renpy,2026-05-15 20:49:55 +0800
renpy,2026-05-15 04:30:33 -0400
renpy,2026-05-14 22:32:34 -0400
renpy,2026-05-14 04:30:31 -0400
renpy,2026-05-13 23:08:51 -0400
renpy,2026-05-13 23:06:07 -0400
renpy,2026-05-13 22:54:49 -0400
renpy,2026-05-13 01:06:13 -0400
renpy,2026-05-13 01:06:13 -0400
renpy,2026-05-12 22:32:52 -0400
renpy,2026-05-12 06:08:56 -0400
renpy,2026-05-12 01:05:09 -0400
renpy,2026-05-12 22:16:42 -0400
renpy,2026-05-03 19:31:19 -0400
renpy,2026-05-12 22:32:52 -0400
renpy,2026-05-12 22:27:38 -0400
renpy,2026-05-12 22:16:42 -0400
renpy,2026-05-12 06:08:56 -0400
renpy,2026-05-12 04:30:31 -0400
renpy,2026-05-12 01:05:09 -0400
renpy,2026-05-11 22:21:19 -0400
renpy,2026-05-11 18:06:12 -0400
renpy,2026-05-11 17:07:39 -0400
renpy,2026-05-11 04:30:31 -0400
renpy,2026-05-10 19:19:19 -0400
renpy,2026-05-10 19:00:08 -0400
renpy,2026-05-10 15:46:08 -0400
renpy,2026-05-10 14:56:05 -0400
renpy,2026-05-10 10:48:19 -0400
renpy,2026-05-10 04:30:31 -0400
renpy,2026-05-10 11:21:20 +0400
renpy,2026-05-10 11:19:20 +0400
renpy,2026-05-09 23:28:49 -0400
renpy,2026-05-09 04:30:31 -0400
renpy,2026-05-08 23:15:45 -0400
renpy,2026-05-08 04:30:31 -0400
renpy,2026-05-08 01:38:35 -0400
renpy,2026-05-07 23:56:43 -0400
renpy,2026-05-07 04:30:31 -0400
renpy,2026-05-06 23:19:37 -0400
renpy,2026-05-06 22:01:07 -0400
renpy,2026-05-06 04:30:18 -0400
renpy,2026-05-05 22:54:02 -0400
renpy,2026-05-05 22:09:31 -0400
renpy,2026-05-05 04:30:18 -0400
renpy,2026-05-04 23:31:06 -0400
renpy,2026-05-04 23:27:33 -0400
renpy,2026-05-04 23:26:23 -0400
renpy,2026-05-04 03:37:02 +0400
renpy,2026-05-04 03:35:36 +0400
renpy,2026-05-04 03:32:29 +0400
renpy,2026-05-02 21:45:03 -0400
renpy,2026-05-02 20:44:46 -0400
renpy,2026-05-02 21:09:22 +0200
renpy,2026-05-02 21:01:00 +0200
renpy,2026-05-02 04:30:16 -0400
renpy,2026-05-01 23:22:15 -0400
renpy,2026-05-01 04:30:18 -0400
renpy,2026-04-30 23:08:40 -0400
renpy,2026-05-01 02:22:30 +0200
renpy,2026-04-30 19:02:36 -0400
renpy,2026-04-30 09:50:28 -0400
renpy,2026-04-30 09:49:35 -0400
renpy,2026-04-30 04:30:31 -0400
renpy,2026-04-29 20:04:49 +0200
renpy,2026-04-29 19:59:36 +0200
renpy,2026-04-29 08:27:04 -0400
renpy,2026-04-29 04:30:49 -0400
renpy,2026-04-29 00:53:27 -0400
renpy,2026-04-28 22:04:02 -0400
renpy,2026-04-28 04:30:49 -0400
renpy,2026-04-28 01:18:35 -0400
renpy,2026-04-28 01:12:40 -0400
renpy,2026-04-27 23:10:03 -0400
renpy,2026-04-27 04:30:48 -0400
renpy,2026-04-26 23:06:04 -0400
renpy,2026-04-26 04:30:49 -0400
renpy,2026-04-25 23:17:43 -0400
renpy,2026-04-26 02:33:34 +0400
renpy,2026-04-16 23:11:14 -0400
renpy,2026-04-25 04:30:49 -0400
renpy,2026-04-24 22:52:45 -0400
renpy,2026-04-24 04:30:49 -0400
renpy,2026-04-23 22:16:12 -0400
renpy,2026-04-23 21:59:02 -0400
renpy,2026-04-23 16:08:29 +0200
renpy,2026-04-23 08:48:31 -0400
renpy,2026-04-23 08:46:34 -0400
renpy,2026-04-22 23:31:44 -0400
renpy,2026-04-22 23:22:06 -0400
renpy,2026-04-22 23:11:10 -0400
renpy,2026-04-21 23:08:59 -0400
renpy,2026-04-21 23:01:33 -0400
renpy,2026-04-21 22:58:56 -0400
renpy,2026-04-21 23:08:59 -0400
renpy,2026-04-21 23:01:33 -0400
renpy,2026-04-21 22:58:56 -0400
renpy,2026-04-20 22:28:51 -0400
renpy,2026-04-19 22:31:19 -0400
renpy,2026-04-19 22:25:22 -0400
renpy,2026-04-19 18:21:05 -0400
renpy,2026-04-18 23:04:36 -0400
renpy,2026-04-19 19:01:51 +0330
renpy,2026-04-19 19:01:23 +0330
renpy,2026-04-18 23:04:36 -0400
renpy,2026-04-18 17:51:27 -0700
renpy,2026-04-18 00:57:32 -0400
renpy,2026-04-16 23:11:14 -0400
renpy,2026-04-15 22:39:38 -0400
renpy,2026-04-14 09:20:41 -0400
renpy,2026-04-14 08:30:29 -0400
renpy,2026-04-13 21:58:57 -0400
renpy,2026-04-13 21:57:28 -0400
renpy,2026-04-12 21:59:57 -0400
renpy,2026-04-11 23:39:10 -0400
renpy,2026-04-11 23:23:15 -0400
renpy,2026-04-10 23:51:12 -0400
renpy,2026-04-10 23:20:39 -0400
renpy,2026-04-10 22:22:17 -0400
renpy,2026-04-10 21:06:38 -0400
renpy,2026-04-14 08:30:29 -0400
renpy,2026-04-14 04:29:19 +0000
renpy,2026-04-13 21:58:57 -0400
renpy,2026-04-13 21:57:28 -0400
renpy,2026-04-12 21:59:57 -0400
renpy,2026-04-11 23:39:10 -0400
renpy,2026-04-11 23:23:15 -0400
renpy,2026-04-10 23:51:12 -0400
renpy,2026-04-10 23:20:39 -0400
renpy,2026-04-10 22:22:17 -0400
renpy,2026-04-10 21:06:38 -0400
renpy,2026-04-10 04:30:28 -0400
renpy,2026-04-10 00:59:37 -0400
renpy,2026-04-09 22:57:25 -0400
renpy,2026-04-09 04:30:29 -0400
renpy,2026-04-08 22:24:59 -0400
renpy,2026-04-08 20:51:21 -0400
renpy,2026-04-08 20:50:48 -0400
renpy,2026-04-08 20:50:00 -0400
renpy,2026-04-07 23:01:46 -0400
renpy,2026-04-07 22:44:55 -0400
renpy,2026-03-27 22:44:37 -0700
renpy,2026-04-07 00:07:30 -0400
renpy,2026-04-06 10:24:28 -0400
renpy,2026-04-06 09:56:27 -0400
renpy,2026-04-05 23:40:34 -0400
renpy,2026-04-06 03:23:40 +0400
renpy,2026-04-05 15:04:33 -0400
renpy,2026-04-05 09:11:34 -0700
renpy,2026-04-04 21:49:34 -0400
renpy,2026-04-04 20:05:42 -0400
renpy,2026-04-03 19:17:14 +0200
renpy,2026-04-03 00:13:58 -0400
renpy,2026-04-02 23:06:02 -0400
renpy,2026-03-29 20:09:00 +0200
renpy,2026-04-04 20:05:42 -0400
renpy,2026-04-04 19:56:42 -0400
renpy,2026-04-04 04:30:12 -0400
renpy,2026-04-03 22:20:12 -0400
renpy,2026-04-04 01:41:33 +0400
renpy,2026-04-03 19:17:14 +0200
renpy,2026-04-03 00:13:58 -0400
renpy,2026-04-02 23:41:36 -0400
renpy,2026-04-02 23:06:02 -0400
renpy,2026-04-02 22:23:05 -0400
renpy,2026-04-02 09:16:06 -0400
renpy,2026-04-02 09:12:20 -0400
renpy,2026-04-02 08:46:26 -0400
renpy,2026-04-02 07:59:59 -0400
renpy,2026-04-02 01:30:40 -0400
renpy,2026-04-02 01:01:16 -0400
renpy,2026-04-02 00:47:40 -0400
renpy,2026-04-01 20:53:22 -0400
renpy,2026-04-01 20:46:51 -0400
renpy,2026-04-01 04:30:14 -0400
renpy,2026-04-01 07:06:31 +0000
renpy,2026-04-01 06:54:35 +0000
renpy,2026-04-01 06:46:20 +0000
renpy,2026-04-01 01:43:18 -0400
renpy,2026-03-31 23:32:55 -0400
renpy,2026-03-31 23:20:54 -0400
renpy,2026-03-31 23:18:03 -0400
renpy,2026-03-29 20:47:22 -0700
renpy,2026-03-30 23:35:29 -0400
renpy,2026-03-30 22:25:55 -0400
renpy,2026-03-31 01:56:38 +0000
renpy,2026-03-31 01:21:36 +0000
renpy,2026-03-31 01:07:39 +0000
renpy,2026-03-30 19:44:39 +0000
renpy,2026-03-29 20:47:22 -0700
renpy,2026-03-29 23:15:53 -0400
renpy,2026-03-29 23:07:13 -0400
renpy,2026-03-29 23:06:44 -0400
renpy,2026-03-29 23:01:23 -0400
renpy,2026-03-29 20:09:00 +0200
renpy,2026-03-29 10:25:27 -0700
renpy,2026-03-29 04:30:40 -0400
renpy,2026-03-28 23:01:43 -0400
renpy,2026-03-28 22:30:54 -0400
renpy,2026-03-28 04:30:40 -0400
renpy,2026-03-27 22:44:37 -0700
renpy,2026-03-27 20:50:16 -0400
renpy,2026-03-27 04:30:41 -0400
renpy,2026-03-26 22:59:49 -0400
renpy,2026-03-26 21:54:49 -0400
renpy,2026-03-25 22:36:18 -0400
renpy,2026-03-25 04:30:41 -0400
renpy,2026-03-24 22:39:30 -0400
renpy,2026-03-24 04:30:40 -0400
renpy,2026-03-23 22:44:40 -0400
renpy,2026-03-23 04:30:40 -0400
renpy,2026-03-22 22:55:51 -0400
renpy,2026-03-22 04:30:48 -0400
renpy,2026-03-21 22:53:13 -0400
renpy,2026-03-21 20:41:03 -0400
renpy,2026-03-21 04:30:48 -0400
renpy,2026-03-20 23:09:09 -0400
renpy,2026-03-20 04:30:48 -0400
renpy,2026-03-19 09:02:07 -0400
renpy,2026-03-19 09:00:42 -0400
renpy,2026-03-19 04:30:48 -0400
renpy,2026-03-18 23:38:11 -0400
renpy,2026-03-17 23:55:15 -0400
renpy,2026-03-17 23:53:01 -0400
renpy,2026-03-17 19:24:10 +0000
renpy,2026-03-17 04:30:28 -0400
renpy,2026-03-17 00:51:09 -0400
renpy,2026-03-16 22:15:53 -0400
renpy,2026-03-16 21:53:09 -0400
renpy,2026-03-16 04:30:27 -0400
renpy,2026-03-15 22:43:13 -0400
renpy,2026-03-15 04:30:27 -0400
renpy,2026-03-14 21:31:40 -0400
renpy,2026-03-14 20:44:41 -0400
renpy,2026-03-14 07:32:25 -0700
renpy,2026-03-14 04:30:28 -0400
renpy,2026-03-13 20:54:42 -0400
renpy,2026-03-13 20:54:42 -0400
renpy,2026-03-13 20:49:42 -0400
renpy,2026-03-12 20:23:53 -0400
renpy,2026-03-12 04:30:28 -0400
renpy,2026-03-11 20:19:59 -0400
renpy,2026-03-10 22:28:36 -0400
renpy,2026-03-10 22:28:36 -0400
renpy,2026-03-10 04:30:17 -0400
renpy,2026-03-09 22:01:07 -0400
renpy,2026-03-09 22:00:51 -0400
renpy,2026-03-09 21:59:23 -0400
renpy,2026-03-09 13:06:47 +0000
renpy,2026-03-09 04:30:17 -0400
renpy,2026-03-09 02:25:08 -0300
renpy,2026-03-08 23:17:20 -0400
renpy,2026-03-08 10:58:53 -0700
renpy,2026-03-08 04:30:32 -0400
renpy,2026-03-07 21:32:39 -0500
renpy,2026-03-07 09:01:10 +0400
renpy,2026-03-06 21:53:10 -0500
renpy,2026-03-05 21:11:08 -0500
renpy,2026-03-05 21:10:27 -0500
renpy,2026-03-06 00:16:45 +0700
renpy,2026-03-05 04:30:32 -0500
renpy,2026-03-05 00:29:25 -0500
renpy,2026-03-04 21:42:04 -0500
renpy,2026-03-04 21:41:34 -0500
renpy,2026-03-05 02:35:10 +0000
renpy,2026-03-05 02:32:53 +0000
renpy,2026-03-04 21:26:49 -0500
renpy,2026-03-04 15:17:13 +0100
renpy,2026-03-04 15:11:57 +0100
renpy,2026-03-04 04:30:32 -0500
renpy,2026-03-04 02:08:39 -0500
renpy,2026-03-03 23:47:11 -0500
renpy,2026-03-03 22:50:37 -0500
renpy,2026-03-03 22:24:56 -0500
renpy,2026-03-03 21:15:18 -0500
renpy,2026-03-03 21:15:18 -0500
renpy,2026-03-02 09:06:28 -0500
renpy,2026-03-02 14:40:37 +0700
renpy,2026-03-02 06:45:34 +0100
renpy,2026-03-01 22:04:57 -0500
renpy,2026-02-26 21:40:22 -0500
renpy,2026-02-26 17:15:29 +0100
renpy,2026-02-26 17:13:08 +0100
renpy,2026-02-26 17:11:00 +0100
renpy,2026-02-26 17:09:49 +0100
renpy,2026-02-26 17:08:29 +0100
renpy,2026-02-24 08:32:35 +0700
renpy,2026-02-23 00:09:05 -0500
renpy,2026-02-22 21:13:05 -0500
renpy,2026-02-22 20:30:41 -0500
renpy,2026-02-22 20:27:44 -0500
renpy,2026-02-22 14:17:48 +0700
renpy,2026-02-22 13:58:53 +0700
renpy,2026-02-21 08:25:28 -0500
renpy,2026-02-21 04:30:53 -0500
renpy,2026-02-20 02:23:22 +0300
renpy,2026-02-20 12:08:08 -0500
renpy,2026-02-20 18:51:01 +0300
renpy,2026-02-20 04:30:53 -0500
renpy,2026-02-20 01:57:52 -0500
renpy,2026-02-20 02:23:22 +0300
renpy,2026-02-19 23:07:36 +0200
renpy,2026-02-19 04:30:52 -0500
renpy,2026-02-18 23:22:00 -0500
renpy,2026-02-17 22:18:31 -0500
renpy,2026-02-17 00:25:40 -0500
renpy,2026-02-16 23:35:24 -0500
renpy,2026-02-16 22:47:30 -0500
renpy,2026-02-16 22:25:51 -0500
renpy,2026-02-16 22:13:13 -0500
renpy,2026-02-15 21:14:33 -0500
renpy,2026-02-15 20:29:53 -0500
renpy,2026-02-14 22:46:32 -0500
renpy,2026-02-13 22:55:28 -0500
renpy,2026-02-13 22:48:38 -0500
renpy,2026-02-13 04:30:52 -0500
renpy,2026-02-13 00:36:57 -0500
renpy,2026-02-13 00:20:21 -0500
renpy,2026-02-12 23:38:43 -0500
renpy,2026-02-13 00:20:21 -0500
renpy,2026-02-12 23:38:43 -0500
renpy,2026-02-12 00:29:24 -0500
renpy,2026-02-11 01:36:29 -0500
renpy,2026-02-10 21:27:22 -0500
renpy,2026-02-10 04:30:33 -0500
renpy,2026-02-09 09:11:42 -0500
renpy,2026-02-09 09:03:35 -0500
renpy,2026-02-09 09:02:58 -0500
renpy,2026-02-09 08:51:41 -0500
renpy,2026-02-09 14:16:02 +0200
renpy,2026-02-08 18:36:49 -0500
renpy,2026-02-08 14:56:34 -0500
renpy,2026-02-08 14:21:39 -0500
renpy,2026-02-08 00:58:36 -0500
renpy,2026-02-07 17:37:11 -0500
renpy,2026-02-07 01:17:10 -0500
renpy,2026-02-07 00:21:55 -0500
renpy,2026-02-07 00:12:31 -0500
renpy,2026-02-06 09:17:56 -0500
renpy,2026-02-06 04:30:33 -0500
renpy,2026-02-05 23:26:43 -0500
renpy,2026-02-05 14:03:23 +0200
renpy,2026-02-05 17:02:56 +0530
renpy,2026-02-05 15:58:23 +0530
renpy,2026-02-04 22:28:28 -0500
renpy,2026-02-03 23:20:51 -0500
renpy,2026-02-03 22:45:50 -0500
renpy,2026-02-03 01:10:15 -0500
renpy,2026-02-02 23:01:31 -0500
renpy,2026-02-01 20:43:56 -0500
renpy,2026-02-01 16:21:10 -0500
renpy,2026-02-01 16:15:31 -0500
renpy,2026-02-01 15:01:56 -0500
renpy,2026-01-31 19:02:05 -0500
renpy,2026-01-30 22:24:42 -0500
renpy,2026-01-30 22:24:34 -0500
renpy,2026-01-29 22:23:03 -0500
renpy,2026-01-29 01:45:27 -0500
renpy,2026-01-29 01:40:01 -0500
renpy,2026-01-28 22:40:33 -0500
renpy,2026-01-28 02:26:48 -0500
renpy,2026-01-27 22:24:25 -0500
renpy,2026-01-19 09:13:42 +0100
renpy,2026-01-15 10:06:35 +0100
renpy,2026-01-26 23:14:40 -0500
renpy,2026-01-26 22:39:33 -0500
renpy,2026-01-26 22:22:10 -0500
renpy,2026-01-26 22:18:36 -0500
renpy,2026-01-25 23:10:18 -0500
renpy,2026-01-25 22:57:18 -0500
renpy,2026-01-25 22:57:18 -0500
renpy,2026-01-25 22:50:16 -0500
renpy,2026-01-25 15:52:40 -0500
renpy,2026-01-25 06:09:25 +0200
renpy,2026-01-24 20:48:29 -0500
renpy,2026-01-23 22:08:34 -0500
renpy,2026-01-23 21:57:10 -0500
renpy,2026-01-23 04:30:17 -0500
renpy,2026-01-16 16:02:53 +0100
renpy,2026-01-22 23:37:23 -0500
renpy,2026-01-22 23:12:15 -0500
renpy,2026-01-23 05:12:54 +0200
renpy,2026-01-21 23:40:07 -0500
renpy,2026-01-20 21:59:40 -0500
renpy,2026-01-20 08:59:37 -0500
renpy,2026-01-20 04:30:16 -0500
renpy,2026-01-19 23:09:55 -0500
renpy,2026-01-19 23:09:01 -0500
renpy,2026-01-19 23:08:42 -0500
renpy,2026-01-19 09:13:42 +0100
renpy,2026-01-19 01:08:55 -0500
renpy,2026-01-18 23:28:56 -0500
renpy,2026-01-18 22:02:44 -0500
renpy,2026-01-18 21:55:38 -0500
renpy,2026-01-19 04:38:13 +0200
renpy,2026-01-19 02:24:41 +0000
renpy,2026-01-18 00:31:08 -0500
renpy,2026-01-17 21:53:49 -0500
renpy,2026-01-18 04:17:19 +0200
renpy,2026-01-17 04:30:16 -0500
renpy,2026-01-16 23:00:40 -0500
renpy,2026-01-16 19:29:34 -0500
renpy,2026-01-16 19:55:19 +0000
renpy,2026-01-16 15:26:36 +0100
renpy,2026-01-16 09:52:36 +0100
renpy,2026-01-15 22:51:32 -0500
renpy,2026-01-15 22:34:43 -0500
renpy,2026-01-15 22:34:28 -0500
renpy,2026-01-15 10:06:35 +0100
renpy,2026-01-14 18:50:49 -0500
renpy,2026-01-13 22:16:14 -0500
renpy,2026-01-12 23:25:54 -0500
renpy,2026-01-12 22:31:51 -0500
renpy,2026-01-11 23:41:45 -0500
renpy,2026-01-11 23:12:03 -0500
renpy,2026-01-11 21:51:11 -0500
renpy,2026-01-10 23:41:35 -0500
renpy,2026-01-11 05:46:18 +0400
renpy,2026-01-11 02:11:15 +0200
renpy,2026-01-09 05:42:50 +0400
renpy,2026-01-09 23:38:19 -0500
renpy,2026-01-09 22:28:50 -0500
renpy,2026-01-09 22:11:36 -0500
renpy,2026-01-09 11:27:31 +0100
renpy,2026-01-09 04:30:03 -0500
renpy,2026-01-08 23:02:53 -0500
renpy,2026-01-08 23:02:53 -0500
renpy,2026-01-07 22:59:57 -0500
renpy,2026-01-08 01:03:23 +0400
renpy,2026-01-08 01:01:26 +0400
renpy,2026-01-07 04:30:04 -0500
renpy,2026-01-07 04:39:48 +0400
renpy,2026-01-07 04:29:14 +0400
renpy,2026-01-07 04:24:09 +0400
renpy,2026-01-06 22:55:52 -0500
renpy,2026-01-06 20:46:17 +0400
renpy,2026-01-06 21:08:58 -0500
renpy,2026-01-07 04:39:48 +0400
renpy,2026-01-07 04:29:14 +0400
renpy,2026-01-07 04:24:09 +0400
renpy,2026-01-06 21:29:31 +0400
renpy,2026-01-06 20:46:17 +0400
renpy,2026-01-05 18:02:35 +0400
renpy,2026-01-06 08:37:28 +0400
renpy,2026-01-05 22:56:23 -0500
renpy,2026-01-05 22:56:09 -0500
renpy,2026-01-05 22:55:35 -0500
renpy,2026-01-06 07:20:59 +0400
renpy,2026-01-06 06:45:09 +0400
renpy,2026-01-06 06:36:44 +0400
renpy,2026-01-06 06:28:25 +0400
renpy,2026-01-06 06:04:19 +0400
renpy,2026-01-06 05:51:46 +0400
renpy,2026-01-06 05:48:47 +0400
renpy,2026-01-05 19:58:54 +0200
renpy,2026-01-05 04:30:03 -0500
renpy,2026-01-05 00:10:21 -0500
renpy,2026-01-05 00:10:21 -0500
renpy,2026-01-04 23:43:38 -0500
renpy,2026-01-04 14:37:10 -0500
renpy,2026-01-03 17:47:51 -0500
renpy,2026-01-02 22:32:52 -0500
renpy,2026-01-04 14:37:10 -0500
renpy,2026-01-04 22:13:14 +0400
renpy,2026-01-04 22:02:49 +0400
renpy,2026-01-04 05:18:10 +0400
renpy,2026-01-04 05:15:25 +0400
renpy,2026-01-04 05:13:54 +0400
renpy,2026-01-04 04:30:14 +0400
renpy,2026-01-04 04:26:33 +0400
renpy,2026-01-04 04:26:02 +0400
renpy,2026-01-04 04:08:54 +0400
renpy,2026-01-03 17:47:51 -0500
renpy,2026-01-03 13:47:44 +0400
renpy,2026-01-02 22:32:52 -0500
renpy,2026-01-01 17:18:58 +0400
renpy,2026-01-02 04:30:17 -0500
renpy,2026-01-02 00:12:47 -0600
renpy,2026-01-01 22:55:02 -0500
renpy,2026-01-01 11:54:01 -0500
renpy,2026-01-01 11:22:21 -0500
renpy,2026-01-01 11:15:25 -0500
renpy,2026-01-01 11:14:14 -0500
renpy,2025-12-31 18:23:31 -0500
renpy,2025-12-30 20:03:40 -0500
renpy,2025-12-29 17:07:24 +0400
renpy,2025-12-28 00:54:33 -0500
renpy,2025-12-27 23:26:38 -0500
renpy,2026-01-01 17:14:05 +0400
renpy,2026-01-01 17:12:23 +0400
renpy,2026-01-01 00:00:01 -0500
renpy,2026-01-01 07:12:57 +0400
renpy,2026-01-01 07:12:57 +0400
renpy,2026-01-01 07:12:57 +0400
renpy,2026-01-01 07:12:57 +0400
renpy,2026-01-01 07:12:57 +0400
renpy,2025-12-31 21:37:36 -0500
renpy,2025-12-31 10:32:34 +0000
renpy,2025-12-31 21:30:41 -0500
renpy,2025-12-31 20:45:41 -0500
renpy,2025-12-31 18:34:19 -0500
renpy,2025-12-31 18:23:43 -0500
renpy,2025-12-31 18:23:31 -0500
renpy,2025-12-31 10:32:34 +0000
renpy,2025-12-30 20:03:40 -0500
renpy,2025-12-30 19:03:09 -0500
renpy,2025-12-30 00:13:38 -0500
renpy,2025-12-29 22:43:27 -0500
renpy,2025-12-29 22:43:27 -0500
renpy,2025-12-29 13:17:35 -0500
renpy,2025-12-29 17:07:24 +0400
renpy,2025-12-28 13:57:15 -0500
renpy,2025-12-28 13:45:19 -0500
renpy,2025-12-28 13:57:15 -0500
renpy,2025-12-28 13:45:19 -0500
renpy,2025-12-28 00:54:33 -0500
renpy,2025-12-27 23:30:11 -0500
renpy,2025-12-27 23:26:38 -0500
renpy,2025-12-27 22:36:36 -0500
renpy,2025-12-26 22:10:40 -0500
renpy,2025-12-26 00:26:56 -0500
renpy,2025-12-25 22:39:08 -0500
renpy,2025-12-24 16:10:33 -0500
renpy,2025-12-28 00:54:33 -0500
renpy,2025-12-27 23:30:11 -0500
renpy,2025-12-27 23:26:38 -0500
renpy,2025-12-27 22:36:36 -0500
renpy,2025-12-27 06:21:46 +0200
renpy,2025-12-27 13:04:26 +0900
renpy,2025-12-26 22:10:40 -0500
renpy,2025-12-26 00:26:56 -0500
renpy,2025-12-25 22:39:08 -0500
renpy,2025-12-24 16:10:33 -0500
renpy,2025-12-24 16:20:27 +0100
renpy,2025-12-24 15:57:35 +0100
renpy,2025-12-24 11:37:12 +0100
renpy,2025-12-24 04:30:57 -0500
renpy,2025-12-23 12:48:09 -0500
renpy,2025-12-23 11:48:57 -0500
renpy,2025-12-23 02:15:11 -0500
renpy,2025-12-23 01:07:03 -0500
renpy,2025-12-23 01:06:48 -0500
renpy,2025-12-22 23:54:48 -0500
renpy,2025-12-22 22:49:05 -0500
renpy,2025-12-22 13:14:00 +0100
renpy,2025-12-22 11:31:55 +0100
renpy,2025-12-20 21:08:05 -0500
renpy,2025-12-21 22:34:48 -0500
renpy,2025-12-21 15:11:59 +0100
renpy,2025-12-21 04:30:16 -0500
renpy,2025-12-20 22:51:33 -0500
renpy,2025-12-20 22:14:06 -0500
renpy,2025-12-20 22:12:52 -0500
renpy,2025-12-20 21:08:05 -0500
renpy,2025-12-21 01:52:25 +0400
renpy,2025-12-20 17:44:47 +0100
renpy,2025-12-20 01:00:48 -0500
renpy,2025-12-19 23:21:11 -0500
renpy,2025-12-19 22:06:06 -0500
renpy,2025-12-18 23:01:10 -0500
renpy,2025-12-18 22:50:05 -0500
renpy,2025-12-18 10:47:03 +0100
renpy,2025-12-18 04:30:16 -0500
renpy,2025-12-17 21:21:47 -0500
renpy,2025-12-17 21:21:14 -0500
renpy,2025-12-17 21:20:51 -0500
renpy,2025-12-17 04:30:46 -0500
renpy,2025-12-16 21:45:59 -0500
renpy,2025-12-16 21:37:50 -0500
renpy,2025-12-16 21:37:36 -0500
renpy,2025-12-16 21:36:28 -0500
renpy,2025-12-15 23:59:38 -0500
renpy,2025-12-15 19:00:01 -0500
renpy,2025-12-16 03:26:59 +0400
renpy,2025-12-15 04:30:58 -0500
renpy,2025-12-14 15:20:29 -0500
renpy,2025-12-14 15:20:09 -0500
renpy,2025-12-14 04:30:58 -0500
renpy,2025-12-13 22:09:51 -0500
renpy,2025-12-14 01:37:46 +0400
renpy,2025-12-13 22:35:34 +0400
renpy,2025-12-13 22:26:16 +0400
renpy,2025-12-13 22:07:59 +0400
renpy,2025-12-13 21:26:00 +0400
renpy,2025-12-12 04:30:08 -0500
renpy,2025-12-12 01:13:05 -0500
renpy,2025-12-11 23:14:37 -0500
renpy,2025-12-12 05:18:44 +0300
renpy,2025-12-11 01:19:52 -0500
renpy,2025-11-29 13:08:08 -0500
renpy,2025-12-10 23:26:42 -0500
renpy,2025-12-10 22:50:16 -0500
renpy,2025-12-10 00:16:23 -0500
renpy,2025-12-09 18:37:46 -0500
renpy,2025-12-08 22:45:50 -0500
renpy,2025-12-07 23:30:59 -0500
renpy,2025-12-07 23:13:26 -0500
renpy,2025-12-08 02:32:44 +0400
renpy,2025-12-07 14:49:41 +0200
renpy,2025-12-07 14:49:27 +0200
renpy,2025-12-07 20:26:43 +0900
renpy,2025-12-07 20:20:05 +0900
renpy,2025-12-06 21:47:38 -0500
renpy,2025-12-06 14:04:25 +0100
renpy,2025-12-05 23:09:04 -0500
renpy,2025-12-04 23:09:31 -0500
renpy,2025-12-03 23:31:25 -0500
renpy,2025-12-05 05:30:06 +0400
renpy,2025-12-05 04:26:01 +0400
renpy,2025-12-05 04:20:12 +0400
renpy,2025-12-05 04:16:46 +0400
renpy,2025-12-05 04:16:15 +0400
renpy,2025-12-05 04:08:40 +0400
renpy,2025-12-05 04:06:57 +0400
renpy,2025-12-05 04:02:21 +0400
renpy,2025-12-05 03:46:01 +0400
renpy,2025-12-05 03:42:31 +0400
renpy,2025-12-03 23:31:25 -0500
renpy,2025-12-03 04:30:08 -0500
renpy,2025-12-02 23:47:53 -0500
renpy,2025-12-02 21:11:05 -0500
renpy,2025-12-02 21:02:44 -0500
renpy,2025-12-02 02:02:54 -0500
renpy,2025-12-01 22:36:12 -0500
renpy,2025-12-01 21:51:11 -0500
renpy,2025-12-01 21:50:28 -0500
renpy,2025-12-01 08:20:41 -0500
renpy,2025-11-30 22:51:29 -0500
renpy,2025-11-29 22:43:07 -0500
renpy,2025-11-29 22:42:14 -0500
renpy,2025-11-29 13:36:42 -0500
renpy,2025-11-29 13:36:29 -0500
renpy,2025-11-29 13:08:08 -0500
renpy,2025-11-29 11:09:20 -0600
renpy,2025-11-29 00:14:49 -0500
renpy,2025-11-28 23:55:08 -0500
renpy,2025-11-28 22:46:38 -0500
renpy,2025-11-28 17:47:16 -0500
renpy,2025-11-28 08:12:22 -0500
renpy,2025-11-28 02:22:07 -0500
renpy,2025-11-27 22:05:30 -0500
renpy,2025-11-27 20:43:12 -0500
renpy,2025-11-26 22:59:04 -0500
renpy,2025-11-26 04:30:08 -0500
renpy,2025-11-25 22:40:54 -0500
renpy,2025-11-25 14:59:32 -0500
renpy,2025-11-25 14:55:05 -0500
renpy,2025-11-25 04:30:08 -0500
renpy,2025-11-25 00:55:38 -0500
renpy,2025-11-24 23:58:40 -0500
renpy,2025-11-24 22:24:18 -0500
renpy,2025-11-25 01:45:43 +0200
renpy,2025-11-24 17:46:25 -0500
renpy,2025-11-24 14:14:41 +0000
renpy,2025-11-24 09:35:34 -0500
renpy,2025-11-24 14:14:45 +0000
renpy,2025-11-24 14:14:41 +0000
renpy,2025-11-24 04:30:08 -0500
renpy,2025-11-23 22:39:44 -0500
renpy,2025-11-23 17:39:10 -0500
renpy,2025-11-23 04:30:08 -0500
renpy,2025-11-22 22:31:44 -0500
renpy,2025-11-22 19:44:36 -0500
renpy,2025-11-22 19:51:31 -0300
renpy,2025-11-22 19:46:20 -0300
renpy,2025-11-17 08:28:05 +0100
renpy,2025-11-21 22:37:37 -0500
renpy,2025-11-21 19:43:22 -0500
renpy,2025-11-21 04:30:08 -0500
renpy,2025-11-21 00:21:53 -0500
renpy,2025-11-20 23:41:55 -0500
renpy,2025-11-20 23:24:03 -0500
renpy,2025-11-20 23:21:30 -0500
renpy,2025-11-20 23:09:13 -0500
renpy,2025-11-20 23:07:36 -0500
renpy,2025-11-20 23:09:13 -0500
renpy,2025-11-20 23:07:36 -0500
renpy,2025-11-20 12:10:13 +0100
renpy,2025-11-20 04:30:08 -0500
renpy,2025-11-20 01:33:02 -0500
renpy,2025-11-19 22:51:57 -0500
renpy,2025-11-18 23:23:04 -0500
renpy,2025-11-18 23:01:03 -0500
renpy,2025-11-19 02:59:43 +0200
renpy,2025-11-18 04:30:08 -0500
renpy,2025-11-18 01:48:14 -0500
renpy,2025-11-18 01:12:00 -0500
renpy,2025-11-18 01:10:55 -0500
renpy,2025-11-17 21:50:34 -0500
renpy,2025-11-17 21:49:20 -0500
renpy,2025-11-17 13:06:09 +0100
renpy,2025-11-17 08:28:05 +0100
renpy,2025-11-16 18:23:45 -0500
renpy,2025-11-16 18:17:42 -0500
renpy,2025-11-16 17:57:05 -0500
renpy,2025-11-16 13:29:43 +0100
renpy,2025-11-15 14:53:36 +0100
renpy,2025-11-14 23:39:47 -0500
renpy,2025-11-14 23:31:43 -0500
renpy,2025-11-11 21:46:44 -0500
renpy,2025-11-11 15:30:04 -0500
renpy,2025-11-09 15:00:47 -0500
renpy,2025-11-09 14:34:54 -0500
renpy,2025-11-09 14:02:08 -0500
renpy,2025-11-09 12:43:10 -0500
renpy,2025-11-09 09:22:34 +0100
renpy,2025-11-09 00:52:48 -0500
renpy,2025-11-08 21:05:28 -0500
renpy,2025-11-08 08:42:34 +0100
renpy,2025-11-07 23:20:16 -0500
renpy,2025-11-07 21:52:33 -0500
renpy,2025-11-07 18:03:15 +0000
renpy,2025-11-06 23:38:05 -0500
renpy,2025-11-06 00:04:28 -0500
renpy,2025-11-05 23:02:24 -0500
renpy,2025-11-04 09:08:33 -0500
renpy,2025-11-03 22:42:45 -0500
renpy,2025-11-03 22:41:52 -0500
renpy,2025-11-03 12:46:29 -0500
renpy,2025-11-03 00:43:02 -0500
renpy,2025-11-02 22:32:41 -0600
renpy,2025-11-02 00:45:24 -0400
renpy,2025-11-01 15:15:19 -0400
renpy,2025-10-31 23:35:20 -0400
renpy,2025-10-31 23:34:48 -0400
renpy,2025-10-31 23:26:57 -0400
renpy,2025-10-31 17:16:15 -0400
renpy,2025-10-31 19:15:35 +0000
renpy,2025-10-31 16:31:55 +0000
renpy,2025-10-31 08:55:35 +0100
renpy,2025-10-30 09:05:21 -0400
renpy,2025-10-30 09:04:59 -0400
renpy,2025-10-29 21:35:50 -0400
renpy,2025-10-29 20:33:23 -0400
renpy,2025-10-29 20:12:57 -0400
renpy,2025-10-29 15:21:45 -0400
renpy,2025-10-28 08:17:44 -0400
renpy,2025-10-28 08:16:53 -0400
renpy,2025-10-28 07:46:21 -0400
renpy,2025-10-27 23:55:39 -0400
renpy,2025-10-27 23:38:46 -0400
renpy,2025-10-27 00:38:54 -0400
renpy,2025-10-26 16:21:25 -0400
renpy,2025-10-26 20:03:40 +0000
renpy,2024-02-13 05:35:55 +0000
renpy,2024-01-28 20:47:07 +0000
renpy,2025-10-26 15:24:08 -0400
renpy,2025-10-26 15:17:08 -0400
renpy,2025-10-26 14:50:26 -0400
renpy,2025-10-26 13:23:43 -0400
renpy,2025-10-26 13:22:56 -0400
renpy,2025-10-26 13:17:54 -0400
renpy,2025-10-26 09:53:41 -0400
renpy,2025-10-26 09:21:25 -0400
renpy,2025-10-26 06:28:42 +0000
renpy,2025-10-26 00:42:56 -0400
renpy,2025-10-25 22:08:38 -0400
renpy,2025-10-25 21:12:34 -0400
renpy,2025-10-24 23:06:26 -0400
renpy,2025-10-23 23:24:24 -0400
renpy,2025-10-23 23:18:17 -0400
renpy,2025-10-23 00:28:51 -0400
renpy,2025-10-22 21:02:44 -0400
renpy,2025-10-21 22:50:06 -0400
renpy,2025-10-21 21:47:28 -0400
renpy,2025-10-21 12:07:40 -0400
renpy,2025-10-21 11:46:46 -0400
renpy,2025-10-20 22:03:48 -0400
renpy,2025-10-20 20:49:20 -0400
renpy,2025-10-20 20:39:19 -0400
renpy,2025-10-19 23:00:15 -0400
renpy,2025-10-19 21:16:28 -0400
renpy,2025-10-19 04:30:01 -0400
renpy,2025-10-18 13:36:31 -0400
renpy,2025-10-18 13:36:31 -0400
renpy,2025-10-17 21:50:25 -0400
renpy,2025-10-17 21:20:13 +0200
renpy,2025-10-17 21:02:46 +0200
renpy,2025-10-17 04:30:43 -0400
renpy,2025-10-16 21:43:53 -0400
renpy,2025-10-16 21:43:53 -0400
renpy,2025-10-16 04:30:43 -0400
renpy,2025-10-15 23:40:48 -0400
renpy,2025-10-16 01:37:21 -0400
renpy,2025-10-16 01:37:21 -0400
renpy,2025-10-15 23:40:48 -0400
renpy,2025-10-14 00:24:26 -0400
renpy,2025-10-13 23:12:19 -0400
renpy,2025-10-13 22:59:27 -0400
renpy,2025-10-13 22:59:20 -0400
renpy,2025-10-13 22:49:40 -0400
renpy,2025-10-13 09:19:27 -0400
renpy,2025-10-12 23:08:24 -0400
renpy,2025-10-12 19:53:23 -0400
renpy,2025-10-11 16:15:16 -0400
renpy,2025-10-11 14:59:01 -0400
renpy,2025-10-10 22:07:15 -0400
renpy,2025-10-09 17:04:43 -0400
renpy,2025-10-09 22:55:35 +0200
renpy,2025-10-09 23:59:23 +0400
renpy,2025-10-09 17:49:49 +0400
renpy,2025-10-08 23:48:22 -0400
renpy,2025-10-08 21:33:06 -0400
renpy,2025-10-08 16:00:24 +0400
renpy,2025-10-08 15:28:53 +0400
renpy,2025-10-08 14:52:45 +0400
renpy,2025-10-08 04:30:43 -0400
renpy,2025-10-07 21:52:02 -0400
renpy,2025-10-07 08:48:27 -0400
renpy,2025-10-07 04:30:43 -0400
renpy,2025-10-06 23:38:47 -0400
renpy,2025-10-06 08:42:28 -0400
renpy,2025-10-04 23:55:00 -0400
renpy,2025-10-03 22:41:40 -0400
renpy,2025-10-03 22:03:37 -0400
renpy,2025-10-02 23:11:31 -0400
renpy,2025-10-02 23:07:31 -0400
renpy,2025-10-02 09:59:26 -0400
renpy,2025-10-02 09:56:27 -0400
renpy,2025-10-02 04:30:03 -0400
renpy,2025-10-02 01:10:42 -0400
renpy,2025-10-01 21:44:09 -0400
renpy,2025-09-30 20:20:50 -0400
renpy,2025-09-30 20:20:41 -0400
renpy,2025-09-30 18:24:57 -0400
renpy,2025-09-30 10:25:45 -0400
renpy,2025-09-30 10:10:35 -0400
renpy,2025-09-30 09:08:26 -0400
renpy,2025-09-30 09:05:21 -0400
renpy,2025-09-29 23:56:19 -0400
renpy,2025-09-29 23:53:17 -0400
renpy,2025-09-29 21:03:26 -0400
renpy,2025-09-29 21:07:31 -0400
renpy,2025-09-29 16:17:00 -0400
renpy,2025-09-29 16:00:58 -0400
renpy,2025-09-29 15:57:01 -0400
renpy,2025-09-29 13:50:45 -0400
renpy,2025-09-29 19:48:44 +0200
renpy,2025-09-29 13:20:24 -0400
renpy,2025-09-29 12:58:43 -0400
renpy,2025-09-29 12:56:10 -0400
renpy,2025-09-28 16:06:54 -0400
renpy,2025-09-28 14:34:30 -0400
renpy,2025-09-28 14:01:35 -0400
renpy,2025-09-27 11:36:30 -0400
renpy,2025-09-27 00:01:55 -0400
renpy,2025-09-26 23:56:35 -0400
renpy,2025-09-26 15:17:59 -0400
renpy,2025-09-26 14:39:59 -0400
renpy,2025-09-26 14:21:17 -0400
renpy,2025-09-26 13:58:24 -0400
renpy,2025-09-26 13:25:10 -0400
renpy,2025-09-26 12:23:46 -0400
renpy,2025-09-26 11:53:15 -0400
renpy,2025-09-26 11:52:36 -0400
renpy,2025-09-25 18:42:42 -0400
renpy,2025-09-25 18:24:21 -0400
renpy,2025-09-25 18:12:26 -0400
renpy,2025-09-25 16:55:50 -0400
renpy,2025-09-25 16:08:46 -0400
renpy,2025-09-25 15:18:28 -0400
renpy,2025-09-25 15:18:09 -0400
renpy,2025-09-25 14:30:23 -0400
renpy,2025-09-25 04:56:05 -0400
renpy,2025-09-25 04:55:42 -0400
renpy,2025-09-09 16:42:41 -0400
renpy,2025-09-04 02:12:24 -0400
renpy,2025-09-04 02:11:04 -0400
renpy,2025-06-28 12:25:50 -0400
renpy,2025-06-28 12:25:40 -0400
renpy,2025-06-28 10:34:03 -0400
renpy,2025-06-27 20:10:45 -0400
renpy,2025-06-27 19:46:12 -0400
renpy,2025-06-27 19:38:22 -0400
renpy,2025-06-27 17:30:38 -0400
renpy,2025-06-27 15:20:54 -0400
renpy,2025-06-27 15:13:53 -0400
renpy,2025-06-27 12:58:51 -0400
renpy,2025-06-27 12:31:00 -0400
renpy,2025-06-23 19:37:39 -0400
renpy,2025-06-23 19:36:47 -0400
renpy,2025-06-23 18:15:30 -0400
renpy,2025-06-23 11:23:22 -0400
renpy,2025-06-23 10:57:13 -0400
renpy,2025-06-21 14:04:11 -0400
renpy,2025-06-21 13:17:45 -0400
renpy,2025-06-21 12:25:41 -0400
renpy,2025-06-21 12:21:40 -0400
renpy,2025-06-20 16:32:36 -0400
renpy,2025-06-20 16:11:01 -0400
renpy,2025-06-20 15:57:38 -0400
renpy,2025-06-20 13:44:55 -0400
renpy,2025-06-20 13:44:19 -0400
renpy,2025-06-20 10:55:01 -0400
renpy,2025-06-19 21:00:02 -0400
renpy,2025-06-19 20:50:29 -0400
renpy,2025-06-19 20:49:15 -0400
renpy,2025-06-19 20:46:24 -0400
renpy,2025-06-19 20:13:07 -0400
renpy,2025-06-19 20:05:36 -0400
renpy,2025-06-19 20:04:21 -0400
renpy,2025-06-18 15:55:07 -0400
renpy,2025-06-17 16:44:31 -0400
renpy,2025-06-17 16:44:03 -0400
renpy,2025-06-17 12:10:58 -0400
renpy,2025-06-16 19:23:07 -0400
renpy,2025-06-16 14:08:06 -0400
renpy,2025-06-15 11:33:10 -0400
renpy,2025-06-15 11:30:58 -0400
renpy,2025-06-15 11:03:13 -0400
renpy,2025-06-13 14:20:24 -0400
renpy,2025-06-13 13:29:29 -0400
renpy,2025-06-13 13:07:29 -0400
renpy,2025-06-13 13:04:21 -0400
renpy,2025-06-13 12:49:36 -0400
renpy,2025-06-13 12:43:47 -0400
renpy,2025-06-13 09:25:50 -0400
renpy,2025-06-13 09:25:29 -0400
renpy,2025-06-13 08:34:29 -0400
renpy,2025-06-12 15:48:16 -0400
renpy,2025-06-12 15:48:04 -0400
renpy,2025-06-12 11:27:39 -0400
renpy,2025-06-11 23:32:09 -0400
renpy,2025-06-11 22:54:20 -0400
renpy,2025-06-11 22:50:05 -0400
renpy,2025-06-11 13:46:46 -0400
renpy,2025-06-11 12:07:23 -0400
renpy,2025-06-11 12:05:30 -0400
renpy,2025-06-11 12:02:04 -0400
renpy,2025-06-10 21:46:07 -0400
renpy,2025-06-10 21:45:28 -0400
renpy,2025-09-29 00:31:11 -0400
renpy,2025-09-28 23:19:26 -0400
renpy,2025-09-28 18:58:39 -0400
renpy,2025-09-28 15:19:17 -0400
renpy,2025-09-27 21:52:42 -0400
renpy,2025-09-28 18:58:39 -0400
renpy,2025-09-28 15:19:17 -0400
renpy,2025-09-27 21:52:42 -0400
renpy,2025-09-27 15:48:35 -0400
renpy,2025-09-26 00:01:38 -0400
renpy,2025-09-25 22:42:50 -0400
renpy,2025-09-23 23:29:30 -0400
renpy,2025-09-22 17:15:13 -0400
renpy,2025-09-22 17:15:13 -0400
renpy,2025-09-21 06:57:44 -0400
renpy,2025-09-21 06:26:26 -0400
renpy,2025-09-19 22:16:14 -0400
renpy,2025-09-19 17:01:12 +0200
renpy,2025-09-19 17:00:08 +0200
renpy,2025-09-18 23:40:21 -0400
renpy,2025-09-18 23:39:49 -0400
renpy,2025-09-19 04:30:04 -0400
renpy,2025-09-18 23:40:21 -0400
renpy,2025-09-18 23:39:49 -0400
renpy,2025-09-18 22:56:01 -0400
renpy,2025-09-18 22:56:01 -0400
renpy,2025-09-18 09:19:49 -0400
renpy,2025-09-18 08:42:54 -0400
renpy,2025-09-18 08:34:50 -0400
renpy,2025-09-17 23:12:38 -0400
renpy,2025-09-18 13:14:33 +0400
renpy,2025-09-17 22:06:15 -0400
renpy,2025-09-17 22:03:38 -0400
renpy,2025-09-17 18:37:25 -0400
renpy,2025-09-17 09:19:17 -0400
renpy,2025-09-17 04:30:53 -0400
renpy,2025-09-16 22:07:54 -0400
renpy,2025-09-16 22:07:54 -0400
renpy,2025-09-16 22:33:52 +0400
renpy,2025-09-16 22:32:42 +0400
renpy,2025-09-16 22:06:07 +0400
renpy,2025-09-16 22:05:34 +0400
renpy,2025-09-16 20:30:30 +0400
renpy,2025-09-16 20:23:18 +0400
renpy,2025-09-16 18:29:50 +0400
renpy,2025-09-16 18:28:21 +0400
renpy,2025-09-16 18:20:22 +0400
renpy,2025-09-16 18:17:36 +0400
renpy,2025-09-16 17:09:59 +0400
renpy,2025-09-16 17:06:54 +0400
renpy,2025-09-16 17:02:54 +0400
renpy,2025-09-16 16:57:12 +0400
renpy,2025-09-16 01:57:11 +0400
renpy,2025-09-16 00:56:30 -0400
renpy,2025-09-16 00:55:19 -0400
renpy,2025-09-16 01:55:32 +0400
renpy,2025-09-15 17:21:58 -0400
renpy,2025-09-15 17:21:41 -0400
renpy,2025-09-16 00:17:55 +0400
renpy,2025-09-15 16:35:07 +0400
renpy,2025-09-15 16:21:34 +0400
renpy,2025-09-15 15:45:34 +0400
renpy,2025-09-15 15:45:14 +0400
renpy,2025-09-15 14:22:41 +0400
renpy,2025-09-15 14:20:45 +0400
renpy,2025-09-15 14:20:04 +0400
renpy,2025-09-15 13:12:11 +0400
renpy,2025-09-14 22:16:49 -0400
renpy,2025-09-15 02:49:53 +0400
renpy,2025-09-15 00:38:58 +0400
renpy,2025-09-14 00:24:20 -0400
renpy,2025-09-13 23:35:40 -0400
renpy,2025-09-13 19:50:00 +0400
renpy,2025-09-12 21:08:26 -0400
renpy,2025-09-12 04:30:53 -0400
renpy,2025-09-11 22:54:46 -0400
renpy,2025-09-10 23:14:47 -0400
renpy,2025-09-10 19:49:00 -0400
renpy,2025-09-10 19:48:37 -0400
renpy,2025-09-09 09:54:28 -0400
renpy,2025-09-09 09:50:09 -0400
renpy,2025-09-08 22:48:06 -0400
renpy,2025-09-08 22:44:56 -0400
renpy,2025-09-08 04:30:35 -0400
renpy,2025-09-07 18:31:16 -0400
renpy,2025-09-07 12:42:02 -0400
renpy,2025-09-06 13:56:32 -0400
renpy,2025-09-06 01:30:09 -0400
renpy,2025-09-05 23:11:11 -0400
renpy,2025-09-04 08:49:47 -0400
renpy,2025-09-04 08:34:18 -0400
renpy,2025-09-04 00:44:59 -0400
renpy,2025-09-04 00:28:49 -0400
renpy,2025-09-04 00:12:28 -0400
renpy,2025-09-04 00:02:47 -0400
renpy,2025-09-03 09:44:33 -0400
renpy,2025-09-02 08:23:20 -0400
renpy,2025-09-02 08:17:35 -0400
renpy,2025-09-02 00:18:17 -0400
renpy,2025-09-01 18:05:55 -0400
renpy,2025-09-01 11:33:52 -0400
renpy,2025-09-01 08:31:47 -0400
renpy,2025-08-31 22:59:12 -0400
renpy,2025-08-29 21:35:32 -0400
renpy,2025-08-29 00:21:25 -0400
renpy,2025-08-26 21:53:21 -0400
renpy,2025-09-05 04:30:35 -0400
renpy,2025-09-04 21:56:32 -0400
renpy,2025-09-04 04:54:12 +0100
renpy,2025-08-30 23:50:58 -0400
renpy,2025-08-30 23:18:19 -0400
renpy,2025-08-30 20:48:55 -0400
renpy,2025-08-30 00:41:07 -0400
renpy,2025-08-29 21:35:32 -0400
renpy,2025-08-29 00:21:25 -0400
renpy,2025-08-28 23:09:02 -0400
renpy,2025-08-28 04:30:34 -0400
renpy,2025-08-27 21:19:10 -0400
renpy,2025-08-27 21:19:10 -0400
renpy,2025-08-27 04:30:33 -0400
renpy,2025-08-26 22:39:35 -0400
renpy,2025-08-26 04:30:11 -0400
renpy,2025-08-24 09:17:13 -0400
renpy,2025-08-24 13:21:04 +0200
renpy,2025-08-24 04:30:14 -0400
renpy,2025-08-24 00:56:35 -0400
renpy,2025-08-23 16:33:26 -0400
renpy,2025-08-23 16:33:26 -0400
renpy,2025-08-23 04:30:14 -0400
renpy,2025-08-23 01:10:57 -0400
renpy,2025-08-22 20:22:30 -0400
renpy,2025-08-21 23:10:31 -0400
renpy,2025-08-21 21:17:20 -0400
renpy,2025-08-19 22:33:27 -0400
renpy,2025-08-18 23:21:25 -0400
renpy,2025-08-18 22:40:45 -0400
renpy,2025-08-18 07:59:22 -0400
renpy,2025-08-18 04:30:14 -0400
renpy,2025-08-17 21:13:46 -0400
renpy,2025-08-17 00:08:55 -0400
renpy,2025-08-16 22:19:45 -0400
renpy,2025-08-15 22:32:43 -0400
renpy,2025-08-16 02:13:21 +0300
renpy,2025-08-14 21:56:02 -0400
renpy,2025-08-14 20:32:11 +0100
renpy,2025-08-14 20:26:19 +0100
renpy,2025-08-14 04:30:14 -0400
renpy,2025-08-13 21:20:37 -0400
renpy,2025-08-14 01:58:33 +0100
renpy,2025-08-13 04:30:14 -0400
renpy,2025-08-12 23:07:21 -0400
renpy,2025-08-12 22:50:32 -0400
renpy,2025-08-12 04:30:14 -0400
renpy,2025-08-11 22:26:49 -0400
renpy,2025-08-11 22:26:30 -0400
renpy,2025-08-11 04:30:14 -0400
renpy,2025-08-10 14:29:43 -0400
renpy,2025-08-10 14:07:54 -0400
renpy,2025-08-10 13:43:55 -0400
renpy,2025-08-09 14:45:03 -0400
renpy,2025-08-09 00:02:25 -0400
renpy,2025-08-08 23:46:20 -0400
renpy,2025-08-08 23:09:08 -0400
renpy,2025-08-07 08:46:23 -0400
renpy,2025-08-06 21:13:13 -0400
renpy,2025-08-06 00:45:22 -0400
renpy,2025-08-05 09:05:14 -0400
renpy,2025-08-05 01:58:46 -0400
renpy,2025-08-04 23:47:19 -0400
renpy,2025-08-04 23:42:14 -0400
renpy,2025-08-04 23:13:51 -0400
renpy,2025-08-05 02:14:08 +0100
renpy,2025-08-04 01:29:53 -0400
renpy,2025-08-04 00:48:51 -0400
renpy,2025-08-04 00:10:31 -0400
renpy,2025-08-03 19:38:29 -0400
renpy,2025-08-03 18:47:01 -0400
renpy,2025-08-03 00:45:56 -0400
renpy,2025-08-02 23:09:06 -0400
renpy,2025-08-02 00:40:40 -0400
renpy,2025-08-02 00:10:03 -0400
renpy,2025-08-01 23:14:45 -0400
renpy,2025-08-01 22:53:43 -0400
renpy,2025-08-01 22:53:43 -0400
renpy,2025-07-31 09:59:43 -0400
renpy,2025-07-31 09:59:10 -0400
renpy,2025-07-31 09:14:21 -0400
renpy,2025-07-31 08:44:43 -0400
renpy,2025-07-31 08:37:04 -0400
renpy,2025-07-31 07:57:40 -0400
renpy,2025-07-31 04:30:14 -0400
renpy,2025-07-31 10:23:57 +0330
renpy,2025-07-31 02:13:04 -0400
renpy,2025-07-30 21:05:21 -0400
renpy,2025-07-30 21:35:12 +0330
renpy,2025-07-30 21:05:00 +0330
renpy,2025-07-30 21:04:20 +0330
renpy,2025-07-29 23:02:20 -0400
renpy,2025-07-30 07:27:35 +0530
renpy,2025-07-29 04:30:14 -0400
renpy,2025-07-28 20:47:07 -0400
renpy,2025-07-29 00:28:47 +0200
renpy,2025-07-25 15:37:17 +0200
renpy,2025-07-27 22:33:38 -0400
renpy,2025-07-27 22:19:06 -0400
renpy,2025-07-27 04:30:04 -0400
renpy,2025-07-27 01:55:46 -0400
renpy,2025-07-26 21:43:51 -0400
renpy,2025-07-26 17:57:33 +0100
renpy,2025-07-25 22:47:53 -0400
renpy,2025-07-25 22:36:31 -0400
renpy,2025-07-25 04:30:04 -0400
renpy,2025-07-24 20:19:52 -0400
renpy,2025-07-24 04:30:04 -0400
renpy,2025-07-22 22:02:18 -0400
renpy,2025-07-23 23:00:06 -0400
renpy,2025-07-23 14:44:35 +0100
renpy,2025-07-23 04:30:04 -0400
renpy,2025-07-22 21:33:20 -0400
renpy,2025-07-22 15:30:36 +0100
renpy,2025-07-22 15:30:15 +0100
renpy,2025-07-22 04:30:04 -0400
renpy,2025-07-18 14:35:07 +0200
renpy,2025-07-22 00:32:55 -0400
renpy,2025-07-22 00:32:17 -0400
renpy,2025-07-22 00:27:14 -0400
renpy,2025-07-22 03:04:58 +0100
renpy,2025-07-21 14:01:57 -0400
renpy,2025-07-21 08:52:06 -0400
renpy,2025-07-21 08:51:56 -0400
renpy,2025-07-21 08:20:35 -0400
renpy,2025-07-21 04:30:04 -0400
renpy,2025-07-20 19:39:55 -0400
renpy,2025-07-20 12:46:30 -0400
renpy,2025-07-20 04:30:04 -0400
renpy,2025-07-20 07:09:27 +0200
renpy,2025-07-19 20:47:12 -0400
renpy,2025-07-19 20:31:51 -0400
renpy,2025-07-19 20:31:36 -0400
renpy,2025-07-19 19:30:51 -0400
renpy,2025-07-19 19:20:30 -0400
renpy,2025-07-19 17:11:21 -0400
renpy,2025-07-19 16:08:18 -0400
renpy,2025-07-19 15:50:49 -0400
renpy,2025-07-19 04:30:04 -0400
renpy,2025-07-18 21:41:34 -0400
renpy,2025-07-18 15:04:37 +0200
renpy,2025-07-18 14:35:07 +0200
renpy,2025-07-18 04:30:04 -0400
renpy,2025-07-18 01:54:09 -0400
renpy,2025-07-18 05:42:54 +0100
renpy,2025-07-17 23:47:32 -0400
renpy,2025-07-17 23:41:12 -0400
renpy,2025-07-17 23:27:43 -0400
renpy,2025-07-17 23:25:02 -0400
renpy,2025-07-17 23:00:29 -0400
renpy,2025-07-17 21:51:16 +0330
renpy,2025-07-17 04:30:04 -0400
renpy,2025-07-17 01:20:19 -0400
renpy,2025-07-17 00:13:08 -0400
renpy,2025-07-15 22:37:54 -0400
renpy,2025-07-16 23:54:43 -0400
renpy,2025-07-16 21:42:08 -0400
renpy,2025-07-17 01:42:59 +0100
renpy,2025-07-15 12:25:17 +0100
renpy,2025-07-15 04:30:04 -0400
renpy,2025-07-14 22:59:52 -0400
renpy,2025-07-14 12:32:13 -0400
renpy,2025-07-14 16:33:05 +0100
renpy,2025-07-14 15:38:31 +0100
renpy,2025-07-14 04:30:04 -0400
renpy,2025-07-14 00:17:17 -0400
renpy,2025-07-13 23:56:41 -0400
renpy,2025-07-13 23:49:21 -0400
renpy,2025-07-13 23:28:22 -0400
renpy,2025-07-13 20:49:48 -0400
renpy,2025-07-13 21:31:51 +0100
renpy,2025-07-13 22:05:37 +0330
renpy,2025-07-13 21:57:48 +0330
renpy,2025-07-13 08:39:01 -0400
renpy,2025-07-13 00:19:57 +0100
renpy,2025-07-13 04:30:04 -0400
renpy,2025-07-13 01:42:07 -0400
renpy,2025-07-13 01:38:59 -0400
renpy,2025-07-12 12:29:59 -0400
renpy,2025-07-12 12:12:24 -0400
renpy,2025-07-12 11:50:15 -0400
renpy,2025-07-12 10:10:25 -0400
renpy,2025-07-12 10:09:45 -0400
renpy,2025-07-12 10:04:55 -0400
renpy,2025-07-11 21:29:15 -0400
renpy,2025-07-10 22:58:14 -0400
renpy,2025-07-10 21:54:48 -0400
renpy,2025-07-10 22:04:18 +0100
renpy,2025-07-10 21:38:11 +0100
renpy,2025-07-10 21:28:38 +0330
renpy,2025-07-10 21:22:41 +0330
renpy,2025-07-10 11:04:17 +0330
renpy,2025-07-09 22:38:32 -0400
renpy,2025-07-09 22:22:04 -0400
renpy,2025-07-09 19:12:12 +0330
renpy,2025-07-09 19:11:42 +0330
renpy,2025-07-09 19:11:03 +0330
renpy,2025-07-09 01:28:45 -0400
renpy,2025-07-09 00:20:18 -0400
renpy,2025-07-09 00:16:21 -0400
renpy,2025-07-08 23:29:46 -0400
renpy,2025-07-08 22:33:11 -0400
renpy,2025-07-08 10:36:40 +0200
renpy,2025-07-08 00:38:14 -0400
renpy,2025-07-06 22:42:35 -0400
renpy,2025-07-06 22:39:46 -0400
renpy,2025-07-06 22:39:20 -0400
renpy,2025-07-06 21:46:09 -0400
renpy,2025-07-06 19:22:20 -0400
renpy,2025-07-06 17:14:26 +0400
renpy,2025-07-06 00:20:38 -0400
renpy,2025-07-05 22:09:32 -0400
renpy,2025-07-05 16:41:38 -0400
renpy,2025-07-05 18:44:53 -0400
renpy,2025-07-05 17:59:36 -0400
renpy,2025-07-05 17:58:13 -0400
renpy,2025-07-05 16:14:41 -0400
renpy,2025-07-05 13:22:14 -0400
renpy,2025-07-05 18:09:27 +0400
renpy,2025-07-05 18:06:52 +0400
renpy,2025-07-05 16:41:49 +0400
renpy,2025-07-05 16:41:24 +0400
renpy,2025-07-05 15:56:18 +0400
renpy,2025-07-04 23:48:31 -0400
renpy,2025-07-04 23:15:09 -0400
renpy,2025-07-05 00:27:39 +0400
renpy,2025-07-04 17:47:33 +0400
renpy,2025-07-04 17:45:12 +0400
renpy,2025-07-04 16:13:37 +0400
renpy,2025-07-04 00:25:04 -0400
renpy,2025-07-03 23:04:16 -0400
renpy,2025-07-03 07:15:00 +0200
renpy,2025-07-03 01:07:30 -0400
renpy,2025-07-03 00:48:59 -0400
renpy,2025-07-03 00:48:42 -0400
renpy,2025-07-03 00:48:21 -0400
renpy,2025-07-03 00:42:40 -0400
renpy,2025-07-02 22:38:18 -0400
renpy,2025-07-03 06:20:34 +0400
renpy,2025-07-03 06:14:46 +0400
renpy,2025-07-02 22:01:57 -0400
renpy,2025-07-02 22:01:46 -0400
renpy,2025-07-02 22:00:50 -0400
renpy,2025-07-02 21:43:49 -0400
renpy,2025-07-02 09:33:09 -0400
renpy,2025-07-02 09:27:55 -0400
renpy,2025-07-02 15:50:54 +0400
renpy,2025-07-02 14:57:45 +0400
renpy,2025-07-02 14:46:59 +0400
renpy,2025-07-02 13:31:32 +0400
renpy,2025-07-02 13:13:27 +0400
renpy,2025-07-01 23:06:43 -0400
renpy,2025-07-01 22:58:29 +0300
renpy,2025-07-01 22:54:23 +0300
renpy,2025-06-30 10:07:15 -0400
renpy,2025-06-30 13:22:33 +0200
renpy,2025-06-29 20:55:39 -0400
renpy,2025-06-29 20:31:05 +0200
renpy,2025-06-29 18:25:24 +0100
renpy,2025-06-29 18:21:31 +0100
renpy,2025-06-29 18:19:35 +0100
renpy,2025-06-29 19:04:36 +0200
renpy,2025-06-29 18:02:48 +0100
renpy,2025-06-29 16:13:40 +0100
renpy,2025-06-28 19:49:35 +0300
renpy,2025-06-28 18:34:55 +0400
renpy,2025-06-28 14:39:38 +0400
renpy,2025-06-28 00:56:14 -0400
renpy,2025-06-28 00:50:42 -0400
renpy,2025-06-27 08:19:58 -0400
renpy,2025-06-26 22:46:48 -0400
renpy,2025-06-25 23:30:47 -0400
renpy,2025-06-26 04:21:21 +0100
renpy,2025-06-26 04:21:13 +0100
renpy,2025-06-26 04:20:59 +0100
renpy,2025-06-26 04:04:09 +0100
renpy,2025-06-25 21:54:51 +0200
renpy,2025-06-25 21:37:31 +0200
renpy,2025-06-25 07:56:12 -0400
renpy,2025-06-24 21:34:49 -0400
renpy,2025-06-24 08:16:36 -0400
renpy,2025-06-23 23:49:04 -0400
renpy,2025-06-23 08:25:30 -0400
renpy,2025-06-23 20:15:16 +0400
renpy,2025-06-23 06:16:39 +0100
renpy,2025-06-22 21:26:45 -0400
renpy,2025-06-22 21:17:12 -0400
renpy,2025-06-22 21:06:44 -0400
renpy,2025-06-22 19:12:09 -0400
renpy,2025-06-22 17:30:49 -0400
renpy,2025-06-22 17:30:06 -0400
renpy,2025-06-22 23:27:00 +0200
renpy,2025-06-22 17:23:25 -0400
renpy,2025-06-22 13:44:29 -0400
renpy,2025-06-22 13:43:46 -0400
renpy,2025-06-21 23:44:20 -0400
renpy,2025-06-21 10:58:55 -0400
renpy,2025-06-20 07:52:06 -0400
renpy,2025-06-20 01:22:21 -0400
renpy,2025-06-20 01:19:55 -0400
renpy,2025-06-20 01:10:22 -0400
renpy,2025-06-20 00:12:07 -0400
renpy,2025-06-19 21:47:35 -0400
renpy,2025-06-18 09:58:42 -0400
renpy,2025-06-18 09:54:23 -0400
renpy,2025-06-18 08:41:07 -0400
renpy,2025-06-18 14:28:03 +0200
renpy,2025-06-18 08:23:07 -0400
renpy,2025-06-18 01:34:41 -0400
renpy,2025-06-18 01:03:03 -0400
renpy,2025-06-18 00:35:05 -0400
renpy,2025-06-17 23:59:44 -0400
renpy,2025-06-17 23:00:38 -0400
renpy,2025-06-16 23:40:57 -0400
renpy,2025-06-16 09:40:15 -0400
renpy,2025-06-16 09:33:34 -0400
renpy,2025-06-16 08:53:19 -0400
renpy,2025-06-16 08:52:22 -0400
renpy,2025-06-16 01:21:07 -0400
renpy,2025-06-15 23:58:03 -0400
renpy,2025-06-15 22:18:50 -0400
renpy,2025-06-15 22:18:06 -0400
renpy,2025-06-15 22:17:17 -0400
renpy,2025-06-16 01:21:38 -0400
renpy,2025-06-15 18:03:04 -0400
renpy,2025-06-15 18:02:05 -0400
renpy,2025-06-15 18:01:37 -0400
renpy,2025-06-15 21:20:29 +0200
renpy,2025-06-15 21:12:42 +0200
renpy,2025-06-14 20:23:17 -0400
renpy,2025-06-14 23:08:34 +0200
renpy,2025-06-14 23:06:02 +0200
renpy,2025-06-13 21:15:20 -0400
renpy,2025-06-13 19:02:18 +0400
renpy,2025-06-13 18:49:31 +0400
renpy,2025-06-12 23:54:55 +0200
renpy,2025-06-12 17:22:45 -0400
renpy,2025-06-12 17:22:34 -0400
renpy,2025-06-12 19:47:51 +0100
renpy,2025-06-12 08:14:12 -0400
renpy,2025-06-12 07:29:25 -0400
renpy,2025-06-12 00:12:16 -0400
renpy,2025-06-11 23:03:07 -0400
renpy,2025-06-11 12:26:02 +0200
renpy,2025-06-11 12:24:05 +0200
renpy,2025-06-11 12:17:57 +0200
renpy,2025-06-11 12:16:19 +0200
renpy,2025-06-11 12:14:15 +0200
renpy,2025-06-11 11:59:34 +0200
renpy,2025-06-10 22:51:56 -0400
renpy,2025-06-09 23:48:58 -0400
renpy,2025-06-09 23:22:39 +0200
renpy,2025-06-09 22:21:14 +0200
renpy,2025-06-09 08:58:49 -0400
renpy,2025-06-09 08:40:48 +0400
renpy,2025-06-08 23:28:21 -0400
renpy,2025-06-08 17:09:52 -0400
renpy,2025-06-08 17:08:05 -0400
renpy,2025-06-08 16:24:32 -0400
renpy,2025-06-08 16:23:05 -0400
renpy,2025-06-07 21:19:13 -0400
renpy,2025-06-07 16:29:53 +0200
renpy,2025-06-06 22:34:50 -0400
renpy,2025-06-06 02:07:13 -0400
renpy,2025-06-06 01:06:01 -0400
renpy,2025-06-05 16:54:13 +0900
renpy,2025-06-05 22:46:22 -0400
renpy,2025-06-05 01:07:18 -0400
renpy,2025-06-04 09:01:37 -0400
renpy,2025-06-04 08:56:31 -0400
renpy,2025-06-03 00:49:36 -0400
renpy,2025-06-02 01:21:38 -0400
renpy,2025-06-01 22:29:35 -0400
renpy,2025-05-31 22:49:12 -0400
renpy,2025-05-30 22:02:29 -0400
renpy,2025-05-30 21:40:04 -0400
renpy,2025-05-29 02:45:25 -0400
renpy,2025-05-29 00:19:56 -0400
renpy,2025-05-29 01:31:59 +0400
renpy,2025-05-28 15:37:24 -0400
renpy,2025-05-28 04:21:25 -0700
renpy,2025-05-27 21:03:33 -0400
renpy,2025-05-28 01:24:02 +0200
renpy,2025-05-27 14:43:10 +0400
renpy,2025-05-27 02:18:12 -0400
renpy,2025-05-26 23:02:28 -0400
renpy,2025-05-26 22:53:37 -0400
renpy,2025-05-26 21:49:08 -0400
renpy,2025-05-25 14:38:06 -0400
renpy,2025-05-24 21:39:21 -0400
renpy,2025-05-24 11:53:52 -0400
renpy,2025-05-24 09:25:16 -0400
renpy,2025-05-23 18:47:00 +0200
renpy,2025-05-23 15:37:23 +0000
renpy,2025-05-19 00:14:23 -0400
renpy,2025-04-28 01:25:17 -0400
renpy,2025-04-26 01:10:21 +0200
renpy,2025-04-24 23:18:49 -0400
renpy,2025-04-24 09:25:52 -0400
renpy,2025-04-23 21:25:10 -0400
renpy,2025-04-23 11:12:13 +0200
renpy,2025-04-22 08:14:40 -0400
renpy,2025-04-22 08:08:26 -0400
renpy,2025-04-22 07:56:27 -0400
renpy,2025-04-22 07:54:55 -0400
renpy,2025-04-22 04:30:54 -0400
renpy,2025-04-21 21:03:40 -0400
renpy,2025-04-22 00:31:33 +0200
renpy,2025-04-22 00:04:45 +0200
renpy,2025-04-21 20:16:36 +0200
renpy,2025-04-20 23:40:35 -0400
renpy,2025-04-20 23:40:35 -0400
renpy,2025-04-20 13:38:40 -0400
renpy,2025-04-20 13:11:33 -0400
renpy,2025-04-20 12:31:35 -0400
renpy,2025-04-19 22:51:48 -0400
renpy,2025-04-20 00:11:12 +0200
renpy,2025-04-19 23:53:55 +0200
renpy,2025-04-19 23:08:34 +0200
renpy,2025-04-19 22:58:06 +0200
renpy,2025-04-19 22:45:50 +0200
renpy,2025-04-19 22:27:47 +0200
renpy,2025-04-19 22:23:57 +0200
renpy,2025-04-19 22:23:48 +0200
renpy,2025-04-19 21:50:50 +0200
renpy,2025-04-19 21:50:24 +0200
renpy,2025-04-19 21:41:09 +0200
renpy,2025-04-19 21:21:35 +0200
renpy,2025-04-19 21:21:10 +0200
renpy,2025-04-19 20:19:27 +0100
renpy,2025-04-19 20:59:34 +0200
renpy,2025-04-19 20:25:16 +0200
renpy,2025-04-19 20:24:27 +0200
renpy,2025-04-19 20:12:48 +0200
renpy,2025-04-19 20:12:27 +0200
renpy,2025-04-19 20:01:08 +0200
renpy,2025-04-19 19:58:07 +0200
renpy,2025-04-19 18:30:22 +0200
renpy,2025-04-19 18:21:09 +0200
renpy,2025-04-19 18:15:31 +0200
renpy,2025-04-19 12:08:25 -0400
renpy,2025-04-19 17:50:42 +0200
renpy,2025-04-19 17:48:17 +0200
renpy,2025-04-19 17:33:01 +0200
renpy,2025-04-19 17:31:52 +0200
renpy,2025-04-19 17:26:27 +0200
renpy,2025-04-19 17:25:43 +0200
renpy,2025-04-19 17:06:44 +0200
renpy,2025-04-19 16:41:02 +0200
renpy,2025-04-19 16:28:03 +0200
renpy,2025-04-19 08:44:09 -0400
renpy,2025-04-18 23:06:43 -0400
renpy,2025-04-18 21:09:19 -0400
renpy,2025-04-18 09:21:34 -0400
renpy,2025-04-18 11:43:30 +0200
renpy,2025-04-18 00:20:15 -0400
renpy,2025-04-17 01:19:01 -0400
renpy,2025-04-15 22:30:21 -0400
renpy,2025-04-15 23:59:18 +0200
renpy,2025-04-15 23:46:58 +0200
renpy,2025-04-15 00:17:57 -0400
renpy,2025-04-14 23:47:53 -0400
renpy,2025-04-14 09:42:13 -0400
renpy,2025-04-14 08:04:18 -0400
renpy,2025-04-14 15:57:16 +0400
renpy,2025-04-13 01:43:59 +0100
renpy,2025-04-12 23:52:47 +0100
renpy,2025-04-12 23:06:36 +0100
renpy,2025-04-12 22:59:51 +0100
renpy,2025-04-12 22:53:20 +0100
renpy,2025-04-13 23:53:15 -0400
renpy,2025-04-14 04:33:16 +0100
renpy,2025-04-13 22:31:43 -0400
renpy,2025-04-13 21:12:21 -0400
renpy,2025-04-13 20:07:24 -0400
renpy,2025-04-12 21:12:47 -0400
renpy,2025-04-12 19:15:04 -0400
renpy,2025-04-13 00:02:05 +0100
renpy,2025-04-11 19:23:31 -0400
renpy,2025-04-10 15:17:33 +0100
renpy,2025-04-10 00:49:00 -0400
renpy,2025-04-09 23:09:53 -0400
renpy,2025-04-09 22:49:01 -0400
renpy,2025-04-09 21:52:09 -0400
renpy,2025-04-09 04:30:06 -0400
renpy,2025-04-08 22:41:43 -0400
renpy,2025-04-08 22:41:43 -0400
renpy,2025-04-07 19:59:16 -0400
renpy,2025-04-07 19:56:53 -0400
renpy,2025-04-06 22:10:55 -0400
renpy,2025-04-06 19:59:11 -0400
renpy,2025-04-06 08:55:03 -0400
renpy,2025-04-06 00:11:40 -0400
renpy,2025-04-05 22:35:06 -0400
renpy,2025-04-05 22:22:13 -0400
renpy,2025-04-05 11:22:35 +0400
renpy,2025-04-05 11:21:49 +0400
renpy,2025-04-04 22:57:24 -0400
renpy,2025-04-04 21:58:03 -0400
renpy,2025-04-04 16:20:26 +0100
renpy,2025-04-04 15:35:40 +0100
renpy,2025-04-04 09:53:13 +0100
renpy,2025-04-03 22:07:30 -0400
renpy,2025-04-03 22:06:06 -0400
renpy,2025-04-03 23:28:46 +0100
renpy,2025-04-02 14:18:52 +0100
renpy,2025-04-03 00:06:12 -0400
renpy,2025-04-02 22:40:20 -0400
renpy,2025-04-01 22:35:52 -0400
renpy,2025-03-31 23:02:24 -0400
renpy,2025-03-30 14:32:59 -0400
renpy,2025-03-29 13:09:42 -0400
renpy,2025-03-29 00:42:09 -0400
renpy,2025-03-28 09:16:30 -0400
renpy,2025-03-28 08:50:42 -0400
renpy,2025-03-28 08:48:05 -0400
renpy,2025-03-28 00:24:25 -0400
renpy,2025-03-27 23:59:44 -0400
renpy,2025-03-27 23:20:41 -0400
renpy,2025-03-27 21:26:02 -0400
renpy,2025-03-26 09:12:08 -0400
renpy,2025-03-26 00:09:56 -0400
renpy,2025-03-25 08:43:09 -0400
renpy,2025-03-25 08:26:54 -0400
renpy,2025-03-25 01:30:06 -0400
renpy,2025-03-24 23:02:34 -0400
renpy,2025-03-24 00:12:32 -0400
renpy,2025-03-23 23:27:57 -0400
renpy,2025-03-23 21:58:50 -0400
renpy,2025-03-23 09:42:28 -0400
renpy,2025-03-22 23:55:39 -0400
renpy,2025-03-22 13:17:40 -0400
renpy,2025-03-21 00:31:11 -0400
renpy,2025-03-21 00:29:01 -0400
renpy,2025-03-21 00:26:47 -0400
renpy,2025-03-20 23:35:24 -0400
renpy,2025-03-21 04:24:49 +0300
renpy,2025-03-20 09:12:19 -0400
renpy,2025-03-20 09:01:58 -0400
renpy,2025-03-20 01:45:12 -0400
renpy,2025-03-20 00:57:18 -0400
renpy,2025-03-20 00:57:06 -0400
renpy,2025-03-20 00:53:36 -0400
renpy,2025-03-20 00:51:47 -0400
renpy,2025-03-19 23:58:04 -0400
renpy,2025-03-19 23:16:15 -0400
renpy,2025-03-19 22:52:56 -0400
renpy,2025-03-18 23:07:41 -0400
renpy,2025-03-18 04:30:06 -0400
renpy,2025-03-18 01:25:03 -0400
renpy,2025-03-18 07:21:33 +0400
renpy,2025-03-18 03:12:03 +0100
renpy,2025-03-17 08:28:21 -0400
renpy,2025-03-17 08:23:23 -0400
renpy,2025-03-16 22:58:01 -0400
renpy,2025-03-16 22:51:05 -0400
renpy,2025-03-16 22:47:42 -0400
renpy,2025-03-16 22:16:50 -0400
renpy,2025-03-16 22:10:26 -0400
renpy,2025-03-16 21:38:53 -0400
renpy,2025-03-16 04:30:06 -0400
renpy,2025-03-15 15:00:47 -0400
renpy,2025-03-14 21:46:12 -0400
renpy,2025-03-14 09:10:21 -0400
renpy,2025-03-14 09:03:49 -0400
renpy,2025-03-14 09:02:05 -0400
renpy,2025-03-14 08:19:45 -0400
renpy,2025-03-13 23:24:24 -0400
renpy,2025-03-13 16:33:15 -0400
renpy,2025-03-13 17:59:28 +0900
renpy,2025-03-13 04:30:11 -0400
renpy,2025-03-12 08:05:20 -0400
renpy,2025-03-12 04:30:11 -0400
renpy,2025-03-12 00:04:37 -0400
renpy,2025-03-12 00:04:37 -0400
renpy,2025-03-11 21:01:41 -0400
renpy,2025-03-12 04:08:10 +0900
renpy,2025-03-10 22:13:28 -0400
renpy,2025-03-10 00:38:21 -0400
renpy,2025-03-10 00:37:20 -0400
renpy,2025-03-10 00:31:43 -0400
renpy,2025-03-09 21:11:44 -0400
renpy,2025-03-09 18:55:18 -0400
renpy,2025-03-09 12:07:33 -0400
renpy,2025-03-09 11:30:30 -0400
renpy,2025-03-08 15:48:29 -0500
renpy,2025-03-08 12:48:19 -0500
renpy,2025-03-08 11:01:04 +0330
renpy,2025-03-07 13:00:38 -0500
renpy,2025-03-07 08:56:32 -0500
renpy,2025-03-07 04:30:11 -0500
renpy,2025-03-06 09:30:48 -0500
renpy,2025-03-05 23:39:58 -0500
renpy,2025-03-04 21:29:26 -0500
renpy,2025-03-03 21:33:09 -0500
renpy,2025-03-01 17:41:30 +0400
renpy,2025-03-02 23:22:26 -0500
renpy,2025-03-02 13:23:01 -0500
renpy,2025-03-02 04:30:11 -0500
renpy,2025-03-01 13:31:10 -0500
renpy,2025-03-01 13:31:10 -0500
renpy,2025-03-01 12:34:49 -0500
renpy,2025-03-01 11:25:48 -0500
renpy,2025-03-01 15:01:18 +0400
renpy,2025-02-28 18:40:36 +0400
renpy,2025-02-28 09:39:26 -0500
renpy,2025-02-28 09:26:20 -0500
renpy,2025-02-28 09:25:30 -0500
renpy,2025-02-28 18:09:38 +0400
renpy,2025-02-27 21:04:32 -0500
renpy,2025-02-27 20:29:59 -0500
renpy,2025-02-27 15:56:15 +0400
renpy,2025-02-27 07:54:31 -0500
renpy,2025-02-27 15:26:20 +0400
renpy,2025-02-27 00:04:32 -0500
renpy,2025-02-26 23:29:21 -0500
renpy,2025-02-26 22:31:41 -0500
renpy,2025-02-26 21:43:17 -0500
renpy,2025-02-26 20:32:13 -0500
renpy,2025-02-26 04:30:12 -0500
renpy,2025-02-25 22:54:36 -0500
renpy,2025-02-25 22:54:11 -0500
renpy,2025-02-25 20:48:58 -0500
renpy,2025-02-25 20:36:52 -0500
renpy,2025-02-25 18:55:40 -0500
renpy,2025-02-25 18:24:52 +0400
renpy,2025-02-25 08:38:46 -0500
renpy,2025-02-25 04:30:11 -0500
renpy,2025-02-25 00:31:58 -0500
renpy,2025-02-24 21:10:34 -0500
renpy,2025-02-24 20:49:43 -0500
renpy,2025-02-24 20:49:26 -0500
renpy,2025-02-25 00:43:16 +0400
renpy,2025-02-25 00:15:44 +0400
renpy,2025-02-25 00:04:21 +0400
renpy,2025-02-24 23:17:44 +0400
renpy,2025-02-24 17:40:22 +0400
renpy,2025-02-24 17:23:23 +0400
renpy,2025-02-24 10:49:35 +0400
renpy,2025-02-24 04:30:12 -0500
renpy,2025-02-23 22:55:56 -0500
renpy,2025-01-12 00:22:09 -0500
renpy,2025-02-23 04:30:12 -0500
renpy,2025-02-22 22:36:09 -0500
renpy,2025-02-22 16:36:48 -0500
renpy,2025-02-22 16:36:48 -0500
renpy,2025-02-22 15:19:57 +0800
renpy,2025-02-22 01:16:02 -0500
renpy,2025-02-22 01:09:21 -0500
renpy,2025-02-21 22:26:42 -0500
renpy,2025-02-21 20:45:34 -0500
renpy,2025-02-21 08:28:53 -0500
renpy,2025-02-21 00:51:25 -0500
renpy,2025-02-21 00:51:25 -0500
renpy,2025-02-21 00:37:25 -0500
renpy,2025-02-20 22:14:39 -0500
renpy,2025-02-19 23:01:56 -0500
renpy,2025-02-19 04:30:41 -0500
renpy,2025-02-18 22:22:25 -0500
renpy,2025-02-18 22:10:47 -0500
renpy,2025-02-18 21:47:05 -0500
renpy,2025-02-18 18:00:33 -0500
renpy,2025-02-18 17:59:57 -0500
renpy,2025-02-18 17:57:59 -0500
renpy,2025-02-18 12:41:35 +0400
renpy,2025-02-17 09:01:24 -0500
renpy,2025-02-17 01:15:15 -0500
renpy,2025-02-16 22:41:20 -0500
renpy,2025-02-16 22:25:43 -0500
renpy,2025-02-16 21:27:54 -0500
renpy,2025-02-16 21:07:35 -0500
renpy,2025-02-16 19:02:27 -0500
renpy,2025-02-16 00:20:52 -0500
renpy,2025-02-15 23:14:02 -0500
renpy,2025-02-15 22:29:44 -0500
renpy,2025-02-14 23:01:57 -0500
renpy,2025-02-15 17:55:35 -0500
renpy,2025-02-15 16:08:25 -0500
renpy,2025-02-14 20:05:28 -0500
renpy,2025-02-14 17:35:44 -0500
renpy,2025-02-14 00:07:08 -0500
renpy,2025-02-13 23:39:47 -0500
renpy,2025-02-13 22:46:19 -0500
renpy,2025-02-14 06:19:48 +0400
renpy,2025-02-14 05:25:38 +0400
renpy,2025-02-14 05:21:19 +0400
renpy,2025-02-14 03:48:18 +0400
renpy,2025-02-14 03:36:22 +0400
renpy,2025-02-13 18:04:55 +0400
renpy,2025-02-13 17:59:11 +0400
renpy,2025-02-13 00:02:28 -0500
renpy,2025-02-12 23:31:22 -0500
renpy,2025-02-12 23:21:48 -0500
renpy,2025-02-12 22:51:50 -0500
renpy,2025-02-11 22:55:40 -0500
renpy,2025-02-11 01:03:18 -0500
renpy,2025-02-10 23:05:37 -0500
renpy,2025-02-09 23:35:47 -0500
renpy,2025-02-09 21:25:09 -0500
renpy,2025-02-09 14:49:20 -0500
renpy,2025-02-09 14:05:04 -0500
renpy,2025-02-08 22:30:19 -0500
renpy,2025-02-08 04:30:40 -0500
renpy,2025-02-07 08:45:17 -0500
renpy,2025-02-07 01:24:18 -0500
renpy,2025-02-07 01:24:18 -0500
renpy,2025-02-07 01:26:13 +0000
renpy,2025-02-06 20:17:35 -0500
renpy,2025-02-06 18:18:43 -0400
renpy,2025-02-06 00:33:28 -0500
renpy,2025-02-06 00:23:26 -0500
renpy,2025-02-06 00:17:44 -0500
renpy,2025-02-05 23:40:10 -0500
renpy,2025-02-05 20:54:37 -0500
renpy,2025-02-05 20:52:34 -0500
renpy,2025-02-05 18:08:24 +0100
renpy,2025-02-05 17:52:37 +0100
renpy,2025-02-05 15:26:37 +0000
renpy,2025-02-05 15:18:08 +0000
renpy,2025-02-05 01:18:16 -0500
renpy,2025-02-04 22:29:07 -0500
renpy,2025-02-04 02:18:10 -0500
renpy,2025-02-03 23:00:00 -0500
renpy,2025-02-03 22:38:03 -0500
renpy,2025-02-02 22:52:15 -0500
renpy,2025-02-02 00:09:36 +0100
renpy,2025-02-01 16:59:26 -0500
renpy,2025-02-01 15:39:17 -0500
renpy,2025-02-01 17:24:02 +0200
renpy,2025-02-01 18:02:48 +0300
renpy,2025-02-01 04:30:40 -0500
renpy,2025-01-31 22:07:18 -0500
renpy,2025-01-30 23:13:01 +0100
renpy,2025-01-30 23:12:49 +0100
renpy,2025-01-30 23:11:18 +0100
renpy,2025-01-26 19:36:10 +0100
renpy,2025-01-29 23:13:17 -0500
renpy,2025-01-29 20:52:51 -0500
renpy,2025-01-28 22:11:01 -0500
renpy,2025-01-28 22:10:31 -0500
renpy,2025-01-27 23:17:26 -0500
renpy,2025-01-27 01:31:38 -0500
renpy,2025-01-27 01:06:25 -0500
renpy,2025-01-27 01:05:53 -0500
renpy,2025-01-26 21:34:55 -0500
renpy,2025-01-26 01:15:46 -0500
renpy,2025-01-25 01:41:31 -0500
renpy,2025-01-23 02:07:14 -0500
renpy,2025-01-23 02:04:35 -0500
renpy,2025-01-27 01:29:25 -0500
renpy,2025-01-22 15:58:43 -0500
renpy,2025-01-21 09:18:26 -0500
renpy,2025-01-21 00:24:01 -0500
renpy,2025-01-20 22:23:52 -0500
renpy,2025-01-20 00:11:52 -0500
renpy,2025-01-19 12:26:05 -0500
renpy,2025-01-19 11:54:19 -0500
renpy,2025-01-18 22:56:21 -0500
renpy,2025-01-26 18:16:35 +0100
renpy,2025-01-26 18:16:01 +0100
renpy,2025-01-25 04:30:40 -0500
renpy,2025-01-24 21:29:26 -0500
renpy,2025-01-24 04:30:40 -0500
renpy,2025-01-23 22:32:49 -0500
renpy,2025-01-23 22:15:11 -0500
renpy,2025-01-23 21:01:32 +0100
renpy,2025-01-22 22:31:54 -0500
renpy,2025-01-22 22:22:01 -0500
renpy,2025-01-22 22:19:42 -0500
renpy,2025-01-23 02:12:40 +0000
renpy,2025-01-22 18:32:04 -0600
renpy,2025-01-22 18:23:38 -0600
renpy,2025-01-21 19:43:53 -0600
renpy,2025-01-21 22:54:26 -0500
renpy,2025-01-19 20:54:38 -0500
renpy,2025-01-19 20:54:20 -0500
renpy,2025-01-19 10:14:20 +0100
renpy,2025-01-18 23:03:42 -0500
renpy,2025-01-18 11:13:26 -0500
renpy,2025-01-18 08:41:34 +0100
renpy,2025-01-18 08:36:04 +0100
renpy,2025-01-16 19:18:19 -0500
renpy,2025-01-15 23:51:18 -0500
renpy,2025-01-15 21:36:29 -0500
renpy,2025-01-15 12:26:54 +0000
renpy,2025-01-15 02:13:27 -0500
renpy,2025-01-14 22:17:15 -0500
renpy,2025-01-14 17:45:01 +0000
renpy,2025-01-14 14:59:09 +0000
renpy,2025-01-14 01:44:45 -0500
renpy,2025-01-11 22:36:46 -0500
renpy,2025-01-14 01:49:35 -0500
renpy,2025-01-14 01:44:45 -0500
renpy,2025-01-13 22:43:08 -0500
renpy,2025-01-13 14:31:20 +0100
renpy,2025-01-13 08:55:21 -0500
renpy,2025-01-13 14:31:20 +0100
renpy,2025-01-12 22:54:17 -0500
renpy,2025-01-12 22:31:42 -0500
renpy,2025-01-12 15:25:28 -0500
renpy,2025-01-12 14:11:33 -0500
renpy,2025-01-12 04:30:40 -0500
renpy,2025-01-12 00:22:09 -0500
renpy,2025-01-11 22:48:55 -0500
renpy,2025-01-11 22:36:46 -0500
renpy,2025-01-05 18:15:17 +0000
renpy,2025-01-11 15:32:23 -0500
renpy,2025-01-10 23:03:26 -0500
renpy,2025-01-10 22:56:34 -0500
renpy,2025-01-10 01:24:29 -0500
renpy,2025-01-10 01:21:56 -0500
renpy,2025-01-10 01:07:25 -0500
renpy,2025-01-09 22:46:32 -0500
renpy,2025-01-09 22:45:28 -0500
renpy,2025-01-09 22:44:43 -0500
renpy,2025-01-09 01:09:42 -0500
renpy,2025-01-08 23:32:25 -0500
renpy,2025-01-08 09:38:30 -0500
renpy,2025-01-08 08:27:10 -0500
renpy,2025-01-07 22:01:46 -0500
renpy,2025-01-07 19:04:09 -0500
renpy,2025-01-07 18:48:13 +0000
renpy,2025-01-07 18:46:24 +0000
renpy,2025-01-07 02:14:28 -0500
renpy,2025-01-06 22:49:59 -0500
renpy,2025-01-06 22:35:58 -0500
renpy,2025-01-05 23:04:19 -0500
renpy,2025-01-05 22:42:45 -0500
renpy,2025-01-05 18:15:17 +0000
renpy,2025-01-05 01:29:03 -0500
renpy,2025-01-05 01:06:51 -0500
renpy,2025-01-05 00:56:25 -0500
renpy,2025-01-05 00:51:20 -0500
renpy,2025-01-05 06:50:49 +0100
renpy,2025-01-05 00:48:05 -0500
renpy,2025-01-04 23:33:41 -0500
renpy,2025-01-04 14:37:25 -0500
renpy,2025-01-04 12:39:48 -0500
renpy,2025-01-04 14:36:55 -0500
renpy,2025-01-04 12:16:34 -0500
renpy,2025-01-04 11:09:24 +0000
renpy,2025-01-04 11:00:20 +0000
renpy,2025-01-04 10:59:04 +0000
renpy,2025-01-03 23:56:19 -0500
renpy,2025-01-03 22:19:32 -0500
renpy,2025-01-03 18:01:30 +0200
renpy,2025-01-03 15:46:23 +0000
renpy,2025-01-03 01:57:21 -0500
renpy,2025-01-02 20:07:41 -0500
renpy,2025-01-02 20:06:51 -0500
renpy,2025-01-02 19:01:36 -0500
renpy,2025-01-02 18:57:41 -0500
renpy,2025-01-02 18:52:43 -0500
renpy,2025-01-02 18:48:44 -0500
renpy,2024-12-15 10:31:31 +0100
renpy,2025-01-02 18:41:52 -0500
renpy,2025-01-02 18:40:54 -0500
renpy,2024-12-26 05:47:03 +0400
renpy,2024-10-28 22:31:11 +0400
renpy,2024-11-03 00:02:26 +0400
renpy,2024-10-28 19:38:44 +0400
renpy,2024-11-02 19:27:52 +0400
renpy,2025-01-02 21:31:25 +0400
renpy,2025-01-02 19:49:20 +0400
renpy,2025-01-02 19:36:42 +0400
renpy,2025-01-02 18:34:40 +0400
renpy,2025-01-02 18:11:43 +0400
renpy,2025-01-02 18:09:54 +0400
renpy,2025-01-02 17:10:01 +0400
renpy,2025-01-02 16:52:33 +0400
renpy,2025-01-02 16:38:40 +0400
renpy,2025-01-02 14:39:10 +0400
renpy,2025-01-02 00:30:19 -0500
renpy,2025-01-01 23:48:16 -0500
renpy,2025-01-01 23:37:10 -0500
renpy,2025-01-01 21:00:16 -0500
renpy,2025-01-01 20:02:13 -0500
renpy,2025-01-01 17:37:13 -0500
renpy,2025-01-01 09:23:33 -0500
renpy,2025-01-01 09:09:56 -0500
renpy,2025-01-01 01:25:08 -0500
renpy,2024-12-31 23:30:49 -0500
renpy,2024-12-31 22:29:16 -0500
renpy,2024-12-31 09:22:24 -0500
renpy,2024-12-30 08:43:27 -0500
renpy,2024-12-30 02:23:56 -0500
renpy,2024-12-30 02:08:39 -0500
renpy,2024-12-30 02:03:09 -0500
renpy,2024-12-30 01:00:18 -0500
renpy,2024-12-30 00:59:26 -0500
renpy,2024-12-29 22:59:03 -0500
renpy,2024-12-29 22:43:57 +0000
renpy,2024-12-29 22:43:20 +0000
renpy,2024-12-29 19:00:15 +0000
renpy,2024-12-29 11:33:15 -0500
renpy,2024-12-29 11:31:02 -0500
renpy,2024-12-29 10:37:07 -0500
renpy,2024-12-28 23:27:13 -0500
renpy,2024-12-28 13:06:35 -0500
renpy,2024-12-28 10:22:51 -0500
renpy,2024-12-28 09:16:29 -0500
renpy,2024-12-28 00:57:41 -0500
renpy,2024-12-27 19:09:44 -0500
renpy,2024-12-27 17:06:19 -0500
renpy,2024-12-27 15:18:07 -0500
renpy,2024-12-27 15:16:53 -0500
renpy,2024-12-27 14:45:15 -0500
renpy,2024-12-27 14:13:03 -0500
renpy,2024-12-27 13:22:04 -0500
renpy,2024-12-27 11:31:05 -0500
renpy,2024-12-27 01:10:07 -0500
renpy,2024-12-26 23:56:41 -0500
renpy,2024-12-27 01:35:57 +0400
renpy,2024-12-26 00:20:05 -0500
renpy,2024-12-25 22:52:45 -0500
renpy,2024-12-25 08:00:55 -0500
renpy,2024-12-26 06:22:52 +0400
renpy,2024-12-25 20:39:00 -0500
renpy,2024-12-25 16:42:56 -0500
renpy,2024-12-25 11:25:01 +0300
renpy,2024-12-25 07:28:18 -0500
renpy,2024-12-25 11:25:01 +0300
renpy,2024-12-25 00:04:04 -0500
renpy,2024-12-24 13:21:21 -0500
renpy,2024-12-24 15:06:23 +0000
renpy,2024-12-24 00:23:35 -0500
renpy,2024-12-23 20:33:32 -0500
renpy,2024-12-24 00:23:35 -0500
renpy,2024-12-23 20:33:32 -0500
renpy,2024-12-22 10:26:01 -0500
renpy,2024-12-22 10:15:15 -0500
renpy,2024-12-22 10:08:18 -0500
renpy,2024-12-22 09:44:33 -0500
renpy,2024-12-22 09:36:53 -0500
renpy,2024-12-22 09:32:23 -0500
renpy,2024-12-22 09:32:23 -0500
renpy,2024-12-22 04:30:55 -0500
renpy,2024-12-22 01:32:26 -0500
renpy,2024-12-22 01:32:26 -0500
renpy,2024-12-22 01:31:14 -0500
renpy,2024-12-22 01:24:26 -0500
renpy,2024-12-21 20:13:28 +0400
renpy,2024-12-21 10:38:26 -0500
renpy,2024-12-21 18:10:13 +0400
renpy,2024-12-21 17:45:50 +0400
renpy,2024-12-21 15:07:33 +0400
renpy,2024-12-19 19:46:57 +0400
renpy,2024-12-19 19:37:57 +0400
renpy,2024-12-15 21:59:49 +0400
renpy,2024-12-19 04:30:54 -0500
renpy,2024-12-18 23:17:56 -0500
renpy,2024-12-17 21:46:42 +0000
renpy,2024-12-15 23:11:31 -0500
renpy,2024-12-15 20:39:22 -0500
renpy,2024-12-15 20:27:42 -0500
renpy,2024-12-15 18:14:26 -0500
renpy,2024-12-16 02:44:11 +0400
renpy,2024-12-16 02:41:22 +0400
renpy,2024-12-15 11:02:05 -0500
renpy,2024-12-15 10:31:31 +0100
renpy,2024-12-15 04:30:54 -0500
renpy,2024-12-15 02:41:04 -0500
renpy,2024-12-15 02:36:08 -0500
renpy,2024-12-14 23:54:24 -0500
renpy,2024-12-14 19:59:04 -0500
renpy,2024-12-14 19:59:04 -0500
renpy,2024-12-14 01:08:40 -0500
renpy,2024-12-14 01:07:20 -0500
renpy,2024-12-13 20:05:12 -0500
renpy,2024-12-12 22:53:43 -0500
renpy,2024-12-12 04:30:54 -0500
renpy,2024-12-11 21:59:35 -0500
renpy,2024-12-11 21:59:35 -0500
renpy,2024-12-10 22:54:33 -0500
renpy,2024-12-09 23:32:16 -0500
renpy,2024-12-09 20:28:02 -0500
renpy,2024-12-09 19:23:08 -0500
renpy,2024-12-09 04:30:54 -0500
renpy,2024-12-08 23:48:49 -0500
renpy,2024-12-08 04:30:54 -0500
renpy,2024-12-07 22:57:53 -0500
renpy,2024-12-07 22:31:04 -0500
renpy,2024-12-07 22:16:19 -0500
renpy,2024-12-07 00:24:22 -0500
renpy,2024-12-06 22:44:36 -0500
renpy,2024-12-06 00:09:38 +0000
renpy,2024-12-05 22:07:35 -0500
renpy,2024-12-05 22:02:58 -0500
renpy,2024-12-06 00:15:14 +0000
renpy,2024-12-04 04:30:54 -0500
renpy,2024-12-04 00:35:33 -0500
renpy,2024-12-03 23:28:01 -0500
renpy,2024-12-03 19:18:34 -0500
renpy,2024-12-03 23:28:01 -0500
renpy,2024-12-03 19:18:34 -0500
renpy,2024-12-03 04:30:54 -0500
renpy,2024-12-03 00:34:17 -0500
renpy,2024-12-02 23:47:45 -0500
renpy,2024-12-02 21:57:17 -0500
renpy,2024-12-02 01:23:10 +0000
renpy,2024-12-01 20:17:41 -0500
renpy,2024-12-01 19:25:09 -0500
renpy,2024-12-01 22:47:04 +0100
renpy,2024-12-01 22:11:45 +0100
renpy,2024-12-01 19:09:48 -0500
renpy,2024-12-02 00:50:22 +0100
renpy,2024-12-01 19:08:16 -0500
renpy,2024-12-02 00:50:22 +0100
renpy,2024-12-01 17:09:27 -0500
renpy,2024-12-01 22:47:04 +0100
renpy,2024-12-01 22:11:45 +0100
renpy,2024-12-01 00:20:18 -0500
renpy,2024-11-30 08:25:11 -0500
renpy,2024-11-29 21:42:03 -0500
renpy,2024-11-29 21:09:41 -0500
renpy,2024-11-29 20:23:41 -0500
renpy,2024-11-28 22:31:14 -0500
renpy,2024-11-30 08:25:11 -0500
renpy,2024-11-29 21:42:03 -0500
renpy,2024-11-29 21:09:41 -0500
renpy,2024-11-29 20:23:41 -0500
renpy,2024-11-29 15:09:45 -0500
renpy,2024-11-29 14:36:51 -0500
renpy,2024-11-29 14:30:40 -0500
renpy,2024-11-29 13:07:57 -0500
renpy,2024-11-28 22:31:14 -0500
renpy,2024-11-28 21:53:27 -0500
renpy,2024-11-29 14:36:51 -0500
renpy,2024-11-29 14:30:40 -0500
renpy,2024-11-29 13:07:57 -0500
renpy,2024-11-28 22:31:14 -0500
renpy,2024-11-28 21:53:27 -0500
renpy,2024-11-27 08:28:11 -0500
renpy,2024-11-27 14:19:22 +0100
renpy,2024-11-26 22:46:40 -0500
renpy,2024-11-26 22:46:33 -0500
renpy,2024-11-25 22:56:00 -0500
renpy,2024-11-24 22:11:26 -0500
renpy,2024-11-24 11:48:50 -0500
renpy,2024-11-24 11:45:22 -0500
renpy,2024-11-24 11:11:00 -0500
renpy,2024-11-24 04:30:12 -0500
renpy,2024-11-23 22:35:03 -0500
renpy,2024-11-23 02:31:36 -0500
renpy,2024-11-23 22:27:56 -0500
renpy,2024-11-23 22:15:35 -0500
renpy,2024-11-23 21:41:38 -0500
renpy,2024-11-23 21:19:45 -0500
renpy,2024-11-23 04:30:13 -0500
renpy,2024-11-23 02:31:36 -0500
renpy,2024-11-22 02:54:21 +0100
renpy,2024-11-22 22:45:55 -0500
renpy,2024-11-23 04:23:44 +0100
renpy,2024-11-22 04:30:12 -0500
renpy,2024-11-22 02:54:21 +0100
renpy,2024-11-21 13:24:00 -0500
renpy,2024-11-21 17:50:05 -0500
renpy,2024-11-21 13:24:00 -0500
renpy,2024-11-21 04:30:13 -0500
renpy,2024-11-20 17:35:58 +0100
renpy,2024-11-20 23:51:09 +0100
renpy,2024-11-20 21:12:05 -0500
renpy,2024-11-20 21:11:38 -0500
renpy,2024-11-20 23:51:09 +0100
renpy,2024-11-20 17:35:58 +0100
renpy,2024-11-20 04:30:28 -0500
renpy,2024-11-19 09:02:02 +0100
renpy,2024-11-19 16:51:40 -0600
renpy,2024-11-19 22:49:40 -0500
renpy,2024-11-19 22:41:37 -0500
renpy,2024-11-19 22:25:23 -0500
renpy,2024-11-19 16:51:40 -0600
renpy,2024-11-19 04:30:28 -0500
renpy,2024-11-19 09:02:02 +0100
renpy,2024-11-18 22:53:36 -0500
renpy,2024-11-18 23:05:56 +0100
renpy,2024-11-18 17:19:35 -0500
renpy,2024-11-18 23:05:56 +0100
renpy,2024-11-17 20:44:44 -0500
renpy,2024-11-16 21:35:25 -0500
renpy,2024-11-16 03:06:09 -0500
renpy,2024-11-16 01:59:03 -0500
renpy,2024-11-15 20:34:32 -0500
renpy,2024-11-15 00:11:26 -0500
renpy,2024-11-14 23:16:13 -0500
renpy,2024-11-14 04:30:28 -0500
renpy,2024-11-13 22:55:57 -0500
renpy,2024-11-13 04:30:28 -0500
renpy,2024-11-12 22:30:57 -0500
renpy,2024-11-12 22:11:46 -0500
renpy,2024-11-12 21:55:58 -0500
renpy,2024-11-11 23:39:23 -0500
renpy,2024-11-11 15:54:38 +0100
renpy,2024-11-11 15:49:06 +0100
renpy,2024-11-11 15:46:10 +0100
renpy,2024-11-11 00:50:46 -0500
renpy,2024-11-11 00:40:18 -0500
renpy,2024-11-10 23:48:00 -0500
renpy,2024-11-10 23:47:28 -0500
renpy,2024-11-11 05:31:11 +0100
renpy,2024-11-10 19:30:53 +0100
renpy,2024-11-10 13:54:55 -0500
renpy,2024-11-10 19:30:53 +0100
renpy,2024-11-10 18:34:20 +0200
renpy,2024-11-10 16:50:08 +0100
renpy,2024-11-09 06:59:12 +0530
renpy,2024-11-09 07:08:01 +0530
renpy,2024-11-08 01:07:11 -0500
renpy,2024-11-07 22:29:47 -0500
renpy,2024-11-07 22:02:23 -0500
renpy,2024-11-08 21:18:51 -0500
renpy,2024-11-08 21:18:37 -0500
renpy,2024-11-09 07:08:01 +0530
renpy,2024-11-09 06:59:12 +0530
renpy,2024-11-09 01:20:03 +0530
renpy,2024-11-09 01:21:29 +0200
renpy,2024-11-09 01:20:03 +0530
renpy,2024-11-08 01:07:11 -0500
renpy,2024-11-07 22:29:47 -0500
renpy,2024-11-07 22:02:23 -0500
renpy,2024-11-07 01:26:32 -0500
renpy,2024-11-06 20:37:35 -0500
renpy,2024-11-07 01:26:32 -0500
renpy,2024-11-06 20:37:35 -0500
renpy,2024-11-06 20:37:35 -0500
renpy,2024-11-05 01:55:32 -0500
renpy,2024-11-05 00:36:12 -0500
renpy,2024-11-04 08:47:28 -0500
renpy,2024-11-04 04:30:28 -0500
renpy,2024-11-03 23:22:46 -0500
renpy,2024-11-03 20:27:30 -0500
renpy,2024-11-04 02:29:14 +0400
renpy,2024-11-03 04:30:28 -0500
renpy,2024-11-02 15:49:52 -0400
renpy,2024-11-02 15:48:08 -0400
renpy,2024-11-02 15:06:05 -0400
renpy,2024-11-02 04:30:28 -0400
renpy,2024-11-01 22:47:15 -0400
renpy,2024-10-31 22:06:55 -0400
renpy,2024-10-31 04:30:28 -0400
renpy,2024-10-31 01:29:21 -0400
renpy,2024-10-31 01:16:33 -0400
renpy,2024-10-30 22:52:37 -0400
renpy,2024-10-30 22:31:14 -0400
renpy,2024-10-28 22:49:16 -0400
renpy,2024-10-30 22:29:52 -0400
renpy,2024-10-30 04:30:30 -0400
renpy,2024-10-29 21:40:41 -0400
renpy,2024-10-29 21:13:53 -0400
renpy,2024-10-29 18:04:56 -0400
renpy,2024-10-29 20:59:27 +0000
renpy,2024-10-28 01:30:51 -0400
renpy,2024-10-28 01:03:30 -0400
renpy,2024-10-28 00:51:38 -0400
renpy,2024-10-28 00:30:33 -0400
renpy,2024-10-27 19:08:05 -0400
renpy,2024-10-27 04:30:30 -0400
renpy,2024-10-27 01:38:58 -0400
renpy,2024-10-26 19:19:17 -0400
renpy,2024-10-25 01:11:50 -0400
renpy,2024-10-25 00:51:30 -0400
renpy,2024-10-24 21:45:59 -0400
renpy,2024-10-25 11:57:58 +1300
renpy,2024-10-24 20:58:52 -0400
renpy,2024-10-25 11:57:58 +1300
renpy,2024-10-24 04:30:30 -0400
renpy,2024-10-23 21:28:48 -0400
renpy,2024-10-23 04:30:30 -0400
renpy,2024-10-23 01:50:46 -0400
renpy,2024-10-22 23:42:02 -0400
renpy,2024-10-22 04:30:30 -0400
renpy,2024-10-21 22:10:39 +0200
renpy,2024-10-21 20:44:56 +0200
renpy,2024-10-21 22:26:19 -0400
renpy,2024-10-21 22:10:39 +0200
renpy,2024-10-21 20:44:56 +0200
renpy,2024-10-21 04:30:30 -0400
renpy,2024-10-21 00:53:08 -0400
renpy,2024-10-20 21:57:18 -0400
renpy,2024-10-20 04:30:30 -0400
renpy,2024-10-19 16:32:07 -0400
renpy,2024-10-19 16:30:11 -0400
renpy,2024-10-19 04:30:30 -0400
renpy,2024-10-19 01:19:06 -0400
renpy,2024-10-19 00:34:50 -0400
renpy,2024-10-18 04:30:30 -0400
renpy,2024-10-18 01:34:05 -0400
renpy,2024-10-17 23:21:01 -0400
renpy,2024-10-17 23:21:01 -0400
renpy,2024-10-16 23:19:10 -0400
renpy,2024-10-16 23:19:10 -0400
renpy,2024-10-15 04:30:30 -0400
renpy,2024-10-15 01:05:44 -0400
renpy,2024-10-14 04:30:30 -0400
renpy,2024-10-14 00:43:15 -0400
renpy,2024-10-13 19:54:07 -0400
renpy,2024-10-13 19:35:41 -0400
renpy,2024-10-14 09:32:10 +1000
renpy,2024-10-14 09:32:10 +1000
renpy,2024-10-13 04:30:30 -0400
renpy,2024-10-12 23:52:07 -0400
renpy,2024-10-12 10:06:15 -0400
renpy,2024-10-12 14:25:29 +0200
renpy,2024-10-11 21:50:43 -0400
renpy,2024-10-11 09:12:39 +0200
renpy,2024-10-11 09:11:58 +0200
renpy,2024-10-10 23:15:05 -0400
renpy,2024-10-08 22:53:24 -0400
renpy,2024-10-08 09:42:57 -0400
renpy,2024-10-08 04:30:30 -0400
renpy,2024-10-08 01:29:56 -0400
renpy,2024-10-07 22:33:42 -0400
renpy,2024-10-07 22:33:42 -0400
renpy,2024-10-07 04:30:27 -0400
renpy,2024-10-07 02:06:43 -0400
renpy,2024-10-06 23:16:54 -0400
renpy,2024-10-06 04:30:30 -0400
renpy,2024-10-06 01:39:47 -0400
renpy,2024-10-05 04:30:30 -0400
renpy,2024-10-05 01:00:15 -0400
renpy,2024-10-05 00:59:40 -0400
renpy,2024-10-04 21:48:41 -0400
renpy,2024-10-04 04:30:30 -0400
renpy,2024-10-04 00:28:32 -0400
renpy,2024-10-03 23:37:14 -0400
renpy,2024-10-03 21:46:32 -0400
renpy,2024-10-03 21:37:34 -0400
renpy,2024-10-03 04:30:30 -0400
renpy,2024-10-03 00:51:19 -0400
renpy,2024-10-02 04:30:30 -0400
renpy,2024-08-28 22:54:52 -0400
renpy,2024-10-01 22:46:57 -0400
renpy,2024-10-01 22:33:33 -0400
renpy,2024-09-30 04:30:30 -0400
renpy,2024-09-29 22:16:42 -0400
renpy,2024-09-29 04:30:30 -0400
renpy,2024-09-29 02:01:52 -0400
renpy,2024-09-29 01:47:28 -0400
renpy,2024-09-28 23:47:12 -0400
renpy,2024-09-28 01:36:39 -0400
renpy,2024-09-28 01:29:38 -0400
renpy,2024-09-27 23:53:47 -0400
renpy,2024-09-27 18:22:25 -0400
renpy,2024-09-20 23:59:59 -0400
renpy,2024-09-27 01:37:17 -0700
renpy,2024-09-26 04:30:30 -0400
renpy,2024-09-25 22:50:32 -0700
renpy,2024-09-26 01:09:13 -0400
renpy,2024-09-25 20:18:42 -0400
renpy,2024-09-25 09:53:40 -0400
renpy,2024-09-25 06:00:27 -0700
renpy,2024-09-25 00:51:26 -0400
renpy,2024-09-24 21:17:49 -0400
renpy,2024-09-25 01:40:55 +0200
renpy,2024-09-23 23:09:24 -0400
renpy,2024-09-20 20:25:50 +0200
renpy,2024-09-19 20:22:21 -0400
renpy,2024-09-19 04:30:30 -0400
renpy,2024-09-19 00:20:57 -0400
renpy,2024-09-18 22:27:12 -0400
renpy,2024-09-18 04:30:30 -0400
renpy,2024-09-17 21:24:01 -0400
renpy,2024-09-17 20:34:10 -0400
renpy,2024-09-17 04:30:30 -0400
renpy,2024-09-16 15:50:07 -0700
renpy,2024-09-17 00:40:04 -0400
renpy,2024-09-16 15:50:07 -0700
renpy,2024-09-16 04:30:30 -0400
renpy,2024-09-16 01:48:00 -0400
renpy,2024-09-15 21:50:26 -0400
renpy,2024-09-15 04:30:30 -0400
renpy,2024-09-14 16:02:35 -0400
renpy,2024-09-14 16:00:24 -0400
renpy,2024-09-14 15:52:01 -0400
renpy,2024-09-14 00:19:09 -0400
renpy,2024-09-14 18:08:39 +0200
renpy,2024-09-14 16:39:36 +0200
renpy,2024-09-14 16:33:24 +0200
renpy,2024-09-14 16:32:47 +0200
renpy,2024-09-14 16:30:35 +0200
renpy,2024-09-14 16:28:59 +0200
renpy,2024-09-14 16:27:14 +0200
renpy,2024-09-14 00:19:09 -0400
renpy,2024-09-13 22:22:03 -0400
renpy,2024-09-12 04:30:30 -0400
renpy,2024-09-12 01:27:55 -0400
renpy,2024-09-12 01:12:15 -0400
renpy,2024-09-12 00:47:58 -0400
renpy,2024-09-12 00:46:58 -0400
renpy,2024-09-12 00:45:51 -0400
renpy,2024-09-12 00:44:29 -0400
renpy,2024-09-09 13:44:27 -0400
renpy,2024-09-11 21:32:40 -0400
renpy,2024-09-10 04:30:30 -0400
renpy,2024-09-10 00:43:15 -0400
renpy,2024-09-09 13:44:27 -0400
renpy,2024-09-09 04:30:30 -0400
renpy,2024-09-09 10:21:21 +0200
renpy,2024-09-09 01:09:54 -0400
renpy,2024-09-09 00:48:57 -0400
renpy,2024-09-08 19:50:31 -0400
renpy,2024-09-08 19:40:13 -0400
renpy,2024-09-08 19:23:25 -0400
renpy,2024-09-08 17:06:20 -0400
renpy,2024-09-08 04:30:30 -0400
renpy,2024-09-08 00:04:52 -0400
renpy,2024-09-07 04:30:30 -0400
renpy,2024-09-06 22:09:59 -0400
renpy,2024-09-06 04:30:30 -0400
renpy,2024-09-06 00:40:09 -0400
renpy,2024-09-06 00:33:38 -0400
renpy,2024-09-05 19:09:43 +0200
renpy,2024-09-05 13:18:04 -0400
renpy,2024-09-05 19:09:43 +0200
renpy,2024-09-05 09:03:21 -0400
renpy,2024-09-05 04:30:30 -0400
renpy,2024-09-04 21:43:43 -0400
renpy,2024-09-04 04:30:30 -0400
renpy,2024-09-04 00:45:50 -0400
renpy,2024-09-03 23:38:19 -0400
renpy,2024-09-03 23:23:33 -0400
renpy,2024-09-03 22:16:18 -0400
renpy,2024-09-03 22:16:07 -0400
renpy,2024-09-03 04:30:30 -0400
renpy,2024-09-03 00:45:03 -0400
renpy,2024-09-02 23:37:18 -0400
renpy,2024-09-02 22:10:51 -0400
renpy,2024-09-02 19:38:13 -0400
renpy,2024-09-02 19:09:05 -0400
renpy,2024-09-02 04:30:30 -0400
renpy,2024-09-01 21:00:13 -0400
renpy,2024-09-01 15:57:32 -0400
renpy,2024-09-01 04:30:30 -0400
renpy,2024-08-31 23:55:26 -0400
renpy,2024-08-31 20:32:52 -0700
renpy,2024-09-01 04:37:47 +0400
renpy,2024-08-31 14:58:01 -0700
renpy,2024-08-31 04:30:30 -0400
renpy,2024-08-31 00:12:41 -0400
renpy,2024-08-30 09:31:52 -0400
renpy,2024-08-30 04:30:30 -0400
renpy,2024-08-30 00:32:45 -0400
renpy,2024-08-30 00:19:15 -0400
renpy,2024-08-29 09:34:30 -0400
renpy,2024-08-29 04:30:30 -0400
renpy,2024-08-29 00:11:09 -0400
renpy,2024-08-28 22:54:52 -0400
renpy,2024-08-28 20:51:48 -0400
renpy,2024-08-28 20:38:12 -0400
renpy,2024-08-28 19:17:30 -0400
renpy,2024-08-28 04:30:30 -0400
renpy,2024-08-28 00:54:14 -0400
renpy,2024-08-28 00:41:23 -0400
renpy,2024-08-28 00:04:08 -0400
renpy,2024-08-27 21:35:02 -0400
renpy,2024-08-27 16:52:01 -0400
renpy,2024-08-27 23:51:34 +0300
renpy,2024-08-27 16:52:01 -0400
renpy,2024-08-27 23:51:34 +0300
renpy,2024-08-27 04:30:30 -0400
renpy,2024-08-26 20:57:18 -0400
renpy,2024-08-26 17:54:39 -0400
renpy,2024-08-26 04:30:30 -0400
renpy,2024-08-26 05:06:10 +0200
renpy,2024-08-26 05:06:10 +0200
renpy,2024-08-25 09:08:23 -0400
renpy,2024-08-25 08:59:55 -0400
renpy,2024-08-25 04:30:30 -0400
renpy,2024-08-24 23:55:07 -0400
renpy,2024-08-24 23:50:59 -0400
renpy,2024-08-24 23:24:46 -0400
renpy,2024-08-24 22:29:50 -0400
renpy,2024-08-24 22:23:52 -0400
renpy,2024-08-24 21:53:07 -0400
renpy,2024-08-24 21:29:39 -0400
renpy,2024-08-24 21:20:12 -0400
renpy,2024-08-24 21:19:25 -0400
renpy,2024-08-24 21:01:51 -0400
renpy,2024-08-24 20:59:54 -0400
renpy,2024-08-24 20:55:50 -0400
renpy,2024-08-24 04:30:30 -0400
renpy,2024-08-24 02:22:03 -0400
renpy,2024-08-24 02:17:16 -0400
renpy,2024-08-23 23:44:26 -0400
renpy,2024-08-23 15:52:51 +0100
renpy,2024-08-24 00:21:10 +0200
renpy,2024-08-23 15:52:51 +0100
renpy,2024-08-23 00:55:17 -0400
renpy,2024-08-21 01:40:12 -0400
renpy,2024-08-23 00:40:07 -0400
renpy,2024-08-21 21:35:27 -0400
renpy,2024-08-21 20:57:19 -0400
renpy,2024-08-21 20:01:01 -0400
renpy,2024-08-21 18:21:39 -0400
renpy,2024-08-21 21:38:12 +0100
renpy,2024-08-21 21:29:24 +0100
renpy,2024-08-21 21:27:20 +0100
renpy,2024-08-21 21:26:40 +0100
renpy,2024-08-21 21:25:09 +0100
renpy,2024-08-21 21:24:52 +0100
renpy,2024-08-21 21:24:20 +0100
renpy,2024-08-21 20:23:22 +0100
renpy,2024-08-21 20:18:55 +0100
renpy,2024-08-21 19:23:54 +0100
renpy,2024-08-21 01:40:12 -0400
renpy,2024-08-20 22:04:13 -0400
renpy,2024-08-20 01:17:01 -0400
renpy,2024-08-19 22:52:27 -0400
renpy,2024-08-19 22:04:15 -0400
renpy,2024-08-19 01:48:52 -0400
renpy,2024-08-19 01:42:14 -0400
renpy,2024-08-18 22:33:17 -0400
renpy,2024-08-18 16:52:08 -0400
renpy,2024-08-18 15:27:24 -0400
renpy,2024-08-18 01:29:37 -0400
renpy,2024-08-17 23:52:19 -0400
renpy,2024-08-17 23:33:46 -0400
renpy,2024-08-17 22:46:48 -0400
renpy,2024-08-17 22:33:51 -0400
renpy,2024-08-17 22:18:06 -0400
renpy,2024-08-17 22:12:12 -0400
renpy,2024-08-17 15:18:43 +0200
renpy,2024-08-16 21:45:44 -0400
renpy,2024-08-16 21:45:28 -0400
renpy,2024-08-17 02:11:43 +0300
renpy,2024-08-17 01:17:47 +0300
renpy,2024-08-16 22:27:46 +0400
renpy,2024-08-16 16:55:20 +0400
renpy,2024-08-15 02:35:23 -0400
renpy,2024-08-15 02:25:08 -0400
renpy,2024-08-15 00:51:03 -0400
renpy,2024-08-14 22:36:32 -0400
renpy,2024-08-13 22:24:43 -0400
renpy,2024-08-13 21:39:18 -0400
renpy,2024-08-12 21:49:17 -0400
renpy,2024-08-12 01:28:22 -0400
renpy,2024-08-11 11:17:26 -0400
renpy,2024-08-11 10:48:43 -0400
renpy,2024-08-11 15:14:09 +0200
renpy,2024-08-11 15:10:25 +0200
renpy,2024-08-10 23:40:10 +0200
renpy,2024-08-10 17:21:43 -0400
renpy,2024-08-10 11:00:45 -0400
renpy,2024-08-10 10:17:32 -0400
renpy,2024-08-09 22:52:23 -0400
renpy,2024-08-09 01:26:53 -0400
renpy,2024-08-09 01:03:56 -0400
renpy,2024-08-08 22:58:03 -0400
renpy,2024-08-08 19:34:42 -0700
renpy,2024-08-09 00:36:08 +0200
renpy,2024-08-09 00:31:36 +0200
renpy,2024-08-08 23:56:16 +0200
renpy,2024-08-08 22:19:12 +0200
renpy,2024-08-08 21:08:43 +0200
renpy,2024-08-08 04:30:30 -0400
renpy,2024-08-08 01:06:33 -0400
renpy,2024-08-08 00:05:18 -0400
renpy,2024-08-08 12:36:33 +0900
renpy,2024-08-07 21:47:10 -0400
renpy,2024-08-08 03:52:16 +0400
renpy,2024-08-06 23:04:55 -0400
renpy,2024-08-06 22:18:47 -0400
renpy,2024-08-06 22:00:13 -0400
renpy,2024-08-06 08:28:01 +0200
renpy,2024-08-06 00:45:01 -0400
renpy,2024-08-05 23:13:02 -0400
renpy,2024-08-05 19:34:55 +0200
renpy,2024-08-05 19:26:33 +0200
renpy,2024-08-05 12:10:20 +0200
renpy,2024-08-05 11:54:25 +0200
renpy,2024-08-05 11:45:11 +0200
renpy,2024-08-05 11:43:35 +0200
renpy,2024-08-05 11:22:38 +0200
renpy,2024-08-05 11:17:41 +0200
renpy,2024-08-05 11:06:54 +0200
renpy,2024-08-05 11:04:47 +0200
renpy,2024-08-05 11:04:34 +0200
renpy,2024-08-05 11:04:16 +0200
renpy,2024-08-05 01:55:06 -0400
renpy,2024-08-05 00:22:13 -0400
renpy,2024-08-04 19:29:55 -0400
renpy,2024-08-04 14:28:40 -0400
renpy,2024-08-04 01:25:13 -0400
renpy,2024-08-04 01:02:29 -0400
renpy,2024-08-03 14:44:59 -0400
renpy,2024-08-03 10:38:58 -0400
renpy,2024-08-03 04:30:30 -0400
renpy,2024-08-03 03:30:08 -0400
renpy,2024-07-08 01:07:27 -0400
renpy,2024-08-03 02:32:14 -0400
renpy,2024-08-02 23:02:09 -0400
renpy,2024-08-02 23:01:28 -0400
renpy,2024-08-02 22:40:28 -0400
renpy,2024-08-02 02:31:15 -0400
renpy,2024-08-01 22:48:06 -0400
renpy,2024-07-31 23:01:51 -0400
renpy,2024-07-31 21:36:42 -0400
renpy,2024-07-31 02:00:22 -0400
renpy,2024-07-30 23:18:51 -0400
renpy,2024-07-30 23:18:43 -0400
renpy,2024-07-30 20:19:20 +0200
renpy,2024-07-30 00:54:07 -0400
renpy,2024-07-30 00:41:47 -0400
renpy,2024-07-29 23:43:53 -0400
renpy,2024-07-29 23:34:11 -0400
renpy,2024-07-29 22:27:51 -0400
renpy,2024-07-28 14:41:28 -0400
renpy,2024-07-28 12:39:50 -0400
renpy,2024-07-27 23:37:06 -0400
renpy,2024-07-27 16:47:48 -0400
renpy,2024-07-27 16:45:51 -0400
renpy,2024-07-27 11:10:10 -0400
renpy,2024-07-27 20:42:07 +0700
renpy,2024-07-27 04:49:07 +0200
renpy,2024-07-25 23:56:39 -0400
renpy,2024-07-25 22:06:27 -0400
renpy,2024-07-25 23:55:52 -0400
renpy,2024-07-26 01:56:28 +0200
renpy,2024-07-25 08:33:37 -0400
renpy,2024-07-24 22:58:24 -0400
renpy,2024-07-24 22:49:41 -0400
renpy,2024-07-24 13:35:06 +0200
renpy,2024-07-24 13:29:48 +0200
renpy,2024-07-24 13:10:27 +0200
renpy,2024-07-24 13:00:49 +0200
renpy,2024-07-24 12:46:56 +0200
renpy,2024-07-24 12:43:31 +0200
renpy,2024-07-24 12:43:03 +0200
renpy,2024-07-24 12:42:49 +0200
renpy,2024-07-24 12:16:06 +0200
renpy,2024-07-24 11:55:23 +0200
renpy,2024-07-24 02:12:45 -0400
renpy,2024-07-24 05:33:28 +0200
renpy,2024-07-24 05:07:38 +0200
renpy,2024-07-24 05:07:11 +0200
renpy,2024-07-23 23:04:10 -0400
renpy,2024-07-23 22:58:13 -0400
renpy,2024-07-24 04:53:22 +0200
renpy,2024-07-24 04:34:22 +0200
renpy,2024-07-23 22:34:07 -0400
renpy,2024-07-24 04:30:07 +0200
renpy,2024-07-24 04:29:51 +0200
renpy,2024-07-23 20:35:06 -0400
renpy,2024-07-24 02:06:43 +0200
renpy,2024-07-24 02:05:00 +0200
renpy,2024-07-24 01:49:03 +0200
renpy,2024-07-23 02:06:42 -0400
renpy,2024-07-23 02:05:11 -0400
renpy,2024-07-22 23:24:41 -0400
renpy,2024-07-22 21:17:33 -0400
renpy,2024-07-21 21:54:46 -0400
renpy,2024-07-21 20:25:50 -0400
renpy,2024-07-21 11:05:55 -0400
renpy,2024-07-21 02:18:47 -0400
renpy,2024-07-21 01:32:28 -0400
renpy,2024-07-20 20:46:54 -0400
renpy,2024-07-20 18:20:31 -0400
renpy,2024-07-19 12:18:07 -0400
renpy,2024-07-19 01:18:45 -0400
renpy,2024-07-18 01:30:18 -0400
renpy,2024-07-18 01:23:09 -0400
renpy,2024-07-18 00:54:38 -0400
renpy,2024-07-17 22:07:48 -0400
renpy,2024-07-17 01:05:50 -0400
renpy,2024-07-17 00:37:55 -0400
renpy,2024-07-16 23:14:34 -0400
renpy,2024-07-15 23:39:50 -0400
renpy,2024-07-15 04:30:21 -0400
renpy,2024-07-15 02:30:01 -0400
renpy,2024-07-14 22:22:50 -0400
renpy,2024-07-14 16:35:08 -0400
renpy,2024-07-14 16:00:35 -0400
renpy,2024-07-14 15:36:19 -0400
renpy,2024-07-13 23:57:33 -0400
renpy,2024-07-13 04:30:21 -0400
renpy,2024-07-13 00:03:06 -0400
renpy,2024-07-13 02:05:04 -0400
renpy,2024-07-13 01:57:47 -0400
renpy,2024-07-13 00:03:06 -0400
renpy,2024-07-12 23:34:00 -0400
renpy,2024-07-12 22:39:39 -0400
renpy,2024-07-12 22:27:19 -0400
renpy,2024-07-11 01:18:28 -0400
renpy,2024-07-10 23:01:20 -0400
renpy,2024-07-10 23:01:07 -0400
renpy,2024-07-10 14:07:54 -0400
renpy,2024-07-10 18:20:19 +0300
renpy,2024-07-10 01:57:39 -0400
renpy,2024-07-09 01:50:18 -0400
renpy,2024-07-09 23:16:00 -0400
renpy,2024-07-09 22:05:46 -0400
renpy,2024-07-09 21:37:40 -0400
renpy,2024-07-09 21:35:26 -0400
renpy,2024-07-09 04:30:21 -0400
renpy,2024-07-09 01:17:31 -0400
renpy,2024-07-08 22:05:06 -0400
renpy,2024-07-08 21:34:34 -0400
renpy,2024-07-08 01:07:27 -0400
renpy,2024-07-08 00:22:38 +0200
renpy,2024-07-07 09:26:10 -0400
renpy,2024-07-06 17:02:46 -0400
renpy,2024-07-06 16:26:04 -0400
renpy,2024-07-06 16:16:10 -0400
renpy,2024-07-06 14:26:36 -0400
renpy,2024-07-06 09:44:52 -0400
renpy,2024-07-06 09:31:30 -0400
renpy,2024-07-06 09:22:22 -0400
renpy,2024-07-06 09:12:43 -0400
renpy,2024-07-06 01:12:16 -0400
renpy,2024-07-05 19:54:16 -0400
renpy,2024-07-05 12:13:15 -0400
renpy,2024-07-05 10:13:05 -0400
renpy,2024-07-05 22:36:29 +0900
renpy,2024-07-04 21:34:53 -0400
renpy,2024-07-03 22:53:56 -0400
renpy,2024-07-03 23:30:23 +0200
renpy,2024-07-03 00:48:07 -0400
renpy,2024-07-02 22:19:11 -0400
renpy,2024-07-01 22:35:13 -0400
renpy,2024-07-01 22:14:53 -0400
renpy,2024-07-01 11:38:46 -0400
renpy,2024-07-01 15:56:37 +0200
renpy,2024-07-01 15:48:10 +0200
renpy,2024-07-01 14:57:21 +0200
renpy,2024-07-01 14:41:18 +0200
renpy,2024-07-01 11:40:48 +0200
renpy,2024-07-01 11:26:41 +0200
renpy,2024-07-01 11:10:41 +0200
renpy,2024-07-01 02:06:37 -0400
renpy,2024-06-30 17:41:36 -0400
renpy,2024-06-30 23:14:15 -0400
renpy,2024-06-30 16:38:39 -0400
renpy,2024-06-30 14:18:50 -0400
renpy,2024-06-30 04:30:21 -0400
renpy,2024-06-30 07:07:44 +0300
renpy,2024-06-29 23:42:39 -0400
renpy,2024-06-29 23:39:22 -0400
renpy,2024-06-29 23:03:25 -0400
renpy,2024-06-29 23:02:48 -0400
renpy,2024-06-30 03:43:34 +0200
renpy,2024-06-29 21:03:11 -0400
renpy,2024-06-29 20:29:15 -0400
renpy,2024-06-29 19:33:30 -0400
renpy,2024-06-29 16:59:57 -0400
renpy,2024-06-28 08:52:05 -0400
renpy,2024-06-28 08:52:05 -0400
renpy,2024-06-28 19:36:44 +0900
renpy,2024-06-28 19:30:53 +0900
renpy,2024-06-28 04:30:19 -0400
renpy,2024-06-27 20:23:09 -0400
renpy,2024-06-27 04:30:20 -0400
renpy,2024-06-26 22:26:26 -0400
renpy,2024-06-25 23:30:35 -0400
renpy,2024-06-25 21:16:57 -0400
renpy,2024-06-25 11:14:39 -0400
renpy,2024-06-25 11:13:58 -0400
renpy,2024-06-24 16:21:02 -0400
renpy,2024-06-24 16:19:49 -0400
renpy,2024-06-24 19:48:42 +0900
renpy,2024-06-23 22:08:55 -0400
renpy,2024-06-23 22:03:18 -0400
renpy,2024-06-21 23:42:06 -0400
renpy,2024-06-21 23:41:52 -0400
renpy,2024-06-21 20:53:10 -0400
renpy,2024-06-21 12:58:19 +0900
renpy,2024-06-20 21:43:35 -0400
renpy,2024-06-21 08:59:03 +0900
renpy,2024-06-20 21:06:24 +0900
renpy,2024-06-19 21:03:37 -0400
renpy,2024-06-19 21:02:33 -0400
renpy,2024-06-19 12:26:22 +0900
renpy,2024-06-19 12:24:04 +0900
renpy,2024-06-18 22:54:36 -0400
renpy,2024-06-18 22:52:10 -0400
renpy,2024-06-17 21:55:22 -0400
renpy,2024-06-17 20:24:38 -0400
renpy,2024-06-16 22:19:32 -0400
renpy,2024-06-16 04:30:18 -0400
renpy,2024-06-15 16:02:57 -0400
renpy,2024-06-15 19:31:39 -0400
renpy,2024-06-15 19:30:41 -0400
renpy,2024-06-15 16:02:57 -0400
renpy,2024-06-14 22:52:40 -0400
renpy,2024-06-14 04:30:18 -0400
renpy,2024-06-13 17:16:59 +0900
renpy,2024-06-13 23:52:26 -0400
renpy,2024-06-13 18:10:53 -0400
renpy,2024-06-13 04:30:18 -0400
renpy,2024-06-13 17:16:59 +0900
renpy,2024-06-12 19:03:16 -0400
renpy,2024-06-12 19:03:16 -0400
renpy,2024-06-12 01:37:51 -0700
renpy,2024-06-12 04:30:18 -0400
renpy,2024-06-12 01:35:35 -0400
renpy,2024-06-11 22:59:11 -0400
renpy,2024-06-11 21:47:14 -0400
renpy,2024-06-11 21:23:20 -0400
renpy,2024-06-11 04:30:01 -0400
renpy,2024-06-11 00:06:35 -0400
renpy,2024-06-10 23:41:10 -0400
renpy,2024-06-10 23:03:33 -0400
renpy,2024-06-10 04:30:01 -0400
renpy,2024-06-09 21:16:46 -0400
renpy,2024-06-09 16:20:13 -0400
renpy,2024-06-09 16:20:13 -0400
renpy,2024-06-09 01:03:43 -0400
renpy,2024-06-09 01:01:50 -0400
renpy,2024-06-09 01:00:56 -0400
renpy,2024-06-09 00:56:28 -0400
renpy,2024-06-08 23:02:35 -0400
renpy,2024-06-07 22:49:15 -0400
renpy,2024-06-07 22:49:15 -0400
renpy,2024-06-08 10:15:21 +0800
renpy,2024-06-08 10:15:21 +0800
renpy,2024-06-07 00:19:37 -0400
renpy,2024-06-06 21:54:58 -0400
renpy,2024-06-06 21:50:17 -0400
renpy,2024-06-05 22:33:00 -0400
renpy,2024-06-05 22:09:50 -0400
renpy,2024-06-07 00:19:37 -0400
renpy,2024-06-06 21:54:58 -0400
renpy,2024-06-06 21:50:17 -0400
renpy,2024-06-05 22:33:00 -0400
renpy,2024-06-05 22:09:50 -0400
renpy,2024-06-05 04:30:18 -0400
renpy,2024-06-04 22:22:03 -0400
renpy,2024-06-04 21:58:57 -0400
renpy,2024-06-03 23:07:46 -0400
renpy,2024-06-03 23:05:11 -0400
renpy,2024-06-03 23:01:38 -0400
renpy,2024-06-03 22:32:37 -0400
renpy,2024-06-03 02:19:09 -0400
renpy,2024-06-03 02:17:05 -0400
renpy,2024-06-02 11:25:15 -0400
renpy,2024-06-01 21:20:21 -0400
renpy,2024-06-01 21:21:13 -0400
renpy,2024-06-01 21:20:21 -0400
renpy,2024-06-01 13:13:49 -0400
renpy,2024-06-01 04:30:01 -0400
renpy,2024-06-01 01:12:59 -0400
renpy,2024-06-01 05:50:11 +0100
renpy,2024-05-31 22:25:50 -0400
renpy,2024-05-30 22:08:49 -0400
renpy,2024-05-30 15:33:02 +0100
renpy,2024-05-30 01:33:07 -0400
renpy,2024-05-29 21:54:29 -0400
renpy,2024-05-29 20:36:38 -0400
renpy,2024-05-29 01:50:34 -0400
renpy,2024-05-29 01:08:46 -0400
renpy,2024-05-28 22:46:46 -0400
renpy,2024-05-18 10:24:42 +0400
renpy,2024-05-29 01:50:34 -0400
renpy,2024-05-29 01:08:46 -0400
renpy,2024-05-28 22:46:46 -0400
renpy,2024-05-28 09:44:11 -0400
renpy,2024-05-28 09:32:53 +0300
renpy,2024-05-28 01:35:08 -0400
renpy,2024-05-28 01:35:08 -0400
renpy,2024-05-27 23:14:43 -0400
renpy,2024-05-27 23:14:19 -0400
renpy,2024-05-27 21:35:48 -0400
renpy,2024-05-26 21:08:52 -0400
renpy,2024-05-26 21:08:52 -0400
renpy,2024-05-25 23:30:35 -0400
renpy,2024-05-19 21:48:32 +0100
renpy,2024-05-19 21:42:26 +0100
renpy,2024-05-17 01:21:14 -0400
renpy,2024-05-10 21:50:32 -0400
renpy,2024-05-25 23:30:35 -0400
renpy,2024-05-24 22:34:56 -0400
renpy,2024-05-24 01:04:31 -0400
renpy,2024-05-24 01:04:16 -0400
renpy,2024-05-23 22:02:44 -0400
renpy,2024-05-22 21:58:25 -0400
renpy,2024-05-21 22:00:46 -0400
renpy,2024-05-21 20:08:26 -0400
renpy,2024-05-21 20:07:09 -0400
renpy,2024-05-22 02:01:07 +0800
renpy,2024-05-21 02:07:12 -0400
renpy,2024-05-21 01:59:22 -0400
renpy,2024-05-21 01:54:34 -0400
renpy,2024-05-21 00:15:41 -0400
renpy,2024-05-20 23:02:03 -0400
renpy,2024-05-20 02:29:54 -0400
renpy,2024-05-20 01:53:06 -0400
renpy,2024-05-19 23:38:07 -0400
renpy,2024-05-19 23:30:28 -0400
renpy,2024-05-19 22:39:57 -0400
renpy,2024-05-19 22:25:40 -0400
renpy,2024-05-19 22:18:04 -0400
renpy,2024-05-19 21:48:32 +0100
renpy,2024-05-19 21:42:26 +0100
renpy,2024-05-19 01:39:30 -0400
renpy,2024-05-18 23:25:19 -0400
renpy,2024-05-18 23:24:35 -0400
renpy,2024-05-18 23:17:00 -0400
renpy,2024-05-18 14:53:33 -0400
renpy,2024-05-18 10:24:42 +0400
renpy,2024-05-17 23:02:49 -0400
renpy,2024-05-17 22:53:25 -0400
renpy,2024-05-17 22:50:33 -0400
renpy,2024-05-17 01:21:14 -0400
renpy,2024-05-16 23:58:35 +0300
renpy,2024-05-16 18:55:16 -0400
renpy,2024-05-16 23:58:35 +0300
renpy,2024-05-16 23:03:54 +0800
renpy,2024-05-16 14:50:04 +0200
renpy,2024-05-16 03:03:08 -0400
renpy,2024-05-16 02:51:35 -0400
renpy,2024-05-16 01:32:05 -0400
renpy,2024-05-15 21:23:38 -0400
renpy,2024-05-15 20:20:06 -0400
renpy,2024-05-15 20:19:24 -0400
renpy,2024-05-16 01:14:28 +0200
renpy,2024-05-16 01:06:29 +0200
renpy,2024-05-16 00:49:09 +0200
renpy,2024-05-16 00:04:34 +0200
renpy,2024-05-14 22:55:03 -0400
renpy,2024-05-14 22:02:08 -0400
renpy,2024-05-14 01:52:24 -0400
renpy,2024-05-13 22:30:12 -0400
renpy,2024-05-13 22:02:56 -0400
renpy,2024-05-12 23:05:33 -0400
renpy,2024-05-12 10:42:17 -0400
renpy,2024-05-11 21:54:55 -0400
renpy,2024-05-11 09:57:03 -0400
renpy,2024-05-10 21:50:32 -0400
renpy,2024-05-10 21:27:59 -0400
renpy,2024-05-09 22:19:07 +0200
renpy,2024-05-09 09:35:01 -0400
renpy,2024-05-09 04:30:14 -0400
renpy,2024-05-09 01:45:30 -0400
renpy,2024-05-08 23:29:21 -0400
renpy,2024-05-09 04:39:02 +0200
renpy,2024-05-09 00:39:45 +0200
renpy,2024-05-09 00:36:12 +0200
renpy,2024-05-09 00:25:06 +0200
renpy,2024-05-08 02:03:34 -0400
renpy,2024-05-08 02:01:43 -0400
renpy,2024-05-08 01:13:58 -0400
renpy,2024-05-08 00:17:37 -0400
renpy,2024-05-07 22:57:33 -0400
renpy,2024-05-07 22:00:31 -0400
renpy,2024-05-06 02:35:40 -0400
renpy,2024-05-06 02:28:33 -0400
renpy,2024-05-06 01:40:48 -0400
renpy,2024-05-06 00:25:11 -0400
renpy,2024-05-05 23:51:12 -0400
renpy,2024-05-05 22:08:10 -0400
renpy,2024-05-05 21:44:48 -0400
renpy,2024-05-05 12:06:54 -0400
renpy,2024-05-05 02:06:04 -0400
renpy,2024-05-04 22:40:10 -0400
renpy,2024-05-04 02:10:22 -0400
renpy,2024-05-04 01:49:10 -0400
renpy,2024-05-03 23:07:24 -0400
renpy,2024-05-03 02:08:07 -0400
renpy,2024-05-02 01:47:27 -0400
renpy,2024-05-02 01:23:02 -0400
renpy,2024-05-01 23:52:02 -0400
renpy,2024-05-01 22:39:00 -0400
renpy,2024-04-30 23:09:57 -0400
renpy,2024-04-29 16:44:16 +0200
renpy,2024-04-29 04:30:14 -0400
renpy,2024-04-29 01:58:08 -0400
renpy,2024-04-29 01:44:25 -0400
renpy,2024-04-29 01:35:22 -0400
renpy,2024-04-29 00:57:10 -0400
renpy,2024-04-28 15:16:56 -0400
renpy,2024-04-28 14:35:33 -0400
renpy,2024-04-28 13:11:00 -0400
renpy,2024-04-28 12:53:48 -0400
renpy,2024-04-28 18:21:00 +0200
renpy,2024-04-27 14:52:00 -0400
renpy,2024-04-27 14:33:37 -0400
renpy,2024-04-26 21:20:39 -0400
renpy,2024-04-26 00:49:25 -0400
renpy,2024-04-24 22:50:56 -0400
renpy,2024-04-25 22:15:14 -0400
renpy,2024-04-25 20:40:24 +0300
renpy,2024-04-24 21:32:36 -0400
renpy,2024-04-24 21:03:47 -0400
renpy,2024-04-24 04:30:14 -0400
renpy,2024-04-24 00:28:09 -0400
renpy,2024-04-23 21:37:53 -0400
renpy,2024-04-23 21:35:16 -0400
renpy,2024-04-23 04:30:14 -0400
renpy,2024-04-22 22:23:16 -0400
renpy,2024-04-22 21:45:45 -0400
renpy,2024-04-21 23:16:20 -0400
renpy,2024-04-20 11:20:00 -0400
renpy,2024-04-19 22:34:36 -0400
renpy,2024-04-19 04:30:55 -0400
renpy,2024-04-18 22:16:57 -0400
renpy,2024-04-18 21:45:45 -0400
renpy,2024-04-18 21:37:02 -0400
renpy,2024-04-18 01:01:02 -0400
renpy,2024-04-17 23:50:00 -0400
renpy,2024-04-17 21:54:36 -0400
renpy,2024-04-16 22:23:39 -0400
renpy,2024-04-16 21:21:31 -0400
renpy,2024-04-15 22:38:57 -0400
renpy,2024-04-15 22:06:47 -0400
renpy,2024-04-14 23:14:25 -0400
renpy,2024-04-14 22:42:46 -0400
renpy,2024-04-14 02:33:31 -0400
renpy,2024-04-13 22:02:59 -0400
renpy,2024-04-13 20:32:57 -0400
renpy,2024-04-13 20:28:36 -0400
renpy,2024-04-12 22:54:48 -0400
renpy,2024-04-11 23:53:47 -0400
renpy,2024-04-11 04:30:55 -0400
renpy,2024-04-11 01:19:49 -0400
renpy,2024-04-10 22:17:50 -0400
renpy,2024-04-09 22:09:28 -0400
renpy,2024-04-09 11:44:43 +0200
renpy,2024-04-08 22:11:32 -0400
renpy,2024-04-07 22:29:18 -0400
renpy,2024-04-07 22:21:30 -0400
renpy,2024-04-07 04:30:55 -0400
renpy,2024-04-07 00:37:53 -0400
renpy,2024-04-06 22:15:05 -0400
renpy,2024-04-06 21:26:56 -0400
renpy,2024-04-06 21:20:05 -0400
renpy,2024-04-05 04:30:55 -0400
renpy,2024-04-05 01:02:29 -0400
renpy,2024-04-05 01:02:29 -0400
renpy,2024-04-04 23:38:22 -0400
renpy,2024-04-04 02:45:19 -0400
renpy,2024-04-02 23:05:14 -0400
renpy,2024-04-02 22:28:38 -0400
renpy,2024-04-01 18:37:52 -0400
renpy,2024-04-01 22:20:07 +0200
renpy,2024-03-24 23:16:46 +0100
renpy,2024-03-31 10:10:02 -0400
renpy,2024-03-30 22:37:39 -0400
renpy,2024-03-30 22:26:49 -0400
renpy,2024-03-19 14:57:32 +0100
renpy,2024-03-30 00:31:09 -0400
renpy,2024-03-30 00:30:31 -0400
renpy,2024-03-29 00:36:58 -0400
renpy,2024-03-28 21:42:58 -0400
renpy,2024-03-27 23:10:12 -0400
renpy,2024-03-27 00:44:48 -0400
renpy,2024-03-26 22:44:00 -0400
renpy,2024-03-26 02:08:34 -0400
renpy,2024-03-26 00:15:57 -0400
renpy,2024-03-25 22:44:53 -0400
renpy,2024-03-26 02:09:30 +0300
renpy,2024-03-24 23:16:46 +0100
renpy,2024-03-24 13:59:42 -0400
renpy,2024-03-24 12:57:56 -0400
renpy,2024-03-24 12:35:25 -0400
renpy,2024-03-23 23:19:24 -0400
renpy,2024-03-22 23:54:45 -0400
renpy,2024-03-22 23:31:56 -0400
renpy,2024-03-22 03:05:44 -0400
renpy,2024-03-22 03:05:04 -0400
renpy,2024-03-20 22:07:36 -0400
renpy,2024-03-21 17:16:19 -0400
renpy,2024-03-21 16:00:24 +0300
renpy,2024-03-20 20:25:19 -0400
renpy,2024-03-20 02:07:36 -0400
renpy,2024-03-20 02:04:19 -0400
renpy,2024-03-20 00:10:48 -0400
renpy,2024-03-19 23:20:39 -0400
renpy,2024-03-19 14:57:32 +0100
renpy,2024-03-19 04:30:05 -0400
renpy,2024-03-16 22:02:12 +0100
renpy,2024-03-18 14:13:50 -0400
renpy,2024-03-18 01:53:09 -0400
renpy,2024-03-18 01:35:32 -0400
renpy,2024-03-18 01:10:56 -0400
renpy,2024-03-18 00:54:40 -0400
renpy,2024-03-17 23:30:07 -0400
renpy,2024-03-17 23:29:30 -0400
renpy,2024-03-17 17:01:30 -0400
renpy,2024-03-16 22:19:06 -0400
renpy,2024-03-16 22:02:12 +0100
renpy,2024-03-16 02:07:57 -0400
renpy,2024-03-15 17:08:32 -0400
renpy,2024-03-15 03:01:36 -0400
renpy,2024-03-15 02:15:03 -0400
renpy,2024-03-15 01:46:38 -0400
renpy,2024-03-14 23:41:14 -0400
renpy,2024-03-14 01:21:48 -0400
renpy,2024-03-13 02:04:53 -0400
renpy,2024-03-12 01:29:07 -0400
renpy,2024-03-12 01:03:37 -0400
renpy,2024-03-12 00:00:02 -0400
renpy,2024-03-11 23:14:48 -0400
renpy,2024-03-11 10:52:31 -0400
renpy,2024-03-11 17:06:19 +0300
renpy,2024-03-08 21:54:44 +0100
renpy,2024-03-10 21:10:42 -0400
renpy,2024-03-10 18:23:00 -0400
renpy,2024-03-10 17:04:58 -0400
renpy,2024-03-10 04:30:05 -0400
renpy,2024-03-09 20:15:37 -0500
renpy,2024-03-09 15:42:01 -0500
renpy,2024-03-09 13:52:01 +0100
renpy,2024-03-09 15:38:54 -0500
renpy,2024-03-09 13:52:01 +0100
renpy,2024-03-08 22:23:34 -0500
renpy,2024-03-08 22:01:34 -0500
renpy,2024-03-08 21:43:16 -0500
renpy,2024-03-08 21:27:09 -0500
renpy,2024-03-08 20:37:02 -0500
renpy,2024-03-08 20:23:05 -0500
renpy,2024-03-07 21:46:47 -0500
renpy,2024-03-07 20:49:41 -0500
renpy,2024-03-07 17:27:30 +0530
renpy,2024-03-07 17:09:08 +0530
renpy,2024-03-06 21:51:49 -0500
renpy,2024-03-06 01:29:17 -0500
renpy,2024-03-06 00:03:36 +0530
renpy,2024-03-05 23:58:25 +0530
renpy,2024-03-06 01:23:24 -0500
renpy,2024-03-05 22:09:36 +0000
renpy,2024-03-06 00:03:36 +0530
renpy,2024-03-05 23:58:25 +0530
renpy,2024-03-05 04:30:05 -0500
renpy,2024-03-05 01:39:20 -0500
renpy,2024-03-04 22:45:05 -0500
renpy,2024-03-04 21:13:46 -0500
renpy,2024-03-04 21:03:04 -0500
renpy,2024-02-16 01:50:04 +0300
renpy,2024-03-04 20:57:03 -0500
renpy,2024-03-04 20:54:28 -0500
renpy,2024-03-04 20:53:39 -0500
renpy,2024-03-04 04:30:05 -0500
renpy,2024-03-04 00:53:13 -0500
renpy,2024-03-03 21:18:14 -0500
renpy,2024-03-03 20:38:17 -0500
renpy,2024-03-02 21:15:01 -0500
renpy,2024-03-02 04:30:05 -0500
renpy,2024-03-02 02:59:07 -0500
renpy,2024-03-01 22:47:53 -0500
renpy,2024-03-01 04:30:05 -0500
renpy,2024-02-29 22:30:34 -0500
renpy,2024-02-29 21:08:36 -0500
renpy,2024-02-27 22:13:06 -0500
renpy,2024-02-27 04:30:56 -0500
renpy,2024-02-26 17:14:09 -0800
renpy,2024-02-26 20:41:50 -0500
renpy,2024-02-26 20:39:58 -0500
renpy,2024-02-26 17:14:09 -0800
renpy,2024-02-26 17:28:32 +0000
renpy,2024-02-25 22:17:46 -0500
renpy,2024-02-25 04:30:56 -0500
renpy,2024-02-24 21:52:55 -0500
renpy,2024-02-24 04:30:56 -0500
renpy,2024-02-23 11:47:49 -0300
renpy,2024-02-23 20:52:32 -0500
renpy,2024-02-23 20:41:55 -0500
renpy,2024-02-23 11:47:49 -0300
renpy,2024-02-22 23:26:17 -0500
renpy,2024-02-22 19:51:38 -0500
renpy,2024-02-21 22:55:02 -0500
renpy,2024-02-21 22:37:56 -0500
renpy,2024-02-21 22:27:21 -0500
renpy,2024-02-21 21:09:29 -0500
renpy,2024-02-20 04:30:56 -0500
renpy,2024-02-20 01:53:23 -0500
renpy,2024-02-19 20:54:23 -0500
renpy,2024-02-19 21:12:18 -0500
renpy,2024-02-19 20:54:45 -0500
renpy,2024-02-19 19:51:39 -0500
renpy,2024-02-19 02:05:54 -0500
renpy,2024-02-19 01:55:36 -0500
renpy,2024-02-18 22:10:02 -0500
renpy,2024-02-17 23:59:54 -0500
renpy,2024-02-17 23:23:28 -0500
renpy,2024-02-17 23:21:31 -0500
renpy,2024-02-17 23:21:21 -0500
renpy,2024-02-17 23:19:06 -0500
renpy,2024-02-17 23:18:56 -0500
renpy,2024-02-17 23:19:06 -0500
renpy,2024-02-17 23:18:56 -0500
renpy,2024-02-17 04:30:56 -0500
renpy,2024-02-16 22:16:48 -0500
renpy,2024-02-16 22:05:42 -0500
renpy,2024-02-16 04:30:56 -0500
renpy,2024-02-15 22:48:50 -0500
renpy,2024-02-15 19:22:15 -0500
renpy,2024-02-16 01:50:04 +0300
renpy,2024-02-14 01:46:18 -0500
renpy,2024-02-14 01:44:21 -0500
renpy,2024-02-14 01:06:17 -0500
renpy,2024-02-14 01:44:21 -0500
renpy,2024-02-14 01:06:17 -0500
renpy,2024-02-13 21:53:31 -0500
renpy,2024-02-13 18:16:50 +0530
renpy,2024-02-13 10:03:21 -0500
renpy,2024-02-13 18:22:13 +0530
renpy,2024-02-13 18:16:50 +0530
renpy,2024-02-12 22:47:12 -0500
renpy,2024-02-12 22:42:22 -0500
renpy,2024-02-11 23:13:17 -0500
renpy,2024-02-11 22:49:19 -0500
renpy,2024-02-11 14:17:09 -0500
renpy,2024-02-10 23:20:01 -0500
renpy,2024-02-08 23:39:55 +0000
renpy,2024-02-08 23:28:53 +0000
renpy,2024-02-10 15:27:24 -0500
renpy,2024-02-10 15:27:09 -0500
renpy,2024-02-04 22:36:45 -0500
renpy,2024-02-04 21:57:55 -0500
renpy,2024-02-10 04:30:56 -0500
renpy,2024-02-09 23:32:36 -0500
renpy,2024-02-09 22:15:24 -0500
renpy,2024-02-07 02:25:04 -0500
renpy,2024-02-09 22:14:41 -0500
renpy,2024-02-09 22:15:24 -0500
renpy,2024-02-09 22:14:41 -0500
renpy,2024-02-09 18:43:00 -0500
renpy,2024-02-09 18:42:50 -0500
renpy,2024-02-09 18:42:38 -0500
renpy,2024-02-08 23:39:55 +0000
renpy,2024-02-08 23:28:53 +0000
renpy,2024-02-07 23:31:15 -0500
renpy,2024-02-07 02:37:58 -0500
renpy,2024-02-07 02:25:04 -0500
renpy,2024-02-06 22:09:41 -0500
renpy,2024-02-06 04:30:56 -0500
renpy,2024-02-05 21:36:52 -0500
renpy,2024-02-05 18:31:40 -0500
renpy,2024-02-05 09:48:03 -0500
renpy,2024-02-05 11:19:40 +0100
renpy,2024-02-04 22:36:45 -0500
renpy,2024-02-04 21:57:55 -0500
renpy,2024-02-03 23:49:02 -0500
renpy,2024-02-03 12:10:00 -0500
renpy,2024-02-03 12:06:19 -0500
renpy,2024-02-03 18:08:30 +0100
renpy,2024-02-03 12:06:19 -0500
renpy,2024-02-02 20:23:29 -0500
renpy,2024-02-02 04:30:56 -0500
renpy,2024-02-01 19:00:36 -0500
renpy,2024-02-01 18:52:13 -0500
renpy,2024-02-01 18:23:14 -0500
renpy,2024-02-01 22:52:45 +0100
renpy,2024-02-01 09:16:59 -0800
renpy,2024-02-01 13:18:09 -0500
renpy,2024-02-01 09:16:59 -0800
renpy,2024-02-01 00:24:03 -0500
renpy,2024-01-31 23:39:03 -0500
renpy,2024-01-31 23:11:33 -0500
renpy,2024-01-31 22:16:13 -0500
renpy,2024-01-31 22:16:13 -0500
renpy,2024-01-31 18:39:17 +0100
renpy,2024-01-31 18:10:21 +0100
renpy,2024-01-30 21:22:27 -0500
renpy,2024-01-29 23:59:20 -0500
renpy,2024-01-29 22:52:05 -0500
renpy,2024-01-29 08:56:31 -0500
renpy,2024-01-29 00:29:27 -0500
renpy,2024-01-28 22:55:39 +0100
renpy,2024-01-28 22:54:35 +0100
renpy,2024-01-28 11:06:30 -0500
renpy,2024-01-28 04:30:06 -0500
renpy,2024-01-27 22:20:35 -0500
renpy,2024-01-27 00:33:23 -0500
renpy,2024-01-26 19:25:06 -0500
renpy,2024-01-27 00:13:20 +0000
renpy,2024-01-26 21:33:48 +0400
renpy,2024-01-26 11:36:59 +0000
renpy,2024-01-25 23:01:49 -0500
renpy,2024-01-25 22:35:10 -0500
renpy,2024-01-25 22:25:51 -0500
renpy,2024-01-25 18:22:58 -0500
renpy,2024-01-25 00:45:40 -0500
renpy,2024-01-24 23:08:24 -0500
renpy,2024-01-24 19:36:01 -0500
renpy,2024-01-24 21:27:50 +0000
renpy,2024-01-23 21:22:54 -0500
renpy,2024-01-23 13:09:05 -0500
renpy,2024-01-23 17:39:13 +0000
renpy,2024-01-23 17:38:31 +0000
renpy,2024-01-23 02:37:23 -0500
renpy,2024-01-23 02:35:39 -0500
renpy,2024-01-22 22:23:45 -0500
renpy,2024-01-22 01:22:35 -0500
renpy,2024-01-22 00:50:28 -0500
renpy,2024-01-21 18:28:45 -0500
renpy,2024-01-20 22:47:32 -0500
renpy,2024-01-20 01:36:29 -0500
renpy,2024-01-19 23:16:15 -0500
renpy,2024-01-19 01:13:41 -0500
renpy,2024-01-18 22:57:30 -0500
renpy,2024-01-18 22:39:57 -0500
renpy,2024-01-18 22:29:09 -0500
renpy,2024-01-19 00:21:52 +0000
renpy,2024-01-18 10:41:47 +0100
renpy,2024-01-18 03:31:24 +0100
renpy,2024-01-17 19:26:20 -0500
renpy,2024-01-17 01:05:29 -0500
renpy,2024-01-16 04:30:57 -0500
renpy,2024-01-16 02:25:34 -0500
renpy,2024-01-16 01:13:09 -0500
renpy,2024-01-15 22:37:51 -0500
renpy,2024-01-15 21:12:52 -0500
renpy,2024-01-15 21:07:04 -0500
renpy,2024-01-15 21:03:46 -0500
renpy,2024-01-15 20:55:10 -0500
renpy,2024-01-15 20:16:21 -0500
renpy,2024-01-15 20:12:02 -0500
renpy,2024-01-15 23:00:53 +0000
renpy,2024-01-15 22:26:14 +0000
renpy,2024-01-15 22:44:24 +0000
renpy,2024-01-15 21:41:17 +0000
renpy,2024-01-15 13:20:33 +0000
renpy,2024-01-15 20:49:59 +0100
renpy,2024-01-15 10:58:17 +0100
renpy,2024-01-14 19:40:51 -0500
renpy,2024-01-14 18:48:49 -0500
renpy,2024-01-14 19:26:26 +0100
renpy,2024-01-14 19:21:15 +0100
renpy,2024-01-14 11:53:46 -0500
renpy,2024-01-14 11:50:18 -0500
renpy,2024-01-14 10:45:27 -0500
renpy,2024-01-14 13:46:28 +0100
renpy,2024-01-14 13:23:17 +0100
renpy,2024-01-14 02:17:01 -0500
renpy,2024-01-14 01:06:54 -0500
renpy,2024-01-14 05:51:26 +0100
renpy,2024-01-13 18:20:52 -0500
renpy,2024-01-13 21:55:23 +0100
renpy,2024-01-13 15:45:53 -0500
renpy,2024-01-13 21:45:44 +0100
renpy,2024-01-13 15:17:58 -0500
renpy,2024-01-13 14:58:11 -0500
renpy,2024-01-12 23:39:04 -0500
renpy,2024-01-12 21:43:54 -0500
renpy,2024-01-12 21:42:43 -0500
renpy,2024-01-12 20:22:10 -0500
renpy,2024-01-13 01:09:15 +0400
renpy,2024-01-12 01:01:57 -0500
renpy,2024-01-11 00:19:31 -0500
renpy,2024-01-10 23:46:38 -0500
renpy,2024-01-10 23:40:27 -0500
renpy,2024-01-10 23:43:19 -0500
renpy,2024-01-10 22:37:36 -0500
renpy,2024-01-10 21:50:06 -0500
renpy,2024-01-10 10:27:38 -0500
renpy,2024-01-10 10:14:50 -0500
renpy,2024-01-09 23:25:15 -0500
renpy,2024-01-09 23:24:35 -0500
renpy,2024-01-09 23:23:03 -0500
renpy,2024-01-09 23:09:16 -0500
renpy,2024-01-09 22:46:53 -0500
renpy,2024-01-09 22:43:30 -0500
renpy,2024-01-10 00:14:14 +0100
renpy,2024-01-09 20:44:48 +0100
renpy,2024-01-09 20:05:36 +0100
renpy,2024-01-09 01:47:18 -0500
renpy,2024-01-09 00:32:09 +0100
renpy,2023-11-06 01:06:55 +0000
renpy,2024-01-08 23:25:07 +0100
renpy,2024-01-08 23:20:21 +0100
renpy,2024-01-08 22:54:49 +0100
renpy,2024-01-08 22:49:52 +0100
renpy,2024-01-08 16:44:17 +0100
renpy,2024-01-08 16:43:12 +0100
renpy,2024-01-08 16:41:51 +0100
renpy,2024-01-08 02:37:03 -0500
renpy,2024-01-08 00:48:14 -0500
renpy,2024-01-08 00:47:11 -0500
renpy,2024-01-08 00:47:04 -0500
renpy,2024-01-07 22:38:05 -0500
renpy,2024-01-07 22:19:36 -0500
renpy,2024-01-08 01:18:40 +0100
renpy,2024-01-08 00:41:56 +0100
renpy,2024-01-07 23:20:29 +0100
renpy,2024-01-07 21:42:18 +0100
renpy,2024-01-07 14:28:08 -0500
renpy,2024-01-07 01:49:36 -0500
renpy,2024-01-06 23:51:58 -0500
renpy,2024-01-06 21:35:46 -0500
renpy,2024-01-06 21:29:12 -0500
renpy,2024-01-06 21:26:10 -0500
renpy,2024-01-06 19:25:26 -0500
renpy,2024-01-06 19:10:52 -0500
renpy,2024-01-06 18:47:34 -0500
renpy,2024-01-06 18:25:26 -0500
renpy,2024-01-06 18:24:07 -0500
renpy,2024-01-05 23:27:18 -0500
renpy,2024-01-05 23:16:57 -0500
renpy,2024-01-06 01:01:53 -0300
renpy,2024-01-06 01:01:02 -0300
renpy,2024-01-06 00:49:31 -0300
renpy,2024-01-06 00:48:41 -0300
renpy,2024-01-06 00:38:21 -0300
renpy,2024-01-05 01:48:08 -0500
renpy,2024-01-05 00:31:12 -0500
renpy,2024-01-05 00:29:51 -0500
renpy,2024-01-05 00:08:00 -0500
renpy,2024-01-05 00:02:13 -0500
renpy,2024-01-04 22:06:51 -0500
renpy,2024-01-04 21:51:51 -0500
renpy,2024-01-05 00:14:06 +0100
renpy,2024-01-04 12:32:09 -0600
renpy,2024-01-04 12:12:40 -0600
renpy,2024-01-04 11:56:44 -0600
renpy,2024-01-04 11:53:26 -0600
renpy,2024-01-03 19:26:20 -0500
renpy,2024-01-03 01:15:29 -0500
renpy,2024-01-03 00:51:12 -0500
renpy,2024-01-03 00:19:34 -0500
renpy,2024-01-02 23:42:07 -0500
renpy,2024-01-02 22:30:02 -0500
renpy,2024-01-03 05:57:06 +0300
renpy,2024-01-02 23:45:03 +0100
renpy,2024-01-02 10:48:31 +0100
renpy,2024-01-02 04:34:44 +0000
renpy,2024-01-02 03:12:49 +0100
renpy,2024-01-01 20:17:55 -0500
renpy,2024-01-01 20:17:02 -0500
renpy,2024-01-01 20:15:23 -0500
renpy,2024-01-02 02:05:33 +0100
renpy,2024-01-02 02:05:15 +0100
renpy,2024-01-02 01:57:35 +0100
renpy,2024-01-01 18:34:00 -0500
renpy,2024-01-01 18:25:22 -0500
renpy,2024-01-01 23:09:26 +0100
renpy,2024-01-01 16:29:23 -0500
renpy,2024-01-01 19:11:11 +0300
renpy,2024-01-01 04:30:56 -0500
renpy,2024-01-01 01:12:21 -0500
renpy,2024-01-01 00:05:26 -0500
renpy,2023-12-31 22:24:19 -0500
renpy,2023-12-31 22:08:43 -0500
renpy,2023-12-31 21:52:35 -0500
renpy,2023-12-31 21:43:57 -0500
renpy,2023-12-31 21:43:22 -0500
renpy,2023-12-31 16:40:37 -0500
renpy,2023-12-31 16:36:06 -0500
renpy,2023-12-31 15:54:02 -0500
renpy,2023-12-31 15:53:54 -0500
renpy,2023-12-29 00:14:32 -0500
renpy,2023-12-31 17:58:03 +0900
renpy,2023-12-31 17:41:29 +0900
renpy,2023-12-31 02:00:51 +0100
renpy,2023-12-30 11:14:58 -0500
renpy,2023-12-30 00:24:21 -0500
renpy,2023-12-30 00:23:46 -0500
renpy,2023-12-29 23:11:19 -0500
renpy,2023-12-29 22:32:59 -0500
renpy,2023-12-29 00:14:32 -0500
renpy,2023-12-28 22:05:16 -0500
renpy,2023-12-28 23:16:36 +0100
renpy,2023-12-28 04:30:08 -0500
renpy,2023-12-28 02:09:22 -0500
renpy,2023-12-28 02:09:22 -0500
renpy,2023-12-27 23:25:58 -0500
renpy,2023-12-27 22:04:31 -0500
renpy,2023-12-27 23:54:27 +0400
renpy,2023-12-27 01:12:19 -0500
renpy,2023-12-26 22:03:40 -0500
renpy,2023-12-26 15:43:25 +0300
renpy,2023-12-26 04:49:11 +0100
renpy,2023-12-26 04:14:27 +0100
renpy,2023-12-26 04:10:31 +0100
renpy,2023-12-26 04:06:45 +0100
renpy,2023-12-26 04:04:20 +0100
renpy,2023-12-26 03:55:12 +0100
renpy,2023-12-26 03:51:38 +0100
renpy,2023-12-26 03:49:45 +0100
renpy,2023-12-25 00:00:57 -0500
renpy,2023-12-25 00:00:34 -0500
renpy,2023-12-24 09:34:00 -0500
renpy,2023-12-23 22:09:51 -0500
renpy,2023-12-23 16:39:11 -0500
renpy,2023-12-23 18:01:12 +0900
renpy,2023-12-23 00:18:42 -0500
renpy,2023-12-22 22:44:37 -0500
renpy,2023-12-21 16:58:51 +0000
renpy,2023-12-21 09:40:56 +0000
renpy,2023-12-22 01:14:37 -0500
renpy,2023-12-21 23:23:50 -0500
renpy,2023-12-21 23:16:13 -0500
renpy,2023-12-22 04:47:19 +0300
renpy,2023-12-22 04:40:09 +0300
renpy,2023-12-21 00:45:51 -0500
renpy,2023-12-21 00:45:34 -0500
renpy,2023-12-20 22:47:31 -0500
renpy,2023-12-19 20:58:29 -0500
renpy,2023-12-19 01:10:25 -0500
renpy,2023-12-19 01:06:19 -0500
renpy,2023-12-18 23:21:53 -0500
renpy,2023-12-18 22:59:50 -0500
renpy,2023-12-18 02:36:37 -0500
renpy,2023-12-18 02:26:41 -0500
renpy,2023-12-18 04:30:08 -0500
renpy,2023-12-18 00:27:07 -0500
renpy,2023-12-17 23:54:28 -0500
renpy,2023-12-17 22:44:57 -0500
renpy,2023-12-17 22:05:54 -0500
renpy,2023-12-17 22:05:11 -0500
renpy,2023-12-16 23:13:45 -0500
renpy,2023-12-16 02:06:37 -0500
renpy,2023-12-16 01:53:24 -0500
renpy,2023-12-16 01:46:04 -0500
renpy,2023-12-16 00:11:59 -0500
renpy,2023-12-15 23:41:57 -0500
renpy,2023-12-15 22:32:12 -0500
renpy,2023-12-14 18:39:56 -0500
renpy,2023-12-14 18:38:24 -0500
renpy,2023-12-14 18:38:14 -0500
renpy,2023-12-14 01:38:53 -0500
renpy,2023-12-14 01:17:50 -0500
renpy,2023-12-14 00:28:14 -0500
renpy,2023-12-13 21:21:18 -0500
renpy,2023-12-13 21:14:09 -0500
renpy,2023-12-13 21:13:19 -0500
renpy,2023-12-12 23:06:48 -0500
renpy,2023-12-12 08:32:20 +0100
renpy,2023-12-11 23:33:48 -0500
renpy,2023-12-11 22:08:24 -0500
renpy,2023-12-11 22:04:05 -0500
renpy,2023-12-11 22:03:06 -0500
renpy,2023-12-11 21:40:33 -0500
renpy,2023-12-11 21:40:14 -0500
renpy,2023-12-12 05:15:30 +0300
renpy,2023-12-11 20:26:24 +0100
renpy,2023-12-11 18:46:59 +0000
renpy,2023-12-11 11:30:56 -0500
renpy,2023-12-11 11:30:33 -0500
renpy,2023-12-11 10:32:24 -0500
renpy,2023-12-11 09:28:43 -0500
renpy,2023-12-11 01:22:26 -0500
renpy,2023-12-11 01:15:13 -0500
renpy,2023-12-10 22:13:01 -0500
renpy,2023-12-10 21:06:02 -0500
renpy,2023-12-10 20:03:35 -0500
renpy,2023-12-10 20:00:04 -0500
renpy,2023-12-11 00:15:09 +0100
renpy,2023-12-10 19:43:18 +0100
renpy,2023-12-10 13:06:19 +0100
renpy,2023-12-10 12:59:13 +0100
renpy,2023-12-10 07:52:03 +0100
renpy,2023-12-09 23:31:10 -0500
renpy,2023-12-10 04:32:54 +0100
renpy,2023-12-10 04:29:25 +0100
renpy,2023-12-10 04:26:21 +0100
renpy,2023-12-09 18:32:39 +0000
renpy,2023-12-09 18:19:17 +0100
renpy,2023-12-09 18:18:52 +0100
renpy,2023-12-09 01:11:31 -0500
renpy,2023-12-08 22:51:12 -0500
renpy,2023-12-08 01:54:56 -0500
renpy,2023-12-08 01:32:33 -0500
renpy,2023-12-07 23:08:28 -0500
renpy,2023-12-07 22:41:14 -0500
renpy,2023-12-07 19:30:08 -0500
renpy,2023-12-08 00:33:11 +0100
renpy,2023-12-07 16:22:41 +0100
renpy,2023-12-07 04:30:08 -0500
renpy,2023-12-07 01:42:56 -0500
renpy,2023-12-07 01:41:53 -0500
renpy,2023-12-06 22:29:55 -0500
renpy,2023-12-06 22:25:27 -0500
renpy,2023-12-07 04:24:55 +0100
renpy,2023-12-06 14:44:27 +0100
renpy,2023-12-06 01:48:46 -0500
renpy,2023-12-06 01:21:35 -0500
renpy,2023-12-06 01:06:33 -0500
renpy,2023-12-06 01:05:08 -0500
renpy,2023-12-05 02:31:19 -0500
renpy,2023-12-04 23:37:48 -0500
renpy,2023-12-04 04:11:12 -0500
renpy,2023-12-03 13:33:29 -0500
renpy,2023-12-03 01:08:46 -0500
renpy,2023-12-02 23:39:26 -0500
renpy,2023-12-02 21:50:25 -0500
renpy,2023-12-02 16:28:48 -0500
renpy,2023-12-02 16:20:49 -0500
renpy,2023-12-02 10:58:41 -0500
renpy,2023-12-01 22:08:20 -0500
renpy,2023-12-01 21:10:47 -0500
renpy,2023-12-01 20:24:51 -0500
renpy,2023-11-30 23:54:30 -0500
renpy,2023-11-30 22:47:32 -0500
renpy,2023-11-30 22:33:52 +0000
renpy,2023-11-30 04:30:08 -0500
renpy,2023-11-29 21:41:14 -0500
renpy,2023-11-29 21:19:42 +0000
renpy,2023-11-29 21:39:21 +0100
renpy,2023-11-29 21:27:26 +0100
renpy,2023-11-29 02:11:13 -0500
renpy,2023-11-29 02:04:51 -0500
renpy,2023-11-29 02:04:51 -0500
renpy,2023-11-28 21:55:30 -0500
renpy,2023-11-29 03:45:09 +0100
renpy,2023-11-29 03:43:40 +0100
renpy,2023-11-27 21:58:04 -0500
renpy,2023-11-27 04:30:08 -0500
renpy,2023-11-27 00:48:14 -0500
renpy,2023-11-26 19:30:33 -0500
renpy,2023-11-26 18:15:46 -0500
renpy,2023-11-26 16:15:02 -0500
renpy,2023-11-26 04:30:08 -0500
renpy,2023-11-25 22:56:31 -0500
renpy,2023-11-25 22:19:50 -0500
renpy,2023-11-26 04:15:30 +0100
renpy,2023-11-25 21:08:01 -0500
renpy,2023-11-25 21:08:01 -0500
renpy,2023-11-24 11:56:16 +0000
renpy,2023-11-24 00:46:40 -0500
renpy,2023-11-24 00:39:33 -0500
renpy,2023-11-24 00:38:26 -0500
renpy,2023-11-24 00:27:12 -0500
renpy,2023-11-24 00:21:55 -0500
renpy,2023-11-24 00:12:47 -0500
renpy,2023-11-23 21:18:16 -0500
renpy,2023-11-23 00:45:45 -0500
renpy,2023-11-23 00:13:11 +0100
renpy,2023-11-23 00:09:24 +0100
renpy,2023-11-22 17:46:06 -0500
renpy,2023-11-22 17:40:30 -0500
renpy,2023-11-22 01:10:14 -0500
renpy,2023-11-22 01:07:06 -0500
renpy,2023-11-22 00:37:51 -0500
renpy,2023-11-21 21:50:05 -0500
renpy,2023-11-21 05:11:34 +0100
renpy,2023-11-21 04:16:24 +0100
renpy,2023-11-20 20:30:51 -0500
renpy,2023-11-20 01:51:49 -0500
renpy,2023-11-20 01:50:08 -0500
renpy,2023-11-20 01:48:19 -0500
renpy,2023-11-20 00:40:12 -0500
renpy,2023-10-01 01:36:00 +0200
renpy,2023-11-17 21:21:50 -0500
renpy,2023-11-19 20:51:55 -0500
renpy,2023-11-19 22:40:16 -0500
renpy,2023-11-20 00:20:37 -0500
renpy,2023-11-19 23:53:14 -0500
renpy,2023-11-19 22:40:16 -0500
renpy,2023-11-19 20:51:55 -0500
renpy,2023-11-19 00:56:12 -0500
renpy,2023-11-18 23:46:00 +0100
renpy,2023-11-18 00:26:02 -0500
renpy,2023-11-17 21:21:50 -0500
renpy,2023-11-17 00:48:35 -0500
renpy,2023-11-17 00:42:36 -0500
renpy,2023-11-17 00:26:08 -0500
renpy,2023-11-16 22:44:14 -0500
renpy,2023-11-16 22:28:11 -0500
renpy,2023-11-16 21:32:40 -0500
renpy,2023-11-16 01:35:58 -0500
renpy,2023-11-16 01:34:53 -0500
renpy,2023-11-16 00:04:50 -0500
renpy,2023-11-15 22:55:36 -0500
renpy,2023-11-15 00:05:55 -0500
renpy,2023-11-14 23:56:14 -0500
renpy,2023-11-14 21:56:41 -0500
renpy,2023-11-14 13:38:16 +0100
renpy,2023-11-14 00:51:12 -0500
renpy,2023-11-13 21:33:03 -0500
renpy,2023-11-13 21:29:57 -0500
renpy,2023-11-13 21:28:54 -0500
renpy,2023-11-13 21:04:23 -0500
renpy,2023-11-13 23:55:53 +0000
renpy,2023-11-13 04:30:08 -0500
renpy,2023-11-13 01:20:37 -0500
renpy,2023-11-13 01:08:43 -0500
renpy,2023-11-13 00:19:02 -0500
renpy,2023-11-13 00:14:58 -0500
renpy,2023-11-12 21:02:40 -0500
renpy,2023-11-12 21:09:29 +0100
renpy,2023-11-12 13:07:48 -0500
renpy,2023-11-12 13:02:05 -0500
renpy,2023-11-12 02:24:38 -0500
renpy,2023-11-12 02:13:01 -0500
renpy,2023-11-11 21:16:29 -0500
renpy,2023-11-10 18:14:54 -0500
renpy,2023-11-10 12:49:57 +0000
renpy,2023-11-10 10:07:47 +0100
renpy,2023-11-10 10:06:12 +0100
renpy,2023-11-10 01:41:45 -0500
renpy,2023-11-10 01:40:21 -0500
renpy,2023-11-09 23:33:44 -0500
renpy,2023-11-09 23:31:03 -0500
renpy,2023-11-08 02:29:04 -0500
renpy,2023-11-08 02:01:56 -0500
renpy,2023-11-07 01:18:08 -0500
renpy,2023-11-06 01:27:31 -0500
renpy,2023-11-06 01:24:11 -0500
renpy,2023-11-05 19:13:59 -0500
renpy,2023-11-05 18:07:32 -0500
renpy,2023-11-05 17:03:01 -0500
renpy,2023-11-04 22:30:16 -0400
renpy,2023-11-04 21:36:18 -0400
renpy,2023-11-04 04:30:01 -0400
renpy,2023-11-03 23:45:17 -0400
renpy,2023-11-03 23:34:24 -0400
renpy,2023-11-03 23:33:55 -0400
renpy,2023-11-03 21:26:51 -0400
renpy,2023-11-03 21:26:51 -0400
renpy,2023-11-03 06:21:51 +0000
renpy,2023-11-03 01:15:56 -0400
renpy,2023-11-03 01:09:41 -0400
renpy,2023-11-03 12:31:40 +0800
renpy,2023-11-02 23:42:38 -0400
renpy,2023-11-02 22:52:04 -0400
renpy,2023-11-02 22:51:49 -0400
renpy,2023-11-02 04:30:07 -0400
renpy,2023-11-02 00:34:28 -0400
renpy,2023-11-01 23:02:48 -0400
renpy,2023-11-01 13:56:29 +0100
renpy,2023-11-01 13:54:47 +0100
renpy,2023-11-01 04:30:07 -0400
renpy,2023-11-01 02:07:00 -0400
renpy,2023-10-31 23:36:43 -0400
renpy,2023-10-31 14:43:11 +0300
renpy,2023-10-31 04:30:07 -0400
renpy,2023-10-31 00:46:10 -0400
renpy,2023-10-31 01:14:27 +0100
renpy,2023-10-31 00:57:52 +0100
renpy,2023-10-30 17:56:30 -0400
renpy,2023-10-30 22:51:42 +0100
renpy,2023-10-30 23:50:14 +0200
renpy,2023-10-30 22:48:53 +0100
renpy,2023-10-30 17:47:50 -0400
renpy,2023-10-30 02:26:35 -0400
renpy,2023-10-30 00:57:00 +0100
renpy,2023-10-30 00:44:57 +0100
renpy,2023-10-30 00:44:26 +0100
renpy,2023-10-29 14:55:39 -0400
renpy,2023-10-29 12:25:22 -0400
renpy,2023-10-28 22:34:27 -0400
renpy,2023-10-28 22:30:14 -0400
renpy,2023-10-29 00:28:13 +0200
renpy,2023-10-29 00:11:24 +0200
renpy,2023-10-28 18:03:48 +0100
renpy,2023-10-28 13:35:41 -0400
renpy,2023-10-28 01:10:03 -0400
renpy,2023-10-28 00:53:25 -0400
renpy,2023-10-27 00:50:42 -0400
renpy,2023-10-27 00:48:56 -0400
renpy,2023-10-27 06:47:21 +0200
renpy,2023-10-27 00:46:14 -0400
renpy,2023-10-27 06:42:27 +0200
renpy,2023-10-27 06:41:32 +0200
renpy,2023-10-27 00:41:09 -0400
renpy,2023-10-27 00:40:53 -0400
renpy,2023-10-27 00:06:32 -0400
renpy,2023-10-26 23:25:56 -0400
renpy,2023-10-27 03:50:17 +0200
renpy,2023-10-26 00:59:19 -0400
renpy,2023-10-26 03:14:12 +0300
renpy,2023-10-25 19:43:22 -0400
renpy,2023-10-25 19:44:55 +0200
renpy,2023-10-25 09:38:10 -0400
renpy,2023-10-25 14:01:20 +0200
renpy,2023-10-25 01:08:44 -0400
renpy,2023-10-24 23:34:39 -0400
renpy,2023-10-24 20:40:20 -0400
renpy,2023-10-24 04:30:07 -0400
renpy,2023-10-23 22:58:51 -0400
renpy,2023-10-24 04:58:20 +0200
renpy,2023-10-23 22:04:01 -0400
renpy,2023-10-23 22:04:01 -0400
renpy,2023-10-23 10:44:58 +0200
renpy,2023-10-23 04:47:11 +0200
renpy,2023-10-22 22:34:16 -0400
renpy,2023-10-22 22:27:18 -0400
renpy,2023-10-22 22:12:55 -0400
renpy,2023-10-21 01:52:15 -0400
renpy,2023-10-21 01:45:26 -0400
renpy,2023-10-20 23:24:07 -0400
renpy,2023-10-20 00:31:09 -0400
renpy,2023-10-19 21:23:42 +0200
renpy,2023-10-19 04:30:07 -0400
renpy,2023-10-19 01:27:07 -0400
renpy,2023-10-19 01:11:07 -0400
renpy,2023-10-19 00:53:17 -0400
renpy,2023-10-19 00:13:25 -0400
renpy,2023-10-19 00:06:14 -0400
renpy,2023-10-18 23:33:04 -0400
renpy,2023-10-18 23:13:52 -0400
renpy,2023-10-18 21:49:46 -0400
renpy,2023-10-18 03:41:59 +0100
renpy,2023-10-17 22:16:38 -0400
renpy,2023-10-18 00:43:31 +0200
renpy,2023-10-17 00:02:26 -0400
renpy,2023-10-17 00:01:12 -0400
renpy,2023-10-16 18:45:43 +0200
renpy,2023-10-16 00:48:16 -0400
renpy,2023-10-16 00:48:01 -0400
renpy,2023-10-15 21:01:36 -0400
renpy,2023-10-15 20:54:08 -0400
renpy,2023-10-15 20:51:55 -0400
renpy,2023-10-15 20:38:02 -0400
renpy,2023-10-15 19:39:33 -0400
renpy,2023-10-15 15:56:44 -0400
renpy,2023-10-15 04:30:07 -0400
renpy,2023-10-14 22:50:13 -0400
renpy,2023-10-15 03:52:22 +0200
renpy,2023-10-15 03:46:44 +0200
renpy,2023-10-15 03:22:40 +0200
renpy,2023-10-15 03:19:14 +0200
renpy,2023-10-15 03:15:31 +0200
renpy,2023-03-16 21:08:49 +0100
renpy,2023-10-15 02:27:13 +0200
renpy,2023-10-15 02:23:44 +0200
renpy,2023-10-14 04:30:07 -0400
renpy,2023-10-13 23:47:03 -0400
renpy,2023-10-13 23:47:03 -0400
renpy,2023-10-12 23:18:52 -0400
renpy,2023-10-12 19:06:23 -0400
renpy,2023-10-12 04:30:07 -0400
renpy,2023-10-12 00:23:52 -0400
renpy,2023-10-11 22:43:48 -0400
renpy,2023-10-11 22:43:29 -0400
renpy,2023-10-11 18:23:50 +0200
renpy,2023-10-11 04:30:07 -0400
renpy,2023-10-10 22:34:30 -0400
renpy,2023-10-10 21:22:01 -0400
renpy,2023-10-09 22:39:40 -0400
renpy,2023-10-09 21:21:27 -0400
renpy,2023-10-10 20:07:45 -0400
renpy,2023-10-10 20:07:27 -0400
renpy,2023-10-11 00:52:20 +0200
renpy,2023-10-11 00:41:13 +0200
renpy,2023-10-11 00:38:55 +0200
renpy,2023-10-10 04:30:07 -0400
renpy,2023-10-09 14:06:35 +0100
renpy,2023-10-09 13:44:11 +0100
renpy,2023-10-09 13:41:24 +0100
renpy,2023-10-09 14:58:47 +0200
renpy,2023-10-08 21:58:44 -0400
renpy,2023-10-08 21:54:43 -0400
renpy,2023-10-07 15:47:49 -0400
renpy,2023-10-07 10:37:47 -0400
renpy,2023-10-06 23:58:30 -0400
renpy,2023-10-06 23:23:02 -0400
renpy,2023-10-06 22:57:23 -0400
renpy,2023-10-06 22:56:32 -0400
renpy,2023-10-05 21:59:56 -0400
renpy,2023-10-04 23:17:56 -0400
renpy,2023-10-04 22:20:35 -0400
renpy,2023-10-04 01:08:59 -0400
renpy,2023-10-03 22:06:23 -0400
renpy,2023-10-02 23:24:08 -0400
renpy,2023-10-02 23:14:43 -0400
renpy,2023-10-01 22:50:44 -0400
renpy,2023-10-01 01:20:42 -0400
renpy,2023-09-30 19:42:55 -0400
renpy,2023-09-30 19:42:31 -0400
renpy,2023-10-01 01:36:00 +0200
renpy,2023-09-30 11:50:27 +0300
renpy,2023-09-29 21:55:36 -0400
renpy,2023-09-29 04:30:08 -0400
renpy,2023-09-28 21:16:07 -0400
renpy,2023-09-28 01:25:10 -0400
renpy,2023-09-28 00:16:26 -0400
renpy,2023-09-27 23:45:33 -0400
renpy,2023-09-27 21:59:59 -0400
renpy,2023-09-27 23:34:01 +0200
renpy,2023-09-27 04:30:08 -0400
renpy,2023-09-27 01:45:52 -0400
renpy,2023-09-26 21:32:44 -0400
renpy,2023-09-27 00:28:39 +0200
renpy,2023-09-26 02:26:00 -0400
renpy,2023-09-25 23:58:33 -0400
renpy,2023-09-25 22:39:23 -0400
renpy,2023-09-24 09:34:41 -0400
renpy,2023-09-24 01:50:47 -0400
renpy,2023-09-23 12:16:51 -0400
renpy,2023-09-24 04:00:35 +0200
renpy,2023-09-23 04:30:07 -0400
renpy,2023-09-23 01:37:30 -0400
renpy,2023-09-22 23:29:34 -0400
renpy,2023-09-22 22:22:10 -0400
renpy,2023-09-23 01:44:00 +0200
renpy,2023-09-22 23:46:53 +0100
renpy,2023-09-22 15:43:52 +0100
renpy,2023-09-22 14:58:43 +0100
renpy,2023-09-22 04:30:08 -0400
renpy,2023-09-21 22:58:44 -0400
renpy,2023-09-21 22:45:29 -0400
renpy,2023-09-21 04:30:08 -0400
renpy,2023-06-04 11:45:22 +0200
renpy,2023-09-19 16:10:28 +0200
renpy,2023-09-20 23:06:25 -0400
renpy,2023-09-19 22:53:58 -0400
renpy,2023-09-20 03:59:28 +0200
renpy,2023-09-19 21:51:14 -0400
renpy,2023-09-10 23:30:12 +0300
renpy,2023-09-19 21:47:35 -0400
renpy,2023-09-19 16:12:41 +0200
renpy,2023-09-19 22:12:16 +0800
renpy,2023-09-19 16:10:28 +0200
renpy,2023-09-19 04:30:56 -0400
renpy,2023-09-19 00:12:40 -0400
renpy,2023-09-18 22:27:29 -0400
renpy,2023-09-18 22:24:59 -0400
renpy,2023-09-18 22:22:08 -0400
renpy,2023-09-18 18:34:41 -0400
renpy,2023-09-19 00:22:12 +0200
renpy,2023-09-19 00:22:12 +0200
renpy,2023-09-18 04:30:45 -0400
renpy,2023-09-17 22:57:02 -0400
renpy,2023-09-17 04:30:56 -0400
renpy,2023-09-16 23:41:57 -0400
renpy,2023-09-16 23:41:57 -0400
renpy,2023-09-16 20:07:15 -0400
renpy,2023-09-16 18:44:36 -0400
renpy,2023-09-16 00:59:20 -0400
renpy,2023-09-16 00:41:33 -0400
renpy,2023-09-15 01:11:22 -0400
renpy,2023-09-14 23:23:49 -0400
renpy,2023-09-14 18:15:42 -0400
renpy,2023-09-14 17:57:59 -0400
renpy,2023-09-14 04:30:56 -0400
renpy,2023-09-14 01:10:15 -0400
renpy,2023-09-13 09:08:15 -0400
renpy,2023-09-13 08:20:37 -0400
renpy,2023-09-13 01:21:17 -0400
renpy,2023-09-13 01:15:48 -0400
renpy,2023-09-12 23:32:46 -0400
renpy,2023-09-12 00:38:35 -0400
renpy,2023-09-11 21:16:02 -0400
renpy,2023-09-10 22:06:56 -0400
renpy,2023-09-10 23:30:12 +0300
renpy,2023-09-10 00:48:37 -0400
renpy,2023-09-10 00:46:17 -0400
renpy,2023-09-09 21:52:51 -0400
renpy,2023-09-09 20:47:12 -0400
renpy,2023-09-09 04:30:55 -0400
renpy,2023-09-08 22:32:17 -0400
renpy,2023-09-08 04:30:56 -0400
renpy,2023-09-08 01:29:30 -0400
renpy,2023-09-07 23:21:43 -0400
renpy,2023-09-06 21:34:15 +0200
renpy,2023-09-06 21:33:00 +0200
renpy,2023-09-06 11:21:04 +0200
renpy,2023-09-06 11:20:34 +0200
renpy,2023-09-06 10:57:11 +0200
renpy,2023-09-06 04:30:56 -0400
renpy,2023-09-06 00:44:45 -0400
renpy,2023-09-05 22:06:47 -0400
renpy,2023-09-05 21:13:50 -0400
renpy,2023-09-06 00:44:45 -0400
renpy,2023-09-05 22:06:47 -0400
renpy,2023-09-05 21:13:50 -0400
renpy,2023-09-05 04:30:56 -0400
renpy,2023-09-05 01:39:02 -0400
renpy,2023-09-04 20:35:16 -0400
renpy,2023-09-03 20:24:29 -0400
renpy,2023-09-03 19:40:17 -0400
renpy,2023-09-03 19:36:04 -0400
renpy,2023-09-03 19:34:03 -0400
renpy,2023-09-02 18:08:22 -0400
renpy,2023-09-02 18:07:56 -0400
renpy,2023-09-02 04:30:37 -0400
renpy,2023-09-01 23:37:34 -0400
renpy,2023-09-01 22:43:24 -0400
renpy,2023-08-31 19:10:28 -0400
renpy,2023-08-31 18:30:12 -0400
renpy,2023-08-31 04:30:38 -0400
renpy,2023-08-31 02:00:25 +0200
renpy,2023-08-31 00:41:17 -0400
renpy,2023-08-31 00:14:58 -0400
renpy,2023-08-30 21:55:50 -0400
renpy,2023-08-31 02:00:25 +0200
renpy,2023-08-30 04:30:38 -0400
renpy,2023-08-30 00:35:47 -0400
renpy,2023-08-29 22:48:59 -0400
renpy,2023-08-29 22:30:59 -0400
renpy,2023-08-29 23:02:52 +0200
renpy,2023-08-29 04:30:37 -0400
renpy,2023-08-29 01:17:49 -0400
renpy,2023-08-28 04:30:38 -0400
renpy,2023-08-28 01:03:25 -0400
renpy,2023-08-27 04:30:37 -0400
renpy,2023-08-27 00:34:46 -0400
renpy,2023-08-26 23:51:05 -0400
renpy,2023-08-26 01:14:29 -0400
renpy,2023-08-25 21:59:31 -0400
renpy,2023-08-25 04:30:38 -0400
renpy,2023-08-24 21:21:17 -0400
renpy,2023-08-24 11:33:22 +0300
renpy,2023-08-23 04:30:37 -0400
renpy,2023-08-22 12:03:03 +0200
renpy,2023-08-22 22:18:21 -0400
renpy,2023-08-22 21:03:30 -0400
renpy,2023-08-22 12:03:03 +0200
renpy,2023-08-21 23:14:41 -0400
renpy,2023-08-15 12:40:45 -0400
renpy,2023-08-20 22:27:14 -0400
renpy,2023-08-20 16:58:06 -0400
renpy,2023-08-03 15:55:28 +0100
renpy,2023-08-19 21:13:01 -0400
renpy,2023-08-19 21:13:01 -0400
renpy,2023-08-18 21:11:14 -0400
renpy,2023-08-18 21:10:53 -0400
renpy,2023-08-18 00:39:38 -0400
renpy,2023-08-04 13:18:20 +0200
renpy,2023-08-18 00:12:27 -0400
renpy,2023-08-18 00:11:35 -0400
renpy,2023-08-18 00:10:32 -0400
renpy,2023-08-18 00:09:18 -0400
renpy,2023-08-18 00:08:50 -0400
renpy,2023-08-17 21:41:35 -0400
renpy,2023-08-17 04:30:37 -0400
renpy,2023-08-16 23:24:45 -0400
renpy,2023-08-16 22:24:25 -0400
renpy,2023-08-16 04:30:38 -0400
renpy,2023-08-15 22:50:16 -0400
renpy,2023-08-15 22:50:16 -0400
renpy,2023-08-15 12:40:45 -0400
renpy,2023-08-15 00:30:45 -0400
renpy,2023-08-15 00:30:04 -0400
renpy,2023-08-15 00:28:56 -0400
renpy,2023-08-15 00:08:13 -0400
renpy,2023-08-14 22:45:16 -0400
renpy,2023-08-14 22:42:37 -0400
renpy,2023-08-13 19:39:12 -0400
renpy,2023-08-12 22:34:18 -0400
renpy,2023-08-11 22:31:48 -0400
renpy,2023-08-11 04:30:38 -0400
renpy,2023-08-11 01:51:02 -0400
renpy,2023-08-10 22:20:05 +0200
renpy,2023-08-10 21:32:44 +0200
renpy,2023-08-10 00:54:11 -0400
renpy,2023-08-09 23:48:12 -0400
renpy,2023-08-09 22:49:58 -0400
renpy,2023-08-09 23:18:48 +0200
renpy,2023-08-09 08:43:33 +0200
renpy,2023-08-08 22:45:16 -0400
renpy,2023-08-08 18:34:08 +0200
renpy,2023-08-08 18:21:29 +0200
renpy,2023-08-07 23:09:42 -0400
renpy,2023-08-07 04:30:37 -0400
renpy,2023-08-07 01:12:42 -0400
renpy,2023-08-07 01:33:29 +0200
renpy,2023-08-07 01:18:21 +0200
renpy,2023-08-05 10:58:50 +0200
renpy,2023-08-05 04:30:37 -0400
renpy,2023-08-04 22:22:08 +0200
renpy,2023-08-04 17:45:50 +0200
renpy,2023-08-04 13:18:20 +0200
renpy,2023-08-04 09:03:31 +0200
renpy,2023-08-03 08:11:51 -0400
renpy,2023-08-03 14:11:20 +0200
renpy,2023-08-03 08:08:52 -0400
renpy,2023-08-01 22:23:28 -0400
renpy,2023-08-01 22:22:47 -0400
renpy,2023-07-30 19:52:44 -0400
renpy,2023-08-01 21:59:24 -0400
renpy,2023-08-01 19:49:20 -0600
renpy,2023-07-31 22:06:19 -0400
renpy,2023-07-30 21:07:04 -0400
renpy,2023-07-30 19:53:21 -0400
renpy,2023-07-30 19:52:44 -0400
renpy,2023-07-29 17:44:01 +0200
renpy,2023-07-29 18:45:58 +0900
renpy,2023-07-26 20:31:06 -0600
renpy,2023-07-26 01:37:42 -0400
renpy,2023-07-25 11:10:11 -0400
renpy,2023-07-25 02:05:14 -0400
renpy,2023-07-25 00:07:06 -0400
renpy,2023-07-24 04:30:37 -0400
renpy,2023-07-24 01:05:00 -0400
renpy,2023-07-23 20:46:06 -0400
renpy,2023-07-23 20:45:30 -0400
renpy,2023-07-23 20:44:32 -0400
renpy,2023-07-24 00:18:44 +0100
renpy,2023-07-23 02:13:41 -0400
renpy,2023-07-22 23:19:33 -0400
renpy,2023-07-22 13:02:31 -0500
renpy,2023-07-22 23:38:18 +0800
renpy,2023-07-22 23:25:20 +0800
renpy,2023-07-22 11:45:53 +0100
renpy,2023-07-21 23:20:09 -0400
renpy,2023-07-21 01:44:35 -0400
renpy,2023-07-20 22:06:17 -0400
renpy,2023-07-21 03:51:16 +0200
renpy,2023-07-20 04:30:37 -0400
renpy,2023-07-20 07:25:22 +0200
renpy,2023-07-20 06:17:16 +0200
renpy,2023-07-20 05:48:21 +0200
renpy,2023-07-19 02:22:14 -0400
renpy,2023-07-19 02:21:59 -0400
renpy,2023-07-18 23:22:12 -0400
renpy,2023-07-18 23:17:46 -0400
renpy,2023-07-18 23:15:25 -0400
renpy,2023-07-18 01:25:52 -0400
renpy,2023-07-17 23:32:59 -0400
renpy,2023-07-17 22:39:47 -0400
renpy,2023-07-17 17:18:34 +0200
renpy,2023-07-16 21:42:20 -0400
renpy,2023-07-15 20:46:59 -0400
renpy,2023-07-15 05:45:24 +0200
renpy,2023-07-14 23:36:41 -0400
renpy,2023-07-14 04:30:37 -0400
renpy,2023-07-12 14:08:22 +0100
renpy,2023-07-13 23:07:06 -0400
renpy,2023-07-13 18:26:58 -0400
renpy,2023-07-13 22:13:26 +0200
renpy,2023-07-13 19:27:24 +0200
renpy,2023-07-13 19:15:06 +0200
renpy,2023-07-12 23:32:50 -0400
renpy,2023-07-13 03:30:22 +0200
renpy,2023-07-12 09:20:35 -0400
renpy,2023-07-12 14:08:22 +0100
renpy,2023-07-11 23:28:33 -0400
renpy,2023-07-11 23:06:32 -0400
renpy,2023-07-11 22:52:10 -0400
renpy,2023-07-11 04:30:37 -0400
renpy,2023-07-10 21:05:53 -0400
renpy,2023-07-10 22:15:24 +0200
renpy,2023-07-10 01:31:51 -0400
renpy,2023-07-10 01:31:26 -0400
renpy,2023-07-09 18:27:43 -0400
renpy,2023-07-09 04:30:37 -0400
renpy,2023-07-08 14:44:21 -0400
renpy,2023-07-08 14:24:55 -0400
renpy,2023-07-08 13:58:14 -0400
renpy,2023-07-05 23:20:36 -0400
renpy,2023-07-05 21:50:23 -0400
renpy,2023-07-06 01:53:03 +0300
renpy,2023-07-05 04:30:37 -0400
renpy,2023-07-04 23:32:30 -0400
renpy,2023-07-05 05:12:15 +0200
renpy,2023-07-04 20:58:04 -0400
renpy,2023-07-04 20:55:01 -0400
renpy,2023-07-04 14:53:51 +0100
renpy,2023-07-04 19:13:42 -0400
renpy,2023-07-04 19:11:58 -0400
renpy,2023-07-04 19:11:36 -0400
renpy,2023-07-04 18:07:58 +0200
renpy,2023-07-04 14:53:51 +0100
renpy,2023-07-03 19:35:11 -0400
renpy,2023-07-03 17:56:42 -0400
renpy,2023-07-03 18:39:51 +0200
renpy,2023-07-03 17:09:20 +0200
renpy,2023-07-03 10:30:07 -0400
renpy,2023-06-30 22:26:28 -0400
renpy,2023-07-03 04:16:49 +0200
renpy,2023-07-03 04:16:31 +0200
renpy,2023-07-02 21:47:04 -0400
renpy,2023-06-16 19:42:17 +0100
renpy,2023-07-02 21:07:43 -0400
renpy,2023-07-02 18:22:35 +0100
renpy,2023-07-02 00:13:58 -0400
renpy,2023-07-02 00:06:45 -0400
renpy,2023-07-01 23:18:15 -0400
renpy,2023-07-02 04:07:03 +0200
renpy,2023-07-02 04:03:56 +0200
renpy,2023-07-02 03:59:44 +0200
renpy,2023-07-01 08:17:02 -0600
renpy,2023-07-01 01:21:19 -0400
renpy,2023-06-30 22:26:28 -0400
renpy,2023-06-30 19:54:37 +0200
renpy,2023-06-30 19:32:35 +0200
renpy,2023-06-29 23:29:31 -0400
renpy,2023-06-29 23:29:31 -0400
renpy,2023-06-29 21:27:37 -0400
renpy,2023-06-29 21:09:04 -0400
renpy,2023-06-29 21:08:36 -0400
renpy,2023-06-30 02:30:21 +0200
renpy,2023-06-30 02:08:11 +0200
renpy,2023-06-30 01:50:15 +0200
renpy,2023-06-30 01:47:56 +0200
renpy,2023-06-30 01:45:05 +0200
renpy,2023-06-30 01:42:18 +0200
renpy,2023-06-28 21:38:44 -0400
renpy,2023-06-28 23:27:35 +0200
renpy,2023-06-28 23:14:54 +0200
renpy,2023-06-28 14:37:08 +0200
renpy,2023-06-28 04:30:37 -0400
renpy,2023-06-27 23:21:38 -0400
renpy,2023-06-27 22:47:51 -0400
renpy,2023-06-27 01:08:00 -0400
renpy,2023-06-27 01:00:19 -0400
renpy,2023-06-26 23:17:55 -0400
renpy,2023-06-26 23:07:38 -0400
renpy,2023-06-26 23:03:16 -0400
renpy,2023-06-26 04:30:37 -0400
renpy,2023-06-25 21:47:10 -0400
renpy,2023-06-26 02:48:42 +0200
renpy,2023-06-25 04:30:37 -0400
renpy,2023-06-25 03:57:13 +0200
renpy,2023-06-24 16:23:39 +0100
renpy,2023-06-24 15:20:27 +0200
renpy,2023-06-24 13:43:03 +0200
renpy,2023-06-23 21:56:03 +0200
renpy,2023-06-23 21:44:44 +0200
renpy,2023-06-23 13:13:08 +0200
renpy,2023-06-23 13:10:31 +0200
renpy,2023-06-23 04:30:37 -0400
renpy,2023-06-23 01:00:07 -0400
renpy,2023-06-23 00:41:56 -0400
renpy,2023-06-22 14:55:41 -0400
renpy,2023-06-22 23:27:45 -0400
renpy,2023-06-22 23:27:32 -0400
renpy,2023-06-22 23:17:12 -0400
renpy,2023-06-22 14:55:41 -0400
renpy,2023-06-22 13:12:30 +0200
renpy,2023-06-22 01:14:39 -0400
renpy,2023-06-21 23:07:15 -0400
renpy,2023-06-21 04:30:37 -0400
renpy,2023-06-20 23:52:36 -0400
renpy,2023-06-19 22:21:18 -0400
renpy,2023-06-18 23:29:40 -0400
renpy,2023-06-18 22:46:33 -0400
renpy,2023-06-18 14:13:41 -0400
renpy,2023-06-18 17:45:03 +0200
renpy,2023-06-18 02:08:44 -0400
renpy,2023-06-18 02:08:18 -0400
renpy,2023-06-18 00:55:20 -0400
renpy,2023-06-18 03:14:05 +0200
renpy,2023-06-18 02:33:42 +0200
renpy,2023-06-18 01:56:11 +0200
renpy,2023-06-17 21:31:07 +0200
renpy,2023-06-17 19:52:33 +0200
renpy,2023-06-17 16:25:41 +0200
renpy,2023-06-17 01:12:02 -0400
renpy,2023-06-16 23:47:53 -0400
renpy,2023-06-16 23:31:41 -0400
renpy,2023-06-16 23:29:56 -0400
renpy,2023-06-16 20:27:16 -0400
renpy,2023-06-16 20:10:48 -0400
renpy,2023-06-17 02:07:58 +0200
renpy,2023-06-17 02:05:10 +0200
renpy,2023-06-16 04:30:37 -0400
renpy,2023-06-15 22:09:19 -0400
renpy,2023-06-16 02:17:38 +0100
renpy,2023-06-16 02:15:54 +0100
renpy,2023-06-16 02:15:54 +0100
renpy,2023-06-15 04:30:37 -0400
renpy,2023-06-14 22:26:25 -0400
renpy,2023-06-14 01:38:06 -0400
renpy,2023-06-14 01:27:45 -0400
renpy,2023-06-13 23:32:08 -0400
renpy,2023-06-13 17:30:48 +0200
renpy,2023-06-13 17:29:26 +0200
renpy,2023-06-13 00:54:35 -0400
renpy,2023-06-12 23:57:24 -0400
renpy,2023-06-12 22:35:50 -0400
renpy,2023-06-12 01:33:40 -0400
renpy,2023-06-11 00:36:05 -0400
renpy,2023-06-10 23:40:45 +0200
renpy,2023-06-10 23:39:58 +0200
renpy,2023-06-10 23:39:34 +0200
renpy,2023-06-09 20:36:30 -0400
renpy,2023-06-09 14:04:33 +0200
renpy,2023-06-09 13:54:48 +0200
renpy,2023-06-09 13:52:49 +0200
renpy,2023-06-09 00:21:54 -0400
renpy,2023-06-09 00:21:04 -0400
renpy,2023-06-08 22:09:30 -0400
renpy,2023-06-09 03:31:40 +0200
renpy,2023-06-09 03:00:04 +0200
renpy,2023-06-08 20:56:59 +0200
renpy,2023-06-08 17:28:15 +0200
renpy,2023-06-08 01:50:27 -0400
renpy,2023-06-07 22:03:59 -0400
renpy,2023-06-07 20:57:56 -0400
renpy,2023-06-07 20:43:11 -0400
renpy,2023-06-03 18:39:11 -0400
renpy,2023-06-08 01:55:32 +0200
renpy,2023-06-03 18:39:11 -0400
renpy,2023-06-08 01:55:32 +0200
renpy,2023-06-07 02:17:36 -0400
renpy,2023-06-07 02:07:15 -0400
renpy,2023-06-07 01:16:44 -0400
renpy,2023-06-07 01:06:44 -0400
renpy,2023-06-07 01:03:48 -0400
renpy,2023-06-07 05:58:49 +0200
renpy,2023-06-06 23:57:11 -0400
renpy,2023-06-06 21:45:14 -0400
renpy,2023-06-06 04:30:56 -0400
renpy,2023-06-06 01:15:50 -0400
renpy,2023-06-05 23:25:24 -0400
renpy,2023-06-05 04:30:56 -0400
renpy,2023-06-05 06:40:03 +0200
renpy,2023-06-05 00:38:12 -0400
renpy,2023-06-04 18:24:02 -0400
renpy,2023-06-04 11:45:22 +0200
renpy,2023-06-04 04:30:56 -0400
renpy,2023-06-03 22:11:01 -0400
renpy,2023-06-03 22:10:25 -0400
renpy,2023-06-03 21:36:53 -0400
renpy,2023-06-03 20:55:48 -0400
renpy,2023-06-02 22:54:29 -0400
renpy,2023-06-02 23:28:42 -0400
renpy,2023-06-02 23:22:46 -0400
renpy,2023-06-02 23:01:32 -0400
renpy,2023-06-01 22:52:41 -0400
renpy,2023-06-01 22:42:50 -0400
renpy,2023-06-01 20:25:22 -0600
renpy,2023-06-01 20:25:22 -0600
renpy,2023-06-01 04:30:56 -0400
renpy,2023-05-31 07:31:02 +0200
renpy,2023-05-30 02:01:39 -0400
renpy,2023-05-31 23:51:08 -0400
renpy,2023-05-31 22:45:17 -0400
renpy,2023-05-31 22:41:54 -0400
renpy,2023-05-31 07:31:02 +0200
renpy,2023-05-30 04:30:56 -0400
renpy,2023-05-30 02:01:39 -0400
renpy,2023-05-30 00:31:11 -0400
renpy,2023-05-30 00:31:11 -0400
renpy,2023-05-29 21:56:39 -0400
renpy,2023-05-29 12:27:46 -0400
renpy,2023-05-30 00:14:36 +0800
renpy,2023-05-29 12:15:15 -0400
renpy,2023-05-30 00:14:36 +0800
renpy,2023-05-29 11:51:34 -0400
renpy,2023-05-29 12:53:55 +0200
renpy,2023-05-29 18:40:58 +0800
renpy,2023-05-29 12:53:55 +0200
renpy,2023-05-29 18:40:58 +0800
renpy,2023-05-29 04:30:56 -0400
renpy,2023-05-29 02:08:40 -0400
renpy,2023-05-28 23:07:07 -0400
renpy,2023-05-28 23:06:41 -0400
renpy,2023-05-28 22:25:59 +0100
renpy,2023-05-27 00:38:16 -0400
renpy,2023-05-26 22:13:45 -0400
renpy,2025-05-23 18:12:34 -0400
renpy,2025-05-22 23:16:54 -0400
renpy,2025-05-22 20:05:36 -0400
renpy,2025-05-21 22:31:29 -0400
renpy,2025-05-20 19:26:08 -0400
renpy,2025-05-19 22:19:47 -0400
renpy,2025-05-19 22:07:39 -0400
renpy,2025-05-19 00:41:08 -0400
renpy,2025-05-19 00:14:23 -0400
renpy,2025-05-18 22:16:55 -0400
renpy,2025-05-18 10:04:24 +0200
renpy,2025-05-17 22:33:17 -0400
renpy,2025-05-17 22:18:34 -0400
renpy,2025-05-17 09:27:40 -0400
renpy,2025-05-17 12:55:09 +0400
renpy,2025-05-17 12:50:59 +0400
renpy,2025-05-17 12:21:47 +0400
renpy,2025-05-16 22:20:21 -0400
renpy,2025-05-16 22:19:56 -0400
renpy,2025-05-15 22:24:57 -0400
renpy,2025-05-14 23:23:50 -0400
renpy,2025-05-14 22:26:42 -0400
renpy,2025-05-14 14:32:27 -0400
renpy,2025-05-14 22:15:41 +0400
renpy,2025-05-14 19:30:31 +0200
renpy,2025-05-14 19:07:59 +0400
renpy,2025-05-14 00:27:34 -0400
renpy,2025-05-13 21:33:29 -0400
renpy,2025-05-13 00:20:33 -0400
renpy,2025-05-13 00:01:31 -0400
renpy,2025-05-13 04:36:42 +0100
renpy,2025-05-12 22:47:05 -0400
renpy,2025-05-12 22:40:56 -0400
renpy,2025-05-12 00:32:57 -0400
renpy,2025-05-11 23:06:57 -0400
renpy,2025-05-11 00:20:48 -0400
renpy,2025-05-10 20:26:12 -0400
renpy,2025-05-10 04:04:10 +0100
renpy,2025-05-10 03:56:33 +0100
renpy,2025-05-10 03:40:48 +0100
renpy,2025-05-10 03:40:09 +0100
renpy,2025-05-10 03:38:46 +0100
renpy,2025-05-10 05:28:34 +0100
renpy,2025-05-10 05:28:48 +0100
renpy,2025-05-10 00:42:18 -0400
renpy,2025-05-09 00:48:21 -0400
renpy,2025-05-09 01:41:47 +0100
renpy,2025-05-09 00:33:41 +0100
renpy,2025-05-09 00:31:09 +0100
renpy,2025-05-08 12:26:45 -0400
renpy,2025-05-07 21:37:58 -0400
renpy,2025-05-07 19:39:33 -0400
renpy,2025-05-06 22:53:29 -0400
renpy,2025-05-06 09:16:18 -0400
renpy,2025-05-06 02:01:34 -0400
renpy,2025-05-06 01:57:24 -0400
renpy,2025-05-06 01:01:35 -0400
renpy,2025-05-06 01:01:07 -0400
renpy,2025-05-05 08:36:09 -0400
renpy,2025-05-05 22:13:13 -0400
renpy,2025-05-06 03:24:31 +0200
renpy,2025-05-06 03:23:34 +0200
renpy,2025-05-06 00:42:56 +0200
renpy,2025-05-06 02:31:38 +0400
renpy,2025-05-06 00:27:14 +0200
renpy,2025-05-05 23:09:45 +0200
renpy,2025-05-06 01:08:04 +0400
renpy,2025-05-05 00:22:15 -0400
renpy,2025-05-05 00:19:31 -0400
renpy,2025-05-04 22:51:52 -0400
renpy,2025-05-04 19:54:15 -0400
renpy,2025-05-04 19:02:32 -0400
renpy,2025-05-05 02:37:21 +0400
renpy,2025-05-04 14:17:41 +0200
renpy,2025-05-04 12:46:19 +0100
renpy,2025-05-04 00:47:44 -0400
renpy,2025-05-03 21:13:20 -0400
renpy,2025-05-02 22:52:57 -0400
renpy,2025-05-02 22:16:01 -0400
renpy,2025-05-02 22:12:57 -0400
renpy,2025-05-01 22:55:56 -0400
renpy,2025-05-01 22:04:05 -0400
renpy,2025-05-01 01:47:06 -0400
renpy,2025-05-01 01:43:59 -0400
renpy,2025-05-01 01:18:05 +0100
renpy,2025-05-01 00:34:01 +0100
renpy,2025-05-01 00:31:32 +0100
renpy,2025-04-30 22:36:17 +0330
renpy,2025-04-30 07:54:36 +0200
renpy,2025-04-29 17:08:31 -0400
renpy,2025-04-29 14:13:52 -0600
renpy,2025-04-29 14:13:02 -0600
renpy,2025-04-29 14:12:10 -0600
renpy,2025-04-29 14:03:48 -0600
renpy,2025-04-29 09:31:43 -0400
renpy,2025-04-29 01:54:07 +0100
renpy,2025-04-28 01:25:17 -0400
renpy,2025-04-27 23:36:16 -0400
renpy,2025-04-27 23:05:00 -0400
renpy,2025-04-27 16:37:49 -0400
renpy,2025-04-27 16:22:23 -0400
renpy,2025-04-27 21:04:04 +0100
renpy,2025-04-27 23:53:45 +0400
renpy,2025-04-27 14:30:26 -0400
renpy,2025-04-27 12:00:28 -0400
renpy,2025-04-27 10:27:43 -0400
renpy,2025-04-26 23:36:22 -0400
renpy,2025-04-26 19:23:36 -0400
renpy,2025-04-26 18:31:15 -0400
renpy,2025-04-26 17:58:15 -0400
renpy,2025-04-26 17:48:26 -0400
renpy,2025-04-26 17:19:17 +0200
renpy,2025-04-26 17:51:30 +0300
renpy,2025-04-25 22:09:32 -0400
renpy,2025-04-25 21:53:32 -0400
renpy,2025-04-25 21:52:41 -0400
renpy,2025-04-26 01:29:34 +0400
renpy,2025-04-26 01:13:51 +0400
renpy,2025-04-25 23:28:35 +0400
renpy,2025-04-25 22:33:48 +0400
renpy,2025-04-25 10:55:23 +0400
renpy,2025-04-25 08:39:28 +0400
renpy,2025-04-23 19:45:50 +0400
renpy,2025-04-23 19:24:17 +0400
renpy,2025-04-23 16:59:46 +0400
renpy,2025-04-21 22:20:11 +0400
renpy,2025-04-20 21:07:10 +0400
renpy,2025-04-19 16:22:45 +0400
renpy,2025-04-17 18:16:51 +0400
renpy,2025-04-14 18:23:10 +0400
renpy,2025-04-14 16:12:09 +0400
renpy,2025-04-21 18:06:00 +0200
renpy,2025-04-19 17:51:47 +0330
renpy,2025-03-02 13:49:41 +0100
renpy,2025-02-13 22:38:30 +0100
renpy,2025-02-12 21:48:22 +0100
renpy,2025-02-12 19:41:11 +0100
renpy,2025-02-10 19:19:19 -0500
renpy,2025-01-25 16:56:49 +0100
renpy,2025-01-25 16:54:41 +0100
renpy,2025-01-25 16:12:27 +0100
renpy,2025-01-25 16:11:51 +0100
renpy,2025-01-25 11:37:33 +0100
renpy,2025-01-05 21:50:13 -0600
renpy,2023-05-25 01:40:53 -0400
renpy,2023-05-25 01:40:10 -0400
renpy,2023-05-25 00:28:51 -0400
renpy,2023-05-24 22:06:02 -0400
renpy,2023-05-23 13:34:03 -0400
renpy,2023-05-23 18:50:56 +0200
renpy,2023-05-23 04:30:46 -0400
renpy,2023-05-23 01:51:00 -0400
renpy,2023-05-22 17:19:43 +0200
renpy,2023-05-22 17:02:11 +0200
renpy,2023-05-22 10:51:36 -0400
renpy,2023-05-22 08:37:08 -0600
renpy,2023-05-22 08:37:08 -0600
renpy,2023-05-22 16:34:23 +0200
renpy,2023-05-22 01:51:15 -0400
renpy,2023-05-22 01:47:23 -0400
renpy,2023-05-21 16:27:29 +0200
renpy,2023-05-21 15:50:29 +0200
renpy,2023-05-22 01:47:23 -0400
renpy,2023-05-21 16:30:29 +0200
renpy,2023-05-21 16:27:29 +0200
renpy,2023-05-21 15:50:29 +0200
renpy,2023-05-21 01:48:34 -0400
renpy,2023-05-21 01:47:22 -0400
renpy,2023-05-21 01:44:51 -0400
renpy,2023-05-21 00:18:50 -0400
renpy,2023-05-20 23:22:33 -0400
renpy,2023-05-20 22:53:21 -0400
renpy,2023-05-20 22:51:35 -0400
renpy,2023-05-20 02:32:05 -0400
renpy,2023-05-19 23:27:50 -0400
renpy,2023-05-19 00:51:05 -0400
renpy,2023-05-18 11:15:51 -0400
renpy,2023-05-18 04:17:43 -0400
renpy,2023-05-18 15:47:29 +0800
renpy,2023-05-17 02:25:34 -0400
renpy,2023-05-17 01:44:08 -0400
renpy,2023-05-17 01:29:18 -0400
renpy,2023-05-17 01:17:01 -0400
renpy,2023-05-17 01:17:01 -0400
renpy,2023-05-17 00:58:53 -0400
renpy,2023-05-17 00:54:34 -0400
renpy,2023-05-17 00:07:05 -0400
renpy,2023-05-17 04:49:54 +0200
renpy,2023-05-17 04:10:16 +0200
renpy,2023-05-15 15:46:11 +0200
renpy,2023-05-16 10:15:51 -0400
renpy,2023-05-16 10:15:51 -0400
renpy,2023-05-15 15:46:11 +0200
renpy,2023-05-15 08:52:20 -0400
renpy,2023-05-15 02:40:13 -0400
renpy,2023-05-15 02:39:23 -0400
renpy,2023-05-13 17:13:31 -0400
renpy,2023-05-13 17:13:21 -0400
renpy,2023-05-13 15:20:35 -0400
renpy,2023-05-13 15:11:59 -0400
renpy,2023-05-13 13:29:46 -0400
renpy,2023-05-13 13:30:04 -0400
renpy,2023-05-13 02:02:04 -0400
renpy,2023-05-12 01:29:02 -0400
renpy,2023-05-12 01:24:04 -0400
renpy,2023-05-12 01:20:15 -0400
renpy,2023-05-12 01:12:55 -0400
renpy,2023-05-12 00:56:24 -0400
renpy,2023-05-11 12:55:01 -0400
renpy,2023-05-11 19:43:39 +0300
renpy,2023-05-11 01:16:32 -0400
renpy,2023-05-10 23:38:08 -0400
renpy,2023-05-11 00:23:18 +0900
renpy,2023-05-11 00:06:27 +0900
renpy,2023-05-10 23:56:26 +0900
renpy,2023-05-10 00:07:21 -0400
renpy,2023-05-09 22:05:00 -0400
renpy,2023-05-09 09:08:50 -0400
renpy,2023-05-08 23:52:44 -0400
renpy,2023-05-08 00:13:42 -0400
renpy,2023-05-07 23:51:01 -0400
renpy,2023-05-08 05:01:47 +0200
renpy,2023-05-08 04:38:21 +0200
renpy,2023-05-07 22:29:41 -0400
renpy,2023-05-07 22:10:59 -0400
renpy,2023-05-07 21:52:12 -0400
renpy,2023-05-07 19:39:33 -0400
renpy,2023-05-07 17:38:49 -0400
renpy,2023-05-07 17:32:42 -0400
renpy,2023-05-07 17:25:16 -0400
renpy,2023-05-07 17:20:39 -0400
renpy,2023-05-07 17:18:23 -0400
renpy,2023-05-07 17:15:30 -0400
renpy,2023-05-07 17:09:45 -0400
renpy,2023-05-07 17:06:24 -0400
renpy,2023-05-07 17:01:59 -0400
renpy,2023-05-07 16:51:55 -0400
renpy,2023-05-07 16:43:00 -0400
renpy,2023-05-07 16:38:04 -0400
renpy,2023-05-07 16:30:31 -0400
renpy,2023-05-07 16:28:10 -0400
renpy,2023-05-07 16:23:09 -0400
renpy,2023-05-06 19:18:01 -0400
renpy,2023-05-06 18:20:02 -0400
renpy,2023-05-06 17:46:02 -0400
renpy,2023-05-06 17:19:38 -0400
renpy,2023-05-06 16:42:55 -0400
renpy,2023-05-06 19:21:48 +0200
renpy,2023-05-06 19:21:03 +0200
renpy,2023-05-06 19:16:44 +0200
renpy,2023-05-06 14:33:01 +0200
renpy,2023-05-06 13:53:46 +0200
renpy,2023-05-05 23:33:38 -0400
renpy,2023-05-05 23:10:03 -0400
renpy,2023-05-05 21:59:13 -0400
renpy,2023-05-06 04:06:49 +0200
renpy,2023-05-05 21:58:22 -0400
renpy,2023-05-05 21:53:59 -0400
renpy,2023-05-06 03:36:50 +0200
renpy,2023-05-05 21:20:29 -0400
renpy,2023-05-06 03:09:32 +0200
renpy,2023-05-05 20:55:13 -0400
renpy,2023-05-05 15:36:59 +0200
renpy,2023-05-05 15:33:05 +0200
renpy,2023-05-05 00:29:02 -0400
renpy,2023-05-05 00:09:19 -0400
renpy,2023-05-04 23:57:12 -0400
renpy,2023-05-04 22:58:11 -0400
renpy,2023-05-04 18:46:05 -0400
renpy,2023-05-04 22:26:02 +0200
renpy,2023-05-04 02:32:14 -0400
renpy,2023-05-03 22:23:05 -0400
renpy,2023-05-03 20:53:24 -0400
renpy,2023-05-04 04:46:47 +0400
renpy,2023-05-03 18:40:19 +0100
renpy,2023-05-02 17:25:30 -0400
renpy,2023-05-02 19:03:22 +0100
renpy,2023-05-02 01:31:00 -0400
renpy,2023-05-01 12:27:40 -0400
renpy,2023-05-01 19:09:45 +0300
renpy,2023-05-01 00:28:57 -0400
renpy,2023-04-30 22:23:20 -0400
renpy,2023-04-30 21:32:10 -0400
renpy,2023-04-30 23:26:25 +0100
renpy,2023-04-30 14:33:39 -0400
renpy,2023-04-30 14:32:37 -0400
renpy,2023-04-30 14:19:12 -0400
renpy,2023-04-30 09:46:01 -0400
renpy,2023-04-29 23:14:24 -0400
renpy,2023-04-29 22:44:02 -0400
renpy,2023-04-29 22:41:29 -0400
renpy,2023-04-29 20:28:01 -0400
renpy,2023-04-29 00:25:17 -0400
renpy,2023-04-28 14:40:11 -0400
renpy,2023-04-28 13:07:13 -0400
renpy,2023-04-28 18:56:44 +0200
renpy,2023-04-28 00:44:16 -0400
renpy,2023-04-27 22:28:09 -0400
renpy,2023-04-27 12:14:15 -0400
renpy,2023-04-27 12:11:19 -0400
renpy,2023-04-26 23:40:14 -0400
renpy,2023-04-27 05:29:17 +0200
renpy,2023-04-27 04:55:49 +0200
renpy,2023-04-26 22:55:47 -0400
renpy,2023-04-27 04:55:35 +0200
renpy,2023-04-26 19:22:30 -0400
renpy,2023-04-27 01:23:06 +0400
renpy,2023-04-26 00:51:16 -0400
renpy,2023-04-25 21:49:36 -0400
renpy,2023-04-25 15:09:33 -0400
renpy,2023-04-25 15:08:55 -0400
renpy,2023-04-25 01:31:02 -0400
renpy,2023-04-25 00:11:54 -0400
renpy,2023-04-24 18:53:32 -0400
renpy,2023-04-24 19:41:17 +0200
renpy,2023-04-24 11:02:11 -0400
renpy,2023-04-24 09:25:39 -0400
renpy,2023-04-24 15:00:36 +0200
renpy,2023-04-24 00:59:41 -0400
renpy,2023-04-23 23:08:29 -0400
renpy,2023-04-23 22:48:53 -0400
renpy,2023-04-23 23:46:57 +0200
renpy,2023-04-23 22:40:25 +0200
renpy,2023-04-23 22:23:05 +0200
renpy,2023-04-23 14:00:26 -0600
renpy,2023-04-23 15:40:56 +0100
renpy,2023-04-23 00:40:23 -0400
renpy,2023-04-23 02:31:18 +0200
renpy,2023-04-22 17:31:51 -0400
renpy,2023-04-22 15:17:48 -0400
renpy,2023-04-22 21:10:10 +0200
renpy,2023-04-22 14:42:46 -0400
renpy,2023-04-22 14:16:09 -0400
renpy,2023-04-22 13:58:52 -0400
renpy,2023-04-22 20:04:19 +0200
renpy,2023-04-22 13:04:26 -0400
renpy,2023-04-21 22:52:21 -0400
renpy,2023-04-21 21:50:27 -0400
renpy,2023-04-21 21:43:55 -0400
renpy,2023-04-21 21:24:41 -0400
renpy,2023-04-22 01:26:51 +0200
renpy,2023-04-22 01:23:11 +0200
renpy,2023-04-22 01:22:19 +0200
renpy,2023-04-22 01:20:29 +0200
renpy,2023-04-22 00:56:24 +0200
renpy,2023-04-21 00:51:59 -0400
renpy,2023-04-21 00:38:56 -0400
renpy,2023-04-21 00:27:41 -0400
renpy,2023-04-20 20:30:45 -0400
renpy,2023-04-21 00:08:28 +0200
renpy,2023-04-20 00:58:50 -0400
renpy,2023-04-19 16:17:01 +0200
renpy,2023-04-19 16:10:13 +0200
renpy,2023-04-19 01:09:30 -0400
renpy,2023-04-18 23:19:18 -0400
renpy,2023-04-17 23:29:15 -0400
renpy,2023-04-17 01:33:38 -0400
renpy,2023-04-16 21:32:57 -0400
renpy,2023-04-15 23:00:20 -0400
renpy,2023-04-15 15:10:04 -0400
renpy,2023-04-15 19:21:49 +0200
renpy,2023-04-15 19:14:22 +0200
renpy,2023-04-15 12:32:12 -0400
renpy,2023-04-15 17:26:16 +0200
renpy,2023-04-15 01:28:30 -0400
renpy,2023-04-14 01:50:22 -0400
renpy,2023-04-14 01:04:10 -0400
renpy,2023-04-13 23:34:55 -0400
renpy,2023-04-13 00:28:46 -0400
renpy,2023-04-12 01:10:24 -0400
renpy,2023-04-12 00:36:39 -0400
renpy,2023-04-11 23:42:56 -0400
renpy,2023-04-11 23:40:30 -0400
renpy,2023-04-11 23:25:39 -0400
renpy,2023-04-10 22:18:15 -0400
renpy,2023-04-10 01:10:48 -0400
renpy,2023-04-09 00:38:39 -0400
renpy,2023-04-08 23:24:11 -0400
renpy,2023-04-08 21:33:43 -0400
renpy,2023-04-08 19:44:49 +0700
renpy,2023-04-07 23:27:18 -0400
renpy,2023-04-07 14:28:44 -0400
renpy,2023-04-07 14:27:05 -0400
renpy,2023-04-07 00:18:08 -0400
renpy,2023-04-06 22:51:13 -0400
renpy,2023-04-06 21:33:29 -0400
renpy,2023-04-06 20:26:13 -0400
renpy,2023-04-06 20:09:24 -0400
renpy,2023-04-06 19:05:24 -0400
renpy,2023-04-06 00:31:33 -0400
renpy,2023-04-05 22:26:31 -0400
renpy,2023-04-05 10:38:42 -0600
renpy,2023-04-05 06:59:54 +0200
renpy,2023-04-05 00:45:57 -0400
renpy,2023-04-04 22:27:54 -0400
renpy,2023-04-04 20:01:15 +0200
renpy,2023-04-04 19:58:17 +0200
renpy,2023-04-04 17:50:28 +0200
renpy,2023-04-03 00:08:28 -0400
renpy,2023-04-02 23:36:00 -0400
renpy,2023-04-02 23:35:45 -0400
renpy,2023-04-02 20:56:15 -0400
renpy,2023-04-02 17:56:30 -0400
renpy,2023-04-02 00:14:01 -0400
renpy,2023-04-02 04:47:41 +0100
renpy,2023-04-01 15:01:24 -0400
renpy,2023-04-01 02:03:27 -0400
renpy,2023-03-31 22:45:35 -0400
renpy,2023-03-30 22:56:44 +0200
renpy,2023-03-30 02:11:08 -0400
renpy,2023-03-29 23:25:29 -0400
renpy,2023-03-29 22:06:20 -0400
renpy,2023-03-29 19:32:13 -0400
renpy,2023-03-29 12:27:16 -0400
renpy,2023-03-29 18:03:53 +0200
renpy,2023-03-29 01:57:15 -0400
renpy,2023-03-29 01:43:44 -0400
renpy,2023-03-28 02:44:59 -0400
renpy,2023-03-28 02:04:34 -0400
renpy,2023-03-28 01:46:15 -0400
renpy,2023-03-27 01:39:24 -0400
renpy,2023-03-26 10:20:57 -0400
renpy,2023-03-26 10:16:52 -0400
renpy,2023-03-26 09:59:41 -0400
renpy,2023-03-26 09:58:52 -0400
renpy,2023-03-26 03:41:49 -0400
renpy,2023-03-26 03:05:22 -0400
renpy,2023-03-26 03:01:24 -0400
renpy,2023-03-26 05:25:39 +0100
renpy,2023-03-26 01:39:27 +0100
renpy,2023-03-26 00:26:00 +0100
renpy,2023-03-25 12:25:12 -0400
renpy,2023-03-25 10:56:07 -0400
renpy,2023-03-25 10:30:54 -0400
renpy,2023-03-25 10:29:49 -0400
renpy,2023-03-25 10:24:55 -0400
renpy,2023-03-25 19:09:57 +0900
renpy,2023-03-25 02:50:54 -0400
renpy,2023-03-25 02:32:27 -0400
renpy,2023-03-24 23:15:15 -0400
renpy,2023-03-24 03:04:19 -0400
renpy,2023-03-23 23:36:32 -0400
renpy,2023-03-23 21:47:27 -0400
renpy,2023-03-23 19:40:15 +0100
renpy,2023-03-22 23:00:05 -0400
renpy,2023-03-22 22:01:21 -0400
renpy,2023-03-22 14:46:35 +0000
renpy,2023-03-22 14:26:49 +0100
renpy,2023-03-22 02:45:01 -0400
renpy,2023-03-22 02:11:01 -0400
renpy,2023-03-21 22:01:01 -0400
renpy,2023-03-21 21:58:41 -0400
renpy,2023-03-21 20:30:19 +0100
renpy,2023-03-21 02:19:05 -0400
renpy,2023-03-20 22:26:50 -0400
renpy,2023-03-20 20:17:59 -0400
renpy,2023-03-20 17:36:24 +0900
renpy,2023-03-19 23:55:17 -0400
renpy,2023-03-20 12:31:09 +0900
renpy,2023-03-19 15:44:59 -0400
renpy,2023-03-19 14:18:07 -0400
renpy,2023-03-19 13:33:53 -0400
renpy,2023-03-19 13:14:50 +0900
renpy,2023-03-19 12:44:50 +0900
renpy,2023-03-18 12:00:13 -0400
renpy,2023-03-18 21:09:57 +0700
renpy,2023-03-18 01:08:18 -0400
renpy,2023-03-18 00:54:37 -0400
renpy,2023-03-17 22:27:32 -0400
renpy,2023-03-17 23:01:30 +0900
renpy,2023-03-17 14:35:16 +0900
renpy,2023-03-16 18:46:07 -0400
renpy,2023-03-16 12:50:55 +0100
renpy,2023-03-16 01:17:42 -0400
renpy,2023-03-16 05:26:07 +0100
renpy,2023-03-16 05:18:27 +0100
renpy,2023-03-16 05:07:10 +0100
renpy,2023-03-15 22:50:47 -0400
renpy,2023-03-15 22:10:55 -0400
renpy,2023-03-15 21:25:17 -0400
renpy,2023-03-15 18:22:15 +0000
renpy,2023-03-15 18:21:58 +0000
renpy,2023-03-15 17:45:45 +0000
renpy,2023-03-15 17:24:50 +0000
renpy,2023-03-15 16:56:31 +0000
renpy,2023-03-15 02:27:27 -0400
renpy,2023-03-14 23:18:15 -0400
renpy,2023-03-14 23:13:32 -0400
renpy,2023-03-14 18:48:04 -0400
renpy,2023-03-14 01:29:46 -0400
renpy,2023-03-14 00:37:11 -0400
renpy,2023-03-13 23:51:21 -0400
renpy,2023-03-13 22:05:02 -0400
renpy,2023-03-13 00:10:57 -0400
renpy,2023-03-12 18:29:34 -0400
renpy,2023-03-12 00:02:19 -0500
renpy,2023-03-11 23:06:22 -0500
renpy,2023-03-12 02:31:12 +0100
renpy,2023-03-11 20:25:27 -0500
renpy,2023-03-11 19:21:21 -0500
renpy,2023-03-11 18:14:11 -0500
renpy,2023-03-11 17:44:01 -0500
renpy,2023-03-11 16:45:50 -0500
renpy,2023-03-10 22:31:18 -0500
renpy,2023-03-10 09:14:10 -0500
renpy,2023-03-09 23:55:58 -0500
renpy,2023-03-09 20:56:59 -0500
renpy,2023-03-10 00:32:46 +0400
renpy,2023-03-09 00:14:32 -0500
renpy,2023-03-08 19:14:29 -0500
renpy,2023-03-08 13:50:26 +0100
renpy,2023-03-08 02:28:45 -0500
renpy,2023-03-08 08:16:48 +0100
renpy,2023-03-08 00:50:02 -0500
renpy,2023-03-07 23:05:17 -0500
renpy,2023-03-07 20:31:13 -0500
renpy,2023-03-07 01:26:46 -0500
renpy,2023-03-07 12:07:22 +0900
renpy,2023-03-07 03:19:58 +0100
renpy,2023-03-05 21:52:16 +0100
renpy,2023-03-06 02:07:36 -0500
renpy,2023-03-06 01:33:08 -0500
renpy,2023-03-06 01:17:39 -0500
renpy,2023-03-06 01:07:23 -0500
renpy,2023-03-05 21:55:26 -0500
renpy,2023-03-05 21:31:45 -0500
renpy,2023-03-05 21:08:35 -0500
renpy,2023-03-05 20:29:02 -0500
renpy,2023-03-05 16:18:27 -0500
renpy,2023-03-05 15:08:20 +0100
renpy,2023-03-04 19:14:31 -0500
renpy,2023-03-04 18:14:52 -0500
renpy,2023-03-04 15:03:12 -0500
renpy,2023-03-04 14:31:53 -0500
renpy,2023-03-04 14:28:43 -0500
renpy,2023-03-04 14:12:58 -0500
renpy,2023-03-04 11:08:15 -0500
renpy,2023-03-04 10:53:24 -0500
renpy,2023-03-03 23:41:52 -0500
renpy,2023-03-03 22:50:27 -0500
renpy,2023-03-02 23:38:36 -0500
renpy,2023-03-03 02:16:24 +0100
renpy,2023-03-03 02:15:24 +0100
renpy,2023-03-03 02:14:12 +0100
renpy,2023-03-03 02:13:58 +0100
renpy,2023-03-02 20:12:25 -0500
renpy,2023-03-01 23:07:37 -0500
renpy,2023-03-01 00:49:24 -0500
renpy,2023-02-28 22:13:45 -0500
renpy,2023-02-27 21:03:22 -0500
renpy,2023-02-27 01:26:35 -0500
renpy,2023-02-27 00:46:14 -0500
renpy,2023-02-26 19:07:55 -0500
renpy,2023-02-26 18:34:15 -0500
renpy,2023-02-26 17:25:15 -0500
renpy,2023-02-26 16:37:29 +0000
renpy,2023-02-26 11:35:44 -0500
renpy,2023-02-26 16:21:19 +0000
renpy,2023-02-26 14:30:52 +0100
renpy,2023-02-26 14:22:45 +0100
renpy,2023-02-25 19:31:00 -0500
renpy,2023-02-25 19:09:03 -0500
renpy,2023-02-25 19:05:04 -0500
renpy,2023-02-25 21:45:59 +0100
renpy,2023-02-25 00:24:04 -0500
renpy,2023-02-25 00:10:22 -0500
renpy,2023-02-24 22:26:05 -0500
renpy,2023-02-23 23:57:16 -0500
renpy,2023-02-23 22:35:44 -0500
renpy,2023-02-23 22:09:24 -0500
renpy,2023-02-23 22:08:20 -0500
renpy,2023-02-23 23:09:41 +0100
renpy,2023-02-23 16:50:16 -0500
renpy,2023-02-23 22:01:36 +0100
renpy,2023-02-23 01:25:21 -0500
renpy,2023-02-23 01:05:20 -0500
renpy,2023-02-23 00:29:29 -0500
renpy,2023-02-22 22:41:13 -0500
renpy,2023-02-22 22:22:35 -0500
renpy,2023-02-22 22:17:51 -0500
renpy,2023-02-22 22:09:00 -0500
renpy,2023-02-22 20:37:29 -0500
renpy,2023-02-23 01:52:03 +0100
renpy,2023-02-22 14:06:28 -0500
renpy,2023-02-21 23:46:45 -0500
renpy,2023-02-21 23:00:52 -0500
renpy,2023-02-21 22:55:05 -0500
renpy,2023-02-21 18:09:21 -0500
renpy,2023-02-21 18:40:46 +0100
renpy,2023-02-21 01:34:31 -0500
renpy,2023-02-21 01:32:24 -0500
renpy,2023-02-21 01:28:44 -0500
renpy,2023-02-20 21:46:33 -0500
renpy,2023-02-20 21:34:25 -0500
renpy,2023-02-20 21:14:04 -0500
renpy,2023-02-21 02:07:18 +0100
renpy,2023-02-20 20:05:32 -0500
renpy,2023-02-20 20:05:05 -0500
renpy,2023-02-21 00:57:56 +0100
renpy,2023-02-20 19:12:03 +0100
renpy,2023-02-19 15:13:57 -0500
renpy,2023-02-19 14:59:06 -0500
renpy,2023-02-19 14:59:00 -0500
renpy,2023-02-19 14:58:09 -0500
renpy,2023-02-19 14:57:24 -0500
renpy,2023-02-19 17:49:17 +0100
renpy,2023-02-19 17:46:41 +0100
renpy,2023-02-19 16:00:45 +0100
renpy,2023-02-19 15:15:48 +0100
renpy,2023-02-19 15:05:26 +0100
renpy,2023-02-19 15:03:34 +0100
renpy,2023-02-19 15:02:58 +0100
renpy,2023-02-19 14:17:22 +0100
renpy,2023-02-19 01:05:54 -0500
renpy,2023-02-18 23:33:27 -0500
renpy,2023-02-18 20:32:35 -0500
renpy,2023-02-18 20:22:48 -0500
renpy,2023-02-18 20:22:25 -0500
renpy,2023-02-18 19:18:39 -0500
renpy,2023-02-18 18:49:27 -0500
renpy,2023-02-18 01:09:08 -0500
renpy,2023-02-17 16:55:01 -0500
renpy,2023-02-17 20:23:02 +0100
renpy,2023-02-17 20:20:58 +0100
renpy,2023-02-17 00:41:12 -0500
renpy,2023-02-16 23:35:14 -0500
renpy,2023-02-16 23:02:09 -0500
renpy,2023-02-17 01:40:49 +0300
renpy,2023-02-15 23:36:58 +0100
renpy,2023-02-15 02:54:10 -0500
renpy,2023-02-15 02:30:22 -0500
renpy,2023-02-15 04:37:34 +0100
renpy,2023-02-14 02:13:20 -0500
renpy,2023-02-13 23:59:49 -0500
renpy,2023-02-13 23:50:51 -0500
renpy,2023-02-13 23:48:08 -0500
renpy,2023-02-13 23:38:31 -0500
renpy,2023-02-14 05:34:38 +0100
renpy,2023-02-14 05:32:06 +0100
renpy,2023-02-13 22:29:33 -0500
renpy,2023-02-13 21:11:43 -0300
renpy,2023-02-14 01:11:28 +0100
renpy,2023-02-12 15:59:08 -0500
renpy,2023-02-12 07:29:51 +0100
renpy,2023-02-12 01:27:50 -0500
renpy,2023-02-12 01:12:39 -0500
renpy,2023-02-11 13:29:40 -0500
renpy,2023-02-11 03:05:14 -0500
renpy,2023-02-11 02:51:56 -0500
renpy,2023-02-11 00:30:22 -0500
renpy,2023-02-10 21:21:56 -0500
renpy,2023-02-10 00:38:34 -0500
renpy,2023-02-09 22:09:58 -0500
renpy,2023-02-09 14:48:00 -0600
renpy,2023-02-09 00:08:38 -0500
renpy,2023-02-08 22:09:21 -0500
renpy,2023-02-07 22:15:46 -0500
renpy,2023-02-07 03:26:27 +0000
renpy,2023-02-07 04:40:03 +0300
renpy,2023-02-06 09:37:48 -0500
renpy,2023-02-06 01:24:08 -0500
renpy,2023-02-06 01:22:33 -0500
renpy,2023-02-06 06:02:39 +0100
renpy,2023-02-05 23:31:18 -0500
renpy,2023-02-06 05:31:33 +0100
renpy,2023-02-05 22:56:04 -0500
renpy,2023-02-05 19:32:22 -0600
renpy,2023-02-05 15:43:29 -0600
renpy,2023-02-05 15:41:34 -0600
renpy,2023-02-05 15:34:58 -0600
renpy,2023-02-05 18:31:59 +0100
renpy,2023-02-05 18:31:37 +0100
renpy,2023-02-05 12:08:48 -0500
renpy,2023-02-05 16:55:54 +0100
renpy,2023-02-04 22:14:01 -0500
renpy,2023-02-04 22:13:34 -0500
renpy,2023-02-04 20:22:49 +0100
renpy,2023-02-04 19:42:55 +0100
renpy,2023-02-04 07:59:47 +0100
renpy,2023-02-04 01:50:41 -0500
renpy,2023-02-04 07:44:31 +0100
renpy,2023-02-04 05:25:37 +0100
renpy,2023-02-03 17:25:18 +0100
renpy,2023-02-03 01:05:57 -0500
renpy,2023-02-03 00:58:43 -0500
renpy,2023-02-03 00:30:00 -0500
renpy,2023-02-03 00:26:21 -0500
renpy,2023-02-03 00:24:47 -0500
renpy,2023-02-02 23:59:02 -0500
renpy,2023-02-02 23:43:02 -0500
renpy,2023-02-03 05:49:35 +0100
renpy,2023-02-03 05:13:33 +0100
renpy,2023-02-02 22:31:11 -0500
renpy,2023-02-02 22:29:40 -0500
renpy,2023-02-03 02:53:07 +0100
renpy,2023-02-03 02:49:18 +0100
renpy,2023-02-03 02:47:06 +0100
renpy,2023-02-03 01:42:32 +0000
renpy,2023-02-03 02:41:34 +0100
renpy,2023-02-03 02:28:10 +0100
renpy,2023-02-02 20:26:27 -0500
renpy,2023-02-02 16:55:01 +0100
renpy,2023-02-02 09:57:43 -0500
renpy,2023-02-02 09:37:16 -0500
renpy,2023-02-02 15:15:50 +0100
renpy,2023-02-02 00:47:03 -0500
renpy,2023-02-02 00:42:34 -0500
renpy,2023-02-01 23:48:07 -0500
renpy,2023-02-01 23:47:32 -0500
renpy,2023-02-02 05:37:47 +0100
renpy,2023-02-02 05:34:07 +0100
renpy,2023-02-02 05:25:23 +0100
renpy,2023-02-02 05:24:19 +0100
renpy,2023-02-02 05:02:38 +0100
renpy,2023-02-02 04:07:29 +0100
renpy,2023-02-01 11:43:33 -0600
renpy,2023-02-01 12:24:29 +0100
renpy,2023-02-01 12:22:29 +0100
renpy,2023-02-01 11:43:33 +0100
renpy,2023-02-01 08:44:09 +0100
renpy,2023-02-01 08:29:12 +0100
renpy,2023-02-01 01:43:50 -0500
renpy,2023-02-01 01:43:28 -0500
renpy,2023-02-01 01:30:34 -0500
renpy,2023-01-31 19:32:17 +0100
renpy,2023-01-31 17:59:04 +0100
renpy,2023-01-31 15:20:54 +0100
renpy,2023-01-31 15:14:58 +0100
renpy,2023-01-31 00:18:00 -0500
renpy,2023-01-31 04:44:46 +0100
renpy,2023-01-31 04:42:07 +0100
renpy,2023-01-29 22:55:10 -0500
renpy,2023-01-30 03:41:09 +0100
renpy,2023-01-30 03:17:15 +0100
renpy,2023-01-30 02:35:48 +0100
renpy,2023-01-29 14:58:37 -0500
renpy,2023-01-29 14:22:08 -0500
renpy,2023-01-29 14:14:37 -0500
renpy,2023-01-29 13:24:07 -0500
renpy,2023-01-29 13:10:40 -0500
renpy,2023-01-29 10:42:46 -0500
renpy,2023-01-29 10:24:40 -0500
renpy,2023-01-29 04:23:04 +0100
renpy,2023-01-29 04:20:29 +0100
renpy,2023-01-29 04:18:53 +0100
renpy,2023-01-28 21:38:42 -0500
renpy,2023-01-28 21:34:34 -0500
renpy,2023-01-28 21:28:23 -0500
renpy,2023-01-28 21:01:18 -0500
renpy,2023-01-28 10:28:38 -0500
renpy,2023-01-28 01:50:43 -0500
renpy,2023-01-28 00:57:19 -0500
renpy,2023-01-28 00:21:44 -0500
renpy,2023-01-28 00:21:05 -0500
renpy,2023-01-28 00:19:50 -0500
renpy,2023-01-27 23:38:43 +0100
renpy,2023-01-27 23:36:59 +0100
renpy,2023-01-27 23:32:06 +0100
renpy,2023-01-27 02:48:47 -0500
renpy,2023-01-27 01:22:10 -0500
renpy,2023-01-27 01:08:30 -0500
renpy,2023-01-26 20:58:25 -0500
renpy,2023-01-25 21:31:13 +0100
renpy,2023-01-25 21:09:15 +0100
renpy,2023-01-25 11:03:28 -0500
renpy,2023-01-25 11:03:28 -0500
renpy,2023-01-25 00:16:32 -0500
renpy,2023-01-25 00:14:15 -0500
renpy,2023-01-24 22:44:52 -0500
renpy,2023-01-24 12:42:49 -0600
renpy,2023-01-24 02:09:29 -0500
renpy,2023-01-23 23:59:38 -0500
renpy,2023-01-23 00:28:22 -0500
renpy,2023-01-22 18:08:02 -0500
renpy,2023-01-23 23:28:46 -0500
renpy,2023-01-23 18:13:53 +0100
renpy,2023-01-23 18:13:21 +0100
renpy,2023-01-23 05:37:18 +0100
renpy,2023-01-23 05:29:28 +0100
renpy,2023-01-23 05:27:21 +0100
renpy,2023-01-23 05:24:47 +0100
renpy,2023-01-23 05:23:52 +0100
renpy,2023-01-20 23:10:13 -0500
renpy,2023-01-20 22:04:21 -0500
renpy,2023-01-19 22:27:23 -0500
renpy,2023-01-19 21:20:39 -0500
renpy,2023-01-19 01:26:02 -0500
renpy,2023-01-18 19:16:18 +0100
renpy,2023-01-18 02:18:48 -0500
renpy,2023-01-17 22:34:13 -0500
renpy,2023-01-17 22:05:44 -0500
renpy,2023-01-17 23:32:04 +0000
renpy,2023-01-16 14:30:17 +0000
renpy,2023-01-13 17:14:44 +0000
renpy,2023-01-10 21:50:32 +0000
renpy,2023-01-10 21:24:03 +0000
renpy,2023-01-10 21:21:19 +0000
renpy,2023-01-10 21:20:55 +0000
renpy,2023-01-10 20:34:34 +0000
renpy,2023-01-16 21:53:40 -0500
renpy,2023-01-15 20:18:13 +0000
renpy,2023-01-15 21:02:41 +0100
renpy,2023-01-16 02:14:46 -0500
renpy,2023-01-16 02:12:36 -0500
renpy,2023-01-16 02:04:27 -0500
renpy,2023-01-16 01:28:10 -0500
renpy,2023-01-15 22:18:14 -0500
renpy,2023-01-15 22:17:52 -0500
renpy,2023-01-15 22:17:15 -0500
renpy,2023-01-15 22:16:47 -0500
renpy,2023-01-15 20:12:48 -0500
renpy,2023-01-15 19:31:47 +0100
renpy,2023-01-15 18:54:53 +0100
renpy,2023-01-15 18:27:30 +0100
renpy,2023-01-15 18:26:45 +0100
renpy,2023-01-15 18:22:51 +0100
renpy,2023-01-15 13:19:13 -0300
renpy,2023-01-14 22:14:31 -0500
renpy,2023-01-14 21:35:43 -0500
renpy,2023-01-14 21:20:51 -0500
renpy,2023-01-14 21:20:13 -0500
renpy,2023-01-14 19:14:58 -0600
renpy,2023-01-14 12:37:57 -0500
renpy,2023-01-14 01:14:42 -0500
renpy,2023-01-14 01:14:08 -0500
renpy,2023-01-14 01:13:07 -0500
renpy,2023-01-14 01:12:19 -0500
renpy,2023-01-14 01:11:30 -0500
renpy,2023-01-14 01:09:47 -0500
renpy,2023-01-14 01:09:40 -0500
renpy,2023-01-13 23:48:37 -0500
renpy,2023-01-13 23:34:27 -0500
renpy,2023-01-13 22:40:25 -0500
renpy,2023-01-13 22:30:47 -0500
renpy,2023-01-13 01:40:49 -0500
renpy,2023-01-11 23:45:46 -0500
renpy,2023-01-11 21:48:36 -0500
renpy,2023-01-11 20:18:38 -0500
renpy,2023-01-11 01:00:48 -0500
renpy,2023-01-10 21:48:25 +0100
renpy,2023-01-08 17:19:57 +0100
renpy,2023-01-08 17:01:14 +0100
renpy,2023-01-08 05:40:04 +0100
renpy,2023-01-08 05:39:57 +0100
renpy,2023-01-08 03:30:33 +0100
renpy,2023-01-08 03:27:35 +0100
renpy,2023-01-07 21:05:32 -0500
renpy,2023-01-08 02:33:30 +0100
renpy,2023-01-07 19:21:14 -0500
renpy,2023-01-07 19:20:59 -0500
renpy,2023-01-07 23:40:20 +0100
renpy,2023-01-07 23:38:26 +0100
renpy,2023-01-07 23:00:55 +0100
renpy,2023-01-07 10:34:10 +0000
renpy,2023-01-06 22:26:04 -0500
renpy,2023-01-06 22:25:49 -0500
renpy,2023-01-06 18:46:31 +0100
renpy,2023-01-06 00:05:18 -0500
renpy,2023-01-05 23:34:05 -0500
renpy,2023-01-05 21:42:46 -0500
renpy,2023-01-06 03:23:56 +0100
renpy,2023-01-06 02:55:58 +0100
renpy,2023-01-05 20:49:02 -0500
renpy,2023-01-05 20:48:42 -0500
renpy,2023-01-05 20:48:28 -0500
renpy,2023-01-05 20:42:42 -0500
renpy,2023-01-05 20:39:45 -0500
renpy,2023-01-05 20:37:45 -0500
renpy,2023-01-05 20:37:19 -0500
renpy,2023-01-05 19:22:25 -0500
renpy,2023-01-05 23:37:15 +0000
renpy,2023-01-05 23:08:48 +0000
renpy,2023-01-05 10:06:45 +0000
renpy,2023-01-05 07:30:03 +0100
renpy,2023-01-05 07:29:08 +0100
renpy,2023-01-05 07:22:12 +0100
renpy,2023-01-05 07:02:17 +0100
renpy,2023-01-05 06:53:33 +0100
renpy,2023-01-05 00:49:09 -0500
renpy,2023-01-05 06:39:06 +0100
renpy,2023-01-05 00:24:09 -0500
renpy,2023-01-05 00:20:03 -0500
renpy,2023-01-05 06:11:23 +0100
renpy,2023-01-05 00:09:33 -0500
renpy,2023-01-05 04:42:23 +0100
renpy,2023-01-04 22:37:23 -0500
renpy,2023-01-04 22:10:47 -0500
renpy,2023-01-04 00:45:53 -0500
renpy,2023-01-04 00:04:09 -0500
renpy,2023-01-03 23:01:27 -0500
renpy,2023-01-04 03:26:29 +0100
renpy,2023-01-04 02:51:59 +0100
renpy,2023-01-03 20:50:59 -0500
renpy,2023-01-03 14:16:27 -0300
renpy,2023-01-03 15:21:40 +0100
renpy,2023-01-03 03:30:58 +0100
renpy,2023-01-03 03:30:29 +0100
renpy,2023-01-03 02:30:10 +0000
renpy,2023-01-02 21:27:05 -0500
renpy,2023-01-02 18:07:09 +0100
renpy,2023-01-02 18:06:08 +0100
renpy,2023-01-02 18:05:37 +0100
renpy,2023-01-02 07:45:34 -0600
renpy,2023-01-02 07:37:48 -0600
renpy,2023-01-02 07:33:23 -0600
renpy,2023-01-02 07:24:45 -0600
renpy,2023-01-02 06:02:41 +0100
renpy,2023-01-01 13:46:10 -0500
renpy,2023-01-01 09:04:14 -0600
renpy,2023-01-01 09:01:12 -0600
renpy,2023-01-01 09:56:05 -0500
renpy,2023-01-01 09:36:27 -0500
renpy,2023-01-01 02:04:26 -0500
renpy,2022-12-31 18:07:01 +0000
renpy,2022-12-31 15:25:35 +0100
renpy,2022-09-19 16:53:53 +0200
renpy,2022-12-31 15:17:44 +0100
renpy,2022-12-31 09:03:20 -0500
renpy,2022-12-31 08:40:15 -0500
renpy,2022-12-31 01:08:48 -0500
renpy,2022-12-30 23:32:43 -0500
renpy,2022-12-30 09:35:18 -0500
renpy,2022-12-30 14:38:55 +0100
renpy,2022-12-30 08:32:42 -0500
renpy,2022-12-30 12:40:26 +0100
renpy,2022-12-30 01:07:18 -0500
renpy,2022-12-29 23:24:09 -0500
renpy,2022-12-29 21:42:16 -0500
renpy,2022-12-29 21:23:24 -0500
renpy,2022-12-29 20:30:37 -0500
renpy,2022-12-29 19:38:58 -0500
renpy,2022-12-29 19:38:38 -0500
renpy,2022-12-29 10:39:55 -0500
renpy,2022-12-29 10:14:31 -0500
renpy,2022-12-28 18:19:04 -0500
renpy,2022-12-28 18:15:32 -0500
renpy,2022-12-28 17:13:20 -0500
renpy,2022-12-28 09:00:29 -0500
renpy,2022-12-28 21:12:09 +0100
renpy,2022-12-28 08:56:48 -0500
renpy,2022-12-28 02:05:54 -0500
renpy,2022-12-28 01:32:53 -0500
renpy,2022-12-28 01:16:38 -0500
renpy,2022-12-28 00:50:47 -0500
renpy,2022-12-28 00:17:39 -0500
renpy,2022-12-27 18:53:28 -0500
renpy,2022-12-26 23:43:58 -0500
renpy,2022-12-26 22:13:19 -0500
renpy,2022-12-26 16:45:31 +0100
renpy,2022-12-26 12:43:23 +0100
renpy,2022-12-26 00:00:40 -0500
renpy,2022-12-25 14:22:30 -0500
renpy,2022-12-25 00:21:15 -0500
renpy,2022-12-25 00:19:07 -0500
renpy,2022-12-24 22:29:41 -0500
renpy,2022-12-24 22:12:07 -0500
renpy,2022-12-24 16:23:32 -0500
renpy,2022-12-24 15:45:37 -0500
renpy,2022-12-24 01:22:45 -0500
renpy,2022-12-24 01:01:09 -0500
renpy,2022-12-23 02:13:38 -0500
renpy,2022-12-23 01:48:18 -0500
renpy,2022-12-22 01:45:09 -0500
renpy,2022-12-21 00:53:05 -0500
renpy,2022-12-19 23:57:21 -0800
renpy,2022-12-20 01:51:04 -0500
renpy,2022-12-20 00:20:20 +0100
renpy,2022-12-18 18:47:57 -0500
renpy,2022-12-18 09:12:50 -0500
renpy,2022-12-18 02:50:49 -0500
renpy,2022-12-18 02:17:38 -0500
renpy,2022-12-18 02:11:10 -0500
renpy,2022-12-18 01:47:23 -0500
renpy,2022-12-18 00:59:10 -0500
renpy,2022-12-18 00:50:19 -0500
renpy,2022-12-17 23:51:54 -0500
renpy,2022-12-17 19:46:38 -0500
renpy,2022-12-16 23:17:36 -0500
renpy,2022-12-16 23:17:14 -0500
renpy,2022-12-16 14:24:34 +0200
renpy,2022-12-16 09:13:08 +0200
renpy,2022-12-16 00:47:40 -0500
renpy,2022-12-16 00:43:15 -0500
renpy,2022-12-16 00:17:55 -0500
renpy,2022-12-16 14:34:42 +1000
renpy,2022-12-15 23:04:05 -0500
renpy,2022-12-15 22:54:23 -0500
renpy,2022-12-16 03:47:16 +0100
renpy,2022-12-16 05:25:29 +0400
renpy,2022-12-15 19:45:56 -0500
renpy,2022-12-15 16:34:33 +0000
renpy,2022-12-15 17:10:18 +0200
renpy,2022-12-15 17:06:20 +0200
renpy,2022-12-15 13:59:41 +0100
renpy,2022-12-15 13:40:51 +0200
renpy,2022-12-14 20:27:25 -0500
renpy,2022-12-14 20:24:42 -0500
renpy,2022-12-13 23:36:44 +0000
renpy,2022-12-13 10:38:08 -0500
renpy,2022-12-13 14:18:33 +0200
renpy,2022-12-13 00:23:56 -0500
renpy,2022-12-13 07:20:44 +0200
renpy,2022-12-13 07:18:50 +0200
renpy,2022-12-12 22:10:21 -0500
renpy,2022-12-12 20:11:27 -0500
renpy,2022-12-12 22:43:20 +0300
renpy,2022-12-11 23:33:14 -0500
renpy,2022-12-11 09:42:48 -0500
renpy,2022-12-11 01:26:12 -0500
renpy,2022-12-10 22:01:06 -0500
renpy,2022-12-09 21:38:51 -0500
renpy,2022-12-10 01:46:27 +0000
renpy,2022-12-10 02:38:01 +0900
renpy,2022-12-09 09:18:02 -0500
renpy,2022-12-09 12:40:07 +0100
renpy,2022-12-09 16:38:51 +1000
renpy,2022-12-09 01:22:02 +0100
renpy,2022-12-08 18:29:11 -0500
renpy,2022-12-07 19:04:01 +0200
renpy,2022-12-07 18:56:37 +0200
renpy,2022-12-07 09:30:03 +0200
renpy,2022-12-06 20:57:03 -0500
renpy,2022-12-05 01:21:04 -0500
renpy,2022-12-04 21:59:26 -0500
renpy,2022-12-04 21:59:09 -0500
renpy,2022-12-04 21:44:48 -0500
renpy,2022-12-04 23:40:17 +0100
renpy,2022-12-04 17:32:48 -0500
renpy,2022-12-04 22:59:32 +0100
renpy,2022-12-04 22:43:35 +0100
renpy,2022-12-04 21:31:50 +0100
renpy,2022-12-04 15:25:06 -0500
renpy,2022-12-04 15:16:24 -0500
renpy,2022-12-04 15:15:17 -0500
renpy,2022-12-04 00:35:03 -0500
renpy,2022-12-03 18:08:08 -0500
renpy,2022-12-04 01:15:46 +0100
renpy,2022-12-03 18:51:46 -0500
renpy,2022-12-04 00:50:33 +0100
renpy,2022-12-04 00:49:59 +0100
renpy,2022-12-04 00:31:53 +0100
renpy,2022-12-03 09:42:08 -0500
renpy,2022-12-03 14:58:28 +0100
renpy,2022-12-03 14:38:47 +0100
renpy,2022-12-03 13:48:35 +0100
renpy,2022-12-03 13:11:42 +0200
renpy,2022-12-03 02:36:36 -0500
renpy,2022-12-03 02:32:46 -0500
renpy,2022-12-03 02:28:30 -0500
renpy,2022-12-03 02:16:01 -0500
renpy,2022-12-03 02:07:00 -0500
renpy,2022-12-03 01:15:11 -0500
renpy,2022-12-02 18:14:09 -0500
renpy,2022-12-02 18:13:45 -0500
renpy,2022-12-02 18:10:39 -0500
renpy,2022-12-01 22:53:27 -0500
renpy,2022-12-01 00:40:06 -0500
renpy,2022-12-01 00:33:27 -0500
renpy,2022-11-30 20:41:04 -0500
renpy,2022-11-30 16:15:36 +0200
renpy,2022-11-30 16:05:17 +0200
renpy,2022-11-30 08:26:24 +0200
renpy,2022-11-29 22:38:16 -0500
renpy,2022-11-29 22:05:25 -0500
renpy,2022-11-29 22:35:18 -0300
renpy,2022-11-29 18:25:20 +0400
renpy,2022-11-28 00:32:19 -0500
renpy,2022-11-27 14:49:53 -0500
renpy,2022-11-27 01:32:39 -0500
renpy,2022-11-27 00:11:23 -0500
renpy,2022-11-25 23:08:42 -0500
renpy,2022-11-25 00:20:19 -0500
renpy,2022-11-24 21:34:43 -0500
renpy,2022-11-24 10:36:58 -0500
renpy,2022-11-24 09:39:35 -0500
renpy,2022-11-24 13:45:54 +0100
renpy,2022-11-24 06:42:06 -0600
renpy,2022-11-24 13:16:31 +0700
renpy,2022-11-23 22:33:23 -0500
renpy,2022-11-23 22:31:00 -0500
renpy,2022-11-23 22:28:56 -0500
renpy,2022-11-24 00:09:32 +0100
renpy,2022-11-23 21:33:58 +0100
renpy,2022-11-22 23:22:42 -0500
renpy,2022-11-22 23:26:32 +0700
renpy,2022-11-22 12:37:09 +0100
renpy,2022-11-21 23:24:29 -0500
renpy,2022-11-21 01:23:04 -0500
renpy,2022-11-18 22:27:02 +0100
renpy,2022-11-17 04:25:45 +0100
renpy,2022-11-16 20:21:38 -0500
renpy,2022-11-16 20:21:15 -0500
renpy,2022-11-16 20:20:47 -0500
renpy,2022-11-16 22:19:47 +0100
renpy,2022-11-14 22:26:45 +0100
renpy,2022-11-14 22:22:48 +0100
renpy,2022-11-14 22:21:52 +0100
renpy,2022-11-12 15:55:06 +0100
renpy,2022-11-11 22:24:35 +0100
renpy,2022-11-11 14:59:55 +0100
renpy,2022-11-10 18:19:09 -0500
renpy,2022-11-10 17:56:16 +0000
renpy,2022-11-10 17:26:25 +0000
renpy,2022-11-09 14:12:21 -0600
renpy,2022-11-08 18:57:22 +0100
renpy,2022-11-08 18:56:28 +0100
renpy,2022-11-08 18:44:09 +0100
renpy,2022-11-08 16:17:22 +0100
renpy,2022-11-08 11:46:18 +0100
renpy,2022-11-08 11:44:05 +0100
renpy,2022-11-08 00:25:21 -0500
renpy,2022-11-08 02:16:46 +0100
renpy,2022-11-08 02:13:18 +0100
renpy,2022-11-07 01:07:41 -0500
renpy,2022-11-07 00:18:59 -0500
renpy,2022-11-06 11:44:14 -0500
renpy,2022-11-05 23:29:28 +0100
renpy,2022-11-05 23:18:37 +0100
renpy,2022-11-05 22:34:18 +0100
renpy,2022-11-05 00:09:28 -0400
renpy,2022-11-04 23:58:28 -0400
renpy,2022-11-04 23:58:14 -0400
renpy,2022-11-04 21:41:50 +0100
renpy,2022-11-02 23:02:48 -0400
renpy,2022-11-01 21:13:41 -0400
renpy,2022-11-01 02:08:02 -0400
renpy,2022-11-01 20:01:16 -0400
renpy,2022-11-01 18:53:10 +0100
renpy,2022-11-01 18:41:31 +0100
renpy,2022-11-01 18:40:58 +0100
renpy,2022-11-01 18:32:05 +0100
renpy,2022-11-01 18:31:17 +0100
renpy,2022-11-01 18:31:08 +0100
renpy,2022-11-01 18:30:49 +0100
renpy,2022-11-01 18:24:26 +0100
renpy,2022-11-01 16:46:21 +0100
renpy,2022-10-31 21:02:59 -0400
renpy,2022-10-31 20:14:12 -0400
renpy,2022-10-31 03:21:17 -0400
renpy,2022-10-31 02:28:21 -0400
renpy,2022-10-31 02:27:41 -0400
renpy,2022-10-31 02:01:41 -0400
renpy,2022-10-30 20:40:40 -0400
renpy,2022-10-30 01:39:22 -0400
renpy,2022-10-30 01:34:14 -0400
renpy,2022-10-29 17:24:53 +0300
renpy,2022-10-28 18:25:04 -0400
renpy,2022-10-28 13:43:48 +0200
renpy,2022-10-27 22:49:54 -0400
renpy,2022-10-27 15:22:57 +0200
renpy,2022-10-26 21:35:33 -0400
renpy,2022-10-26 21:03:51 -0400
renpy,2022-10-26 21:03:17 -0400
renpy,2022-10-26 21:02:55 -0400
renpy,2022-10-26 21:02:09 -0400
renpy,2022-10-26 21:01:41 -0400
renpy,2022-10-26 21:01:20 -0400
renpy,2022-10-26 21:01:01 -0400
renpy,2022-10-26 21:00:34 -0400
renpy,2022-10-26 20:59:50 -0400
renpy,2022-10-26 20:59:23 -0400
renpy,2022-10-26 23:30:12 +0200
renpy,2022-10-26 20:19:51 +0200
renpy,2022-10-26 20:19:32 +0200
renpy,2022-10-26 20:18:57 +0200
renpy,2022-10-26 20:18:23 +0200
renpy,2022-09-24 18:34:31 +0200
renpy,2022-09-24 18:27:35 +0200
renpy,2022-10-26 19:38:17 +0200
renpy,2022-10-26 19:33:21 +0200
renpy,2022-10-26 16:52:48 +0200
renpy,2022-10-26 16:52:12 +0200
renpy,2022-10-26 16:40:51 +0200
renpy,2022-10-26 16:36:58 +0200
renpy,2022-10-26 16:31:56 +0200
renpy,2022-10-26 16:27:09 +0200
renpy,2022-10-26 16:23:04 +0200
renpy,2022-10-26 16:15:24 +0200
renpy,2022-10-24 17:17:20 -0400
renpy,2022-10-24 14:51:19 -0300
renpy,2022-10-21 21:25:42 -0400
renpy,2022-10-21 19:20:14 +0800
renpy,2022-10-20 23:36:33 -0400
renpy,2022-10-20 23:22:23 -0400
renpy,2022-10-20 19:31:16 +0800
renpy,2022-10-19 01:50:58 -0400
renpy,2022-10-18 21:50:28 +0800
renpy,2022-10-18 21:47:08 +0800
renpy,2022-10-18 21:42:31 +0800
renpy,2022-10-18 01:34:44 -0400
renpy,2022-10-18 01:33:02 -0400
renpy,2022-10-17 22:29:47 +0300
renpy,2022-10-17 22:27:55 +0300
renpy,2022-10-17 01:06:44 -0400
renpy,2022-10-16 22:43:20 -0400
renpy,2022-10-16 22:11:38 -0400
renpy,2022-10-16 00:43:55 -0400
renpy,2022-10-15 10:06:18 -0400
renpy,2022-10-14 23:42:15 -0400
renpy,2022-10-14 21:54:50 -0400
renpy,2022-10-14 14:25:44 +0300
renpy,2022-10-14 00:03:32 -0400
renpy,2022-10-13 01:04:32 -0400
renpy,2022-10-13 00:23:51 -0400
renpy,2022-10-12 01:49:27 -0400
renpy,2022-10-11 11:03:49 +0200
renpy,2022-10-11 11:02:49 +0200
renpy,2022-10-11 00:53:41 -0400
renpy,2022-10-10 19:31:18 -0400
renpy,2022-10-09 23:39:29 -0400
renpy,2022-10-08 23:22:40 -0400
renpy,2022-10-08 14:06:37 +0000
renpy,2022-10-08 01:06:11 -0400
renpy,2022-10-08 00:31:23 -0400
renpy,2022-10-07 22:55:23 -0400
renpy,2022-10-07 22:16:17 -0400
renpy,2022-10-07 00:15:21 -0400
renpy,2022-10-06 23:24:30 -0400
renpy,2022-10-05 23:48:34 -0400
renpy,2022-10-05 22:50:37 -0400
renpy,2022-10-05 14:10:05 +0200
renpy,2022-10-05 00:27:45 -0400
renpy,2022-10-04 21:08:15 -0400
renpy,2022-10-04 00:02:48 -0400
renpy,2022-10-04 04:21:11 +0400
renpy,2022-10-03 19:44:07 -0400
renpy,2022-10-02 21:01:57 -0400
renpy,2022-10-02 16:14:24 -0400
renpy,2022-10-01 16:29:46 -0400
renpy,2022-10-01 16:27:05 -0400
renpy,2022-10-01 15:36:47 -0400
renpy,2022-10-01 02:00:15 -0400
renpy,2022-10-01 01:55:31 -0400
renpy,2022-10-01 01:51:31 -0400
renpy,2022-09-30 23:05:10 -0400
renpy,2022-09-30 21:30:53 +0100
renpy,2022-09-29 23:06:48 -0400
renpy,2022-09-30 02:44:20 +0400
renpy,2022-09-28 21:04:29 -0400
renpy,2022-09-27 21:55:14 -0400
renpy,2022-09-27 21:29:36 -0400
renpy,2022-09-27 21:29:03 -0400
renpy,2022-09-27 21:23:39 -0400
renpy,2022-09-28 03:22:36 +0200
renpy,2022-09-28 03:18:46 +0200
renpy,2022-09-26 22:13:15 -0400
renpy,2022-09-26 22:11:51 -0400
renpy,2022-09-26 23:00:53 +0200
renpy,2022-09-26 19:40:18 +0200
renpy,2022-09-26 14:09:56 +0200
renpy,2022-09-25 20:52:07 -0400
renpy,2022-09-25 19:15:12 +0200
renpy,2022-09-25 18:44:50 +0200
renpy,2022-09-25 01:23:08 -0400
renpy,2022-09-24 00:03:35 -0400
renpy,2022-09-24 04:46:06 +0200
renpy,2022-09-23 22:25:08 -0400
renpy,2022-09-24 04:03:35 +0200
renpy,2022-09-23 20:19:33 -0400
renpy,2022-09-23 22:53:10 +0200
renpy,2022-09-23 10:45:00 +0200
renpy,2022-09-22 23:06:10 -0400
renpy,2022-09-22 22:57:50 -0400
renpy,2022-09-22 00:44:10 +0200
renpy,2022-09-22 01:12:46 +0300
renpy,2022-09-21 13:13:54 -0400
renpy,2022-09-20 21:41:28 -0400
renpy,2022-09-21 02:43:54 +0200
renpy,2022-09-20 12:26:21 +0200
renpy,2022-09-19 09:13:55 -0400
renpy,2022-09-19 13:06:11 +0200
renpy,2022-09-19 12:56:12 +0200
renpy,2022-09-19 12:44:21 +0200
renpy,2022-09-19 12:41:53 +0200
renpy,2022-09-19 13:39:55 +0300
renpy,2022-09-19 12:30:52 +0200
renpy,2022-09-19 12:30:50 +0200
renpy,2022-09-19 12:18:34 +0200
renpy,2022-09-19 12:10:25 +0200
renpy,2022-09-19 12:00:16 +0200
renpy,2022-09-19 11:55:32 +0200
renpy,2022-09-19 11:31:13 +0200
renpy,2022-09-19 11:29:08 +0200
renpy,2022-09-19 11:24:44 +0200
renpy,2022-09-19 11:21:51 +0200
renpy,2022-09-19 11:17:01 +0200
renpy,2022-09-19 10:52:27 +0200
renpy,2022-09-19 10:31:06 +0200
renpy,2022-09-19 10:27:42 +0200
renpy,2022-09-18 21:46:58 +0200
renpy,2022-09-18 20:34:53 +0300
renpy,2022-09-18 00:59:02 -0400
renpy,2022-09-18 00:57:54 -0400
renpy,2022-09-15 19:02:35 +0200
renpy,2022-09-15 01:37:34 -0400
renpy,2022-09-15 01:36:45 -0400
renpy,2022-09-13 11:56:09 +0200
renpy,2022-09-13 11:54:22 +0200
renpy,2022-09-12 21:23:52 -0400
renpy,2022-09-12 21:13:28 -0400
renpy,2022-09-12 00:39:58 +0200
renpy,2022-09-11 14:43:09 -0400
renpy,2022-09-11 14:38:58 -0400
renpy,2022-09-09 18:39:40 +0300
renpy,2022-09-09 12:44:17 +0200
renpy,2022-09-09 10:01:08 +0300
renpy,2022-09-09 09:57:51 +0300
renpy,2022-09-09 09:49:13 +0300
renpy,2022-09-09 09:48:02 +0300
renpy,2022-09-09 02:11:44 -0400
renpy,2022-09-08 22:18:18 -0400
renpy,2022-09-07 13:56:19 +0200
renpy,2022-09-08 22:05:17 -0400
renpy,2022-09-09 03:22:00 +0300
renpy,2022-09-08 22:03:54 -0400
renpy,2022-09-08 22:01:31 -0400
renpy,2022-09-08 22:00:36 -0400
renpy,2022-09-08 22:00:05 -0400
renpy,2022-09-08 21:46:34 -0400
renpy,2022-09-08 21:33:26 -0400
renpy,2022-09-08 21:02:49 -0400
renpy,2022-09-09 03:22:00 +0300
renpy,2022-09-08 12:14:06 +0200
renpy,2022-09-07 23:49:02 -0400
renpy,2022-09-07 23:27:57 -0400
renpy,2022-09-07 09:17:34 -0400
renpy,2022-09-07 09:14:23 -0400
renpy,2022-08-24 00:05:20 -0400
renpy,2022-09-07 09:11:07 -0400
renpy,2022-09-07 13:56:19 +0200
renpy,2022-09-06 22:11:17 -0400
renpy,2022-09-07 05:48:17 +0400
renpy,2022-09-07 05:48:17 +0400
renpy,2022-09-06 02:31:44 +0400
renpy,2022-09-06 02:16:46 +0400
renpy,2022-09-06 02:01:56 +0400
renpy,2022-09-05 14:25:42 -0400
renpy,2022-09-05 14:21:11 -0400
renpy,2022-09-05 14:06:11 -0400
renpy,2022-09-05 14:05:21 -0400
renpy,2022-09-05 14:04:58 -0400
renpy,2022-09-05 13:32:49 -0400
renpy,2022-09-05 13:31:59 -0400
renpy,2022-09-05 11:40:28 -0400
renpy,2022-09-05 11:35:20 -0400
renpy,2022-09-05 11:26:57 -0400
renpy,2022-09-05 10:37:51 -0400
renpy,2022-09-05 14:34:45 +0200
renpy,2022-09-05 14:27:45 +0200
renpy,2022-09-05 14:26:16 +0200
renpy,2022-09-04 22:45:42 -0400
renpy,2022-09-04 21:47:46 -0400
renpy,2022-09-04 21:38:19 -0400
renpy,2022-09-04 17:27:04 -0400
renpy,2022-09-04 00:55:53 -0400
renpy,2022-09-04 00:42:48 -0400
renpy,2022-09-03 20:26:02 -0400
renpy,2022-09-03 14:51:15 +0200
renpy,2022-09-03 12:19:36 +0200
renpy,2022-09-03 02:02:00 +0400
renpy,2022-09-02 23:46:56 +0200
renpy,2022-09-02 00:48:00 -0400
renpy,2022-09-02 01:17:30 +0200
renpy,2022-09-01 02:20:13 -0400
renpy,2022-08-31 19:18:47 -0400
renpy,2022-09-01 02:19:33 -0400
renpy,2022-09-01 01:32:32 +0200
renpy,2022-08-31 19:18:47 -0400
renpy,2022-08-31 23:02:05 +0200
renpy,2022-08-30 23:55:41 -0400
renpy,2022-08-30 21:25:50 -0400
renpy,2022-08-29 22:29:18 -0400
renpy,2022-08-31 02:38:46 +0200
renpy,2022-08-31 00:11:58 +0200
renpy,2022-08-30 13:55:13 +0200
renpy,2022-08-30 11:39:03 +0300
renpy,2022-08-30 11:19:25 +0300
renpy,2022-08-29 22:05:09 -0400
renpy,2022-08-29 22:02:07 -0400
renpy,2022-08-23 01:13:22 -0400
renpy,2022-08-14 16:04:32 +0200
renpy,2022-08-22 03:08:16 +0200
renpy,2022-08-22 02:41:26 +0200
renpy,2022-08-29 01:14:25 -0400
renpy,2022-08-28 23:39:39 -0400
renpy,2022-08-28 19:21:03 -0400
renpy,2022-08-28 23:14:01 +0300
renpy,2022-08-29 00:58:16 +0400
renpy,2022-08-28 23:14:01 +0300
renpy,2022-08-27 22:26:31 -0400
renpy,2022-08-27 22:00:42 -0400
renpy,2022-08-27 00:35:40 -0400
renpy,2022-08-27 00:33:49 -0400
renpy,2022-08-27 00:32:38 -0400
renpy,2022-08-27 03:50:21 +0200
renpy,2022-08-26 20:53:03 -0400
renpy,2022-08-26 00:03:51 -0400
renpy,2022-08-25 23:46:25 -0400
renpy,2022-08-25 23:45:22 -0400
renpy,2022-08-25 21:11:41 -0400
renpy,2022-08-25 20:02:43 -0500
renpy,2022-08-25 01:52:06 -0400
renpy,2022-08-24 22:44:49 -0400
renpy,2022-08-24 00:05:20 -0400
renpy,2022-08-23 23:38:40 -0400
renpy,2022-08-24 03:50:47 +0200
renpy,2022-08-24 02:00:43 +0200
renpy,2022-08-24 01:48:59 +0200
renpy,2022-08-23 13:50:13 +0200
renpy,2022-08-23 01:13:22 -0400
renpy,2022-08-22 21:11:52 -0400
renpy,2022-08-22 00:20:14 -0400
renpy,2022-08-21 22:09:24 -0400
renpy,2022-08-22 03:08:16 +0200
renpy,2022-08-22 02:41:26 +0200
renpy,2022-08-22 04:16:46 +0400
renpy,2022-08-22 02:06:54 +0200
renpy,2022-08-21 17:01:56 -0400
renpy,2022-08-21 20:11:15 +0200
renpy,2022-08-21 19:47:25 +0200
renpy,2022-08-21 14:01:38 +0700
renpy,2022-08-21 00:28:00 -0400
renpy,2022-08-20 22:17:05 -0400
renpy,2022-08-20 21:51:11 -0400
renpy,2022-08-20 20:44:36 -0400
renpy,2022-08-20 21:48:16 -0400
renpy,2022-08-21 03:44:02 +0200
renpy,2022-08-20 17:25:20 -0500
renpy,2022-08-19 23:45:15 -0400
renpy,2022-08-19 23:43:28 -0400
renpy,2022-08-20 05:40:11 +0200
renpy,2022-08-20 05:35:06 +0200
renpy,2022-08-20 05:26:45 +0200
renpy,2022-08-19 23:23:32 -0400
renpy,2022-08-19 11:40:45 +0200
renpy,2022-08-19 01:10:44 -0400
renpy,2022-08-18 22:47:05 -0400
renpy,2022-08-18 22:27:11 -0400
renpy,2022-08-18 23:16:59 +0200
renpy,2022-08-18 22:38:43 +0200
renpy,2022-08-18 21:52:24 +0200
renpy,2022-08-18 16:19:49 +0200
renpy,2022-08-18 15:56:57 +0200
renpy,2022-08-17 21:52:39 -0400
renpy,2022-08-17 17:33:57 +0200
renpy,2022-08-17 17:33:02 +0200
renpy,2022-08-17 17:32:31 +0200
renpy,2022-08-17 17:15:17 +0200
renpy,2022-08-17 00:40:10 -0400
renpy,2022-08-16 21:09:21 -0400
renpy,2022-08-16 21:08:38 -0400
renpy,2022-08-16 21:36:33 +0200
renpy,2022-08-16 20:32:02 +0200
renpy,2022-08-15 18:37:30 -0400
renpy,2022-08-15 01:34:18 -0400
renpy,2022-08-14 21:18:52 -0400
renpy,2022-08-14 10:54:11 -0400
renpy,2022-08-14 10:47:23 -0400
renpy,2022-08-14 16:04:32 +0200
renpy,2022-08-14 01:55:10 -0400
renpy,2022-08-13 22:36:18 -0400
renpy,2022-08-13 00:21:42 -0400
renpy,2022-08-12 23:55:17 -0400
renpy,2022-08-12 23:02:06 -0400
renpy,2022-08-12 22:37:02 -0400
renpy,2022-08-13 04:36:41 +0200
renpy,2022-08-12 22:23:59 -0400
renpy,2022-08-13 04:26:47 +0200
renpy,2022-08-13 03:59:56 +0200
renpy,2022-08-13 01:23:44 +0200
renpy,2022-08-12 00:55:53 -0400
renpy,2022-08-11 03:39:02 +0200
renpy,2022-08-12 00:55:12 -0400
renpy,2022-08-12 00:54:47 -0400
renpy,2022-08-11 17:50:31 -0400
renpy,2022-08-11 17:50:03 -0400
renpy,2022-08-11 03:49:16 +0200
renpy,2022-08-11 03:48:53 +0200
renpy,2022-08-11 03:39:02 +0200
renpy,2022-08-10 21:26:37 -0400
renpy,2022-08-10 21:23:46 -0400
renpy,2022-08-10 21:20:33 -0400
renpy,2022-08-10 10:56:13 +0400
renpy,2022-08-10 10:55:37 +0400
renpy,2022-08-10 10:29:30 +0400
renpy,2022-08-09 23:09:14 -0400
renpy,2022-08-09 23:04:50 -0400
renpy,2022-08-10 03:51:18 +0200
renpy,2022-08-09 11:40:13 +0200
renpy,2022-08-09 01:00:24 -0400
renpy,2022-08-08 01:06:00 -0400
renpy,2022-08-08 01:05:33 -0400
renpy,2022-08-07 22:13:17 -0400
renpy,2022-08-07 19:04:25 -0400
renpy,2022-08-07 18:44:05 -0400
renpy,2022-08-07 18:21:20 -0400
renpy,2022-08-07 18:06:08 -0400
renpy,2022-08-07 15:38:57 -0400
renpy,2022-08-07 04:09:13 +0200
renpy,2022-08-06 23:55:09 -0400
renpy,2022-08-07 04:09:13 +0200
renpy,2022-08-06 00:39:24 -0400
renpy,2022-08-06 00:35:35 -0400
renpy,2022-08-05 01:38:40 -0400
renpy,2022-08-04 02:11:07 -0400
renpy,2022-08-04 01:15:44 -0400
renpy,2022-08-04 00:59:49 -0400
renpy,2022-08-04 00:21:44 -0400
renpy,2022-08-04 00:13:46 -0400
renpy,2022-07-30 16:35:49 +0200
renpy,2022-07-28 08:34:38 +0200
renpy,2022-07-22 15:19:29 +0200
renpy,2022-07-17 13:38:33 +0200
renpy,2022-07-14 16:50:15 +0200
renpy,2022-07-14 16:13:27 +0200
renpy,2022-07-12 00:31:31 +0200
renpy,2022-08-03 08:41:53 +0200
renpy,2022-08-03 19:10:31 -0400
renpy,2022-08-03 19:10:31 -0400
renpy,2022-08-03 08:41:53 +0200
renpy,2022-07-30 17:04:35 +0200
renpy,2022-08-03 00:31:12 -0400
renpy,2022-08-03 00:30:44 -0400
renpy,2022-07-29 05:28:51 +0200
renpy,2022-08-03 00:20:19 -0400
renpy,2022-08-02 20:10:55 -0400
renpy,2022-08-01 15:43:34 +0300
renpy,2022-08-01 06:12:07 +0200
renpy,2022-08-02 20:03:18 -0400
renpy,2022-08-02 20:02:41 -0400
renpy,2022-08-01 22:52:47 -0400
renpy,2022-08-01 08:54:14 +0900
renpy,2022-08-01 21:37:55 -0400
renpy,2022-08-01 15:43:34 +0300
renpy,2022-08-01 06:12:07 +0200
renpy,2022-08-01 12:52:24 +0900
renpy,2022-08-01 08:54:14 +0900
renpy,2022-07-31 13:24:40 -0400
renpy,2022-07-31 13:13:15 -0400
renpy,2022-07-11 23:37:31 -0400
renpy,2022-07-31 02:02:46 -0400
renpy,2022-07-31 02:00:52 -0400
renpy,2022-07-31 01:33:47 -0400
renpy,2022-07-31 01:31:17 -0400
renpy,2022-07-31 03:13:58 +0200
renpy,2022-07-30 19:13:32 -0400
renpy,2022-07-30 17:04:35 +0200
renpy,2022-07-30 16:11:57 +0200
renpy,2022-07-30 10:52:51 -0400
renpy,2022-07-30 10:42:07 -0400
renpy,2022-07-30 16:35:49 +0200
renpy,2022-07-30 16:11:57 +0200
renpy,2022-07-29 19:59:09 -0400
renpy,2022-07-29 19:19:05 -0400
renpy,2022-07-29 01:12:26 -0400
renpy,2022-07-29 05:28:51 +0200
renpy,2022-07-28 21:44:04 -0400
renpy,2022-07-28 08:34:38 +0200
renpy,2022-07-27 23:27:24 -0400
renpy,2022-07-27 23:27:24 -0400
renpy,2022-07-27 01:28:06 -0400
renpy,2022-07-27 01:12:19 -0400
renpy,2022-07-26 23:00:13 -0400
renpy,2022-07-26 17:37:30 -0400
renpy,2022-07-26 00:12:45 -0400
renpy,2022-07-25 20:50:37 -0400
renpy,2022-07-25 20:32:01 -0400
renpy,2022-07-26 00:12:45 -0400
renpy,2022-07-25 20:50:37 -0400
renpy,2022-07-25 20:32:01 -0400
renpy,2022-07-25 15:04:28 +0200
renpy,2022-07-25 00:44:02 -0400
renpy,2022-07-25 00:33:40 -0400
renpy,2022-07-24 23:08:54 -0400
renpy,2022-07-24 16:24:02 -0600
renpy,2022-07-24 22:19:18 -0400
renpy,2022-07-24 21:38:25 -0400
renpy,2022-07-24 16:24:02 -0600
renpy,2022-07-24 16:16:27 -0400
renpy,2022-07-24 15:19:08 -0400
renpy,2022-07-24 19:33:58 +0200
renpy,2022-07-24 18:11:57 +0200
renpy,2022-07-24 00:32:43 -0400
renpy,2022-07-23 23:29:21 -0400
renpy,2022-07-23 23:15:52 -0400
renpy,2022-07-23 22:46:51 -0400
renpy,2022-07-23 23:29:21 -0400
renpy,2022-07-23 23:15:52 -0400
renpy,2022-07-23 22:46:51 -0400
renpy,2022-07-24 03:00:25 +0200
renpy,2022-07-22 23:19:44 -0400
renpy,2022-07-22 23:07:13 -0400
renpy,2022-07-22 21:03:01 -0400
renpy,2022-07-22 19:56:37 +0400
renpy,2022-07-22 18:17:14 +0300
renpy,2022-07-22 15:19:29 +0200
renpy,2022-07-22 15:15:50 +0200
renpy,2022-07-22 21:10:20 +0900
renpy,2022-07-22 00:41:50 -0400
renpy,2022-07-22 00:11:54 -0400
renpy,2022-07-21 22:48:13 -0400
renpy,2022-07-22 08:41:05 +0900
renpy,2022-07-21 11:09:53 -0400
renpy,2022-07-20 20:21:38 +0900
renpy,2022-07-13 02:10:56 +0300
renpy,2022-07-20 01:59:41 -0400
renpy,2022-07-19 18:32:06 -0600
renpy,2022-07-03 15:15:09 -0400
renpy,2022-07-20 01:52:06 -0400
renpy,2022-07-20 01:48:17 -0400
renpy,2022-07-19 17:16:38 +0900
renpy,2022-07-17 17:54:25 +0900
renpy,2022-07-17 17:37:49 +0900
renpy,2022-07-20 01:46:28 -0400
renpy,2022-07-20 01:15:05 -0400
renpy,2022-07-20 00:44:49 -0400
renpy,2022-07-19 18:32:06 -0600
renpy,2022-07-19 20:27:12 -0400
renpy,2022-07-19 17:27:17 +0900
renpy,2022-07-19 17:16:38 +0900
renpy,2022-07-19 01:12:22 -0400
renpy,2022-07-18 23:32:23 -0400
renpy,2022-07-18 23:12:03 -0400
renpy,2022-07-18 22:58:49 -0400
renpy,2022-07-18 22:04:37 -0400
renpy,2022-07-18 02:09:24 -0400
renpy,2022-07-18 02:07:40 -0400
renpy,2022-07-18 01:52:10 -0400
renpy,2022-07-18 02:07:40 -0400
renpy,2022-07-18 01:52:10 -0400
renpy,2022-07-17 13:22:37 -0400
renpy,2022-07-17 13:38:33 +0200
renpy,2022-07-17 17:54:25 +0900
renpy,2022-07-17 17:37:49 +0900
renpy,2022-07-03 15:15:09 -0400
renpy,2022-07-16 16:47:01 -0400
renpy,2022-07-16 19:34:39 +0900
renpy,2022-07-16 09:17:01 +0900
renpy,2022-07-15 17:51:59 -0400
renpy,2022-07-16 01:26:39 +0900
renpy,2022-07-15 00:42:08 -0400
renpy,2022-07-14 19:28:22 -0400
renpy,2022-07-14 16:50:15 +0200
renpy,2022-07-14 16:13:27 +0200
renpy,2022-07-14 10:00:33 -0400
renpy,2022-07-14 00:48:19 -0400
renpy,2022-07-14 06:22:49 +0400
renpy,2022-07-13 09:58:42 -0400
renpy,2022-07-13 02:10:56 +0300
renpy,2022-07-12 16:00:15 -0400
renpy,2022-07-12 15:56:32 -0400
renpy,2022-07-12 15:47:07 -0400
renpy,2022-07-12 15:46:14 -0400
renpy,2022-07-12 09:17:40 -0400
renpy,2022-07-12 09:17:01 -0400
renpy,2022-07-12 09:12:48 -0400
renpy,2022-07-12 00:03:30 -0400
renpy,2022-07-11 23:53:14 -0400
renpy,2022-07-11 23:46:00 -0400
renpy,2022-07-11 23:37:31 -0400
renpy,2022-07-12 02:25:42 +0200
renpy,2022-07-12 02:18:31 +0200
renpy,2022-07-12 00:31:31 +0200
renpy,2022-07-11 00:15:56 -0400
renpy,2022-07-11 00:15:08 -0400
renpy,2022-07-10 22:45:20 +0400
renpy,2022-07-09 23:59:51 -0400
renpy,2022-07-09 21:42:38 -0400
renpy,2022-07-09 21:41:46 -0400
renpy,2022-07-09 16:55:25 -0400
renpy,2022-07-09 16:50:05 -0400
renpy,2022-07-07 23:20:45 -0400
renpy,2022-07-07 21:18:29 -0400
renpy,2022-07-08 00:48:45 +0200
renpy,2022-07-06 22:35:13 -0400
renpy,2022-07-06 20:05:22 -0400
renpy,2022-07-06 19:40:08 -0400
renpy,2022-07-06 19:39:23 -0400
renpy,2022-07-06 23:42:38 +0200
renpy,2022-07-06 23:41:22 +0200
renpy,2022-07-06 22:17:17 +0200
renpy,2022-07-06 16:37:58 +0200
renpy,2022-07-05 21:26:00 -0400
renpy,2022-07-04 22:05:14 -0400
renpy,2022-07-05 02:36:12 +0200
renpy,2022-07-04 20:34:50 -0400
renpy,2022-07-05 00:28:54 +0200
renpy,2022-07-05 00:22:45 +0200
renpy,2022-07-04 11:29:39 -0400
renpy,2022-07-04 11:27:32 -0400
renpy,2022-07-04 16:02:56 +0200
renpy,2022-07-04 16:01:57 +0200
renpy,2022-07-04 01:04:09 -0400
renpy,2022-07-03 16:08:16 -0400
renpy,2022-07-03 16:06:40 -0400
renpy,2022-07-03 15:28:18 -0400
renpy,2022-07-03 11:05:38 -0400
renpy,2022-07-03 13:48:53 +0200
renpy,2022-07-02 18:00:52 -0400
renpy,2022-07-01 22:28:04 -0400
renpy,2022-07-01 23:34:53 +0200
renpy,2022-07-01 18:30:30 -0300
renpy,2022-06-30 22:10:25 -0400
renpy,2022-06-30 22:09:45 -0400
renpy,2022-06-30 22:09:12 -0400
renpy,2022-06-30 22:05:12 -0400
renpy,2022-06-30 11:40:54 +0200
renpy,2022-06-30 00:30:59 -0400
renpy,2022-06-29 22:07:06 -0400
renpy,2022-06-29 21:41:23 -0400
renpy,2022-06-29 21:39:48 -0400
renpy,2022-06-29 21:34:53 -0400
renpy,2022-06-29 20:08:47 -0400
renpy,2022-06-29 20:08:07 -0400
renpy,2022-06-29 19:57:07 -0400
renpy,2022-06-30 01:19:10 +0200
renpy,2022-06-29 12:18:43 +0800
renpy,2022-06-29 04:36:32 +0100
renpy,2022-06-28 16:33:10 +0400
renpy,2022-06-28 14:31:24 +0200
renpy,2022-06-28 16:27:47 +0400
renpy,2022-06-28 14:24:13 +0200
renpy,2022-06-28 02:26:07 -0400
renpy,2022-06-27 23:34:20 -0400
renpy,2022-06-27 21:56:06 -0400
renpy,2022-06-27 22:46:23 -0300
renpy,2022-06-28 02:34:18 +0200
renpy,2022-06-27 01:55:27 -0400
renpy,2022-06-27 17:51:35 -0400
renpy,2022-06-27 18:56:38 +0200
renpy,2022-06-27 01:46:33 -0400
renpy,2022-06-26 20:50:46 -0400
renpy,2022-06-27 01:01:19 +0200
renpy,2022-06-27 00:06:59 +0200
renpy,2022-06-26 16:31:16 +0400
renpy,2022-06-26 03:45:22 +0200
renpy,2022-06-26 03:29:55 +0200
renpy,2022-06-26 03:04:51 +0200
renpy,2022-06-24 22:34:59 -0400
renpy,2022-06-24 19:20:22 -0400
renpy,2022-06-23 22:33:48 -0400
renpy,2022-06-23 21:27:10 +0400
renpy,2022-06-23 16:46:51 +0200
renpy,2022-06-23 00:34:06 -0400
renpy,2022-06-22 21:26:08 -0400
renpy,2022-06-22 21:12:55 -0400
renpy,2022-06-22 20:57:20 -0400
renpy,2022-06-23 01:45:59 +0100
renpy,2022-06-23 00:39:20 +0100
renpy,2022-06-22 18:04:21 -0400
renpy,2022-06-21 22:10:07 -0400
renpy,2022-06-21 21:19:07 -0400
renpy,2022-06-21 03:46:10 +0200
renpy,2022-06-21 03:45:36 +0200
renpy,2022-06-21 03:10:41 +0200
renpy,2022-06-21 03:09:09 +0200
renpy,2022-06-20 20:57:20 -0400
renpy,2022-06-20 20:08:42 -0400
renpy,2022-06-20 20:00:11 -0400
renpy,2022-06-20 14:35:54 +0400
renpy,2022-06-19 21:18:25 +0100
renpy,2022-06-19 10:50:29 -0400
renpy,2022-06-19 10:50:20 -0400
renpy,2022-06-19 10:48:03 -0400
renpy,2022-06-19 16:44:11 +0200
renpy,2022-06-19 10:07:55 -0400
renpy,2022-06-19 14:18:47 +0200
renpy,2022-06-19 02:31:38 -0400
renpy,2022-06-19 02:00:41 -0400
renpy,2022-06-18 14:48:50 -0300
renpy,2022-06-18 09:13:06 +0900
renpy,2022-06-17 23:01:27 +0200
renpy,2022-06-16 23:16:37 -0400
renpy,2022-06-16 22:12:21 -0400
renpy,2022-06-16 21:38:58 -0400
renpy,2022-06-16 20:50:11 -0400
renpy,2022-06-16 20:17:37 +0100
renpy,2022-06-16 10:28:17 +0100
renpy,2022-06-15 22:02:09 -0400
renpy,2022-06-15 18:57:15 -0400
renpy,2022-06-15 22:50:41 +0100
renpy,2022-06-15 00:27:21 -0400
renpy,2022-06-14 20:58:50 -0400
renpy,2022-06-14 01:31:50 -0400
renpy,2022-06-14 01:17:05 -0400
renpy,2022-06-14 01:08:41 -0400
renpy,2022-06-14 05:37:57 +0100
renpy,2022-06-14 05:36:41 +0100
renpy,2022-06-14 01:32:20 -0300
renpy,2022-06-13 23:22:35 -0400
renpy,2022-06-13 21:45:50 -0400
renpy,2022-06-13 19:19:16 -0400
renpy,2022-06-13 19:19:04 -0400
renpy,2022-06-13 17:01:40 +0100
renpy,2022-06-13 01:20:52 +0200
renpy,2022-06-12 18:33:03 -0400
renpy,2022-06-12 14:29:23 -0400
renpy,2022-06-12 14:04:21 -0400
renpy,2022-06-12 01:40:33 +0100
renpy,2022-06-12 01:17:09 +0100
renpy,2022-06-11 19:51:07 -0400
renpy,2022-06-11 17:30:09 -0400
renpy,2022-06-10 20:34:54 -0400
renpy,2022-06-11 08:09:11 +0900
renpy,2022-06-11 01:08:01 +0200
renpy,2022-06-10 18:56:59 -0400
renpy,2022-06-10 18:52:51 -0400
renpy,2022-06-10 20:08:41 +0100
renpy,2022-06-10 19:42:20 +0100
renpy,2022-06-10 15:00:14 +0900
renpy,2022-06-10 14:56:17 +0900
renpy,2022-06-10 00:56:08 -0400
renpy,2022-06-09 21:55:12 -0400
renpy,2022-06-09 13:05:40 +0200
renpy,2022-06-08 18:58:46 -0400
renpy,2022-06-09 01:08:19 +0400
renpy,2022-06-08 12:20:21 -0400
renpy,2022-06-08 02:05:21 -0500
renpy,2022-06-08 02:03:52 -0500
renpy,2022-06-08 01:56:58 -0500
renpy,2022-06-07 19:09:19 -0400
renpy,2022-06-07 02:21:05 -0400
renpy,2022-06-06 21:53:38 -0400
renpy,2022-06-06 01:02:10 -0400
renpy,2022-06-05 19:15:57 -0400
renpy,2022-06-05 16:39:15 -0400
renpy,2022-06-05 20:15:58 +0200
renpy,2022-06-05 19:28:34 +0200
renpy,2022-06-05 12:44:35 -0400
renpy,2022-06-05 12:43:09 -0400
renpy,2022-06-04 18:23:41 -0400
renpy,2022-06-03 21:57:40 +0400
renpy,2022-06-03 00:03:20 -0400
renpy,2022-06-02 01:55:41 -0400
renpy,2022-06-01 22:37:52 -0400
renpy,2022-05-31 19:22:32 -0400
renpy,2022-06-02 01:37:46 +0200
renpy,2022-05-30 11:32:32 -0400
renpy,2022-05-30 10:51:42 -0400
renpy,2022-05-29 21:56:10 -0400
renpy,2022-05-29 21:54:32 -0400
renpy,2022-05-30 03:06:28 +0200
renpy,2022-05-30 03:03:58 +0200
renpy,2022-05-30 03:02:29 +0200
renpy,2022-05-30 03:01:05 +0200
renpy,2022-05-29 20:58:21 -0400
renpy,2022-05-30 02:43:47 +0200
renpy,2022-05-29 20:16:12 -0400
renpy,2022-05-29 11:36:14 -0400
renpy,2022-05-29 19:10:29 -0500
renpy,2022-05-30 01:49:32 +0200
renpy,2022-05-29 23:43:26 +0300
renpy,2022-05-29 22:35:11 +0200
renpy,2022-05-29 22:01:06 +0200
renpy,2022-05-29 10:49:38 -0400
renpy,2022-05-28 22:04:56 -0400
renpy,2022-05-28 22:22:33 -0400
renpy,2022-05-28 22:22:21 -0400
renpy,2022-05-28 22:21:11 -0400
renpy,2022-05-28 22:20:43 -0400
renpy,2022-05-28 22:20:24 -0400
renpy,2022-05-28 22:18:27 -0400
renpy,2022-05-28 18:15:54 -0400
renpy,2022-05-28 18:04:45 -0400
renpy,2022-05-28 22:35:50 +0300
renpy,2022-05-28 22:23:42 +0300
renpy,2022-05-28 22:18:32 +0300
renpy,2022-05-28 10:15:10 -0400
renpy,2022-05-28 08:08:58 -0400
renpy,2022-05-28 02:03:18 -0400
renpy,2022-05-27 21:44:32 -0400
renpy,2022-05-27 21:39:33 -0400
renpy,2022-05-27 21:38:12 -0400
renpy,2022-05-27 20:30:55 -0400
renpy,2022-05-27 03:23:40 +0200
renpy,2022-05-27 03:09:39 +0200
renpy,2022-05-27 03:06:13 +0200
renpy,2022-05-27 03:04:47 +0200
renpy,2022-05-26 23:18:35 +0200
renpy,2022-05-26 22:51:51 +0200
renpy,2022-05-26 14:20:23 +0200
renpy,2022-05-26 13:54:16 +0200
renpy,2022-05-26 11:40:00 +0200
renpy,2022-05-26 01:14:42 -0400
renpy,2022-05-26 01:14:24 -0400
renpy,2022-05-25 21:35:55 -0400
renpy,2022-05-25 21:25:21 -0400
renpy,2022-05-25 21:05:39 -0400
renpy,2022-05-25 20:58:24 -0400
renpy,2022-05-26 01:33:58 +0200
renpy,2022-05-26 01:33:21 +0200
renpy,2022-05-26 01:31:27 +0200
renpy,2022-05-26 01:30:39 +0200
renpy,2022-05-25 19:29:52 -0400
renpy,2022-05-25 19:29:33 -0400
renpy,2022-05-25 21:29:09 +0200
renpy,2022-05-25 10:41:40 -0400
renpy,2022-05-25 09:11:33 -0400
renpy,2022-05-25 01:26:09 -0400
renpy,2022-05-25 00:58:48 -0400
renpy,2022-05-25 00:44:20 -0400
renpy,2022-05-25 00:21:47 -0400
renpy,2022-05-25 00:20:27 -0400
renpy,2022-05-25 00:18:10 -0400
renpy,2022-05-24 23:25:43 -0400
renpy,2022-05-24 22:28:01 -0400
renpy,2022-05-24 21:27:02 -0400
renpy,2022-05-25 01:09:38 +0200
renpy,2022-05-25 00:07:38 +0200
renpy,2022-05-25 00:48:40 +0300
renpy,2022-05-25 00:46:16 +0300
renpy,2022-05-24 22:40:00 +0300
renpy,2022-05-24 22:38:58 +0300
renpy,2022-05-24 17:10:47 +0200
renpy,2022-05-24 15:38:30 +0200
renpy,2022-05-24 09:14:50 -0400
renpy,2022-05-24 09:13:24 -0400
renpy,2022-05-24 09:11:55 -0400
renpy,2022-05-24 15:02:06 +0200
renpy,2022-05-24 08:58:48 -0400
renpy,2022-05-24 13:19:33 +0200
renpy,2022-05-24 12:59:21 +0200
renpy,2022-05-24 12:43:49 +0200
renpy,2022-05-24 02:20:42 -0400
renpy,2022-05-24 01:55:52 -0400
renpy,2022-05-24 00:21:55 -0400
renpy,2022-05-24 00:14:32 -0400
renpy,2022-05-23 19:31:09 -0400
renpy,2022-05-24 00:09:10 +0100
renpy,2022-05-23 23:57:58 +0100
renpy,2022-05-23 23:41:08 +0100
renpy,2022-05-23 18:11:53 -0400
renpy,2022-05-24 00:10:46 +0200
renpy,2022-05-23 16:34:50 +0800
renpy,2022-05-23 01:48:51 -0400
renpy,2022-05-23 00:15:54 -0400
renpy,2022-05-23 00:15:08 -0400
renpy,2022-05-22 12:59:29 -0400
renpy,2022-05-22 12:58:50 -0400
renpy,2022-05-23 03:18:52 +0400
renpy,2022-05-22 21:34:07 +0200
renpy,2022-05-22 21:09:56 +0300
renpy,2022-05-22 00:25:08 -0400
renpy,2022-05-21 21:58:54 -0400
renpy,2022-05-21 21:56:01 -0400
renpy,2022-05-21 21:34:54 -0400
renpy,2022-05-21 21:33:19 -0400
renpy,2022-05-21 21:33:09 -0400
renpy,2022-05-22 01:29:58 +0200
renpy,2022-05-22 01:25:34 +0200
renpy,2022-05-22 01:08:25 +0200
renpy,2022-05-22 01:07:46 +0200
renpy,2022-05-22 01:56:39 +0400
renpy,2022-05-22 01:43:22 +0400
renpy,2022-05-21 16:35:59 -0500
renpy,2022-05-22 01:26:15 +0400
renpy,2022-05-21 16:45:53 -0400
renpy,2022-05-21 15:44:20 -0500
renpy,2022-05-21 15:43:07 -0500
renpy,2022-05-21 15:37:52 -0500
renpy,2022-05-21 16:19:35 -0400
renpy,2022-05-21 16:16:50 -0400
renpy,2022-05-21 13:53:05 -0400
renpy,2022-05-21 21:45:14 +0400
renpy,2022-05-21 12:36:32 -0400
renpy,2022-05-21 11:47:53 -0400
renpy,2022-05-21 11:34:10 -0400
renpy,2022-05-21 11:26:57 -0400
renpy,2022-05-21 18:17:58 +0300
renpy,2022-05-21 16:38:12 +0300
renpy,2022-05-21 12:23:01 +0200
renpy,2022-05-21 02:00:37 -0400
renpy,2022-05-21 01:52:29 -0400
renpy,2022-05-21 02:35:00 +0200
renpy,2022-05-21 02:30:02 +0200
renpy,2022-05-21 01:44:14 +0200
renpy,2022-05-21 01:43:14 +0200
renpy,2022-05-20 18:55:37 -0400
renpy,2022-05-20 18:43:35 -0400
renpy,2022-05-20 18:42:25 -0400
renpy,2022-05-20 18:40:03 -0400
renpy,2022-05-20 18:32:45 -0400
renpy,2022-05-21 00:30:57 +0200
renpy,2022-05-20 17:16:04 -0400
renpy,2022-05-20 09:37:03 -0500
renpy,2022-05-20 09:18:38 -0500
renpy,2022-05-20 14:45:18 +0200
renpy,2022-05-20 14:33:40 +0200
renpy,2022-05-20 14:33:24 +0200
renpy,2022-05-20 14:25:59 +0200
renpy,2022-05-20 01:24:20 -0400
renpy,2022-05-20 01:02:58 -0400
renpy,2022-05-19 22:17:15 -0400
renpy,2022-05-19 22:16:34 -0400
renpy,2022-05-20 00:01:26 +0200
renpy,2022-05-20 00:00:32 +0200
renpy,2022-05-20 00:40:56 +0400
renpy,2022-05-19 20:34:50 +0200
renpy,2022-05-19 18:04:04 +0200
renpy,2022-05-19 02:11:41 -0400
renpy,2022-05-18 20:40:34 -0400
renpy,2022-05-19 01:32:19 +0200
renpy,2022-05-19 01:54:46 +0400
renpy,2022-05-18 23:44:36 +0200
renpy,2022-05-18 23:05:00 +0400
renpy,2022-05-18 21:18:35 +0200
renpy,2022-05-18 13:23:15 +0200
renpy,2022-05-18 10:15:51 +0200
renpy,2022-05-18 09:46:00 +0200
renpy,2022-05-18 01:50:53 -0400
renpy,2022-05-18 01:20:26 -0400
renpy,2022-05-18 00:41:51 -0400
renpy,2022-05-18 01:16:11 -0400
renpy,2022-05-18 13:15:18 +0800
renpy,2022-05-18 00:38:29 -0400
renpy,2022-05-18 00:25:50 -0400
renpy,2022-05-18 00:16:14 -0400
renpy,2022-05-18 00:01:02 -0400
renpy,2022-05-17 23:00:06 -0400
renpy,2022-05-17 22:00:47 -0400
renpy,2022-05-17 20:50:44 -0400
renpy,2022-05-17 20:41:43 -0400
renpy,2022-05-17 20:23:38 -0400
renpy,2022-05-18 00:46:17 +0200
renpy,2022-05-18 00:45:38 +0200
renpy,2022-05-18 00:45:02 +0200
renpy,2022-05-18 00:44:39 +0200
renpy,2022-05-18 00:44:18 +0200
renpy,2022-05-18 00:43:41 +0200
renpy,2022-05-18 00:43:14 +0200
renpy,2022-05-18 00:42:54 +0200
renpy,2022-05-18 00:42:34 +0200
renpy,2022-05-18 00:42:06 +0200
renpy,2022-05-18 00:41:48 +0200
renpy,2022-05-18 00:40:53 +0200
renpy,2022-05-18 00:40:13 +0200
renpy,2022-05-18 00:39:48 +0200
renpy,2022-05-18 00:39:12 +0200
renpy,2022-05-18 00:38:45 +0200
renpy,2022-05-18 00:36:57 +0200
renpy,2022-05-18 00:35:04 +0200
renpy,2022-05-18 00:34:30 +0200
renpy,2022-05-18 00:33:51 +0200
renpy,2022-05-18 00:05:37 +0200
renpy,2022-05-17 23:56:58 +0200
renpy,2022-05-17 23:06:24 +0200
renpy,2022-05-17 23:05:03 +0200
renpy,2022-05-17 22:45:00 +0200
renpy,2022-05-17 16:33:16 +0200
renpy,2022-05-17 10:05:27 -0400
renpy,2022-05-17 09:00:44 -0500
renpy,2022-05-17 08:55:08 -0500
renpy,2022-05-17 08:51:42 -0500
renpy,2022-05-17 08:48:10 -0500
renpy,2022-05-17 00:13:47 -0400
renpy,2022-05-17 11:47:10 +0800
renpy,2022-05-16 23:42:39 -0400
renpy,2022-05-16 22:34:16 -0400
renpy,2022-05-16 22:13:19 -0400
renpy,2022-05-16 21:53:43 -0400
renpy,2022-05-16 20:41:43 -0400
renpy,2022-05-16 16:37:16 -0400
renpy,2022-05-16 21:24:20 +0100
renpy,2022-05-16 16:36:16 +0200
renpy,2022-05-16 10:24:57 +0200
renpy,2022-05-16 02:22:12 -0400
renpy,2022-05-15 22:57:46 -0400
renpy,2022-05-14 19:53:01 -0400
renpy,2022-05-14 14:58:56 -0400
renpy,2022-05-14 19:50:30 +0100
renpy,2022-05-14 01:29:23 -0400
renpy,2022-05-14 01:03:25 -0400
renpy,2022-05-13 22:55:01 -0400
renpy,2022-05-12 19:21:07 -0400
renpy,2022-05-11 20:38:01 -0400
renpy,2022-05-12 01:26:36 +0100
renpy,2022-05-11 20:04:39 -0400
renpy,2022-05-11 20:02:30 -0400
renpy,2022-05-11 18:00:08 -0600
renpy,2022-05-11 19:09:27 -0400
renpy,2022-05-11 09:32:56 -0400
renpy,2022-05-11 01:07:36 -0400
renpy,2022-05-11 00:33:57 -0400
renpy,2022-05-10 00:34:07 -0400
renpy,2022-05-10 00:26:17 -0400
renpy,2022-05-09 23:40:54 -0400
renpy,2022-05-09 23:33:57 -0400
renpy,2022-05-09 22:10:27 -0400
renpy,2022-05-09 20:28:25 -0500
renpy,2022-05-09 10:13:14 -0400
renpy,2022-05-09 10:12:51 -0400
renpy,2022-05-09 10:12:35 -0400
renpy,2022-05-09 11:46:15 +0200
renpy,2022-05-09 11:41:38 +0200
renpy,2022-05-09 01:22:33 -0400
renpy,2022-05-09 00:52:05 -0400
renpy,2022-05-09 00:24:40 -0400
renpy,2022-05-08 23:42:03 -0400
renpy,2022-05-08 23:06:26 -0400
renpy,2022-05-08 21:53:06 -0400
renpy,2022-05-08 13:22:46 -0400
renpy,2022-05-08 13:11:29 -0400
renpy,2022-05-08 12:58:42 -0400
renpy,2022-05-08 12:53:52 -0400
renpy,2022-05-08 12:44:29 -0400
renpy,2022-05-08 12:31:14 +0200
renpy,2022-05-08 01:03:36 -0400
renpy,2022-05-08 00:40:21 -0400
renpy,2022-05-08 00:52:28 -0400
renpy,2022-05-07 23:43:09 -0400
renpy,2022-05-07 23:26:05 -0400
renpy,2022-05-07 23:20:13 -0400
renpy,2022-05-07 22:56:40 -0400
renpy,2022-05-07 21:59:43 -0400
renpy,2022-05-07 15:42:17 -0400
renpy,2022-05-07 02:08:22 -0400
renpy,2022-05-07 02:00:03 -0400
renpy,2022-05-07 01:46:56 -0400
renpy,2022-05-06 23:26:03 -0400
renpy,2022-05-06 21:51:12 -0400
renpy,2022-05-07 08:52:47 +0900
renpy,2022-05-06 19:39:36 +0900
renpy,2022-05-05 22:42:52 -0400
renpy,2022-05-04 23:15:06 -0400
renpy,2022-05-04 01:55:10 -0400
renpy,2022-05-04 01:08:36 -0400
renpy,2022-05-04 00:30:15 -0400
renpy,2022-05-03 23:40:13 -0400
renpy,2022-05-03 12:44:14 +0200
renpy,2022-05-03 02:05:25 -0400
renpy,2022-05-02 20:27:53 -0400
renpy,2022-05-02 20:19:07 -0400
renpy,2022-05-02 19:23:35 -0400
renpy,2022-05-02 02:06:44 -0400
renpy,2022-05-02 01:55:55 -0400
renpy,2022-05-02 00:55:09 -0400
renpy,2022-05-02 00:46:03 -0400
renpy,2022-04-30 17:42:59 +0100
renpy,2022-05-02 00:09:24 -0400
renpy,2022-05-01 23:44:53 -0400
renpy,2022-05-01 15:12:23 -0400
renpy,2022-05-01 09:49:04 +0400
renpy,2022-04-30 23:41:22 -0400
renpy,2022-04-30 17:29:59 -0400
renpy,2022-04-30 17:28:36 -0400
renpy,2022-04-30 00:30:15 -0400
renpy,2022-04-29 23:43:28 -0400
renpy,2022-04-29 23:26:00 -0400
renpy,2022-04-29 20:17:56 -0400
renpy,2022-04-29 07:01:35 +0200
renpy,2022-04-29 00:55:31 -0400
renpy,2022-04-29 00:48:34 -0400
renpy,2022-04-29 00:10:11 -0400
renpy,2022-04-27 23:13:29 -0400
renpy,2022-04-27 14:54:08 +0200
renpy,2022-04-27 00:32:21 -0400
renpy,2022-04-26 23:26:47 -0400
renpy,2022-04-26 22:47:26 -0400
renpy,2022-04-26 19:40:05 +0200
renpy,2022-04-26 15:05:59 +0200
renpy,2022-04-26 10:38:56 +0200
renpy,2022-04-26 01:03:21 -0400
renpy,2022-04-26 00:57:01 -0400
renpy,2022-04-26 00:50:15 -0400
renpy,2022-04-25 23:38:59 -0400
renpy,2022-04-25 22:48:57 -0400
renpy,2022-04-25 21:19:41 -0400
renpy,2022-04-26 01:29:18 +0200
renpy,2022-04-26 01:28:08 +0200
renpy,2022-04-25 21:06:19 +0200
renpy,2022-04-25 10:38:20 -0400
renpy,2022-04-25 08:21:09 +0100
renpy,2022-04-24 23:52:08 -0400
renpy,2022-04-24 23:47:51 -0400
renpy,2022-04-24 22:13:28 -0400
renpy,2022-04-24 22:12:19 -0400
renpy,2022-04-24 22:11:44 -0400
renpy,2022-04-24 22:19:10 +0200
renpy,2022-04-24 22:15:12 +0200
renpy,2022-04-24 22:14:21 +0200
renpy,2022-04-24 22:04:34 +0200
renpy,2022-04-24 21:54:52 +0200
renpy,2022-04-23 16:45:25 +0200
renpy,2022-04-22 23:08:21 -0400
renpy,2022-04-22 23:00:49 -0400
renpy,2022-04-22 22:49:59 -0400
renpy,2022-04-23 02:31:30 +0200
renpy,2022-04-23 02:15:52 +0200
renpy,2022-04-23 02:02:38 +0200
renpy,2022-04-22 00:49:31 -0400
renpy,2022-04-21 23:48:14 -0400
renpy,2022-04-22 05:24:52 +0200
renpy,2022-04-21 23:11:23 -0400
renpy,2022-04-21 23:08:00 -0400
renpy,2022-04-21 22:47:47 -0400
renpy,2022-04-21 21:34:49 -0400
renpy,2022-04-21 18:20:04 -0400
renpy,2022-04-21 17:12:57 -0400
renpy,2022-04-21 17:14:19 -0400
renpy,2022-04-21 17:10:35 +0100
renpy,2022-04-21 17:05:10 +0100
renpy,2022-04-21 00:29:49 -0400
renpy,2022-04-21 00:22:54 -0400
renpy,2022-04-21 00:19:30 -0400
renpy,2022-04-21 00:12:10 -0400
renpy,2022-04-21 00:06:41 -0400
renpy,2022-04-20 22:23:53 -0400
renpy,2022-04-20 22:10:47 -0400
renpy,2022-04-20 22:08:47 -0400
renpy,2022-04-20 22:08:03 -0400
renpy,2022-04-20 22:07:14 -0400
renpy,2022-04-20 22:04:28 -0400
renpy,2022-04-20 21:55:15 -0400
renpy,2022-04-20 21:54:22 -0400
renpy,2022-04-20 21:53:29 -0400
renpy,2022-04-20 21:49:38 -0400
renpy,2022-04-20 21:48:01 -0400
renpy,2022-04-20 21:30:37 -0400
renpy,2022-04-20 21:26:46 -0400
renpy,2022-04-20 20:58:50 -0400
renpy,2022-04-20 20:44:29 -0400
renpy,2022-04-20 22:19:01 +0200
renpy,2022-04-20 02:29:55 -0400
renpy,2022-04-20 01:22:18 -0400
renpy,2022-04-20 06:03:58 +0200
renpy,2022-04-20 05:54:53 +0200
renpy,2022-04-20 05:52:35 +0200
renpy,2022-04-20 05:43:09 +0200
renpy,2022-04-19 20:49:25 -0400
renpy,2022-04-19 20:37:36 -0400
renpy,2022-04-19 20:32:57 -0400
renpy,2022-04-20 01:53:45 +0200
renpy,2022-04-19 02:07:24 -0400
renpy,2022-04-19 01:19:57 -0400
renpy,2022-04-19 01:14:49 -0400
renpy,2022-04-19 01:10:56 -0400
renpy,2022-04-19 00:37:47 -0400
renpy,2022-04-19 00:29:23 -0400
renpy,2022-04-18 23:54:13 -0400
renpy,2022-04-18 23:22:06 -0400
renpy,2022-04-18 23:19:26 -0400
renpy,2022-04-19 05:11:43 +0200
renpy,2022-04-18 23:06:17 -0400
renpy,2022-04-18 23:04:30 -0400
renpy,2022-04-18 22:59:54 -0400
renpy,2022-04-18 22:51:56 -0400
renpy,2022-04-18 22:50:53 -0400
renpy,2022-04-18 22:37:01 -0400
renpy,2022-04-18 20:42:58 -0400
renpy,2022-04-18 18:03:37 +0100
renpy,2022-04-19 01:01:05 +0900
renpy,2022-04-19 00:54:52 +0900
renpy,2022-04-19 00:53:05 +0900
renpy,2022-04-18 16:05:10 +0200
renpy,2022-04-18 16:02:36 +0200
renpy,2022-04-18 15:58:51 +0200
renpy,2022-04-18 00:33:09 -0400
renpy,2022-04-18 06:11:55 +0200
renpy,2022-04-18 05:57:59 +0200
renpy,2022-04-18 05:42:03 +0200
renpy,2022-04-18 05:41:25 +0200
renpy,2022-04-18 05:40:45 +0200
renpy,2022-04-17 23:12:16 -0400
renpy,2022-04-17 19:15:05 -0500
renpy,2022-04-17 02:55:41 -0400
renpy,2022-04-17 02:49:06 -0400
renpy,2022-04-17 10:37:38 +0400
renpy,2022-04-17 10:07:50 +0400
renpy,2022-04-17 05:05:54 +0200
renpy,2022-04-17 05:02:12 +0200
renpy,2022-04-17 05:01:22 +0200
renpy,2022-04-17 04:50:20 +0200
renpy,2022-04-17 04:46:25 +0200
renpy,2022-04-17 04:44:30 +0200
renpy,2022-04-17 04:43:23 +0200
renpy,2022-04-16 22:38:05 -0400
renpy,2022-04-16 15:56:32 -0400
renpy,2022-04-16 14:04:51 -0400
renpy,2022-04-16 13:47:53 -0400
renpy,2022-04-16 19:05:30 +0200
renpy,2022-04-16 20:56:28 +0400
renpy,2022-04-16 00:25:22 -0400
renpy,2022-04-16 00:14:25 -0400
renpy,2022-04-16 00:05:21 -0400
renpy,2022-04-15 23:41:51 -0400
renpy,2022-04-15 23:23:53 -0400
renpy,2022-04-15 01:05:10 -0400
renpy,2022-04-15 00:53:33 -0400
renpy,2022-04-14 15:24:54 +0200
renpy,2022-04-13 23:38:10 -0400
renpy,2022-04-13 22:23:33 -0400
renpy,2022-04-13 19:56:13 -0400
renpy,2022-04-13 19:55:58 -0400
renpy,2022-04-14 00:00:16 +0300
renpy,2022-04-13 17:23:31 +0300
renpy,2022-04-13 01:16:14 -0400
renpy,2022-04-13 01:11:17 -0400
renpy,2022-04-12 11:15:27 -0400
renpy,2022-04-12 12:55:31 +0100
renpy,2022-04-12 00:53:22 -0400
renpy,2022-04-12 00:32:06 -0400
renpy,2022-04-11 23:59:17 -0400
renpy,2022-04-11 23:42:46 -0400
renpy,2022-04-11 23:17:22 -0400
renpy,2022-04-11 23:13:39 -0400
renpy,2022-04-11 21:07:37 -0400
renpy,2022-04-11 20:25:30 -0400
renpy,2022-04-11 20:25:05 -0400
renpy,2022-04-11 18:34:40 -0400
renpy,2022-04-11 18:33:58 -0400
renpy,2022-04-11 01:45:45 -0400
renpy,2022-04-11 01:14:56 -0400
renpy,2022-04-11 01:09:29 -0400
renpy,2022-04-10 23:50:41 -0400
renpy,2022-04-10 22:36:44 -0400
renpy,2022-04-10 21:05:29 -0400
renpy,2022-04-11 02:54:02 +0200
renpy,2022-04-10 18:48:55 -0400
renpy,2022-04-10 21:28:59 +0100
renpy,2022-04-10 21:23:45 +0100
renpy,2022-04-10 21:22:42 +0100
renpy,2022-04-10 14:32:50 -0400
renpy,2022-04-10 19:21:06 +0200
renpy,2022-04-10 14:03:09 +0200
renpy,2022-04-10 04:12:30 +0100
renpy,2022-04-10 04:12:07 +0100
renpy,2022-04-09 22:06:43 -0400
renpy,2022-04-09 16:20:10 +0200
renpy,2022-04-09 04:56:47 +0200
renpy,2022-04-09 04:20:49 +0200
renpy,2022-04-08 20:59:45 -0400
renpy,2022-04-08 20:58:26 -0400
renpy,2022-04-08 20:37:14 -0400
renpy,2022-04-08 20:35:53 -0400
renpy,2022-04-08 22:56:52 +0200
renpy,2022-04-08 18:36:51 +0200
renpy,2022-04-08 12:59:58 +0200
renpy,2022-04-08 12:56:41 +0200
renpy,2022-04-08 02:34:03 -0400
renpy,2022-04-08 01:58:02 -0400
renpy,2022-04-08 01:49:18 -0400
renpy,2022-04-07 22:18:33 -0400
renpy,2022-04-08 02:43:26 +0200
renpy,2022-04-08 02:40:40 +0200
renpy,2022-04-07 21:57:03 +0200
renpy,2022-04-07 21:50:58 +0200
renpy,2022-04-07 21:09:32 +0400
renpy,2022-04-06 21:26:25 -0400
renpy,2022-04-06 14:30:48 +0200
renpy,2022-04-05 22:04:12 -0400
renpy,2022-04-05 21:20:07 -0400
renpy,2022-04-05 21:17:23 -0400
renpy,2022-04-05 21:15:30 -0400
renpy,2022-04-05 19:25:15 -0400
renpy,2022-04-05 19:24:35 -0400
renpy,2022-04-05 19:24:02 -0400
renpy,2022-04-05 17:55:17 -0400
renpy,2022-04-05 14:19:46 -0400
renpy,2022-04-05 13:49:09 -0400
renpy,2022-04-05 14:19:46 -0400
renpy,2022-04-05 13:58:28 -0400
renpy,2022-04-05 13:49:09 -0400
renpy,2022-04-05 15:22:52 -0400
renpy,2022-04-05 15:20:34 -0400
renpy,2022-04-05 14:19:46 -0400
renpy,2022-04-05 13:58:28 -0400
renpy,2022-04-05 13:53:36 -0400
renpy,2022-04-05 13:49:09 -0400
renpy,2022-04-05 01:02:04 -0400
renpy,2022-04-05 01:01:30 -0400
renpy,2022-04-03 21:11:06 -0400
renpy,2022-04-03 21:06:13 -0400
renpy,2022-04-02 12:12:22 -0400
renpy,2022-04-02 12:11:15 -0400
renpy,2022-04-02 15:35:10 +0200
renpy,2022-04-01 22:40:41 -0400
renpy,2022-04-01 22:19:33 -0400
renpy,2022-04-01 21:58:38 -0400
renpy,2022-04-01 17:11:53 +0200
renpy,2022-04-01 00:03:42 -0400
renpy,2022-03-31 23:35:44 -0400
renpy,2022-03-31 22:37:02 -0400
renpy,2022-03-31 21:26:04 -0400
renpy,2022-03-31 21:17:53 -0400
renpy,2022-03-31 21:17:09 -0400
renpy,2022-03-30 22:07:35 -0400
renpy,2022-03-29 23:37:11 -0400
renpy,2022-03-29 22:09:47 -0400
renpy,2022-03-29 01:12:26 -0400
renpy,2022-03-28 22:17:32 -0400
renpy,2022-03-28 22:09:22 -0400
renpy,2022-03-28 21:53:58 -0400
renpy,2022-03-28 21:32:56 -0400
renpy,2022-03-28 21:23:30 -0400
renpy,2022-03-28 20:34:45 -0400
renpy,2022-03-28 23:36:55 +0200
renpy,2022-03-28 23:25:02 +0200
renpy,2022-03-28 23:23:12 +0200
renpy,2022-03-28 23:21:07 +0200
renpy,2022-03-28 23:19:48 +0200
renpy,2022-03-28 22:53:14 +0200
renpy,2022-03-28 01:59:49 -0400
renpy,2022-03-28 01:57:33 -0400
renpy,2022-03-28 01:53:56 -0400
renpy,2022-03-28 01:34:56 -0400
renpy,2022-03-28 02:57:59 +0400
renpy,2022-03-28 02:36:38 +0400
renpy,2022-03-28 02:23:09 +0400
renpy,2022-03-27 18:02:45 -0400
renpy,2022-03-26 00:46:52 +0000
renpy,2022-03-27 15:26:26 -0400
renpy,2022-03-27 21:03:07 +0200
renpy,2022-03-27 11:16:38 -0400
renpy,2022-03-27 11:15:24 -0400
renpy,2022-03-27 16:33:49 +0200
renpy,2022-03-27 16:24:41 +0200
renpy,2022-03-27 01:14:00 -0400
renpy,2022-03-27 01:09:21 -0400
renpy,2022-03-27 01:06:14 -0400
renpy,2022-03-27 01:03:43 -0400
renpy,2022-03-27 00:57:29 -0400
renpy,2022-03-27 00:56:28 -0400
renpy,2022-03-27 00:56:10 -0400
renpy,2022-03-27 00:52:22 -0400
renpy,2022-03-26 23:40:42 -0400
renpy,2022-03-26 17:55:28 -0400
renpy,2022-03-26 21:53:05 +0000
renpy,2022-03-26 16:12:29 -0400
renpy,2022-03-26 01:26:23 -0400
renpy,2022-03-26 08:22:22 +0400
renpy,2022-03-25 22:41:15 -0400
renpy,2022-03-26 06:13:13 +0400
renpy,2022-03-25 17:59:13 -0400
renpy,2022-03-25 17:57:50 -0400
renpy,2022-03-25 17:57:08 -0400
renpy,2022-03-24 23:57:48 -0400
renpy,2022-03-25 01:50:45 +0100
renpy,2022-03-25 01:49:39 +0100
renpy,2022-03-25 08:48:53 +0900
renpy,2022-03-24 20:28:22 +0100
renpy,2022-03-24 00:08:03 -0400
renpy,2022-03-23 22:56:42 -0400
renpy,2022-03-23 22:49:48 -0400
renpy,2022-03-23 21:06:28 -0400
renpy,2022-03-23 21:00:45 -0400
renpy,2022-03-23 21:00:15 -0400
renpy,2022-03-23 20:59:39 -0400
renpy,2022-03-24 04:26:46 +0400
renpy,2022-03-24 03:42:26 +0400
renpy,2022-03-23 19:08:01 -0400
renpy,2022-03-23 19:06:22 -0400
renpy,2022-03-23 19:06:12 -0400
renpy,2022-03-23 18:54:24 -0400
renpy,2022-03-24 07:39:43 +0900
renpy,2022-03-23 18:15:54 -0400
renpy,2022-03-23 01:33:13 -0400
renpy,2022-03-23 01:07:05 -0400
renpy,2022-03-23 00:46:11 -0400
renpy,2022-03-23 07:03:12 +0300
renpy,2022-03-22 23:06:30 -0400
renpy,2022-03-23 08:27:43 +0900
renpy,2022-03-23 06:35:24 +0900
renpy,2022-03-21 20:58:12 -0400
renpy,2022-03-21 20:51:06 -0400
renpy,2022-03-21 20:44:15 -0400
renpy,2022-03-20 00:49:07 -0400
renpy,2022-03-20 00:15:55 -0400
renpy,2022-03-19 21:10:58 -0400
renpy,2022-03-20 00:07:21 +0900
renpy,2022-03-20 00:03:43 +0900
renpy,2022-03-19 23:30:10 +0900
renpy,2022-03-19 23:29:26 +0900
renpy,2022-03-19 23:27:39 +0900
renpy,2022-03-19 22:47:31 +0900
renpy,2022-03-19 01:55:30 -0400
renpy,2022-03-19 01:52:57 -0400
renpy,2022-03-18 22:59:41 -0400
renpy,2022-03-18 20:47:27 -0400
renpy,2022-03-17 21:36:08 -0400
renpy,2022-03-17 07:00:30 +0100
renpy,2022-03-17 00:10:06 -0400
renpy,2022-03-17 00:09:28 -0400
renpy,2022-03-17 00:08:41 -0400
renpy,2022-03-16 23:41:23 -0400
renpy,2022-03-16 18:17:29 +0100
renpy,2022-03-16 06:43:25 +0100
renpy,2022-03-16 06:39:00 +0100
renpy,2022-03-16 06:29:55 +0100
renpy,2022-03-16 06:28:23 +0100
renpy,2022-03-16 06:27:08 +0100
renpy,2022-03-16 06:23:54 +0100
renpy,2022-03-16 06:16:49 +0100
renpy,2022-03-16 05:29:55 +0100
renpy,2022-03-16 05:23:07 +0100
renpy,2022-03-16 05:10:32 +0100
renpy,2022-03-16 05:09:49 +0100
renpy,2022-03-16 05:00:15 +0100
renpy,2022-03-16 04:59:07 +0100
renpy,2022-03-16 04:36:59 +0100
renpy,2022-03-16 04:29:26 +0100
renpy,2022-03-16 04:27:51 +0100
renpy,2022-03-16 04:23:07 +0100
renpy,2022-03-16 04:21:27 +0100
renpy,2022-03-14 00:10:50 -0400
renpy,2022-03-13 23:53:05 -0400
renpy,2022-03-13 23:52:18 -0400
renpy,2022-03-13 12:52:06 +0900
renpy,2022-03-12 21:41:32 -0500
renpy,2022-03-12 21:40:56 -0500
renpy,2022-03-12 21:40:05 -0500
renpy,2022-03-13 08:14:46 +0900
renpy,2022-03-13 07:56:02 +0900
renpy,2022-03-12 15:24:07 -0500
renpy,2022-03-12 05:22:13 +0000
renpy,2022-03-11 20:20:55 -0500
renpy,2022-03-11 21:36:48 +0100
renpy,2022-03-12 04:45:57 +0900
renpy,2022-03-10 23:03:35 -0500
renpy,2022-03-10 23:03:15 -0500
renpy,2022-03-10 22:58:56 -0500
renpy,2022-03-10 20:44:17 +0100
renpy,2022-03-09 09:30:44 -0500
renpy,2022-03-08 21:50:34 -0500
renpy,2022-03-08 13:59:44 +0100
renpy,2022-03-07 23:40:31 -0500
renpy,2022-03-08 03:55:48 +0100
renpy,2022-03-08 03:11:00 +0100
renpy,2022-03-08 02:35:51 +0100
renpy,2022-03-07 20:00:19 -0500
renpy,2022-03-07 19:59:55 -0500
renpy,2022-03-07 04:16:54 +0100
renpy,2022-03-05 20:37:59 -0500
renpy,2022-03-06 09:25:45 +0800
renpy,2022-03-05 09:33:30 -0500
renpy,2022-03-04 23:18:17 -0500
renpy,2022-03-04 22:34:41 -0500
renpy,2022-03-04 22:25:15 -0500
renpy,2022-03-04 22:21:53 -0500
renpy,2022-03-04 22:11:15 -0500
renpy,2022-03-03 22:55:25 -0500
renpy,2022-03-03 22:40:58 -0500
renpy,2022-03-02 23:35:18 -0500
renpy,2022-03-02 23:33:53 -0500
renpy,2022-03-02 23:33:03 -0500
renpy,2022-03-03 07:01:41 +0900
renpy,2022-03-02 12:13:48 +0100
renpy,2022-03-02 02:46:17 -0500
renpy,2022-03-01 21:48:10 -0500
renpy,2022-03-01 19:24:33 +0200
renpy,2022-02-28 21:18:21 -0500
renpy,2022-02-28 01:17:13 -0500
renpy,2022-02-26 20:44:51 -0500
renpy,2022-02-26 20:47:25 +0000
renpy,2022-02-26 18:27:39 +0000
renpy,2022-02-26 17:07:18 +0100
renpy,2022-02-26 16:12:34 +0100
renpy,2022-02-26 14:26:21 +0000
renpy,2022-02-25 23:29:39 -0500
renpy,2022-02-24 11:39:51 -0500
renpy,2022-02-24 00:11:52 -0500
renpy,2022-02-24 00:00:55 -0500
renpy,2022-02-23 23:33:49 -0500
renpy,2022-02-23 19:19:24 +0200
renpy,2022-02-23 16:38:49 +0200
renpy,2022-02-23 14:21:04 +0100
renpy,2022-02-22 08:09:56 +0300
renpy,2022-02-21 16:06:50 +0100
renpy,2022-02-20 19:06:38 -0500
renpy,2022-02-21 03:00:17 +0300
renpy,2022-02-19 22:41:25 -0500
renpy,2022-02-20 03:57:57 +0100
renpy,2022-02-19 13:52:17 +0100
renpy,2022-02-19 13:52:13 +0100
renpy,2022-02-18 05:37:07 +0100
renpy,2022-02-17 22:23:55 -0500
renpy,2022-02-17 22:14:26 -0500
renpy,2022-02-18 02:29:57 +0100
renpy,2022-02-17 00:25:41 -0500
renpy,2022-02-16 22:55:20 -0500
renpy,2022-02-17 07:26:25 +0400
renpy,2022-02-16 22:21:27 -0500
renpy,2022-02-16 21:53:21 -0500
renpy,2022-02-16 01:24:24 -0500
renpy,2022-02-15 21:41:33 -0500
renpy,2022-02-15 21:13:29 -0500
renpy,2022-02-15 11:35:19 +0100
renpy,2022-02-14 02:23:15 -0500
renpy,2022-02-13 09:55:29 +0900
renpy,2022-02-12 13:52:04 -0500
renpy,2022-02-11 23:00:10 -0500
renpy,2022-02-10 23:34:48 -0500
renpy,2022-02-10 23:16:04 -0500
renpy,2022-02-10 02:01:21 -0500
renpy,2022-02-10 01:31:32 -0500
renpy,2022-02-10 01:30:07 -0500
renpy,2022-02-09 21:11:10 -0500
renpy,2022-02-09 17:29:37 +0800
renpy,2022-02-09 01:24:24 -0500
renpy,2022-02-09 01:14:38 -0500
renpy,2022-02-09 01:13:30 -0500
renpy,2022-02-08 22:44:54 -0500
renpy,2022-02-08 21:23:19 -0500
renpy,2022-02-08 01:58:09 -0500
renpy,2022-02-07 23:30:36 -0500
renpy,2022-02-07 06:03:51 -0600
renpy,2022-02-07 06:01:10 -0600
renpy,2022-02-07 02:50:03 -0600
renpy,2022-02-06 22:59:06 -0500
renpy,2022-02-06 21:43:05 -0600
renpy,2022-02-06 21:42:30 -0600
renpy,2022-02-06 21:41:42 -0600
renpy,2022-02-06 21:39:15 -0600
renpy,2022-02-06 21:38:27 -0600
renpy,2022-02-06 21:35:52 -0600
renpy,2022-02-06 21:35:12 -0600
renpy,2022-02-06 21:32:20 -0600
renpy,2022-02-06 21:24:35 -0600
renpy,2022-02-06 21:15:20 -0600
renpy,2022-02-06 21:27:15 -0500
renpy,2022-02-05 21:47:40 -0500
renpy,2022-02-05 21:20:16 -0500
renpy,2022-02-05 18:13:03 -0500
renpy,2022-02-05 18:12:47 -0500
renpy,2022-02-05 12:26:00 +0200
renpy,2022-02-04 22:49:15 -0500
renpy,2022-02-04 21:57:28 -0500
renpy,2022-02-04 21:05:31 -0500
renpy,2022-02-03 22:03:49 -0500
renpy,2022-02-03 20:05:05 -0500
renpy,2022-02-02 23:01:58 -0500
renpy,2022-02-02 22:16:04 -0500
renpy,2022-02-02 20:51:33 -0500
renpy,2022-02-02 20:44:32 -0500
renpy,2022-02-02 20:33:12 -0500
renpy,2022-02-02 22:21:41 +0100
renpy,2022-02-02 15:55:22 +0100
renpy,2022-02-02 15:51:57 +0100
renpy,2022-02-01 22:12:12 -0500
renpy,2022-02-02 00:52:13 +0000
renpy,2022-02-01 19:36:02 -0500
renpy,2022-02-01 23:56:50 +0000
renpy,2022-02-01 18:23:04 -0500
renpy,2022-02-01 20:44:01 +0100
renpy,2022-02-01 20:42:27 +0100
renpy,2022-02-01 20:41:29 +0100
renpy,2022-02-01 20:33:55 +0100
renpy,2022-02-01 20:11:29 +0100
renpy,2022-02-01 19:46:32 +0100
renpy,2022-02-01 09:24:39 -0600
renpy,2022-02-01 13:14:13 +0100
renpy,2022-01-31 22:19:31 -0500
renpy,2022-01-31 21:59:31 -0500
renpy,2022-01-31 21:58:55 -0500
renpy,2022-01-30 22:49:32 -0500
renpy,2022-01-29 22:11:39 -0500
renpy,2022-01-29 02:31:03 +0100
renpy,2022-01-29 02:30:04 +0100
renpy,2021-12-22 02:25:26 +0000
renpy,2022-01-28 20:22:15 -0500
renpy,2022-01-28 20:21:08 -0500
renpy,2022-01-28 20:19:11 -0500
renpy,2022-01-28 20:11:01 -0500
renpy,2022-01-28 20:09:22 -0500
renpy,2022-01-28 18:18:38 -0500
renpy,2022-01-28 18:17:47 -0500
renpy,2022-01-28 18:16:48 -0500
renpy,2022-01-28 18:16:30 -0500
renpy,2022-01-28 09:28:17 +0100
renpy,2022-01-28 01:05:23 +0100
renpy,2022-01-27 18:48:36 -0500
renpy,2022-01-27 23:39:23 +0100
renpy,2022-01-26 22:26:07 -0500
renpy,2022-01-26 22:11:22 -0500
renpy,2022-01-26 17:55:27 -0600
renpy,2022-01-26 17:49:10 -0600
renpy,2022-01-26 17:48:46 -0600
renpy,2022-01-25 21:46:29 -0500
renpy,2022-01-25 21:33:17 -0500
renpy,2022-01-25 19:00:33 -0500
renpy,2022-01-25 21:01:57 +0100
renpy,2022-01-24 23:52:56 -0500
renpy,2022-01-24 23:48:46 -0500
renpy,2022-01-24 10:25:14 +0100
renpy,2022-01-24 00:14:59 -0500
renpy,2022-01-23 23:30:21 -0500
renpy,2022-01-23 23:11:42 -0500
renpy,2022-01-23 21:09:13 -0500
renpy,2022-01-23 09:55:56 -0500
renpy,2022-01-23 02:36:07 -0500
renpy,2022-01-22 21:49:33 -0500
renpy,2022-01-22 12:42:37 -0500
renpy,2022-01-21 23:09:15 -0500
renpy,2022-01-21 22:17:33 -0500
renpy,2022-01-21 22:17:21 -0500
renpy,2022-01-22 04:13:58 +0100
renpy,2022-01-20 21:18:18 -0500
renpy,2022-01-21 02:33:21 +0100
renpy,2022-01-21 02:20:53 +0100
renpy,2022-01-21 02:11:33 +0100
renpy,2022-01-21 02:08:26 +0100
renpy,2022-01-21 02:06:59 +0100
renpy,2022-01-21 02:04:59 +0100
renpy,2022-01-21 01:55:15 +0100
renpy,2022-01-21 01:40:19 +0100
renpy,2022-01-20 17:15:18 +0100
renpy,2022-01-19 22:59:31 -0500
renpy,2022-01-19 19:34:33 -0500
renpy,2022-01-19 22:45:06 +0530
renpy,2022-01-19 02:00:01 -0500
renpy,2022-01-19 01:16:05 -0500
renpy,2022-01-19 00:56:02 -0500
renpy,2022-01-18 23:16:59 -0500
renpy,2022-01-18 23:08:43 +0100
renpy,2022-01-17 20:10:05 -0500
renpy,2022-01-17 19:44:49 -0500
renpy,2022-01-17 02:38:12 -0500
renpy,2022-01-16 21:45:10 -0500
renpy,2022-01-16 18:49:03 -0500
renpy,2022-01-16 22:35:28 +0100
renpy,2022-01-16 15:57:35 -0500
renpy,2022-01-16 15:54:56 -0500
renpy,2022-01-15 21:42:20 -0500
renpy,2022-01-15 01:34:33 -0500
renpy,2022-01-14 00:54:52 -0500
renpy,2022-01-14 00:21:15 -0500
renpy,2022-01-14 00:18:06 -0500
renpy,2022-01-13 19:23:09 -0500
renpy,2022-01-13 09:31:52 +0100
renpy,2022-01-12 05:28:29 -0500
renpy,2022-01-12 05:20:14 -0500
renpy,2022-01-12 05:17:47 -0500
renpy,2022-01-12 03:55:32 +0100
renpy,2022-01-12 03:54:55 +0100
renpy,2022-01-12 03:52:17 +0100
renpy,2022-01-11 21:51:08 -0500
renpy,2022-01-11 21:33:17 -0500
renpy,2022-01-11 21:29:19 -0500
renpy,2022-01-11 21:21:02 -0500
renpy,2022-01-12 02:40:33 +0100
renpy,2022-01-10 22:08:27 -0500
renpy,2022-01-10 22:04:01 -0500
renpy,2022-01-10 22:03:15 -0500
renpy,2022-01-10 00:13:11 -0500
renpy,2022-01-09 23:59:13 -0500
renpy,2022-01-09 23:33:13 -0500
renpy,2022-01-09 23:29:01 -0500
renpy,2022-01-09 21:52:25 -0500
renpy,2022-01-09 13:01:50 -0500
renpy,2022-01-09 17:20:04 +0100
renpy,2022-01-09 11:10:46 -0500
renpy,2022-01-09 10:03:54 -0500
renpy,2022-01-09 15:25:21 +0100
renpy,2022-01-08 22:50:36 -0500
renpy,2022-01-08 22:44:34 -0500
renpy,2022-01-08 22:16:38 -0500
renpy,2022-01-08 20:31:01 -0500
renpy,2022-01-08 20:11:59 -0500
renpy,2022-01-09 00:29:43 +0100
renpy,2022-01-08 22:46:04 +0100
renpy,2022-01-08 01:06:24 -0500
renpy,2022-01-08 00:45:15 -0500
renpy,2022-01-08 00:38:48 -0500
renpy,2022-01-07 23:46:12 -0500
renpy,2022-01-07 23:41:48 -0500
renpy,2022-01-07 23:27:08 -0500
renpy,2022-01-07 22:14:48 -0500
renpy,2022-01-07 21:44:48 -0500
renpy,2022-01-07 20:07:11 -0500
renpy,2022-01-07 18:16:20 +0100
renpy,2022-01-07 18:14:32 +0100
renpy,2022-01-07 16:45:06 +0100
renpy,2022-01-07 16:41:14 +0100
renpy,2022-01-07 16:40:09 +0100
renpy,2022-01-07 02:47:20 -0500
renpy,2022-01-07 01:34:16 -0500
renpy,2022-01-07 00:47:48 -0500
renpy,2022-01-06 22:56:51 -0500
renpy,2022-01-06 21:41:06 -0600
renpy,2022-01-06 21:20:20 -0600
renpy,2022-01-06 21:18:58 -0600
renpy,2022-01-05 21:43:01 -0500
renpy,2022-01-04 00:44:38 -0500
renpy,2022-01-04 00:37:27 -0500
renpy,2022-01-03 20:05:50 -0500
renpy,2022-01-03 10:39:10 +0100
renpy,2022-01-03 01:10:34 -0500
renpy,2022-01-03 00:58:30 -0500
renpy,2022-01-03 00:29:57 -0500
renpy,2022-01-02 23:37:28 -0500
renpy,2022-01-02 20:14:25 -0500
renpy,2022-01-02 17:11:16 -0500
renpy,2022-01-02 15:11:23 -0500
renpy,2022-01-02 15:10:48 -0500
renpy,2022-01-01 12:28:58 -0500
renpy,2022-01-01 11:42:20 -0500
renpy,2022-01-01 01:17:44 -0500
renpy,2022-01-01 00:18:20 -0500
renpy,2021-12-31 16:02:01 -0500
renpy,2021-12-30 18:12:26 -0500
renpy,2021-12-30 09:56:16 -0500
renpy,2021-12-30 03:36:54 -0500
renpy,2021-12-30 02:50:29 -0500
renpy,2021-12-29 16:21:02 +0100
renpy,2021-12-29 09:56:39 -0500
renpy,2021-12-29 00:10:21 -0500
renpy,2021-12-28 23:40:51 -0500
renpy,2021-12-28 23:40:23 -0500
renpy,2021-12-29 05:37:33 +0100
renpy,2021-12-29 05:35:04 +0100
renpy,2021-12-28 21:25:45 -0500
renpy,2021-12-28 00:14:02 -0500
renpy,2021-12-28 02:52:04 +0100
renpy,2021-12-28 02:50:47 +0100
renpy,2021-12-28 02:46:53 +0100
renpy,2021-12-28 02:36:38 +0100
renpy,2021-12-28 02:33:48 +0100
renpy,2021-12-28 02:30:37 +0100
renpy,2021-12-28 02:00:41 +0100
renpy,2021-12-27 16:41:55 +0100
renpy,2021-12-24 01:20:26 -0500
renpy,2021-12-23 06:03:11 +0200
renpy,2021-12-23 07:51:29 +0400
renpy,2021-12-22 22:42:25 -0500
renpy,2021-12-23 05:20:44 +0200
renpy,2021-12-23 06:10:01 +0400
renpy,2021-12-23 06:00:47 +0400
renpy,2021-12-22 20:49:05 -0500
renpy,2021-12-23 02:48:08 +0100
renpy,2021-12-23 05:34:36 +0400
renpy,2021-12-23 05:28:45 +0400
renpy,2021-12-22 01:23:30 +0000
renpy,2021-12-21 23:47:05 +0000
renpy,2021-12-21 21:54:19 +0200
renpy,2021-12-20 04:14:38 +0100
renpy,2021-12-20 04:03:17 +0100
renpy,2021-12-20 04:03:01 +0100
renpy,2021-12-20 03:53:18 +0100
renpy,2021-12-19 21:16:37 -0500
renpy,2021-12-18 13:43:04 +0900
renpy,2021-12-18 13:22:36 +0900
renpy,2021-12-17 13:19:58 -0500
renpy,2021-12-17 19:18:44 +0100
renpy,2021-12-17 08:54:22 -0500
renpy,2021-12-16 23:03:28 -0500
renpy,2021-12-16 22:54:42 -0500
renpy,2021-12-16 22:46:36 -0500
renpy,2021-12-16 00:34:13 -0500
renpy,2021-12-13 08:35:48 +0900
renpy,2021-12-13 08:33:26 +0900
renpy,2021-12-13 08:25:51 +0900
renpy,2021-12-12 03:59:18 +0100
renpy,2021-12-12 03:57:33 +0100
renpy,2021-12-12 03:44:23 +0100
renpy,2021-12-12 02:54:23 +0100
renpy,2021-12-12 02:52:18 +0100
renpy,2021-12-12 02:46:56 +0100
renpy,2021-12-12 02:40:50 +0100
renpy,2021-12-12 02:39:44 +0100
renpy,2021-12-12 02:38:31 +0100
renpy,2021-12-12 02:29:19 +0100
renpy,2021-12-12 02:27:02 +0100
renpy,2021-12-12 02:24:36 +0100
renpy,2021-12-12 02:22:36 +0100
renpy,2021-12-12 02:15:41 +0100
renpy,2021-12-12 02:12:32 +0100
renpy,2021-12-12 02:08:50 +0100
renpy,2021-12-12 02:06:39 +0100
renpy,2021-12-12 02:01:28 +0100
renpy,2021-12-12 01:56:23 +0100
renpy,2021-12-12 01:55:13 +0100
renpy,2021-12-12 01:52:58 +0100
renpy,2021-12-12 01:46:49 +0100
renpy,2021-12-12 01:43:41 +0100
renpy,2021-12-12 01:29:31 +0100
renpy,2021-12-11 23:37:02 +0100
renpy,2021-12-11 23:32:27 +0100
renpy,2021-12-11 23:09:48 +0100
renpy,2021-12-11 22:43:48 +0100
renpy,2021-12-11 02:51:29 +0100
renpy,2021-12-10 13:25:15 +0100
renpy,2021-12-10 12:04:11 +0100
renpy,2021-12-10 11:39:50 +0100
renpy,2021-12-08 20:00:23 -0500
renpy,2021-12-08 20:00:10 -0500
renpy,2021-12-07 22:48:17 -0500
renpy,2021-12-06 23:13:11 -0500
renpy,2021-12-06 23:12:17 -0500
renpy,2021-12-06 21:50:38 -0500
renpy,2021-12-06 20:07:00 -0500
renpy,2021-12-05 16:34:47 -0500
renpy,2021-12-04 19:47:22 -0500
renpy,2021-12-04 19:01:41 -0500
renpy,2021-12-03 22:37:06 -0500
renpy,2021-12-03 21:46:08 -0500
renpy,2021-12-03 21:45:58 -0500
renpy,2021-12-03 21:45:48 -0500
renpy,2021-12-03 13:31:25 +0700
renpy,2021-12-03 13:24:54 +0700
renpy,2021-12-02 01:59:02 -0500
renpy,2021-12-01 01:32:57 -0500
renpy,2021-11-30 18:18:47 -0500
renpy,2021-11-30 18:08:29 -0500
renpy,2021-11-29 22:47:56 -0500
renpy,2021-11-29 22:41:01 -0500
renpy,2021-11-29 22:24:17 -0500
renpy,2021-11-29 19:42:59 -0500
renpy,2021-11-29 19:42:44 -0500
renpy,2021-11-29 19:41:54 -0500
renpy,2021-11-29 19:41:28 -0500
renpy,2021-11-28 15:53:36 -0500
renpy,2021-11-28 15:52:20 -0500
renpy,2021-11-28 15:30:41 -0500
renpy,2021-11-27 19:24:11 -0500
renpy,2021-11-27 19:24:02 -0500
renpy,2021-11-27 19:23:53 -0500
renpy,2021-11-27 19:23:45 -0500
renpy,2021-11-28 00:10:05 +0700
renpy,2021-11-28 00:08:41 +0700
renpy,2021-11-28 00:01:30 +0700
renpy,2021-11-27 23:55:58 +0700
renpy,2021-11-27 19:23:37 +0800
renpy,2021-11-26 23:53:19 +0800
renpy,2021-11-26 00:21:12 -0500
renpy,2021-11-25 22:00:46 -0500
renpy,2021-11-25 09:44:01 -0500
renpy,2021-11-24 17:55:00 -0500
renpy,2021-11-24 12:13:01 -0500
renpy,2021-11-23 23:20:26 -0500
renpy,2021-11-23 22:54:37 -0500
renpy,2021-11-23 22:34:38 -0500
renpy,2021-11-23 20:22:31 +0100
renpy,2021-11-22 20:31:23 -0500
renpy,2021-11-22 17:21:23 +0700
renpy,2021-11-21 21:14:55 -0500
renpy,2021-11-21 12:12:05 -0500
renpy,2021-11-21 12:11:56 -0500
renpy,2021-11-21 12:11:47 -0500
renpy,2021-11-21 00:30:42 -0500
renpy,2021-11-20 23:45:35 -0500
renpy,2021-11-20 23:37:16 -0500
renpy,2021-11-20 18:56:03 -0500
renpy,2021-11-20 17:51:19 -0500
renpy,2021-11-19 01:08:39 -0500
renpy,2021-11-19 00:54:42 -0500
renpy,2021-11-19 00:43:58 -0500
renpy,2021-11-18 23:00:32 -0500
renpy,2021-11-18 00:16:53 -0500
renpy,2021-11-18 00:04:10 -0500
renpy,2021-11-17 22:57:02 -0500
renpy,2021-11-17 22:47:04 -0500
renpy,2021-11-17 00:06:44 -0500
renpy,2021-11-16 23:15:36 -0500
renpy,2021-11-16 22:14:09 -0500
renpy,2021-11-15 21:50:51 -0500
renpy,2021-11-14 23:38:22 -0500
renpy,2021-11-14 14:38:06 -0500
renpy,2021-11-14 02:20:40 -0500
renpy,2021-11-14 02:18:45 -0500
renpy,2021-11-14 02:03:52 -0500
renpy,2021-11-14 01:25:42 -0500
renpy,2021-11-13 22:49:53 -0500
renpy,2021-11-12 19:27:18 -0500
renpy,2021-11-11 01:29:23 -0500
renpy,2021-11-10 18:33:55 -0500
renpy,2021-11-10 00:38:14 -0500
renpy,2021-11-09 23:00:30 -0500
renpy,2021-11-08 20:56:42 -0500
renpy,2021-11-08 19:23:30 -0500
renpy,2021-11-07 17:11:53 -0500
renpy,2021-11-06 15:32:32 -0400
renpy,2021-11-06 15:24:12 -0400
renpy,2021-11-05 23:03:59 -0400
renpy,2021-11-05 23:01:03 -0400
renpy,2021-11-03 23:06:49 -0400
renpy,2021-11-03 22:50:56 -0400
renpy,2021-11-03 19:45:13 -0400
renpy,2021-11-02 22:13:13 -0400
renpy,2021-11-02 22:12:30 -0400
renpy,2021-11-01 22:13:50 -0400
renpy,2021-11-01 22:04:32 -0400
renpy,2021-11-01 18:26:31 -0400
renpy,2021-11-01 22:30:42 +0100
renpy,2021-10-30 18:39:43 -0400
renpy,2021-10-30 17:50:19 +0100
renpy,2021-10-30 17:36:20 +0100
renpy,2021-10-29 23:04:24 -0400
renpy,2021-10-29 08:56:08 +0200
renpy,2021-10-29 03:09:11 +0200
renpy,2021-10-28 18:45:59 -0400
renpy,2021-10-28 02:03:33 -0400
renpy,2021-10-27 22:45:36 -0400
renpy,2021-10-26 21:43:14 -0400
renpy,2021-10-26 00:05:48 -0400
renpy,2021-10-25 01:55:06 -0400
renpy,2021-10-25 01:34:11 -0400
renpy,2021-10-24 22:20:34 -0300
renpy,2021-10-24 00:23:24 -0400
renpy,2021-10-23 20:49:47 -0400
renpy,2021-10-24 01:43:19 +0200
renpy,2021-10-24 01:42:36 +0200
renpy,2021-10-24 01:30:41 +0200
renpy,2021-10-24 01:28:37 +0200
renpy,2021-10-24 01:01:44 +0200
renpy,2021-10-23 17:38:52 -0400
renpy,2021-10-22 00:12:09 -0400
renpy,2021-10-22 00:08:04 -0400
renpy,2021-10-21 23:07:18 -0400
renpy,2021-10-21 22:57:18 -0400
renpy,2021-10-21 22:11:45 -0400
renpy,2021-10-21 22:05:57 -0400
renpy,2021-10-19 22:06:38 -0400
renpy,2021-10-19 21:58:36 -0400
renpy,2021-10-18 00:01:18 -0400
renpy,2021-10-17 22:08:14 -0400
renpy,2021-10-17 20:09:34 -0400
renpy,2021-10-17 18:07:43 -0400
renpy,2021-10-16 17:03:30 -0400
renpy,2021-10-16 16:04:04 -0400
renpy,2021-10-16 21:06:38 +0200
renpy,2021-10-16 09:44:42 +0700
renpy,2021-10-15 20:23:10 -0400
renpy,2021-10-15 20:20:50 -0400
renpy,2021-10-16 01:40:25 +0200
renpy,2021-10-15 19:54:29 +0200
renpy,2021-10-15 19:47:49 +0200
renpy,2021-10-15 19:05:00 +0200
renpy,2021-10-15 13:56:07 +0200
renpy,2021-10-15 13:53:45 +0200
renpy,2021-10-15 13:37:59 +0200
renpy,2021-10-15 13:37:22 +0200
renpy,2021-10-14 22:59:44 -0400
renpy,2021-10-14 22:45:44 -0400
renpy,2021-10-14 22:20:28 -0400
renpy,2021-10-14 07:00:14 -0400
renpy,2021-10-13 23:35:59 -0400
renpy,2021-10-14 02:05:18 +0200
renpy,2021-10-14 01:43:25 +0200
renpy,2021-10-14 01:42:17 +0200
renpy,2021-10-14 01:41:43 +0200
renpy,2021-10-14 01:40:55 +0200
renpy,2021-10-13 16:37:10 +0200
renpy,2021-10-13 16:34:05 +0200
renpy,2021-10-13 16:32:03 +0200
renpy,2021-10-13 15:59:46 +0200
renpy,2021-10-13 15:58:25 +0200
renpy,2021-10-13 15:53:45 +0200
renpy,2021-10-13 15:47:38 +0200
renpy,2021-10-13 15:46:09 +0200
renpy,2021-10-13 09:43:18 +0200
renpy,2021-10-12 20:17:52 -0400
renpy,2021-10-12 20:06:35 -0400
renpy,2021-10-13 00:30:35 +0200
renpy,2021-10-12 19:37:00 +0200
renpy,2021-10-12 19:21:15 +0200
renpy,2021-10-12 16:01:31 +0200
renpy,2021-10-12 15:52:25 +0200
renpy,2021-10-12 15:52:11 +0200
renpy,2021-10-12 15:47:37 +0200
renpy,2021-10-12 15:46:49 +0200
renpy,2021-10-12 15:44:51 +0200
renpy,2021-10-12 14:10:49 +0200
renpy,2021-10-11 10:23:30 -0400
renpy,2021-10-10 15:58:45 -0300
renpy,2021-10-10 00:05:09 -0400
renpy,2021-10-09 09:39:11 -0400
renpy,2021-10-08 23:52:22 +0200
renpy,2021-10-08 08:57:30 -0400
renpy,2021-10-07 23:20:28 -0300
renpy,2021-10-06 19:58:41 -0400
renpy,2021-10-06 19:32:53 -0400
renpy,2021-10-06 01:27:22 -0400
renpy,2021-10-05 18:29:11 -0400
renpy,2021-10-05 03:13:20 +0200
renpy,2021-10-05 02:19:40 +0200
renpy,2021-10-04 19:26:56 -0400
renpy,2021-10-04 19:25:58 -0400
renpy,2021-10-04 19:21:43 -0400
renpy,2021-10-04 13:18:24 -0400
renpy,2021-10-04 12:45:24 -0400
renpy,2021-10-04 11:56:40 -0400
renpy,2021-10-04 10:47:44 -0400
renpy,2021-10-03 23:22:12 -0400
renpy,2021-10-02 15:18:11 -0400
renpy,2021-10-02 14:48:04 -0400
renpy,2021-10-02 14:47:23 -0400
renpy,2021-10-02 14:45:07 -0400
renpy,2021-10-02 14:41:57 -0400
renpy,2021-10-02 14:17:11 -0400
renpy,2021-10-02 14:15:50 -0400
renpy,2021-10-02 19:40:10 +0200
renpy,2021-10-01 22:03:52 -0400
renpy,2021-10-01 08:38:15 -0400
renpy,2021-10-01 08:35:52 -0400
renpy,2021-09-30 20:22:34 +0200
renpy,2021-09-30 17:10:39 +0200
renpy,2021-09-30 01:04:29 -0400
renpy,2021-09-30 01:01:06 -0400
renpy,2021-09-29 23:12:29 -0400
renpy,2021-09-29 23:03:41 -0400
renpy,2021-09-28 02:12:20 -0400
renpy,2021-09-28 02:02:12 -0400
renpy,2021-09-27 21:37:50 -0400
renpy,2021-09-27 19:33:40 -0400
renpy,2021-09-27 19:32:30 -0400
renpy,2021-09-27 00:33:04 -0400
renpy,2021-09-26 11:45:29 -0400
renpy,2021-09-26 11:27:01 -0400
renpy,2021-09-26 03:49:45 -0400
renpy,2021-09-26 02:23:40 -0400
renpy,2021-09-25 22:15:55 -0300
renpy,2021-09-25 22:12:59 -0300
renpy,2021-09-25 22:12:47 -0300
renpy,2021-09-25 20:10:35 -0400
renpy,2021-09-25 21:06:16 -0300
renpy,2021-09-25 18:34:00 -0400
renpy,2021-09-25 15:53:52 -0400
renpy,2021-09-25 03:15:42 -0400
renpy,2021-09-24 20:44:47 -0300
renpy,2021-09-23 22:17:48 -0400
renpy,2021-09-24 04:07:20 +0200
renpy,2021-09-23 20:02:19 -0400
renpy,2021-09-24 00:51:19 +0200
renpy,2021-09-22 22:31:21 -0400
renpy,2021-09-22 22:19:45 -0400
renpy,2021-09-23 03:07:09 +0200
renpy,2021-09-23 03:04:02 +0200
renpy,2021-09-21 10:22:11 -0400
renpy,2021-09-21 01:32:02 -0400
renpy,2021-09-20 21:11:47 -0400
renpy,2021-09-19 18:37:09 -0400
renpy,2021-09-19 15:43:49 -0400
renpy,2021-09-18 20:14:58 -0400
renpy,2021-09-19 02:01:14 +0200
renpy,2021-09-18 01:09:24 -0400
renpy,2021-09-17 00:55:36 -0400
renpy,2021-09-16 18:24:03 -0400
renpy,2021-09-15 17:46:28 -0400
renpy,2021-09-15 15:18:34 -0300
renpy,2021-09-14 21:42:54 -0400
renpy,2021-09-13 18:02:49 -0400
renpy,2021-09-12 02:48:22 -0400
renpy,2021-09-12 02:27:12 -0400
renpy,2021-09-12 02:15:46 -0400
renpy,2021-09-12 00:28:39 -0400
renpy,2021-09-11 23:10:01 -0400
renpy,2021-09-11 13:11:57 -0400
renpy,2021-09-10 23:19:31 -0400
renpy,2021-09-10 22:46:40 -0400
renpy,2021-09-10 22:34:03 -0400
renpy,2021-09-10 21:48:02 -0400
renpy,2021-09-09 21:31:12 -0400
renpy,2021-09-09 21:31:02 -0400
renpy,2021-09-09 21:29:26 -0400
renpy,2021-09-09 17:25:52 -0400
renpy,2021-09-09 01:07:26 -0400
renpy,2021-09-08 23:59:31 +0200
renpy,2021-09-08 01:10:39 -0400
renpy,2021-09-08 00:56:22 -0400
renpy,2021-09-07 02:39:55 -0400
renpy,2021-09-07 01:16:59 -0400
renpy,2021-09-06 23:54:31 -0400
renpy,2021-09-06 17:12:35 -0400
renpy,2021-09-06 16:01:26 -0400
renpy,2021-09-06 15:40:57 -0400
renpy,2021-09-06 01:33:26 -0400
renpy,2021-09-05 00:44:35 -0400
renpy,2021-09-05 00:43:13 -0400
renpy,2021-09-05 00:13:06 -0400
renpy,2021-09-05 00:12:02 -0400
renpy,2021-09-04 22:53:04 +0100
renpy,2021-09-04 04:50:52 -0500
renpy,2021-09-04 04:50:19 -0500
renpy,2021-09-04 01:33:46 -0400
renpy,2021-09-04 01:30:27 -0400
renpy,2021-09-04 01:24:26 -0400
renpy,2021-09-04 01:22:38 -0400
renpy,2021-09-04 01:11:01 -0400
renpy,2021-09-04 01:09:17 -0400
renpy,2021-09-04 00:56:54 -0400
renpy,2021-09-04 00:56:14 -0400
renpy,2021-09-03 22:25:00 -0400
renpy,2021-09-03 19:54:50 -0400
renpy,2021-09-03 19:53:35 -0400
renpy,2021-09-04 00:02:38 +0200
renpy,2021-09-03 23:58:58 +0200
renpy,2021-09-03 23:22:28 +0200
renpy,2021-09-03 22:58:02 +0200
renpy,2021-09-03 08:27:46 -0500
renpy,2021-09-03 13:52:30 +0200
renpy,2021-09-03 13:50:25 +0200
renpy,2021-09-03 01:05:10 -0400
renpy,2021-09-02 22:44:59 -0400
renpy,2021-09-02 22:26:38 -0400
renpy,2021-09-03 03:18:34 +0200
renpy,2021-09-02 20:10:08 -0400
renpy,2021-09-02 18:03:41 +0100
renpy,2021-09-02 01:15:14 +0100
renpy,2021-09-01 01:49:15 -0400
renpy,2021-08-31 22:11:06 -0400
renpy,2021-08-31 16:55:08 +0200
renpy,2021-08-31 11:22:12 +0200
renpy,2021-08-31 11:21:39 +0200
renpy,2021-08-31 11:21:12 +0200
renpy,2021-08-31 10:33:35 +0200
renpy,2021-08-31 10:27:01 +0200
renpy,2021-08-31 10:26:53 +0200
renpy,2021-08-31 10:17:39 +0200
renpy,2021-08-31 01:30:40 -0400
renpy,2021-08-30 19:51:10 -0400
renpy,2021-08-30 10:46:30 -0500
renpy,2021-08-30 10:40:29 -0500
renpy,2021-08-30 10:07:49 -0500
renpy,2021-08-30 10:03:32 -0500
renpy,2021-08-30 09:54:43 -0500
renpy,2021-08-30 09:27:59 -0500
renpy,2021-08-30 10:24:43 -0400
renpy,2021-08-30 09:24:12 -0500
renpy,2021-08-30 09:19:49 -0500
renpy,2021-08-30 09:16:29 -0500
renpy,2021-08-30 09:11:44 -0500
renpy,2021-08-30 08:50:05 -0500
renpy,2021-08-30 08:37:21 -0500
renpy,2021-08-29 20:35:37 -0400
renpy,2021-08-29 20:29:54 -0400
renpy,2021-08-29 20:17:55 -0400
renpy,2021-08-29 17:39:42 -0400
renpy,2021-08-29 16:22:41 -0400
renpy,2021-08-29 20:45:12 +0200
renpy,2021-08-29 09:49:07 -0400
renpy,2021-08-28 21:41:08 -0400
renpy,2021-08-28 10:46:08 -0500
renpy,2021-08-28 10:39:09 -0500
renpy,2021-08-27 22:45:56 -0400
renpy,2021-08-27 22:40:33 -0400
renpy,2021-08-28 01:13:05 +0200
renpy,2021-08-28 01:11:24 +0200
renpy,2021-08-28 00:56:06 +0200
renpy,2021-08-28 00:03:48 +0200
renpy,2021-08-27 23:59:47 +0200
renpy,2021-08-27 23:59:01 +0200
renpy,2021-08-26 08:40:22 -0500
renpy,2021-08-26 08:38:27 -0500
renpy,2021-08-26 08:34:19 -0500
renpy,2021-08-26 04:24:48 -0400
renpy,2021-08-25 20:59:07 -0400
renpy,2021-08-25 20:40:33 -0400
renpy,2021-08-25 20:37:21 -0400
renpy,2021-08-25 20:34:02 -0400
renpy,2021-08-25 20:28:22 -0400
renpy,2021-08-25 20:15:24 -0400
renpy,2021-08-25 22:17:48 +0200
renpy,2021-08-25 10:11:35 -0400
renpy,2021-08-25 01:48:00 -0400
renpy,2021-08-25 01:19:38 -0400
renpy,2021-08-25 00:28:12 -0400
renpy,2021-08-24 23:48:54 -0400
renpy,2021-08-24 10:51:41 -0400
renpy,2021-08-24 16:46:32 +0200
renpy,2021-08-23 23:10:56 -0400
renpy,2021-08-23 23:05:45 -0400
renpy,2021-08-23 22:50:46 -0400
renpy,2021-08-23 22:31:47 -0400
renpy,2021-08-23 22:06:16 -0400
renpy,2021-08-23 21:56:04 -0400
renpy,2021-08-23 21:37:55 -0400
renpy,2021-08-23 03:37:10 +0200
renpy,2021-08-22 14:56:34 +0200
renpy,2021-08-22 01:44:13 -0400
renpy,2021-08-21 21:35:22 -0400
renpy,2021-08-20 21:31:53 -0400
renpy,2021-08-20 21:26:02 -0400
renpy,2021-08-19 21:31:59 -0400
renpy,2021-08-19 21:20:13 -0400
renpy,2021-08-19 21:19:51 -0400
renpy,2021-08-18 19:48:32 -0400
renpy,2021-08-17 18:34:08 -0400
renpy,2021-08-17 18:33:11 -0400
renpy,2021-08-17 18:21:21 -0400
renpy,2021-08-17 18:20:58 -0400
renpy,2021-08-17 19:39:36 +0200
renpy,2021-08-16 23:02:20 -0400
renpy,2021-08-16 22:43:41 -0400
renpy,2021-08-16 20:33:23 -0400
renpy,2021-08-16 22:30:15 +0100
renpy,2021-08-16 21:30:11 +0100
renpy,2021-08-16 21:29:34 +0100
renpy,2021-08-16 21:28:04 +0100
renpy,2021-08-15 04:51:02 +0100
renpy,2021-08-14 08:30:57 +0200
renpy,2021-08-14 08:30:18 +0200
renpy,2021-08-13 00:04:33 -0400
renpy,2021-08-12 22:41:42 -0400
renpy,2021-08-11 18:14:14 -0400
renpy,2021-08-10 10:56:53 +0200
renpy,2021-08-10 10:50:02 +0200
renpy,2021-08-10 10:46:01 +0200
renpy,2021-08-10 10:39:43 +0200
renpy,2021-08-10 10:36:56 +0200
renpy,2021-08-10 10:35:23 +0200
renpy,2021-08-10 10:14:37 +0200
renpy,2021-08-10 10:11:49 +0200
renpy,2021-08-10 10:10:09 +0200
renpy,2021-08-10 10:08:09 +0200
renpy,2021-08-09 05:17:25 +0200
renpy,2021-08-08 14:04:56 -0400
renpy,2021-08-08 19:42:58 +0200
renpy,2021-08-07 23:31:11 -0400
renpy,2021-08-07 22:47:33 -0400
renpy,2021-08-07 21:51:03 -0400
renpy,2021-08-06 20:36:24 -0400
renpy,2021-08-05 21:18:20 -0400
renpy,2021-08-04 21:51:44 -0400
renpy,2021-08-03 22:17:38 -0400
renpy,2021-08-03 19:58:29 -0400
renpy,2021-08-03 05:21:24 +0200
renpy,2021-08-02 20:04:39 -0400
renpy,2021-08-01 00:50:20 -0400
renpy,2021-07-31 23:05:17 -0400
renpy,2021-07-31 20:02:40 -0400
renpy,2021-07-31 19:45:03 -0400
renpy,2021-07-31 17:58:21 -0400
renpy,2021-07-31 17:55:57 -0400
renpy,2021-07-31 17:34:31 -0400
renpy,2021-07-31 17:20:40 -0400
renpy,2021-07-31 17:20:18 -0400
renpy,2021-07-31 17:09:22 -0400
renpy,2021-07-31 16:58:20 -0400
renpy,2021-07-31 16:25:38 -0400
renpy,2021-07-31 15:54:19 -0400
renpy,2021-07-31 15:35:00 -0400
renpy,2021-07-31 15:18:20 -0400
renpy,2021-07-31 15:13:54 -0400
renpy,2021-07-31 14:54:40 -0400
renpy,2021-07-31 12:27:34 -0400
renpy,2021-07-31 12:20:25 -0400
renpy,2021-07-30 22:34:01 -0400
renpy,2021-07-30 17:36:34 -0400
renpy,2021-07-29 22:05:12 -0400
renpy,2021-07-28 22:31:29 -0400
renpy,2021-07-28 20:40:01 -0400
renpy,2021-07-27 16:54:32 -0400
renpy,2021-07-27 16:43:47 -0400
renpy,2021-07-27 14:26:54 -0400
renpy,2021-07-26 21:53:40 -0400
renpy,2021-07-26 01:43:30 -0400
renpy,2021-07-25 22:53:49 -0500
renpy,2021-07-25 19:01:10 +0200
renpy,2021-07-25 12:03:22 -0400
renpy,2021-07-24 15:33:23 -0400
renpy,2021-07-24 10:18:07 -0400
renpy,2021-07-23 23:05:00 -0400
renpy,2021-07-23 15:47:48 -0500
renpy,2021-07-23 16:36:32 -0400
renpy,2021-07-23 15:34:32 -0500
renpy,2021-07-23 15:58:04 -0400
renpy,2021-07-23 20:57:04 +0200
renpy,2021-07-22 23:03:45 -0400
renpy,2021-07-22 22:50:41 -0400
renpy,2021-07-22 22:48:23 -0400
renpy,2021-07-22 20:31:07 -0500
renpy,2021-07-22 20:30:30 -0500
renpy,2021-07-22 20:26:53 -0500
renpy,2021-07-22 20:24:49 -0500
renpy,2021-07-22 20:23:21 -0500
renpy,2021-07-22 20:22:39 -0500
renpy,2021-07-22 20:22:16 -0500
renpy,2021-07-22 20:02:04 -0500
renpy,2021-07-22 20:01:24 -0500
renpy,2021-07-22 19:20:19 -0500
renpy,2021-07-22 19:15:03 -0500
renpy,2021-07-22 19:14:04 -0500
renpy,2021-07-22 19:11:40 -0500
renpy,2021-07-21 23:02:38 -0400
renpy,2021-07-21 22:42:22 -0400
renpy,2021-07-21 18:27:20 -0400
renpy,2021-07-21 17:10:39 -0400
renpy,2021-07-21 17:08:46 -0400
renpy,2021-07-22 00:06:56 +0300
renpy,2021-07-21 00:13:14 -0400
renpy,2021-07-21 00:07:31 -0400
renpy,2021-07-20 22:46:01 -0400
renpy,2021-07-20 22:45:41 -0400
renpy,2021-07-21 04:38:55 +0200
renpy,2021-07-20 22:30:19 -0400
renpy,2021-07-20 22:24:29 -0400
renpy,2021-07-20 22:20:33 -0400
renpy,2021-07-20 22:19:05 -0400
renpy,2021-07-20 22:07:28 -0400
renpy,2021-07-20 20:50:23 -0400
renpy,2021-07-20 20:45:13 -0400
renpy,2021-07-20 20:43:53 -0400
renpy,2021-07-21 00:36:24 +0100
renpy,2021-07-20 11:06:03 +0200
renpy,2021-06-12 23:15:30 +0200
renpy,2021-06-12 22:31:00 +0200
renpy,2021-05-11 16:39:24 +0200
renpy,2021-05-10 15:10:46 +0200
renpy,2021-07-20 00:11:27 -0400
renpy,2021-07-19 22:12:27 -0400
renpy,2021-07-19 22:09:29 -0400
renpy,2021-07-19 20:33:17 -0400
renpy,2021-07-19 18:44:58 +0200
renpy,2021-07-19 16:16:33 +0200
renpy,2021-07-19 00:14:44 -0400
renpy,2021-07-18 22:48:12 -0400
renpy,2021-07-18 22:31:04 -0400
renpy,2021-07-19 03:37:23 +0200
renpy,2021-07-19 03:36:30 +0200
renpy,2021-07-19 03:35:00 +0200
renpy,2021-07-19 03:33:29 +0200
renpy,2021-07-18 19:14:47 -0400
renpy,2021-07-18 17:32:32 -0400
renpy,2021-07-18 17:17:50 -0400
renpy,2021-07-18 17:09:33 -0400
renpy,2021-07-18 07:58:31 +0200
renpy,2021-07-18 07:50:57 +0200
renpy,2021-07-17 19:16:54 -0400
renpy,2021-07-16 21:59:55 -0400
renpy,2021-07-16 17:55:41 -0400
renpy,2021-07-16 17:53:54 -0400
renpy,2021-07-16 17:35:03 -0400
renpy,2021-07-15 22:51:33 -0400
renpy,2021-07-15 22:04:13 -0400
renpy,2021-07-15 21:54:08 -0400
renpy,2021-07-14 23:57:59 -0400
renpy,2021-07-15 05:18:21 +0200
renpy,2021-07-15 05:08:21 +0200
renpy,2021-07-15 05:04:17 +0200
renpy,2021-07-14 22:08:01 -0400
renpy,2021-07-13 22:54:40 -0400
renpy,2021-07-13 22:54:22 -0400
renpy,2021-07-13 18:50:59 -0400
renpy,2021-07-13 18:46:51 -0400
renpy,2021-07-13 17:25:37 -0400
renpy,2021-07-13 16:22:27 -0400
renpy,2021-07-12 19:21:58 -0400
renpy,2021-07-12 19:20:35 -0400
renpy,2021-07-12 17:26:24 +0200
renpy,2021-07-12 16:30:01 +0200
renpy,2021-07-11 20:44:45 -0400
renpy,2021-07-11 20:29:36 -0400
renpy,2021-07-11 14:43:58 -0400
renpy,2021-07-10 03:41:42 -0400
renpy,2021-07-10 04:23:17 +0200
renpy,2021-07-09 22:05:22 -0400
renpy,2021-07-10 04:16:29 +0200
renpy,2021-07-09 16:49:32 -0500
renpy,2021-07-08 22:26:28 -0400
renpy,2021-07-08 22:26:13 -0400
renpy,2021-07-08 18:15:55 +0200
renpy,2021-07-08 00:25:36 -0400
renpy,2021-07-07 22:30:22 -0400
renpy,2021-07-08 03:41:05 +0200
renpy,2021-07-08 02:31:00 +0200
renpy,2021-07-08 01:12:30 +0200
renpy,2021-07-07 06:14:09 +0200
renpy,2021-07-07 06:13:08 +0200
renpy,2021-07-07 06:10:21 +0200
renpy,2021-07-07 06:08:46 +0200
renpy,2021-07-07 05:17:04 +0200
renpy,2021-07-07 04:29:31 +0200
renpy,2021-07-07 04:26:02 +0200
renpy,2021-07-07 04:24:47 +0200
renpy,2021-07-07 04:21:33 +0200
renpy,2021-07-07 04:20:07 +0200
renpy,2021-07-06 20:40:37 -0400
renpy,2021-07-06 02:29:24 -0400
renpy,2021-07-05 21:38:16 -0400
renpy,2021-07-04 20:11:28 -0400
renpy,2021-07-04 21:39:11 +0200
renpy,2021-07-04 21:38:33 +0200
renpy,2021-07-03 23:01:32 -0400
renpy,2021-07-03 22:29:51 -0400
renpy,2021-07-03 22:09:27 -0400
renpy,2021-07-02 17:59:24 -0400
renpy,2021-07-01 22:12:38 -0500
renpy,2021-07-01 21:49:21 -0500
renpy,2021-07-01 21:25:23 -0400
renpy,2021-07-01 19:23:11 -0400
renpy,2021-07-01 19:21:06 -0400
renpy,2021-07-01 15:34:57 -0500
renpy,2021-07-01 12:42:37 -0500
renpy,2021-07-01 12:34:59 -0500
renpy,2021-07-01 12:15:26 -0500
renpy,2021-07-01 12:12:45 -0500
renpy,2021-07-01 12:11:44 -0500
renpy,2021-07-01 12:06:42 -0500
renpy,2021-06-30 21:59:17 -0400
renpy,2021-06-30 21:41:16 -0400
renpy,2021-06-29 21:27:01 -0400
renpy,2021-06-28 21:16:12 -0400
renpy,2021-06-27 20:03:07 -0400
renpy,2021-06-26 18:09:36 -0400
renpy,2021-06-26 15:24:03 +0200
renpy,2021-06-25 19:39:14 -0400
renpy,2021-06-24 00:59:50 -0400
renpy,2021-06-24 00:58:38 -0400
renpy,2021-06-24 00:57:23 -0400
renpy,2021-06-23 23:15:12 -0400
renpy,2021-06-23 22:45:31 -0400
renpy,2021-06-23 22:38:19 -0400
renpy,2021-06-23 21:45:55 -0400
renpy,2021-06-23 21:36:28 -0400
renpy,2021-06-23 21:32:51 -0400
renpy,2021-06-23 21:27:18 -0400
renpy,2021-06-23 21:10:51 -0400
renpy,2021-06-23 21:00:29 -0400
renpy,2021-06-23 20:54:30 -0400
renpy,2021-06-23 01:06:15 -0400
renpy,2021-06-22 00:59:17 -0400
renpy,2021-06-21 11:48:36 -0500
renpy,2021-06-21 03:01:44 -0400
renpy,2021-06-20 23:07:54 -0400
renpy,2021-06-19 22:49:41 -0400
renpy,2021-06-18 21:43:38 -0400
renpy,2021-06-17 17:50:57 -0400
renpy,2021-06-16 23:12:28 -0400
renpy,2021-06-15 20:52:49 -0400
renpy,2021-06-14 20:55:23 -0400
renpy,2021-06-12 14:33:44 -0400
renpy,2021-06-12 14:28:00 -0400
renpy,2021-06-12 13:17:30 -0400
renpy,2021-06-12 12:29:29 -0400
renpy,2021-06-12 02:48:53 -0400
renpy,2021-06-11 20:28:51 -0400
renpy,2021-06-10 18:08:52 -0400
renpy,2021-06-09 22:44:21 -0400
renpy,2021-06-09 22:21:10 -0400
renpy,2021-06-09 19:19:44 -0400
renpy,2021-06-09 19:12:16 -0400
renpy,2021-06-09 19:08:34 -0400
renpy,2021-06-09 18:56:12 -0400
renpy,2021-06-08 21:49:26 -0400
renpy,2021-06-07 17:52:10 -0400
renpy,2021-06-07 17:40:47 -0400
renpy,2021-06-07 00:59:47 -0400
renpy,2021-06-06 20:22:58 -0400
renpy,2021-06-06 16:56:02 -0400
renpy,2021-06-06 16:23:04 -0400
renpy,2021-06-06 20:49:19 +0200
renpy,2021-06-06 12:04:04 -0400
renpy,2021-06-06 11:47:31 -0400
renpy,2021-06-06 10:50:26 -0400
renpy,2021-06-06 10:48:25 -0400
renpy,2021-06-06 10:41:02 -0400
renpy,2021-06-05 21:21:55 -0400
renpy,2021-06-05 01:44:46 -0400
renpy,2021-06-05 01:19:55 -0400
renpy,2021-06-04 19:45:35 -0400
renpy,2021-06-03 22:29:42 -0400
renpy,2021-06-02 18:14:12 -0400
renpy,2021-06-02 02:13:46 -0400
renpy,2021-06-01 18:52:20 -0400
renpy,2021-06-01 18:32:55 -0400
renpy,2021-06-01 00:06:23 -0400
renpy,2021-05-31 21:36:00 -0400
renpy,2021-05-31 16:01:43 -0400
renpy,2021-05-31 14:19:45 -0400
renpy,2021-05-31 01:54:21 -0400
renpy,2021-05-30 18:20:49 -0400
renpy,2021-05-30 11:11:38 -0400
renpy,2021-05-29 19:19:30 -0400
renpy,2021-05-28 19:45:24 -0400
renpy,2021-05-28 01:28:12 -0400
renpy,2021-05-27 00:04:53 -0400
renpy,2021-05-26 00:37:26 -0400
renpy,2021-05-25 20:37:22 -0400
renpy,2021-05-24 22:06:07 -0400
renpy,2021-05-24 21:29:42 -0400
renpy,2021-05-24 20:15:23 -0400
renpy,2021-05-24 19:37:34 -0400
renpy,2021-05-24 18:36:10 -0400
renpy,2021-05-24 18:20:41 -0400
renpy,2021-05-24 18:19:29 -0400
renpy,2021-05-24 17:06:45 +0200
renpy,2021-05-24 17:03:46 +0200
renpy,2021-05-23 17:41:44 -0400
renpy,2021-05-23 16:55:19 -0400
renpy,2021-05-23 21:02:11 +0200
renpy,2021-05-23 21:00:46 +0200
renpy,2021-05-23 14:43:46 -0400
renpy,2021-05-23 14:37:14 -0400
renpy,2021-05-22 20:04:20 -0400
renpy,2021-05-21 20:33:13 -0400
renpy,2021-05-21 19:52:21 -0400
renpy,2021-05-21 19:18:41 -0400
renpy,2021-05-21 11:24:17 -0400
renpy,2021-05-21 17:22:08 +0200
renpy,2021-05-20 20:51:32 -0400
renpy,2021-05-19 12:19:36 +0200
renpy,2021-05-19 00:56:47 -0400
renpy,2021-05-19 00:30:18 -0400
renpy,2021-05-19 00:10:55 -0400
renpy,2021-05-18 23:26:19 -0400
renpy,2021-05-18 23:22:42 -0400
renpy,2021-05-18 23:19:56 -0400
renpy,2021-05-18 23:17:40 -0400
renpy,2021-05-17 19:13:33 -0400
renpy,2021-05-17 09:00:49 -0400
renpy,2021-05-17 08:59:37 -0400
renpy,2021-05-17 08:47:23 -0400
renpy,2021-05-17 01:36:03 -0400
renpy,2021-05-16 18:18:58 -0400
renpy,2021-05-16 03:09:23 -0400
renpy,2021-05-14 02:02:16 -0400
renpy,2021-05-13 19:11:19 -0400
renpy,2021-05-13 19:06:36 -0400
renpy,2021-05-12 21:31:31 -0400
renpy,2021-05-12 20:25:49 -0400
renpy,2021-05-11 08:50:36 -0400
renpy,2021-05-11 01:21:09 -0400
renpy,2021-05-09 23:40:49 -0400
renpy,2021-05-09 23:37:19 -0400
renpy,2021-05-09 23:08:03 -0400
renpy,2021-05-09 22:21:49 -0400
renpy,2021-05-09 22:16:29 -0400
renpy,2021-05-09 22:14:12 -0400
renpy,2021-05-09 02:20:18 -0400
renpy,2021-05-09 02:19:11 -0400
renpy,2021-05-09 02:15:57 -0400
renpy,2021-05-09 02:13:24 -0400
renpy,2021-05-09 02:12:35 -0400
renpy,2021-05-08 22:00:55 -0400
renpy,2021-05-07 23:34:32 -0400
renpy,2021-05-07 23:23:59 -0400
renpy,2021-05-07 23:18:05 -0400
renpy,2021-05-08 05:17:17 +0200
renpy,2021-05-07 23:04:00 -0400
renpy,2021-05-07 22:44:49 -0400
renpy,2021-05-07 22:29:21 -0400
renpy,2021-05-06 21:01:54 -0400
renpy,2021-05-06 02:58:35 -0400
renpy,2021-05-05 18:08:29 -0400
renpy,2021-05-06 00:04:58 +0200
renpy,2021-05-05 22:47:11 +0200
renpy,2021-05-04 00:05:08 -0400
renpy,2021-05-03 23:54:15 -0400
renpy,2021-05-03 20:52:49 -0400
renpy,2021-05-04 01:13:23 +0200
renpy,2021-05-02 21:48:16 -0400
renpy,2021-05-02 20:41:50 -0400
renpy,2021-05-02 13:10:54 -0400
renpy,2021-05-02 13:09:06 -0400
renpy,2021-05-02 12:58:10 -0400
renpy,2021-05-02 06:36:44 +0200
renpy,2021-05-02 00:13:41 -0400
renpy,2021-05-02 00:13:30 -0400
renpy,2021-05-01 00:34:07 -0400
renpy,2021-04-30 23:47:35 -0400
renpy,2021-04-30 23:46:11 -0400
renpy,2021-04-30 02:57:15 -0400
renpy,2021-04-29 21:43:02 -0400
renpy,2021-04-28 23:01:21 -0400
renpy,2021-04-28 22:12:26 -0400
renpy,2021-04-28 21:05:02 -0500
renpy,2021-04-29 01:44:43 +0900
renpy,2021-04-29 01:43:04 +0900
renpy,2021-04-29 01:40:10 +0900
renpy,2021-04-29 01:38:06 +0900
renpy,2021-04-29 01:32:36 +0900
renpy,2021-04-29 01:30:30 +0900
renpy,2021-04-29 01:25:47 +0900
renpy,2021-04-29 01:19:57 +0900
renpy,2021-04-29 01:16:53 +0900
renpy,2021-04-29 01:11:30 +0900
renpy,2021-04-29 01:07:22 +0900
renpy,2021-04-29 01:04:15 +0900
renpy,2021-04-28 07:05:35 -0500
renpy,2021-04-28 07:04:41 -0500
renpy,2021-04-28 07:02:01 -0500
renpy,2021-04-28 01:02:35 -0400
renpy,2021-04-27 23:43:11 -0400
renpy,2021-04-27 23:41:53 -0400
renpy,2021-04-27 01:25:27 -0400
renpy,2021-04-27 01:23:35 -0400
renpy,2021-04-26 20:47:38 -0400
renpy,2021-04-25 22:33:28 -0400
renpy,2021-04-25 22:24:46 -0400
renpy,2021-04-25 21:32:35 -0400
renpy,2021-04-24 22:08:33 -0400
renpy,2021-04-23 22:42:48 -0400
renpy,2021-04-22 22:24:44 -0400
renpy,2021-04-21 20:24:31 -0400
renpy,2021-04-21 20:24:06 -0400
renpy,2021-04-20 22:06:04 -0400
renpy,2021-04-20 22:03:03 -0400
renpy,2021-04-19 11:31:07 -0400
renpy,2021-04-19 02:03:03 -0400
renpy,2021-04-18 17:21:24 -0400
renpy,2021-04-18 15:32:21 -0400
renpy,2021-04-18 19:40:01 +0200
renpy,2021-04-18 00:13:33 -0400
renpy,2021-04-17 23:57:09 -0400
renpy,2021-04-17 22:22:30 -0400
renpy,2021-04-16 23:27:15 -0400
renpy,2021-04-16 22:40:20 -0400
renpy,2021-04-15 15:46:34 -0400
renpy,2021-04-14 01:34:39 -0400
renpy,2021-04-14 01:24:14 -0400
renpy,2021-04-14 00:35:27 -0400
renpy,2021-04-14 00:25:09 -0400
renpy,2021-04-13 20:00:47 -0400
renpy,2021-04-13 19:52:43 -0400
renpy,2021-04-13 01:19:31 -0400
renpy,2021-04-13 00:16:04 -0400
renpy,2021-04-12 21:58:11 -0400
renpy,2021-04-12 21:51:42 -0400
renpy,2021-04-12 21:02:28 -0400
renpy,2021-04-12 19:24:28 -0400
renpy,2021-04-12 20:33:01 +0200
renpy,2021-04-12 20:25:27 +0200
renpy,2021-04-11 23:54:47 -0400
renpy,2021-04-11 22:33:10 -0400
renpy,2021-04-10 23:30:33 -0400
renpy,2021-04-09 22:24:00 -0400
renpy,2021-04-08 09:53:04 -0400
renpy,2021-04-07 21:55:01 -0400
renpy,2021-04-06 22:51:44 -0400
renpy,2021-04-06 21:24:15 -0400
renpy,2021-04-06 02:23:15 -0400
renpy,2021-04-05 21:02:07 -0400
renpy,2021-04-05 01:33:01 +0200
renpy,2021-04-04 13:26:54 -0400
renpy,2021-04-03 19:46:40 -0400
renpy,2021-04-03 14:15:19 -0400
renpy,2021-04-02 23:16:32 -0400
renpy,2021-04-02 23:12:07 -0400
renpy,2021-04-01 17:53:58 -0400
renpy,2021-03-31 17:18:39 -0400
renpy,2021-03-30 19:44:33 -0400
renpy,2021-03-30 01:13:38 -0400
renpy,2021-03-29 19:06:24 -0400
renpy,2021-03-28 23:02:39 -0400
renpy,2021-03-28 14:54:28 -0400
renpy,2021-03-27 12:48:51 -0400
renpy,2021-03-27 00:30:41 -0400
renpy,2021-03-26 00:26:47 -0400
renpy,2021-03-25 22:55:13 -0400
renpy,2021-03-25 22:52:49 -0400
renpy,2021-03-25 18:35:52 -0400
renpy,2021-03-24 23:33:12 -0400
renpy,2021-03-24 23:14:51 -0400
renpy,2021-03-23 23:26:06 -0400
renpy,2021-03-23 23:11:18 -0400
renpy,2021-03-22 19:53:34 -0400
renpy,2021-03-22 21:43:43 +0100
renpy,2021-03-22 21:42:03 +0100
renpy,2021-03-22 21:27:13 +0100
renpy,2021-03-22 21:26:50 +0100
renpy,2021-03-22 21:26:11 +0100
renpy,2021-03-21 14:04:25 -0400
renpy,2021-03-21 16:13:45 +1100
renpy,2021-03-20 21:36:49 -0400
renpy,2021-03-19 22:50:24 -0400
renpy,2021-03-20 12:18:18 +1100
renpy,2021-03-18 19:33:39 -0400
renpy,2021-03-17 20:51:24 -0400
renpy,2021-03-16 23:49:48 -0400
renpy,2021-03-16 23:08:46 -0400
renpy,2021-03-16 22:47:17 -0400
renpy,2021-03-16 22:42:32 -0400
renpy,2021-03-15 23:10:32 -0400
renpy,2021-03-14 17:43:46 -0400
renpy,2021-03-14 17:37:30 -0400
renpy,2021-03-14 17:03:53 -0400
renpy,2021-03-13 23:13:22 -0500
renpy,2021-03-13 21:19:54 -0500
renpy,2021-03-13 21:00:15 -0500
renpy,2021-03-13 21:33:29 +0200
renpy,2021-03-13 13:30:58 -0500
renpy,2021-03-13 19:29:13 +0100
renpy,2021-03-13 19:24:17 +0100
renpy,2021-03-12 17:29:13 -0500
renpy,2021-03-12 11:41:55 +0100
renpy,2021-03-12 00:00:51 -0500
renpy,2021-03-12 02:08:32 +0200
renpy,2021-03-10 23:14:08 -0500
renpy,2021-03-10 01:59:45 -0500
renpy,2021-03-09 22:39:08 -0500
renpy,2021-03-09 21:01:03 +0200
renpy,2021-03-09 00:56:34 -0500
renpy,2021-03-08 02:08:37 -0500
renpy,2021-03-08 00:23:04 -0500
renpy,2021-03-07 15:33:56 -0500
renpy,2021-03-07 15:30:52 -0500
renpy,2021-03-07 13:31:38 -0500
renpy,2021-03-07 13:04:56 -0500
renpy,2021-03-07 12:34:35 -0500
renpy,2021-03-07 01:52:00 -0500
renpy,2021-03-07 01:43:48 -0500
renpy,2021-03-05 20:09:46 -0500
renpy,2021-03-05 13:31:06 -0500
renpy,2021-03-05 13:26:43 -0500
renpy,2021-03-04 21:48:19 -0500
renpy,2021-03-03 22:16:17 -0500
renpy,2021-03-03 21:03:49 +0100
renpy,2021-03-03 16:27:28 +0100
renpy,2021-03-03 12:17:56 +0100
renpy,2021-03-03 12:14:39 +0100
renpy,2021-03-02 23:00:07 -0500
renpy,2021-03-02 22:46:34 -0500
renpy,2021-03-02 02:11:31 -0500
renpy,2021-03-02 00:16:53 -0500
renpy,2021-03-01 23:13:51 -0500
renpy,2021-03-01 22:47:59 -0500
renpy,2021-02-28 23:36:18 -0500
renpy,2021-02-28 23:40:36 -0500
renpy,2021-02-28 22:18:24 -0500
renpy,2021-02-27 21:42:34 -0500
renpy,2021-02-27 21:42:26 -0500
renpy,2021-02-27 19:23:03 +0100
renpy,2021-02-26 23:54:44 -0500
renpy,2021-02-26 22:41:40 -0500
renpy,2021-02-25 20:08:08 -0500
renpy,2021-02-25 17:24:33 -0500
renpy,2021-02-25 21:48:26 +0100
renpy,2021-02-24 23:49:42 -0500
renpy,2021-02-24 22:41:02 -0500
renpy,2021-02-24 22:40:28 -0500
renpy,2021-02-25 02:42:35 +0100
renpy,2021-02-25 02:36:50 +0100
renpy,2021-02-25 02:34:20 +0100
renpy,2021-02-25 02:26:08 +0100
renpy,2021-02-25 02:22:03 +0100
renpy,2021-02-25 02:16:46 +0100
renpy,2021-02-25 02:02:17 +0100
renpy,2021-02-25 00:00:19 +0100
renpy,2021-02-24 22:49:00 +0100
renpy,2021-02-24 22:48:53 +0100
renpy,2021-02-24 22:47:05 +0100
renpy,2021-02-24 22:46:58 +0100
renpy,2021-02-24 22:46:38 +0100
renpy,2021-02-24 17:29:57 +0100
renpy,2021-02-24 00:12:56 -0500
renpy,2021-02-24 00:10:32 -0500
renpy,2021-02-23 17:33:46 -0500
renpy,2021-02-23 19:01:58 +0100
renpy,2021-02-23 18:49:51 +0100
renpy,2021-02-22 23:55:06 -0500
renpy,2021-02-22 23:48:13 -0500
renpy,2021-02-22 23:22:26 -0500
renpy,2021-02-23 01:50:54 +0200
renpy,2021-02-23 01:43:33 +0200
renpy,2021-02-22 23:33:38 +0100
renpy,2021-02-23 00:26:21 +0200
renpy,2021-02-22 21:18:08 +0100
renpy,2021-02-22 19:27:14 +0100
renpy,2021-02-22 18:51:03 +0100
renpy,2021-02-22 01:02:48 -0500
renpy,2021-02-21 22:10:20 -0500
renpy,2021-02-21 19:08:18 -0500
renpy,2021-02-21 15:37:06 -0500
renpy,2021-02-21 12:50:49 -0500
renpy,2021-02-21 10:33:20 -0500
renpy,2021-02-21 09:54:14 -0500
renpy,2021-02-20 23:17:40 -0500
renpy,2021-02-20 23:08:20 -0500
renpy,2021-02-20 20:52:51 -0500
renpy,2021-02-20 22:07:40 +0100
renpy,2021-02-20 22:05:32 +0100
renpy,2021-02-20 08:29:31 -0600
renpy,2021-02-20 08:26:49 -0600
renpy,2021-02-19 22:10:41 -0500
renpy,2021-02-19 20:46:16 -0500
renpy,2021-02-19 16:05:48 -0400
renpy,2021-02-19 15:55:03 -0400
renpy,2021-02-19 05:36:55 -0400
renpy,2021-02-18 21:15:32 -0500
renpy,2021-02-18 22:33:22 +0200
renpy,2021-02-18 18:23:47 +0200
renpy,2021-02-18 02:10:42 -0500
renpy,2021-02-17 21:50:59 -0500
renpy,2021-02-17 20:48:24 -0500
renpy,2021-02-17 01:03:49 -0500
renpy,2021-02-16 20:17:03 -0500
renpy,2021-02-16 18:54:48 -0500
renpy,2021-02-16 12:56:38 -0500
renpy,2021-02-16 09:16:42 -0500
renpy,2021-02-16 10:33:06 +0100
renpy,2021-02-15 22:42:13 -0500
renpy,2021-02-14 22:49:14 -0500
renpy,2021-02-14 11:18:33 -0500
renpy,2021-02-14 01:45:06 -0500
renpy,2021-02-14 00:44:16 -0500
renpy,2021-02-14 03:38:49 +0100
renpy,2021-02-14 01:01:55 +0100
renpy,2021-02-14 00:42:00 +0100
renpy,2021-02-13 18:41:47 -0500
renpy,2021-02-13 00:31:34 -0500
renpy,2021-02-11 22:46:36 -0500
renpy,2021-02-10 23:25:35 -0500
renpy,2021-02-10 21:11:37 -0500
renpy,2021-02-09 00:26:37 -0500
renpy,2021-02-09 00:18:41 -0500
renpy,2021-02-08 22:52:08 -0500
renpy,2021-02-07 22:37:19 -0500
renpy,2021-02-07 01:37:10 -0500
renpy,2021-02-07 00:34:21 -0600
renpy,2021-02-06 23:09:09 -0500
renpy,2021-02-06 17:22:29 -0400
renpy,2021-02-05 21:10:19 -0500
renpy,2021-02-04 23:05:00 -0500
renpy,2021-02-04 22:52:08 -0500
renpy,2021-02-03 22:41:52 -0500
renpy,2021-02-03 17:27:52 -0500
renpy,2021-02-02 22:48:35 -0500
renpy,2021-02-02 22:23:28 -0500
renpy,2021-02-02 22:15:38 -0500
renpy,2021-02-02 16:38:53 +0000
renpy,2021-02-01 22:17:23 -0500
renpy,2021-02-01 22:14:47 -0500
renpy,2021-02-01 18:15:01 -0500
renpy,2021-01-31 15:02:45 -0500
renpy,2021-01-31 01:13:06 -0500
renpy,2021-01-30 21:35:43 -0500
renpy,2021-01-30 19:24:06 -0500
renpy,2021-01-30 19:22:35 -0500
renpy,2021-01-30 16:36:18 -0500
renpy,2021-01-29 21:53:23 -0500
renpy,2021-01-29 21:12:07 -0500
renpy,2021-01-29 20:16:25 -0500
renpy,2021-01-29 19:16:15 -0500
renpy,2021-01-28 23:59:40 -0500
renpy,2021-01-28 23:36:40 -0500
renpy,2021-01-27 23:04:54 -0500
renpy,2021-01-26 21:12:28 -0500
renpy,2021-01-26 18:03:22 -0500
renpy,2021-01-26 12:39:09 +0100
renpy,2021-01-26 12:25:52 +0100
renpy,2021-01-26 12:18:42 +0100
renpy,2021-01-26 01:00:49 -0500
renpy,2021-01-26 00:57:18 -0500
renpy,2021-01-26 05:00:23 +0200
renpy,2021-01-25 21:08:46 -0500
renpy,2021-01-24 21:25:55 -0500
renpy,2021-01-23 23:33:34 -0500
renpy,2021-01-23 23:21:23 -0500
renpy,2021-01-23 18:54:22 -0500
renpy,2021-01-22 21:30:20 -0500
renpy,2021-01-22 01:50:31 -0500
renpy,2021-01-21 22:51:22 -0500
renpy,2021-01-21 22:07:03 -0500
renpy,2021-01-21 22:06:12 -0500
renpy,2021-01-21 21:59:30 -0500
renpy,2021-01-21 21:46:44 -0500
renpy,2021-01-21 21:44:46 -0500
renpy,2021-01-22 03:39:55 +0200
renpy,2021-01-22 03:39:26 +0200
renpy,2021-01-21 20:12:59 -0500
renpy,2021-01-21 08:41:51 -0500
renpy,2021-01-21 08:17:54 -0500
renpy,2021-01-21 01:12:05 -0500
renpy,2021-01-21 00:29:43 -0500
renpy,2021-01-21 00:02:55 -0500
renpy,2021-01-21 05:00:44 +0200
renpy,2021-01-20 21:19:58 -0500
renpy,2021-01-21 00:29:53 +0100
renpy,2021-01-20 18:22:39 -0500
renpy,2021-01-20 01:59:22 -0500
renpy,2021-01-20 01:34:12 -0500
renpy,2021-01-20 01:33:45 -0500
renpy,2021-01-20 01:09:24 -0500
renpy,2021-01-20 00:09:18 -0500
renpy,2021-01-19 19:02:12 -0500
renpy,2021-01-19 09:36:20 -0500
renpy,2021-01-19 00:40:22 -0500
renpy,2021-01-18 22:51:08 -0500
renpy,2021-01-17 22:15:57 -0500
renpy,2021-01-17 21:35:20 -0500
renpy,2021-01-17 02:32:48 -0500
renpy,2021-01-17 02:05:39 -0500
renpy,2021-01-17 01:59:02 -0500
renpy,2021-01-17 01:27:47 -0500
renpy,2021-01-17 01:13:55 -0500
renpy,2021-01-17 00:36:16 -0500
renpy,2021-01-17 00:33:32 -0500
renpy,2021-01-17 00:14:10 -0500
renpy,2021-01-17 00:01:45 -0500
renpy,2021-01-16 23:46:53 -0500
renpy,2021-01-16 22:10:45 -0500
renpy,2021-01-16 22:09:43 -0500
renpy,2021-01-16 21:39:49 -0500
renpy,2021-01-16 20:31:15 -0500
renpy,2021-01-16 14:29:22 -0500
renpy,2021-01-16 14:20:51 -0500
renpy,2021-01-16 13:16:16 -0500
renpy,2021-01-16 11:14:09 -0500
renpy,2021-01-16 11:12:19 -0500
renpy,2021-01-14 21:54:17 -0500
renpy,2021-01-14 21:24:58 -0500
renpy,2021-01-14 21:20:36 -0500
renpy,2021-01-14 19:15:46 -0500
renpy,2021-01-14 01:55:59 -0800
renpy,2021-01-14 01:11:35 -0500
renpy,2021-01-13 22:22:44 -0500
renpy,2021-01-14 00:58:11 +0100
renpy,2021-01-11 23:33:19 -0500
renpy,2021-01-10 22:53:42 -0500
renpy,2021-01-10 22:53:14 -0500
renpy,2021-01-10 22:51:59 -0500
renpy,2021-01-10 22:33:06 -0500
renpy,2021-01-09 21:26:13 -0500
renpy,2021-01-09 02:25:07 -0500
renpy,2021-01-09 02:23:58 -0500
renpy,2021-01-09 02:17:03 -0500
renpy,2021-01-08 21:08:22 -0500
renpy,2021-01-08 00:30:51 -0500
renpy,2021-01-07 22:40:52 -0500
renpy,2021-01-07 21:32:15 -0500
renpy,2021-01-06 19:33:46 -0500
renpy,2021-01-06 09:59:17 -0500
renpy,2021-01-06 09:59:03 -0500
renpy,2021-01-06 02:07:26 -0500
renpy,2021-01-06 01:31:30 -0500
renpy,2021-01-05 23:06:37 -0500
renpy,2021-01-05 22:33:14 -0500
renpy,2021-01-05 17:08:20 +0200
renpy,2021-01-05 09:29:55 -0500
renpy,2021-01-04 23:25:59 -0500
renpy,2021-01-05 07:33:00 +0200
renpy,2021-01-04 22:53:25 -0500
renpy,2021-01-03 21:00:17 -0500
renpy,2021-01-03 19:59:06 -0500
renpy,2021-01-03 19:42:49 -0500
renpy,2021-01-03 19:36:03 -0500
renpy,2021-01-03 15:29:03 -0500
renpy,2021-01-03 14:57:41 -0500
renpy,2021-01-03 13:12:27 -0500
renpy,2021-01-03 12:54:47 -0500
renpy,2021-01-03 11:52:12 +0000
renpy,2021-01-02 17:25:45 -0500
renpy,2021-01-02 16:28:58 -0500
renpy,2021-01-02 00:58:18 -0500
renpy,2021-01-02 00:19:29 -0500
renpy,2021-01-02 03:36:45 +0200
renpy,2021-01-01 17:27:54 -0500
renpy,2021-01-01 14:41:17 -0600
renpy,2021-01-01 14:40:07 -0600
renpy,2021-01-01 14:37:20 -0600
renpy,2021-01-01 00:38:08 -0500
renpy,2021-01-01 00:31:54 -0500
renpy,2021-01-01 00:01:18 -0500
renpy,2020-12-30 22:46:13 -0500
renpy,2020-12-31 05:40:18 +0200
renpy,2020-12-30 22:39:22 -0500
renpy,2020-12-31 05:34:42 +0200
renpy,2020-12-30 21:55:24 -0500
renpy,2020-12-30 21:53:41 -0500
renpy,2020-12-29 21:10:40 -0500
renpy,2020-12-29 20:19:44 -0500
renpy,2020-12-29 20:10:31 -0500
renpy,2020-12-30 02:58:16 +0200
renpy,2020-12-29 19:35:31 -0500
renpy,2020-12-29 15:09:57 -0500
renpy,2020-12-29 01:35:06 -0500
renpy,2020-12-29 01:24:26 -0500
renpy,2020-12-28 21:38:41 -0500
renpy,2020-12-27 22:29:56 -0500
renpy,2020-12-27 21:33:40 -0500
renpy,2020-12-28 00:11:21 +0100
renpy,2020-12-28 02:31:09 +0800
renpy,2020-12-27 13:17:18 -0500
renpy,2020-12-27 18:38:58 +0100
renpy,2020-12-27 17:26:45 +0100
renpy,2020-12-27 17:21:57 +0100
renpy,2020-12-27 08:21:31 -0500
renpy,2020-12-26 22:20:53 -0500
renpy,2020-12-26 22:12:33 -0500
renpy,2020-12-26 22:09:29 -0500
renpy,2020-12-26 22:01:44 -0500
renpy,2020-12-26 21:44:44 -0500
renpy,2020-12-26 19:24:23 -0500
renpy,2020-12-26 18:04:15 -0500
renpy,2020-12-26 17:48:59 -0500
renpy,2020-12-25 23:05:31 +0200
renpy,2020-12-25 15:13:54 -0500
renpy,2020-12-25 21:39:04 +0200
renpy,2020-12-25 14:05:50 -0500
renpy,2020-12-25 14:05:28 -0500
renpy,2020-12-25 13:42:08 -0500
renpy,2020-12-25 19:33:06 +0200
renpy,2020-12-25 11:55:19 -0500
renpy,2020-12-25 16:22:10 +0000
renpy,2020-12-25 21:42:15 +0900
renpy,2020-12-25 02:04:02 -0500
renpy,2020-12-25 01:59:03 -0500
renpy,2020-12-24 19:43:13 -0500
renpy,2020-12-24 18:51:48 -0500
renpy,2020-12-24 23:05:36 +0000
renpy,2020-12-24 16:18:34 -0500
renpy,2020-12-25 01:24:41 +0900
renpy,2020-12-25 00:59:54 +0900
renpy,2020-12-24 13:23:20 +0100
renpy,2020-12-23 19:46:15 -0500
renpy,2020-12-23 19:28:43 -0500
renpy,2020-12-22 21:38:03 -0500
renpy,2020-12-22 21:36:38 -0500
renpy,2020-12-22 09:24:23 +0100
renpy,2020-12-21 21:45:46 -0500
renpy,2020-12-21 09:17:09 +0100
renpy,2020-12-21 09:16:48 +0100
renpy,2020-12-21 09:15:50 +0100
renpy,2020-12-21 02:03:55 -0500
renpy,2020-12-20 23:24:33 -0500
renpy,2020-12-20 22:50:14 -0500
renpy,2020-12-19 14:35:28 -0500
renpy,2020-12-19 14:25:35 -0500
renpy,2020-12-19 16:25:06 +0900
renpy,2020-12-19 16:21:51 +0900
renpy,2020-12-18 22:48:02 -0500
renpy,2020-12-18 15:39:09 +0100
renpy,2020-12-18 15:59:19 +0200
renpy,2020-12-18 07:04:29 -0600
renpy,2020-12-18 06:52:13 -0600
renpy,2020-12-17 23:40:27 -0500
renpy,2020-12-17 23:28:08 -0500
renpy,2020-12-18 00:34:38 +0200
renpy,2020-12-18 00:25:11 +0200
renpy,2020-12-17 17:13:08 -0500
renpy,2020-12-17 23:51:59 +0800
renpy,2020-12-17 23:51:06 +0800
renpy,2020-12-17 23:34:11 +0800
renpy,2020-12-17 23:31:26 +0800
renpy,2020-12-17 23:29:45 +0800
renpy,2020-12-17 22:38:34 +0800
renpy,2020-12-17 22:31:48 +0800
renpy,2020-12-16 20:01:00 -0500
renpy,2020-12-16 19:56:02 -0500
renpy,2020-12-16 19:54:37 -0500
renpy,2020-12-16 18:06:30 +0200
renpy,2020-12-17 00:26:12 +0900
renpy,2020-12-17 00:17:49 +0900
renpy,2020-12-16 09:33:05 -0500
renpy,2020-12-16 09:32:54 -0500
renpy,2020-12-16 09:31:38 -0500
renpy,2020-12-16 08:50:44 +0200
renpy,2020-12-16 08:47:15 +0200
renpy,2020-12-16 08:45:41 +0200
renpy,2020-12-16 08:30:09 +0200
renpy,2020-12-16 08:06:48 +0200
renpy,2020-12-16 00:53:55 -0500
renpy,2020-12-15 22:53:35 -0500
renpy,2020-12-16 03:49:27 +0200
renpy,2020-12-15 10:24:21 -0600
renpy,2020-12-15 10:20:41 -0600
renpy,2020-12-15 10:18:19 -0600
renpy,2020-12-15 00:02:54 -0500
renpy,2020-12-14 21:26:23 -0500
renpy,2020-12-14 20:55:28 -0500
renpy,2020-12-14 01:31:14 -0500
renpy,2020-12-13 18:25:01 -0500
renpy,2020-12-11 22:52:37 -0500
renpy,2020-12-11 22:49:58 -0500
renpy,2020-12-10 23:09:36 -0500
renpy,2020-12-09 01:07:46 -0500
renpy,2020-12-08 19:08:48 -0500
renpy,2020-12-08 17:54:11 -0500
renpy,2020-12-07 22:41:48 -0500
renpy,2020-12-07 22:33:21 +0100
renpy,2020-12-07 05:04:52 +0200
renpy,2020-12-05 19:00:36 -0500
renpy,2020-12-05 18:24:20 -0500
renpy,2020-12-04 23:00:02 -0500
renpy,2020-12-03 23:08:06 -0500
renpy,2020-12-02 23:17:42 -0500
renpy,2020-12-03 02:40:22 +0200
renpy,2020-12-03 01:43:04 +0200
renpy,2020-12-02 18:40:42 +0200
renpy,2020-12-01 01:37:11 -0500
renpy,2020-12-01 01:29:31 -0500
renpy,2020-11-30 22:20:40 -0500
renpy,2020-11-29 21:30:15 +0200
renpy,2020-11-29 21:19:05 +0200
renpy,2020-11-29 20:55:21 +0200
renpy,2020-11-29 20:20:50 +0200
renpy,2020-11-29 12:03:00 -0500
renpy,2020-11-28 12:34:44 +0200
renpy,2020-11-27 18:21:51 -0500
renpy,2020-11-27 15:11:14 +0900
renpy,2020-11-27 15:06:57 +0900
renpy,2020-11-26 12:12:30 -0800
renpy,2020-11-26 02:24:00 -0500
renpy,2020-11-25 22:10:45 -0500
renpy,2020-11-25 22:05:02 -0500
renpy,2020-11-25 21:55:04 -0500
renpy,2020-11-25 21:43:24 -0500
renpy,2020-11-25 21:17:56 -0500
renpy,2020-11-25 10:44:04 +0200
renpy,2020-11-25 02:13:15 -0500
renpy,2020-11-24 22:27:39 -0500
renpy,2020-11-24 21:53:28 +0200
renpy,2020-11-24 19:26:14 +0000
renpy,2020-11-23 22:11:41 -0500
renpy,2020-11-23 20:17:13 -0500
renpy,2020-11-23 20:16:47 -0500
renpy,2020-11-22 23:03:29 -0500
renpy,2020-11-22 21:03:24 -0500
renpy,2020-11-22 12:40:43 +0200
renpy,2020-11-22 05:54:44 +0200
renpy,2020-11-21 21:03:40 -0500
renpy,2020-11-20 21:45:58 -0500
renpy,2020-11-20 20:57:06 -0500
renpy,2020-11-19 00:35:51 -0500
renpy,2020-11-18 23:44:12 -0500
renpy,2020-11-19 10:32:27 +0800
renpy,2020-11-18 17:34:37 -0500
renpy,2020-11-18 12:07:34 +0200
renpy,2020-11-18 02:45:21 -0500
renpy,2020-11-18 00:40:31 -0500
renpy,2020-11-17 22:46:07 -0500
renpy,2020-11-17 03:33:06 +0200
renpy,2020-11-15 22:45:28 -0500
renpy,2020-11-16 00:43:41 +0900
renpy,2020-11-14 21:08:30 -0500
renpy,2020-11-13 23:00:49 -0500
renpy,2020-11-13 22:51:10 -0500
renpy,2020-11-13 02:14:26 -0500
renpy,2020-11-12 23:24:01 -0500
renpy,2020-11-12 22:35:49 -0500
renpy,2020-11-11 23:17:19 -0500
renpy,2020-11-11 00:09:20 -0500
renpy,2020-11-10 22:41:09 -0500
renpy,2020-11-11 04:00:29 +0100
renpy,2020-11-10 06:14:07 -0600
renpy,2020-11-10 06:07:34 -0600
renpy,2020-11-10 06:03:18 -0600
renpy,2020-11-09 21:33:03 -0500
renpy,2020-11-09 23:36:01 +0100
renpy,2020-11-09 00:30:13 -0500
renpy,2020-11-08 23:39:04 -0500
renpy,2020-11-08 15:02:21 -0500
renpy,2020-11-07 23:20:30 -0500
renpy,2020-11-07 11:19:12 -0500
renpy,2020-11-06 19:57:29 -0500
renpy,2020-11-05 22:39:55 -0500
renpy,2020-11-04 20:53:00 -0500
renpy,2020-11-03 19:37:27 -0500
renpy,2020-11-03 23:53:36 +0100
renpy,2020-11-03 01:56:37 +0200
renpy,2020-11-02 23:18:12 -0500
renpy,2020-11-02 22:44:21 -0500
renpy,2020-11-03 10:27:10 +0900
renpy,2020-11-03 10:24:08 +0900
renpy,2020-11-01 23:39:39 -0500
renpy,2020-11-01 10:43:08 -0500
renpy,2020-11-01 09:39:38 -0500
renpy,2020-10-31 23:13:18 -0400
renpy,2020-11-01 01:37:41 +0200
renpy,2020-10-31 22:44:31 +0200
renpy,2020-10-31 22:01:33 +0200
renpy,2020-10-30 20:48:26 -0400
renpy,2020-10-30 20:30:29 -0400
renpy,2020-10-30 17:56:20 -0500
renpy,2020-10-30 21:12:04 +0200
renpy,2020-10-30 20:22:28 +0200
renpy,2020-10-30 13:38:14 +0100
renpy,2020-10-30 14:03:33 +0200
renpy,2020-10-30 12:29:26 +0100
renpy,2020-10-30 10:06:43 +0100
renpy,2020-10-30 10:05:59 +0100
renpy,2020-10-30 10:05:14 +0100
renpy,2020-10-30 03:53:52 +0100
renpy,2020-10-29 21:27:29 -0400
renpy,2020-10-29 21:27:09 -0400
renpy,2020-10-29 21:26:43 -0400
renpy,2020-10-29 21:24:50 -0400
renpy,2020-10-29 20:21:43 +0800
renpy,2020-10-29 19:27:42 +0800
renpy,2020-10-29 19:25:32 +0800
renpy,2020-10-29 19:25:08 +0800
renpy,2020-10-29 19:22:46 +0800
renpy,2020-10-29 19:20:35 +0800
renpy,2020-10-28 19:54:41 -0400
renpy,2020-10-28 19:38:44 -0400
renpy,2020-10-28 19:27:33 -0400
renpy,2020-10-28 19:12:42 -0400
renpy,2020-10-28 18:52:57 -0400
renpy,2020-10-28 18:08:52 -0400
renpy,2020-10-28 18:14:03 +0100
renpy,2020-10-28 17:11:22 +0100
renpy,2020-10-27 23:57:44 -0400
renpy,2020-10-26 01:47:17 -0400
renpy,2020-10-26 01:46:10 -0400
renpy,2020-10-23 20:30:36 -0400
renpy,2020-10-22 22:11:15 -0400
renpy,2020-10-22 00:58:27 -0400
renpy,2020-10-21 23:36:02 -0400
renpy,2020-10-21 23:33:51 -0400
renpy,2020-10-21 17:58:44 +0200
renpy,2020-10-21 01:40:54 -0400
renpy,2020-10-20 23:59:34 -0400
renpy,2020-10-20 22:34:06 -0400
renpy,2020-10-19 19:22:08 -0400
renpy,2020-10-19 16:40:03 -0500
renpy,2020-10-19 16:33:11 -0500
renpy,2020-10-18 20:41:20 -0400
renpy,2020-10-18 20:41:20 -0400
renpy,2020-10-18 20:28:14 -0400
renpy,2020-10-18 20:26:26 -0400
renpy,2020-10-18 18:54:37 -0400
renpy,2020-10-18 16:50:10 -0400
renpy,2020-10-18 16:49:22 -0400
renpy,2020-10-18 16:48:00 -0400
renpy,2020-10-18 16:04:36 -0400
renpy,2020-10-18 15:54:43 -0400
renpy,2020-10-18 15:52:31 -0400
renpy,2020-10-18 15:51:38 -0400
renpy,2020-10-18 15:38:08 -0400
renpy,2020-10-17 22:44:08 -0400
renpy,2020-10-17 22:10:24 -0400
renpy,2020-10-17 21:58:15 -0400
renpy,2020-10-17 21:53:08 -0400
renpy,2020-10-17 16:30:06 -0400
renpy,2020-10-16 18:00:59 -0400
renpy,2020-10-16 10:51:30 -0700
renpy,2020-10-15 17:44:26 -0400
renpy,2020-10-14 22:01:54 -0400
renpy,2020-10-14 21:59:40 -0400
renpy,2020-10-13 23:07:01 -0400
renpy,2020-10-13 22:07:03 -0400
renpy,2020-10-12 19:04:53 -0400
renpy,2020-10-12 03:05:38 +0200
renpy,2020-10-12 03:04:58 +0200
renpy,2020-10-11 19:40:50 -0400
renpy,2020-10-11 18:17:37 -0400
renpy,2020-10-11 13:53:58 -0400
renpy,2020-10-11 10:48:00 -0500
renpy,2020-10-11 09:14:13 -0500
renpy,2020-10-11 09:02:23 -0500
renpy,2020-10-11 02:38:28 -0400
renpy,2020-10-11 02:34:51 -0400
renpy,2020-10-11 02:26:31 -0400
renpy,2020-10-11 01:45:51 -0400
renpy,2020-10-11 01:44:26 -0400
renpy,2020-10-11 01:43:31 -0400
renpy,2020-10-11 00:21:17 -0400
renpy,2020-10-11 00:03:02 -0400
renpy,2020-10-10 23:18:04 -0400
renpy,2020-10-10 23:13:49 -0400
renpy,2020-10-10 23:04:41 -0400
renpy,2020-10-10 18:50:40 -0400
renpy,2020-10-10 00:42:53 -0400
renpy,2020-10-10 00:34:39 -0400
renpy,2020-10-09 20:11:46 -0400
renpy,2020-10-09 20:09:11 -0400
renpy,2020-10-09 19:54:02 -0400
renpy,2020-10-09 19:53:45 -0400
renpy,2020-10-10 00:55:06 +0200
renpy,2020-10-09 17:40:50 +1100
renpy,2020-10-04 02:07:56 +0200
renpy,2020-10-08 23:29:09 -0400
renpy,2020-10-08 23:27:08 -0400
renpy,2020-10-04 02:07:43 +0200
renpy,2020-01-27 02:40:12 +0300
renpy,2020-01-25 09:12:43 +0300
renpy,2020-01-23 09:06:44 +0300
renpy,2020-10-09 04:36:34 +0200
renpy,2020-10-08 13:16:15 -0400
renpy,2020-10-08 08:46:47 +0200
renpy,2020-10-08 08:42:17 +0200
renpy,2020-10-08 08:39:29 +0200
renpy,2020-10-08 08:34:55 +0200
renpy,2020-10-08 07:59:11 +0200
renpy,2020-10-06 23:21:12 -0400
renpy,2020-10-06 23:14:16 -0400
renpy,2020-10-05 23:14:46 -0400
renpy,2020-10-05 23:02:47 -0400
renpy,2020-10-04 23:01:27 -0400
renpy,2020-10-04 22:41:14 -0400
renpy,2020-10-05 03:43:25 +0200
renpy,2020-10-05 02:01:35 +0200
renpy,2020-10-05 01:21:06 +0200
renpy,2020-10-04 18:38:02 -0400
renpy,2020-10-05 00:25:13 +0200
renpy,2020-10-04 23:48:18 +0200
renpy,2020-10-03 18:51:14 -0400
renpy,2020-10-03 19:39:38 +0200
renpy,2020-10-03 11:02:00 -0400
renpy,2020-10-03 10:55:22 -0400
renpy,2020-10-03 16:08:41 +0200
renpy,2020-10-03 01:07:36 -0400
renpy,2020-10-02 21:52:24 -0400
renpy,2020-10-03 03:52:58 +0200
renpy,2020-10-01 21:42:37 -0400
renpy,2020-10-01 20:37:38 -0500
renpy,2020-10-01 20:31:19 -0500
renpy,2020-10-01 20:17:11 -0500
renpy,2020-10-01 20:03:59 -0500
renpy,2020-09-30 23:55:34 -0400
renpy,2020-09-30 22:34:04 -0400
renpy,2020-09-30 17:17:00 +0200
renpy,2020-09-29 23:51:19 -0400
renpy,2020-09-29 03:27:01 +0200
renpy,2020-09-28 20:38:54 -0400
renpy,2020-09-28 20:33:57 -0400
renpy,2020-09-28 20:33:23 -0400
renpy,2020-09-28 23:12:39 +0200
renpy,2020-09-28 02:43:03 -0400
renpy,2020-09-27 20:26:58 -0400
renpy,2020-09-27 18:58:10 -0500
renpy,2020-09-27 19:54:59 +0200
renpy,2020-09-27 19:49:53 +0200
renpy,2020-09-27 18:15:56 +0200
renpy,2020-09-27 04:49:33 -0500
renpy,2020-09-27 00:35:16 +0200
renpy,2020-09-26 16:46:24 -0400
renpy,2020-09-26 16:01:45 -0400
renpy,2020-09-26 12:39:32 +0200
renpy,2020-09-25 23:03:48 -0400
renpy,2020-09-25 23:00:48 -0400
renpy,2020-09-25 22:59:05 -0400
renpy,2020-09-25 22:45:57 -0400
renpy,2020-09-25 22:44:12 -0400
renpy,2020-09-25 22:40:29 -0400
renpy,2020-09-25 22:40:12 -0400
renpy,2020-09-25 22:39:20 -0400
renpy,2020-09-25 22:38:13 -0400
renpy,2020-09-25 22:37:53 -0400
renpy,2020-09-25 22:35:54 -0400
renpy,2020-09-25 22:26:07 -0400
renpy,2020-09-25 22:07:36 -0400
renpy,2020-09-25 22:05:45 -0400
renpy,2020-09-25 22:00:59 -0400
renpy,2020-09-25 21:56:38 -0400
renpy,2020-09-25 21:55:00 -0400
renpy,2020-09-25 21:51:15 -0400
renpy,2020-09-25 21:47:23 -0400
renpy,2020-09-25 21:47:07 -0400
renpy,2020-09-25 21:41:59 -0400
renpy,2020-09-25 21:38:46 -0400
renpy,2020-09-25 21:37:52 -0400
renpy,2020-09-24 18:17:47 -0400
renpy,2020-09-24 23:41:40 +0200
renpy,2020-09-24 22:39:13 +0200
renpy,2020-09-24 12:02:37 -0400
renpy,2020-09-24 00:45:53 -0400
renpy,2020-09-23 23:40:57 -0400
renpy,2020-09-23 22:01:38 -0400
renpy,2020-09-23 18:31:54 -0400
renpy,2020-09-22 19:00:48 -0400
renpy,2020-09-22 23:15:32 +0200
renpy,2020-09-20 21:49:20 -0400
renpy,2020-09-20 02:02:03 -0400
renpy,2020-09-20 02:00:43 -0400
renpy,2020-09-20 01:30:07 -0400
renpy,2020-09-19 22:57:56 +0200
renpy,2020-09-19 22:50:20 +0200
renpy,2020-09-19 16:13:40 -0400
renpy,2020-09-19 03:50:40 -0400
renpy,2020-09-18 23:54:48 -0400
renpy,2020-09-18 03:42:37 -0400
renpy,2020-09-18 04:54:54 +0200
renpy,2020-09-18 04:44:16 +0200
renpy,2020-09-18 04:42:56 +0200
renpy,2020-09-17 19:38:33 -0400
renpy,2020-09-16 22:36:06 -0400
renpy,2020-09-15 22:30:34 -0400
renpy,2020-09-14 22:36:55 -0400
renpy,2020-09-14 22:12:47 -0400
renpy,2020-09-13 13:00:00 -0400
renpy,2020-09-13 00:02:31 -0400
renpy,2020-09-12 18:13:43 -0400
renpy,2020-09-11 21:07:13 -0400
renpy,2020-09-10 19:57:07 -0400
renpy,2020-09-11 01:56:05 +0200
renpy,2020-09-10 17:54:06 -0400
renpy,2020-09-09 22:23:40 -0400
renpy,2020-09-09 21:32:49 -0400
renpy,2020-09-09 03:28:29 -0400
renpy,2020-09-09 03:13:12 -0400
renpy,2020-09-08 23:35:24 -0400
renpy,2020-09-09 04:28:26 +0200
renpy,2020-09-07 22:05:33 -0400
renpy,2020-09-06 22:57:02 -0400
renpy,2020-09-06 19:57:42 -0400
renpy,2020-09-06 19:36:30 -0400
renpy,2020-09-06 00:02:24 -0400
renpy,2020-09-05 23:32:58 -0400
renpy,2020-09-05 11:50:22 +0200
renpy,2020-09-05 11:49:04 +0200
renpy,2020-09-05 03:05:04 -0400
renpy,2020-09-04 23:39:27 -0400
renpy,2020-09-04 23:10:12 -0400
renpy,2020-09-04 22:20:00 -0400
renpy,2020-09-04 21:41:23 -0400
renpy,2020-09-03 21:13:04 -0400
renpy,2020-09-03 20:49:11 -0400
renpy,2020-09-03 21:54:01 +0900
renpy,2020-09-03 01:08:43 -0400
renpy,2020-09-02 02:05:02 -0400
renpy,2020-09-01 21:23:15 -0400
renpy,2020-09-01 20:59:28 -0400
renpy,2020-09-01 02:05:45 -0400
renpy,2020-08-31 21:59:35 -0400
renpy,2020-08-31 21:38:59 -0400
renpy,2020-08-30 22:02:32 -0400
renpy,2020-08-29 17:59:42 -0400
renpy,2020-08-29 10:19:19 -0400
renpy,2020-08-28 20:59:11 +0200
renpy,2020-08-28 00:09:34 -0400
renpy,2020-08-27 20:54:36 -0400
renpy,2020-08-26 22:58:29 -0400
renpy,2020-08-26 18:31:45 -0400
renpy,2020-08-26 18:25:05 -0400
renpy,2020-08-26 05:33:48 +0200
renpy,2020-08-26 00:11:59 -0400
renpy,2020-08-26 04:18:08 +0200
renpy,2020-08-25 02:40:11 -0400
renpy,2020-08-23 21:36:58 -0400
renpy,2020-08-22 22:20:23 -0400
renpy,2020-08-23 02:20:24 +0200
renpy,2020-08-22 17:38:50 -0400
renpy,2020-08-22 01:35:22 -0400
renpy,2020-08-22 01:03:49 -0400
renpy,2020-08-22 00:27:13 -0400
renpy,2020-08-21 23:33:53 -0400
renpy,2020-08-21 03:05:10 -0400
renpy,2020-08-21 01:38:10 -0400
renpy,2020-08-21 01:36:11 -0400
renpy,2020-08-20 23:08:09 -0400
renpy,2020-08-19 17:03:30 -0400
renpy,2020-08-18 22:25:29 -0400
renpy,2020-08-18 22:00:57 -0400
renpy,2020-08-18 21:03:21 -0400
renpy,2020-08-18 03:06:07 -0500
renpy,2020-08-18 02:22:10 -0400
renpy,2020-08-17 23:48:46 -0400
renpy,2020-08-17 21:57:52 -0400
renpy,2020-08-16 18:55:43 -0400
renpy,2020-08-16 18:53:18 -0400
renpy,2020-08-16 18:52:56 -0400
renpy,2020-08-16 18:54:54 +0530
renpy,2020-08-15 14:01:31 -0400
renpy,2020-08-13 22:09:22 -0400
renpy,2020-08-13 22:06:42 -0400
renpy,2020-08-12 21:38:03 -0400
renpy,2020-08-12 20:55:44 -0400
renpy,2020-08-12 15:50:30 +0900
renpy,2020-08-11 22:15:46 -0400
renpy,2020-08-10 23:51:58 -0400
renpy,2020-08-10 22:54:34 -0400
renpy,2020-08-10 08:16:03 +0900
renpy,2020-08-10 08:12:16 +0900
renpy,2020-08-09 14:27:54 -0400
renpy,2020-08-10 03:26:42 +0900
renpy,2020-08-10 03:24:10 +0900
renpy,2020-08-09 17:21:15 +0900
renpy,2020-08-08 20:40:18 -0400
renpy,2020-08-08 20:39:55 -0400
renpy,2020-08-08 20:39:34 -0400
renpy,2020-08-06 03:53:06 +0900
renpy,2020-08-06 01:44:19 +0900
renpy,2020-08-06 01:42:10 +0900
renpy,2020-08-03 23:57:38 -0400
renpy,2020-08-03 01:09:17 -0400
renpy,2020-08-03 00:36:06 -0400
renpy,2020-08-03 00:29:36 -0400
renpy,2020-08-02 23:24:40 -0400
renpy,2020-08-02 01:51:39 -0500
renpy,2020-08-02 01:14:10 -0500
renpy,2020-08-02 00:22:19 -0500
renpy,2020-07-30 19:17:01 -0400
renpy,2020-07-30 03:16:16 -0400
renpy,2020-07-26 22:32:12 -0400
renpy,2020-07-24 21:03:24 -0400
renpy,2020-07-23 22:11:35 -0400
renpy,2020-07-22 21:12:44 -0400
renpy,2020-07-21 22:10:00 -0400
renpy,2020-07-22 00:51:15 +0200
renpy,2020-07-22 00:45:55 +0200
renpy,2020-07-20 22:40:50 -0400
renpy,2020-07-19 22:23:02 -0400
renpy,2020-07-18 18:03:03 +0200
renpy,2020-07-17 17:39:42 -0400
renpy,2020-07-17 17:37:52 -0400
renpy,2020-07-17 00:36:45 -0400
renpy,2020-07-16 21:02:45 -0400
renpy,2020-07-16 03:03:23 -0400
renpy,2020-07-16 01:00:26 -0400
renpy,2020-07-15 22:42:27 -0400
renpy,2020-07-16 04:14:30 +0200
renpy,2020-07-15 01:40:26 -0400
renpy,2020-07-14 21:37:16 -0400
renpy,2020-07-15 05:21:00 +0900
renpy,2020-07-15 05:18:07 +0900
renpy,2020-07-15 04:53:18 +0900
renpy,2020-07-15 04:48:02 +0900
renpy,2020-07-15 04:46:32 +0900
renpy,2020-07-15 04:44:03 +0900
renpy,2020-07-15 04:41:54 +0900
renpy,2020-07-15 04:40:34 +0900
renpy,2020-07-15 04:33:24 +0900
renpy,2020-07-14 17:05:33 +0900
renpy,2020-07-14 16:54:41 +0900
renpy,2020-07-14 01:36:09 -0400
renpy,2020-07-13 22:23:06 -0400
renpy,2020-07-13 22:15:19 -0400
renpy,2020-07-12 17:54:46 -0400
renpy,2020-07-11 23:34:03 -0400
renpy,2020-07-12 04:53:29 +0200
renpy,2020-07-11 18:59:47 -0400
renpy,2020-07-10 21:23:41 -0400
renpy,2020-07-10 00:03:09 -0300
renpy,2020-07-09 22:24:56 -0400
renpy,2020-07-09 21:32:20 +0100
renpy,2020-07-09 21:23:49 +0100
renpy,2020-07-09 18:37:12 +0800
renpy,2020-07-09 18:35:01 +0800
renpy,2020-07-09 18:31:23 +0800
renpy,2020-07-09 18:25:33 +0800
renpy,2020-07-08 21:38:33 -0400
renpy,2020-07-08 21:37:48 -0400
renpy,2020-07-08 21:37:31 -0400
renpy,2020-07-08 21:35:34 -0400
renpy,2020-07-08 19:29:23 -0400
renpy,2020-07-07 20:06:39 -0400
renpy,2020-07-07 12:22:20 +0200
renpy,2020-07-07 00:00:46 -0400
renpy,2020-07-06 22:46:12 -0400
renpy,2020-07-06 22:33:47 -0400
renpy,2020-07-05 23:22:21 -0400
renpy,2020-07-05 23:16:12 -0400
renpy,2020-07-05 23:51:54 +0200
renpy,2020-07-05 18:45:35 +0100
renpy,2020-07-04 15:37:37 -0400
renpy,2020-07-04 01:44:20 -0400
renpy,2020-07-04 00:54:21 -0400
renpy,2020-07-03 20:32:15 -0400
renpy,2020-07-03 01:15:34 -0400
renpy,2020-07-02 22:35:16 -0400
renpy,2020-07-02 22:33:26 -0400
renpy,2020-07-02 22:31:55 -0400
renpy,2020-07-02 19:09:25 -0400
renpy,2020-07-01 22:21:54 -0400
renpy,2020-07-01 22:05:57 -0400
renpy,2020-06-30 23:58:04 -0400
renpy,2020-06-30 01:56:21 -0400
renpy,2020-06-30 00:45:14 -0400
renpy,2020-06-29 20:59:12 -0400
renpy,2020-06-29 13:56:25 -0400
renpy,2020-06-29 19:53:13 +0200
renpy,2020-06-28 21:29:48 -0400
renpy,2020-06-27 20:21:09 -0400
renpy,2020-06-27 19:55:49 -0400
renpy,2020-06-27 16:44:04 -0400
renpy,2020-06-27 16:43:47 -0400
renpy,2020-06-27 16:22:44 -0400
renpy,2020-06-27 15:55:36 -0400
renpy,2020-06-26 23:31:18 -0400
renpy,2020-06-26 16:50:21 -0400
renpy,2020-06-26 16:15:47 -0400
renpy,2020-06-25 22:36:47 -0400
renpy,2020-06-25 22:30:52 -0400
renpy,2020-06-25 22:27:46 -0400
renpy,2020-06-25 22:26:09 -0400
renpy,2020-06-23 21:48:25 -0400
renpy,2020-06-23 01:10:20 -0400
renpy,2020-06-23 00:41:39 -0400
renpy,2020-06-22 23:00:00 -0400
renpy,2020-06-22 13:14:30 -0300
renpy,2020-06-22 01:47:36 -0400
renpy,2020-06-21 15:39:26 -0400
renpy,2020-06-21 11:39:25 -0400
renpy,2020-06-20 20:30:48 -0400
renpy,2020-06-20 17:49:55 -0400
renpy,2020-06-20 20:12:06 +0100
renpy,2020-06-19 21:04:34 -0400
renpy,2020-06-19 00:42:05 -0400
renpy,2020-06-19 00:25:15 -0400
renpy,2020-06-18 23:21:16 -0400
renpy,2020-06-18 23:20:02 -0400
renpy,2020-06-18 21:28:27 -0400
renpy,2020-06-18 21:23:08 -0400
renpy,2020-06-19 00:46:35 +0900
renpy,2020-06-17 23:21:54 -0400
renpy,2020-06-17 23:18:24 -0400
renpy,2020-06-16 02:03:09 -0400
renpy,2020-06-15 03:13:20 -0400
renpy,2020-06-13 22:36:09 +0100
renpy,2020-06-13 22:30:49 +0100
renpy,2020-06-12 20:24:39 +0100
renpy,2020-06-12 19:26:36 +0100
renpy,2020-06-13 20:45:23 +0200
renpy,2020-06-13 03:05:36 -0400
renpy,2020-06-13 02:37:00 -0400
renpy,2020-06-11 21:44:57 -0400
renpy,2020-06-11 12:50:30 +0200
renpy,2020-06-11 16:58:02 +0900
renpy,2020-06-11 16:52:41 +0900
renpy,2020-06-11 16:45:57 +0900
renpy,2020-06-11 01:36:05 -0400
renpy,2020-06-11 00:22:31 -0400
renpy,2020-04-20 15:32:13 -0500
renpy,2020-06-10 22:09:40 -0400
renpy,2020-06-11 04:08:52 +0200
renpy,2020-06-10 22:08:32 -0400
renpy,2020-06-11 02:27:01 +0200
renpy,2020-06-11 02:19:49 +0200
renpy,2020-06-11 02:18:06 +0200
renpy,2020-06-10 01:47:47 -0400
renpy,2020-06-10 01:38:07 -0400
renpy,2020-06-10 13:23:22 +0800
renpy,2020-06-10 13:22:03 +0800
renpy,2020-06-10 13:21:47 +0800
renpy,2020-06-10 13:21:21 +0800
renpy,2020-06-10 13:20:25 +0800
renpy,2020-06-10 13:20:05 +0800
renpy,2020-06-10 13:19:45 +0800
renpy,2020-06-10 13:19:10 +0800
renpy,2020-06-10 13:15:59 +0800
renpy,2020-06-10 13:15:31 +0800
renpy,2020-06-10 13:14:45 +0800
renpy,2020-06-10 13:14:28 +0800
renpy,2020-06-10 13:14:03 +0800
renpy,2020-06-10 13:13:42 +0800
renpy,2020-06-10 13:13:26 +0800
renpy,2020-06-10 13:13:09 +0800
renpy,2020-06-10 13:11:21 +0800
renpy,2020-06-10 12:42:47 +0800
renpy,2020-06-10 12:41:41 +0800
renpy,2020-06-10 00:28:34 -0400
renpy,2020-06-10 00:27:48 -0400
renpy,2020-06-10 00:27:34 -0400
renpy,2020-06-10 00:27:20 -0400
renpy,2020-06-09 20:54:27 -0400
renpy,2020-06-09 20:53:31 -0400
renpy,2020-06-09 20:53:02 -0400
renpy,2020-06-09 20:52:22 -0400
renpy,2020-06-08 20:35:09 -0400
renpy,2020-06-08 01:19:22 -0400
renpy,2020-06-07 22:34:16 -0400
renpy,2020-06-06 22:59:32 -0400
renpy,2020-06-06 20:36:25 -0400
renpy,2020-06-06 19:46:02 -0400
renpy,2020-06-04 19:55:54 -0400
renpy,2020-06-03 23:23:52 -0400
renpy,2020-06-03 01:54:45 -0400
renpy,2020-06-02 23:29:34 -0400
renpy,2020-05-31 22:50:19 -0400
renpy,2020-05-29 02:54:28 -0400
renpy,2020-05-28 02:26:51 -0400
renpy,2020-05-28 01:03:29 -0400
renpy,2020-05-27 20:58:43 -0400
renpy,2020-05-26 23:00:13 -0400
renpy,2020-04-20 15:34:00 -0500
renpy,2020-05-25 22:48:25 -0400
renpy,2020-05-24 21:57:06 -0400
renpy,2020-05-25 03:52:04 +0200
renpy,2020-05-25 03:07:41 +0200
renpy,2020-05-24 15:44:01 -0400
renpy,2020-05-24 21:05:40 +0200
renpy,2020-05-24 19:35:35 +0200
renpy,2020-05-24 19:25:43 +0200
renpy,2020-05-24 17:45:16 +0200
renpy,2020-05-24 11:40:13 -0400
renpy,2020-05-24 03:41:12 +0200
renpy,2020-05-24 03:39:17 +0200
renpy,2020-05-24 03:37:48 +0200
renpy,2020-05-23 18:01:07 -0400
renpy,2020-05-23 03:18:38 -0400
renpy,2020-05-22 23:23:06 -0400
renpy,2020-05-22 10:17:12 -0400
renpy,2020-05-21 02:56:46 -0400
renpy,2020-05-21 02:24:49 -0400
renpy,2020-05-21 02:19:52 -0400
renpy,2020-05-21 02:08:23 -0400
renpy,2020-05-20 20:47:21 -0400
renpy,2020-05-20 19:16:23 +0200
renpy,2020-05-20 18:25:16 +0200
renpy,2020-05-20 16:42:12 +0200
renpy,2020-05-20 16:12:10 +0200
renpy,2020-01-20 19:19:16 +0300
renpy,2020-01-20 17:37:47 +0300
renpy,2020-01-20 17:16:54 +0300
renpy,2020-01-20 17:11:08 +0300
renpy,2020-01-20 17:06:44 +0300
renpy,2020-01-20 17:00:58 +0300
renpy,2020-05-19 22:45:49 -0400
renpy,2020-05-18 23:44:45 +0200
renpy,2020-05-18 01:46:33 -0400
renpy,2020-05-17 23:21:23 -0400
renpy,2020-05-17 14:22:47 -0400
renpy,2020-05-17 17:10:36 +0200
renpy,2020-05-15 22:54:50 -0400
renpy,2020-05-15 20:40:54 +0200
renpy,2020-05-14 09:18:47 +0200
renpy,2020-05-11 20:47:58 +0200
renpy,2020-05-10 19:05:04 +0200
renpy,2020-05-10 18:46:22 +0200
renpy,2020-05-04 14:07:51 +0200
renpy,2020-05-08 04:40:25 -0500
renpy,2020-05-08 02:07:09 -0400
renpy,2020-05-04 19:29:08 -0400
renpy,2020-02-22 11:04:40 +0100
renpy,2020-05-03 21:29:07 -0400
renpy,2020-05-03 20:51:35 -0400
renpy,2020-05-03 03:40:06 -0400
renpy,2020-05-02 20:35:59 -0400
renpy,2020-04-30 22:21:18 -0400
renpy,2020-04-29 15:28:32 +0200
renpy,2020-04-28 09:09:02 -0400
renpy,2020-04-27 20:09:04 -0400
renpy,2020-04-27 20:08:45 -0400
renpy,2020-04-27 20:05:54 -0400
renpy,2020-04-27 12:38:37 -0700
renpy,2020-04-27 08:54:32 -0400
renpy,2020-04-26 20:25:15 -0400
renpy,2020-04-25 14:54:04 -0400
renpy,2020-04-25 15:51:59 +0900
renpy,2020-04-25 15:43:35 +0900
renpy,2020-04-25 01:27:57 -0400
renpy,2020-04-25 00:47:05 -0400
renpy,2020-04-25 00:46:30 -0400
renpy,2020-04-24 22:17:27 -0400
renpy,2020-04-23 22:32:20 -0400
renpy,2020-04-22 01:35:30 -0400
renpy,2020-04-21 23:55:36 -0400
renpy,2020-04-20 23:07:44 -0400
renpy,2020-04-20 15:41:04 +0200
renpy,2020-04-19 22:38:42 -0400
renpy,2020-04-19 19:46:36 +0200
renpy,2020-04-18 23:39:12 -0400
renpy,2020-04-18 16:01:25 +0200
renpy,2020-04-18 15:30:56 +0200
renpy,2020-04-17 21:00:03 -0400
renpy,2020-04-16 22:43:45 -0400
renpy,2020-04-16 22:32:26 -0400
renpy,2020-04-15 21:35:22 -0400
renpy,2020-04-15 21:34:47 +0200
renpy,2020-04-15 20:53:55 +0200
renpy,2020-04-15 20:46:42 +0200
renpy,2020-04-15 20:44:53 +0200
renpy,2020-04-15 20:39:10 +0200
renpy,2020-04-15 17:27:08 +0200
renpy,2020-04-14 23:32:19 -0400
renpy,2020-04-14 22:05:47 -0400
renpy,2020-04-15 00:57:37 +0200
renpy,2020-04-15 00:42:48 +0200
renpy,2020-04-13 22:53:38 -0400
renpy,2020-04-13 23:19:56 +0100
renpy,2020-04-12 19:47:11 -0400
renpy,2020-04-12 02:08:13 -0400
renpy,2020-04-11 23:55:05 -0400
renpy,2020-04-11 17:13:13 +0100
renpy,2020-04-10 22:42:40 -0400
renpy,2020-04-10 22:53:53 +0100
renpy,2020-04-10 22:04:43 +0200
renpy,2020-04-09 22:30:50 -0400
renpy,2020-04-08 02:52:27 -0400
renpy,2020-04-07 19:24:30 -0400
renpy,2020-04-07 22:10:57 +0100
renpy,2020-04-06 22:27:50 -0400
renpy,2020-04-05 18:32:32 -0400
renpy,2020-04-05 17:40:22 -0400
renpy,2020-04-05 08:00:38 +0200
renpy,2020-04-05 07:57:46 +0200
renpy,2020-04-05 07:53:09 +0200
renpy,2020-04-04 22:18:34 -0400
renpy,2020-04-04 20:16:59 -0400
renpy,2020-04-05 01:44:16 +0200
renpy,2020-04-04 17:57:11 -0400
renpy,2020-04-04 23:56:06 +0200
renpy,2020-04-03 22:48:30 -0400
renpy,2020-04-03 18:58:54 +0200
renpy,2020-04-02 23:22:13 -0400
renpy,2020-04-02 01:35:31 -0400
renpy,2020-04-01 22:19:02 -0400
renpy,2020-04-01 20:28:07 +0200
renpy,2020-03-31 22:31:40 -0400
renpy,2020-03-28 18:38:42 -0400
renpy,2020-03-28 21:30:39 +0100
renpy,2020-03-28 02:16:14 -0400
renpy,2020-03-27 01:55:05 -0400
renpy,2020-03-27 03:00:39 +0200
renpy,2020-03-27 01:30:54 +0200
renpy,2020-03-26 00:36:14 -0400
renpy,2020-03-25 22:52:55 -0400
renpy,2020-03-24 22:50:55 -0400
renpy,2020-03-24 22:49:09 -0400
renpy,2020-03-24 02:13:40 -0400
renpy,2020-03-22 12:43:16 -0600
renpy,2020-03-22 12:10:23 -0600
renpy,2020-03-21 18:09:39 -0600
renpy,2020-03-20 16:19:19 +0900
renpy,2020-03-20 16:17:23 +0900
renpy,2020-03-18 22:20:48 +0900
renpy,2020-03-18 22:13:51 +0900
renpy,2020-03-18 22:09:50 +0900
renpy,2020-03-16 02:21:10 -0400
renpy,2020-03-14 03:52:03 -0600
renpy,2020-03-13 04:39:54 -0600
renpy,2020-03-13 02:28:44 -0400
renpy,2020-03-11 23:49:22 -0400
renpy,2020-03-11 22:27:41 -0400
renpy,2020-03-11 19:38:58 -0600
renpy,2020-03-11 19:34:03 -0600
renpy,2020-03-10 22:56:25 -0400
renpy,2020-03-10 22:33:54 -0400
renpy,2020-03-06 17:27:28 +0300
renpy,2020-03-06 16:42:09 +0300
renpy,2020-03-06 16:29:19 +0300
renpy,2020-03-05 18:57:56 +0100
renpy,2020-03-05 18:52:48 +0100
renpy,2020-02-29 15:49:57 -0500
renpy,2020-02-28 01:07:10 -0500
renpy,2020-02-27 23:24:11 -0500
renpy,2020-02-27 14:51:01 +0100
renpy,2019-10-28 16:53:32 +0100
renpy,2020-02-27 14:28:54 +0100
renpy,2020-02-24 20:49:23 +0100
renpy,2020-02-24 20:43:27 +0100
renpy,2020-02-20 21:03:42 +0100
renpy,2020-02-22 23:06:59 -0500
renpy,2020-02-22 21:51:08 -0500
renpy,2020-02-20 21:00:57 +0100
renpy,2020-02-20 19:35:12 +0100
renpy,2020-02-20 01:49:55 -0500
renpy,2020-02-20 01:40:35 -0500
renpy,2020-02-19 02:06:28 -0500
renpy,2020-02-18 21:49:04 -0500
renpy,2020-02-18 20:21:55 -0500
renpy,2020-02-17 21:10:34 -0500
renpy,2020-02-17 21:01:43 -0500
renpy,2020-02-17 20:59:14 -0500
renpy,2020-02-17 20:55:24 -0500
renpy,2020-02-17 01:47:24 -0500
renpy,2020-02-17 01:31:10 -0500
renpy,2020-02-17 01:29:56 -0500
renpy,2020-02-16 22:22:09 -0500
renpy,2020-02-16 21:15:22 -0500
renpy,2020-02-15 21:43:35 -0500
renpy,2020-02-15 00:31:17 -0500
renpy,2020-02-14 23:35:05 -0500
renpy,2020-02-13 23:12:29 -0500
renpy,2020-02-13 18:23:33 +0100
renpy,2020-02-13 18:17:58 +0100
renpy,2020-02-13 16:05:50 +0100
renpy,2020-02-12 22:39:11 -0500
renpy,2020-02-12 22:37:44 -0500
renpy,2020-02-10 20:39:06 -0500
renpy,2020-02-09 17:08:26 -0500
renpy,2020-02-06 02:01:58 -0500
renpy,2020-02-05 22:57:23 -0500
renpy,2020-02-05 22:41:43 -0500
renpy,2020-02-05 22:17:51 -0500
renpy,2020-02-06 05:05:12 +0300
renpy,2020-02-05 02:53:06 -0500
renpy,2020-02-04 02:47:10 -0500
renpy,2020-02-03 05:01:49 -0500
renpy,2020-02-02 01:28:31 -0500
renpy,2020-02-02 07:57:35 +0300
renpy,2020-02-02 07:36:41 +0300
renpy,2020-02-02 05:27:06 +0300
renpy,2020-02-02 01:47:22 +0300
renpy,2020-01-30 21:54:41 +0100
renpy,2020-01-30 15:07:00 -0500
renpy,2020-01-28 11:42:26 +0100
renpy,2020-01-27 18:08:05 +0000
renpy,2020-01-24 20:58:05 +0100
renpy,2020-01-24 19:21:47 +0100
renpy,2020-01-24 17:11:04 +0100
renpy,2020-01-24 00:34:57 -0500
renpy,2020-01-22 19:58:40 +0000
renpy,2020-01-21 08:02:36 +0300
renpy,2020-01-21 06:54:39 +0300
renpy,2020-01-21 06:51:02 +0300
renpy,2020-01-21 06:49:35 +0300
renpy,2020-01-19 23:14:34 -0500
renpy,2020-01-19 23:13:50 -0500
renpy,2020-01-19 22:52:52 -0500
renpy,2020-01-18 18:59:15 +0100
renpy,2020-01-17 23:11:34 -0500
renpy,2020-01-15 23:08:12 -0500
renpy,2020-01-15 01:09:20 -0500
renpy,2020-01-14 00:19:57 -0500
renpy,2020-01-13 20:21:32 -0500
renpy,2020-01-12 14:04:35 +0300
renpy,2020-01-11 16:40:58 -0500
renpy,2020-01-11 13:56:20 +0100
renpy,2020-01-11 13:05:29 +0100
renpy,2020-01-10 23:26:25 -0500
renpy,2020-01-04 17:13:59 +0100
renpy,2020-01-04 17:13:09 +0100
renpy,2020-01-04 13:59:15 +0100
renpy,2020-01-03 20:37:58 -0500
renpy,2020-01-01 00:50:48 -0500
renpy,2020-01-01 00:49:58 -0500
renpy,2019-12-30 01:05:17 -0500
renpy,2019-12-30 01:04:57 -0500
renpy,2019-12-29 21:59:29 -0500
renpy,2019-12-29 15:27:04 -0500
renpy,2019-12-29 15:11:58 -0500
renpy,2019-12-29 14:44:18 -0500
renpy,2019-12-29 12:17:27 -0500
renpy,2019-12-28 19:37:17 -0600
renpy,2019-12-28 19:31:55 -0600
renpy,2019-12-28 19:20:50 -0600
renpy,2019-12-28 18:56:24 -0600
renpy,2019-12-28 18:19:43 -0600
renpy,2019-12-28 12:30:51 -0500
renpy,2019-12-28 01:41:20 -0500
renpy,2019-12-25 14:11:00 -0500
renpy,2019-12-27 11:53:52 -0500
renpy,2019-12-27 01:44:29 -0500
renpy,2019-12-26 21:00:51 -0500
renpy,2019-12-25 14:11:00 -0500
renpy,2019-12-25 07:44:53 -0500
renpy,2019-12-24 16:23:44 -0500
renpy,2019-12-24 16:19:56 -0500
renpy,2019-12-24 15:30:18 -0500
renpy,2019-12-23 23:47:14 -0500
renpy,2019-12-23 13:27:29 -0500
renpy,2019-12-22 18:46:40 -0500
renpy,2019-12-22 18:45:43 -0500
renpy,2019-12-22 18:11:40 -0500
renpy,2019-12-22 18:07:18 -0500
renpy,2019-12-21 15:15:33 -0500
renpy,2019-12-21 01:11:09 -0500
renpy,2019-12-20 23:52:15 -0500
renpy,2019-12-19 22:01:40 +0100
renpy,2019-12-16 00:45:00 -0500
renpy,2019-12-15 20:55:27 -0500
renpy,2019-12-14 20:41:14 +0100
renpy,2019-12-14 20:35:35 +0100
renpy,2019-12-14 19:44:24 +0100
renpy,2019-12-05 22:21:01 +0100
renpy,2019-11-26 12:10:44 +0100
renpy,2019-11-25 21:56:25 +0100
renpy,2019-11-24 21:58:08 +0100
renpy,2019-11-24 18:37:51 +0100
renpy,2019-11-24 18:37:51 +0100
renpy,2019-11-18 15:56:50 +0100
renpy,2019-11-17 22:25:58 +0100
renpy,2019-10-28 18:20:54 +0100
renpy,2019-12-14 13:28:41 -0500
renpy,2019-12-14 12:45:23 -0500
renpy,2019-12-14 10:37:44 -0500
renpy,2019-12-11 09:27:15 -0600
renpy,2019-12-11 09:26:49 -0600
renpy,2019-12-11 09:24:50 -0600
renpy,2019-12-11 09:21:47 -0600
renpy,2019-12-11 09:00:44 -0600
renpy,2019-12-11 08:50:58 -0600
renpy,2019-12-11 08:40:09 -0600
renpy,2019-12-09 21:07:05 -0500
renpy,2019-12-08 09:02:30 -0600
renpy,2019-12-08 08:27:00 -0600
renpy,2019-12-08 08:17:55 -0600
renpy,2019-12-08 08:13:49 -0600
renpy,2019-12-08 08:09:51 -0600
renpy,2019-12-08 07:22:02 -0600
renpy,2019-12-07 11:11:59 -0600
renpy,2019-12-07 11:03:38 -0600
renpy,2019-12-06 09:23:46 -0600
renpy,2019-12-06 09:01:02 -0600
renpy,2019-12-05 09:17:55 -0600
renpy,2019-12-05 08:27:35 -0600
renpy,2019-12-05 07:57:15 -0600
renpy,2019-12-03 21:00:56 -0500
renpy,2019-12-03 01:14:06 +0300
renpy,2019-11-30 10:07:30 -0600
renpy,2019-11-30 08:45:03 -0600
renpy,2019-11-30 08:19:23 -0600
renpy,2019-11-29 23:12:59 -0500
renpy,2019-11-28 12:07:55 -0500
renpy,2019-11-27 23:52:36 -0500
renpy,2019-11-26 21:56:03 -0500
renpy,2019-11-26 20:25:37 -0500
renpy,2019-11-26 19:37:49 -0500
renpy,2019-11-26 22:58:47 +0300
renpy,2019-11-25 17:49:33 -0500
renpy,2019-11-23 23:20:41 -0500
renpy,2019-11-23 00:07:53 -0500
renpy,2019-11-22 01:46:01 -0500
renpy,2019-11-21 23:36:48 -0500
renpy,2019-11-21 01:01:47 -0500
renpy,2019-11-18 21:35:19 -0500
renpy,2019-11-18 01:00:08 -0500
renpy,2019-11-18 00:58:36 -0500
renpy,2019-11-17 23:49:32 -0500
renpy,2019-11-17 21:30:34 -0500
renpy,2019-11-17 20:21:31 -0600
renpy,2019-11-17 20:11:54 -0600
renpy,2019-11-17 20:24:24 -0500
renpy,2019-11-17 20:22:13 -0500
renpy,2019-11-17 19:39:30 -0500
renpy,2019-11-17 17:41:41 -0500
renpy,2019-11-17 12:44:10 -0500
renpy,2019-11-17 12:43:21 -0500
renpy,2019-11-17 12:42:45 -0500
renpy,2019-11-17 12:42:14 -0500
renpy,2019-11-17 12:41:41 -0500
renpy,2019-11-17 12:40:27 -0500
renpy,2019-11-17 12:36:19 -0500
renpy,2019-11-17 12:32:27 -0500
renpy,2019-11-17 12:29:06 -0500
renpy,2019-11-17 12:28:03 -0500
renpy,2019-11-17 12:26:09 -0500
renpy,2019-11-17 12:25:20 -0500
renpy,2019-11-17 12:24:40 -0500
renpy,2019-11-17 12:23:22 -0500
renpy,2019-11-17 12:21:41 -0500
renpy,2019-11-17 12:17:54 -0500
renpy,2019-11-17 12:13:13 -0500
renpy,2019-11-17 12:09:05 -0500
renpy,2019-11-17 12:05:17 -0500
renpy,2019-11-17 11:49:55 -0500
renpy,2019-11-17 11:38:49 -0500
renpy,2019-11-17 11:38:04 -0500
renpy,2019-11-17 11:25:40 -0500
renpy,2019-11-17 11:22:58 -0500
renpy,2019-11-17 00:41:32 -0500
renpy,2019-11-16 23:33:30 -0500
renpy,2019-11-16 23:21:18 -0500
renpy,2019-11-16 23:01:25 -0500
renpy,2019-11-16 22:16:02 -0500
renpy,2019-11-16 20:42:48 -0500
renpy,2019-11-15 01:48:07 -0500
renpy,2019-11-15 00:16:57 -0500
renpy,2019-11-14 22:13:58 -0500
renpy,2019-11-14 00:51:56 -0500
renpy,2019-11-13 19:20:29 -0500
renpy,2019-11-13 03:11:21 -0500
renpy,2019-11-12 01:34:36 -0500
renpy,2019-11-11 22:55:24 -0500
renpy,2019-11-11 02:01:12 -0500
renpy,2019-11-10 12:57:33 -0500
renpy,2019-11-10 12:52:55 -0500
renpy,2019-11-09 22:03:10 -0500
renpy,2019-11-09 00:51:25 -0500
renpy,2019-11-08 23:50:31 -0500
renpy,2019-11-08 23:47:57 -0500
renpy,2019-11-08 22:39:43 -0500
renpy,2019-11-07 22:32:29 -0500
renpy,2019-11-06 22:10:33 -0500
renpy,2019-11-05 22:04:33 -0500
renpy,2019-11-05 01:42:36 -0500
renpy,2019-11-05 03:18:50 +0300
renpy,2019-11-04 15:02:11 -0600
renpy,2019-11-04 14:53:55 -0600
renpy,2019-11-04 13:12:15 -0500
renpy,2019-11-04 01:48:56 -0500
renpy,2019-11-03 09:57:42 -0500
renpy,2019-11-03 09:51:03 -0500
renpy,2019-11-02 21:02:53 -0400
renpy,2019-11-02 20:58:36 -0400
renpy,2019-11-02 19:45:45 -0400
renpy,2019-11-02 18:17:36 -0400
renpy,2019-11-02 17:30:19 +0100
renpy,2019-11-01 23:46:46 -0400
renpy,2019-11-01 23:45:47 -0400
renpy,2019-11-01 23:03:40 -0400
renpy,2019-11-01 22:44:05 -0400
renpy,2019-10-31 21:51:34 -0400
renpy,2019-10-30 19:44:52 -0400
renpy,2019-10-29 18:13:07 -0400
renpy,2019-10-29 13:32:17 +0300
renpy,2019-10-29 12:50:45 +0300
renpy,2019-10-29 12:49:35 +0300
renpy,2019-10-28 22:53:09 -0400
renpy,2019-10-28 22:48:21 -0400
renpy,2019-10-28 16:53:32 +0100
renpy,2019-10-27 22:33:49 -0400
renpy,2019-10-27 22:29:25 -0400
renpy,2019-10-27 16:41:17 -0400
renpy,2019-10-27 02:03:15 -0400
renpy,2019-10-26 22:03:02 -0400
renpy,2019-10-26 15:56:31 -0400
renpy,2019-10-24 19:36:29 -0400
renpy,2019-10-24 19:30:56 -0400
renpy,2019-10-24 21:06:36 +0200
renpy,2019-10-24 20:28:19 +0200
renpy,2019-10-24 07:08:14 +0300
renpy,2019-10-23 23:28:00 -0400
renpy,2019-10-22 23:43:45 -0500
renpy,2019-10-22 23:40:39 -0500
renpy,2019-10-22 23:37:45 -0500
renpy,2019-10-20 12:54:02 -0400
renpy,2019-10-19 19:40:57 -0400
renpy,2019-10-18 21:51:15 -0400
renpy,2019-10-17 22:23:22 -0400
renpy,2019-10-17 19:34:05 -0400
renpy,2019-10-16 21:08:14 -0400
renpy,2019-10-16 21:58:01 -0400
renpy,2019-10-16 21:08:14 -0400
renpy,2019-10-15 04:39:04 +0300
renpy,2019-10-15 19:57:31 -0400
renpy,2019-10-12 16:43:04 -0400
renpy,2019-10-11 20:15:56 -0400
renpy,2019-10-11 20:03:46 -0400
renpy,2019-10-11 01:44:08 -0400
renpy,2019-10-11 00:13:36 -0400
renpy,2019-10-15 19:57:31 -0400
renpy,2019-10-15 18:19:43 -0400
renpy,2019-10-15 00:50:45 -0400
renpy,2019-10-15 04:39:04 +0300
renpy,2019-10-14 00:52:53 -0400
renpy,2019-10-14 00:16:36 -0400
renpy,2019-10-13 23:57:40 -0400
renpy,2019-10-14 04:46:19 +0300
renpy,2019-10-14 04:39:53 +0300
renpy,2019-10-14 04:34:52 +0300
renpy,2019-10-13 19:50:24 -0400
renpy,2019-10-12 16:43:59 -0400
renpy,2019-10-12 16:43:04 -0400
renpy,2019-10-11 20:15:56 -0400
renpy,2019-10-11 20:03:46 -0400
renpy,2019-10-11 01:44:08 -0400
renpy,2019-10-11 00:13:36 -0400
renpy,2019-10-10 23:59:38 -0400
renpy,2019-10-10 20:54:06 -0400
renpy,2019-10-09 20:21:55 -0400
renpy,2019-10-09 20:20:16 -0400
renpy,2019-10-09 19:32:08 -0400
renpy,2019-10-09 19:31:50 -0400
renpy,2019-10-09 19:31:29 -0400
renpy,2019-10-09 19:30:49 -0400
renpy,2019-10-07 21:05:29 -0400
renpy,2019-10-07 20:52:27 -0400
renpy,2019-10-07 20:13:05 -0400
renpy,2019-10-08 03:11:48 +0300
renpy,2019-10-08 00:16:09 +0300
renpy,2019-10-08 00:07:04 +0300
renpy,2019-10-08 00:04:27 +0300
renpy,2019-10-07 23:34:11 +0300
renpy,2019-10-07 23:31:40 +0300
renpy,2019-10-06 13:35:04 -0400
renpy,2019-10-05 21:45:16 -0400
renpy,2019-10-05 21:26:14 -0400
renpy,2019-10-04 23:26:10 -0400
renpy,2019-10-04 23:24:42 -0400
renpy,2019-10-04 22:48:31 -0400
renpy,2019-10-04 21:47:12 -0400
renpy,2019-10-03 21:59:38 -0400
renpy,2019-10-03 13:35:00 +0300
renpy,2019-10-03 01:36:18 -0400
renpy,2019-10-03 01:32:25 -0400
renpy,2019-10-03 00:57:39 -0400
renpy,2019-10-02 23:44:46 -0400
renpy,2019-10-02 16:54:46 -0700
renpy,2019-10-02 16:50:36 -0700
renpy,2019-10-02 16:42:59 -0700
renpy,2019-10-02 18:27:55 -0700
renpy,2019-10-02 17:07:03 -0700
renpy,2019-10-02 17:01:52 -0700
renpy,2019-10-02 17:01:36 -0700
renpy,2019-10-02 20:12:45 -0400
renpy,2019-10-02 16:15:02 -0700
renpy,2019-10-02 15:48:04 -0700
renpy,2019-10-02 15:40:53 -0700
renpy,2019-10-02 15:24:42 -0700
renpy,2019-10-02 23:18:49 +0300
renpy,2019-10-02 16:15:38 +0300
renpy,2019-10-01 01:00:02 -0400
renpy,2019-09-30 22:53:06 -0600
renpy,2019-09-30 22:46:25 -0400
renpy,2019-09-30 19:56:55 -0400
renpy,2019-09-30 01:58:16 -0400
renpy,2019-09-29 22:38:41 -0600
renpy,2019-09-29 19:39:55 -0400
renpy,2019-09-28 20:51:52 -0400
renpy,2019-09-28 21:40:05 -0400
renpy,2019-09-28 18:42:29 -0400
renpy,2019-09-28 10:06:54 +0200
renpy,2019-09-28 00:30:47 -0400
renpy,2019-09-27 16:23:24 -0400
renpy,2019-09-27 22:20:04 +0200
renpy,2019-09-27 15:08:02 +0300
renpy,2019-09-27 01:24:50 -0400
renpy,2019-09-26 20:12:56 -0400
renpy,2019-09-26 18:30:13 -0400
renpy,2019-09-24 20:50:50 -0400
renpy,2019-09-24 01:58:56 -0400
renpy,2019-09-24 00:53:54 -0500
renpy,2019-09-24 01:17:34 -0400
renpy,2019-09-23 22:14:46 -0400
renpy,2019-09-21 15:34:41 -0400
renpy,2019-09-21 01:08:46 -0400
renpy,2019-09-20 00:08:04 -0400
renpy,2019-09-19 23:41:09 -0400
renpy,2019-09-19 23:21:41 -0400
renpy,2019-09-19 22:08:25 -0400
renpy,2019-09-19 21:17:23 -0400
renpy,2019-09-19 19:57:16 -0400
renpy,2019-09-19 02:25:05 -0400
renpy,2019-09-19 02:18:14 -0400
renpy,2019-09-18 01:41:58 -0400
renpy,2019-09-17 19:43:49 -0400
renpy,2019-09-17 19:42:13 -0400
renpy,2019-09-16 23:56:26 -0400
renpy,2019-09-16 22:25:17 -0400
renpy,2019-09-15 10:40:35 -0400
renpy,2019-09-14 21:02:31 -0400
renpy,2019-09-14 19:00:28 -0400
renpy,2019-09-14 18:58:24 -0400
renpy,2019-09-14 18:31:54 -0400
renpy,2019-09-13 20:38:42 +0300
renpy,2019-09-13 14:00:56 -0400
renpy,2019-09-12 21:41:58 -0400
renpy,2019-09-12 01:05:57 -0400
renpy,2019-09-11 22:50:50 -0400
renpy,2019-09-10 19:44:40 -0400
renpy,2019-09-11 02:38:44 +0300
renpy,2019-09-10 01:17:32 -0400
renpy,2019-09-09 23:27:27 -0400
renpy,2019-09-09 22:57:33 -0400
renpy,2019-09-08 20:28:56 -0400
renpy,2019-09-09 02:03:19 +0300
renpy,2019-09-09 01:49:44 +0300
renpy,2019-09-08 01:26:49 -0400
renpy,2019-09-08 01:15:05 -0400
renpy,2019-09-08 00:59:07 -0400
renpy,2019-09-08 00:55:27 -0400
renpy,2019-09-08 00:20:49 -0400
renpy,2019-09-07 23:56:17 -0400
renpy,2019-09-07 23:28:11 -0400
renpy,2019-09-07 11:06:40 -0400
renpy,2019-09-07 11:05:57 -0400
renpy,2019-09-07 11:04:34 -0400
renpy,2019-09-07 10:56:37 -0400
renpy,2019-09-07 10:55:29 -0400
renpy,2019-09-07 10:54:45 -0400
renpy,2019-09-07 16:37:50 +0200
renpy,2019-09-07 16:32:17 +0200
renpy,2019-09-06 20:11:40 -0400
renpy,2019-09-06 01:50:55 -0400
renpy,2019-09-05 02:29:25 -0400
renpy,2019-09-04 03:37:55 -0400
renpy,2019-09-03 00:17:10 -0400
renpy,2019-09-02 22:28:29 -0400
renpy,2019-09-01 22:04:49 -0400
renpy,2019-09-01 22:00:57 -0400
renpy,2019-09-01 21:51:46 -0400
renpy,2019-08-31 22:47:17 -0500
renpy,2019-08-31 22:46:44 -0500
renpy,2019-08-31 22:45:40 -0500
renpy,2019-08-31 22:33:55 -0500
renpy,2019-08-31 21:48:12 -0500
renpy,2019-08-31 21:44:18 -0500
renpy,2019-08-31 21:04:06 -0500
renpy,2019-08-31 21:03:36 -0500
renpy,2019-08-31 21:02:32 -0500
renpy,2019-08-31 19:45:36 -0500
renpy,2019-08-31 20:37:46 -0400
renpy,2019-08-31 19:06:40 -0500
renpy,2019-08-31 17:39:41 -0400
renpy,2019-08-30 21:28:27 -0400
renpy,2019-08-30 21:27:55 -0400
renpy,2019-08-30 21:27:31 -0400
renpy,2019-08-30 21:27:16 -0400
renpy,2019-08-30 21:26:59 -0400
renpy,2019-08-29 21:51:13 -0400
renpy,2019-08-29 21:49:33 -0400
renpy,2019-08-26 21:39:46 -0400
renpy,2019-08-25 22:01:52 +0900
renpy,2019-08-25 21:47:33 +0900
renpy,2019-08-25 08:27:18 -0400
renpy,2019-08-25 08:14:34 -0400
renpy,2019-08-24 11:41:22 -0500
renpy,2019-08-24 10:26:43 -0500
renpy,2019-08-23 06:45:10 -0400
renpy,2019-08-22 05:18:13 -0500
renpy,2019-08-20 23:16:28 -0400
renpy,2019-08-19 00:37:04 -0500
renpy,2019-08-18 18:36:50 -0500
renpy,2019-08-17 08:58:17 -0500
renpy,2019-08-17 08:37:39 -0500
renpy,2019-08-16 16:43:37 -0500
renpy,2019-08-16 22:48:45 +0300
renpy,2019-08-16 22:42:17 +0300
renpy,2019-08-16 12:45:22 -0500
renpy,2019-08-16 12:44:39 -0500
renpy,2019-08-15 08:10:13 -0400
renpy,2019-08-14 22:57:56 -0400
renpy,2019-08-14 22:56:38 -0400
renpy,2019-08-14 22:53:44 -0400
renpy,2019-08-14 02:44:46 -0400
renpy,2019-08-14 01:45:29 -0400
renpy,2019-08-10 16:38:24 -0400
renpy,2019-08-10 16:35:53 -0400
renpy,2019-08-09 21:06:47 -0400
renpy,2019-08-09 22:04:23 +0300
renpy,2019-08-08 22:12:17 -0400
renpy,2019-08-07 18:31:55 -0400
renpy,2019-08-07 11:22:24 -0400
renpy,2019-08-05 22:47:59 -0400
renpy,2019-08-05 21:59:14 -0400
renpy,2019-08-05 21:54:00 -0400
renpy,2019-08-06 04:23:16 +0300
renpy,2019-08-06 04:17:31 +0300
renpy,2019-08-06 04:08:26 +0300
renpy,2019-08-06 03:48:44 +0300
renpy,2019-08-06 03:47:03 +0300
renpy,2019-08-06 03:37:33 +0300
renpy,2019-08-05 14:03:51 +0200
renpy,2019-08-05 13:16:24 +0200
renpy,2019-08-05 13:08:57 +0200
renpy,2019-07-20 23:45:35 +0200
renpy,2019-08-05 03:04:21 -0400
renpy,2019-08-05 03:01:02 -0400
renpy,2019-08-04 13:15:48 -0400
renpy,2019-08-04 12:32:11 -0400
renpy,2019-08-04 12:21:40 -0400
renpy,2019-08-04 02:27:49 -0400
renpy,2019-08-03 16:46:21 -0400
renpy,2019-08-03 15:19:18 +0300
renpy,2019-08-03 02:42:24 -0400
renpy,2019-08-02 23:00:55 -0400
renpy,2019-08-02 19:39:26 -0400
renpy,2019-08-01 22:01:35 -0400
renpy,2019-08-01 02:16:07 -0400
renpy,2019-07-31 22:47:05 -0400
renpy,2019-07-31 21:17:54 -0400
renpy,2019-07-31 15:47:42 +0200
renpy,2019-07-31 01:27:02 -0400
renpy,2019-07-30 01:11:14 -0400
renpy,2019-07-30 00:41:41 -0400
renpy,2019-07-30 00:34:58 -0400
renpy,2019-07-29 08:16:44 -0400
renpy,2019-07-28 23:32:44 -0400
renpy,2019-07-28 18:33:27 -0400
renpy,2019-07-27 23:51:04 -0400
renpy,2019-07-27 22:51:51 +0200
renpy,2019-07-27 11:44:52 -0500
renpy,2019-07-27 15:16:12 +0200
renpy,2019-07-27 03:48:03 -0400
renpy,2019-07-27 03:28:50 -0400
renpy,2019-07-27 02:51:36 -0400
renpy,2019-07-26 23:47:16 -0400
renpy,2019-07-26 23:23:19 -0400
renpy,2019-07-26 23:11:25 -0400
renpy,2019-07-25 18:42:54 -0400
renpy,2019-07-25 12:36:57 -0400
renpy,2019-07-25 12:22:39 -0400
renpy,2019-07-24 01:32:07 -0400
renpy,2019-07-23 23:56:11 -0400
renpy,2019-07-23 23:42:42 -0400
renpy,2019-07-23 22:52:24 -0400
renpy,2019-07-23 22:39:47 -0400
renpy,2019-07-23 18:05:40 -0400
renpy,2019-07-23 15:34:15 -0500
renpy,2019-07-23 02:41:34 -0400
renpy,2019-07-23 02:40:32 -0400
renpy,2019-07-22 21:29:43 -0400
renpy,2019-07-22 23:51:26 +0100
renpy,2019-07-22 01:15:01 -0400
renpy,2019-07-22 01:00:00 -0400
renpy,2019-07-22 00:52:54 -0400
renpy,2019-07-21 23:48:51 -0400
renpy,2019-07-21 15:07:46 -0400
renpy,2019-07-21 01:14:09 -0400
renpy,2019-07-20 23:13:49 -0400
renpy,2019-07-20 20:24:36 -0500
renpy,2019-07-20 23:19:07 +0200
renpy,2019-07-20 23:00:47 +0300
renpy,2019-07-20 01:45:01 -0400
renpy,2019-07-19 21:15:26 -0400
renpy,2019-07-20 02:36:48 +0300
renpy,2019-07-18 23:07:08 -0400
renpy,2019-07-18 02:37:54 -0400
renpy,2019-07-17 22:40:21 -0400
renpy,2019-07-16 23:13:24 -0400
renpy,2019-07-16 02:11:15 -0400
renpy,2019-07-15 22:47:57 -0400
renpy,2019-07-14 14:33:52 -0400
renpy,2019-07-13 19:46:56 -0700
renpy,2019-07-14 05:18:09 +0300
renpy,2019-07-14 05:16:17 +0300
renpy,2019-07-14 05:15:44 +0300
renpy,2019-07-13 12:02:58 -0400
renpy,2019-07-13 02:35:17 -0400
renpy,2019-07-12 23:29:11 -0400
renpy,2019-07-12 21:50:40 -0500
renpy,2019-07-12 21:47:43 -0500
renpy,2019-07-12 21:41:14 -0500
renpy,2019-07-12 21:35:09 -0500
renpy,2019-07-12 21:27:04 -0500
renpy,2019-07-12 09:38:14 -0400
renpy,2019-07-12 13:06:09 +0100
renpy,2019-07-12 03:18:04 -0400
renpy,2019-07-11 22:42:27 -0400
renpy,2019-07-12 00:06:40 +0300
renpy,2019-07-11 00:56:24 -0400
renpy,2019-07-10 21:31:46 -0400
renpy,2019-07-11 02:35:49 +0300
renpy,2019-07-11 02:19:51 +0300
renpy,2019-07-11 02:18:37 +0300
renpy,2019-07-09 23:15:58 -0400
renpy,2019-07-08 22:33:46 -0400
renpy,2019-07-08 02:28:27 -0400
renpy,2019-07-07 20:16:53 -0400
renpy,2019-07-06 15:04:25 -0400
renpy,2019-07-06 03:07:38 -0400
renpy,2019-07-05 22:05:46 -0400
renpy,2019-07-05 15:44:31 -0400
renpy,2019-07-05 13:10:47 -0400
renpy,2019-07-04 10:19:39 -0400
renpy,2019-07-04 15:57:02 +0200
renpy,2019-07-03 22:23:09 -0400
renpy,2019-07-02 23:06:01 -0400
renpy,2019-07-02 19:27:32 -0400
renpy,2019-07-02 22:39:30 +0200
renpy,2019-07-01 22:17:03 -0400
renpy,2019-07-01 22:15:19 -0400
renpy,2019-07-01 22:00:53 -0400
renpy,2019-07-01 21:58:33 -0400
renpy,2019-07-01 21:14:02 -0400
renpy,2019-06-30 23:34:49 -0400
renpy,2019-06-30 23:21:09 -0400
renpy,2019-06-30 23:09:05 -0400
renpy,2019-06-30 22:45:44 -0400
renpy,2019-06-30 17:49:04 -0500
renpy,2019-06-30 01:50:00 -0400
renpy,2019-06-29 22:58:56 -0400
renpy,2019-06-29 03:04:30 -0400
renpy,2019-06-29 02:46:54 -0400
renpy,2019-06-29 02:45:50 -0400
renpy,2019-06-28 16:53:56 -0400
renpy,2019-06-28 16:53:38 -0400
renpy,2019-06-27 22:08:14 -0500
renpy,2019-06-27 22:04:06 -0500
renpy,2019-06-27 21:44:44 -0400
renpy,2019-06-27 11:32:31 +0300
renpy,2019-06-26 21:31:14 -0400
renpy,2019-06-25 22:29:14 -0400
renpy,2019-06-25 20:53:29 -0400
renpy,2019-06-25 20:48:24 -0400
renpy,2019-06-25 20:33:27 -0400
renpy,2019-06-25 01:52:14 -0400
renpy,2019-06-24 19:28:53 -0400
renpy,2019-06-24 23:31:40 +0300
renpy,2019-06-24 18:51:07 +0900
renpy,2019-06-24 18:33:24 +0900
renpy,2019-06-24 18:09:41 +0900
renpy,2019-06-24 18:09:06 +0900
renpy,2019-06-23 10:42:16 -0400
renpy,2019-06-22 14:59:49 -0400
renpy,2019-06-22 13:23:45 -0400
renpy,2019-06-22 14:35:41 +0200
renpy,2019-06-21 19:10:37 -0400
renpy,2019-06-21 19:03:16 -0400
renpy,2019-06-20 17:18:40 -0400
renpy,2019-06-20 22:26:57 +0300
renpy,2019-06-20 09:58:06 -0400
renpy,2019-06-19 15:49:55 -0400
renpy,2019-06-19 15:40:38 -0400
renpy,2019-06-18 20:17:48 -0400
renpy,2019-06-18 22:51:54 +0300
renpy,2019-06-17 19:32:21 -0400
renpy,2019-06-17 19:29:48 -0400
renpy,2019-06-17 18:36:16 -0400
renpy,2019-06-17 00:03:01 -0400
renpy,2019-06-16 19:38:50 -0400
renpy,2019-06-16 16:06:52 -0400
renpy,2019-06-16 13:38:46 -0400
renpy,2019-06-16 13:26:47 -0400
renpy,2019-06-16 11:58:58 -0400
renpy,2019-06-16 11:26:25 -0400
renpy,2019-06-15 20:57:12 -0400
renpy,2019-06-15 20:56:13 -0400
renpy,2019-06-15 20:54:25 -0400
renpy,2019-06-15 19:54:37 -0400
renpy,2019-06-15 18:47:30 -0500
renpy,2019-06-15 18:46:51 -0500
renpy,2019-06-15 18:41:47 -0500
renpy,2019-06-15 18:31:47 -0500
renpy,2019-06-15 19:11:13 -0400
renpy,2019-06-15 18:05:30 -0500
renpy,2019-06-15 18:53:27 -0400
renpy,2019-06-15 17:49:24 -0500
renpy,2019-06-15 17:34:28 -0500
renpy,2019-06-15 17:32:36 -0500
renpy,2019-06-15 17:31:22 -0500
renpy,2019-06-15 11:58:21 -0400
renpy,2019-06-15 10:58:39 -0400
renpy,2019-06-15 10:58:11 -0400
renpy,2019-06-15 17:56:55 +0300
renpy,2019-06-15 15:49:23 +0100
renpy,2019-06-15 00:21:44 -0400
renpy,2019-06-14 17:12:53 -0400
renpy,2019-06-13 23:26:06 -0400
renpy,2019-06-13 21:24:29 -0400
renpy,2019-06-13 21:23:36 -0400
renpy,2019-06-13 10:31:48 +0300
renpy,2019-06-13 10:28:41 +0300
renpy,2019-06-12 08:49:30 +0300
renpy,2019-06-11 02:47:34 -0400
renpy,2019-06-10 22:36:50 -0400
renpy,2019-06-09 22:41:45 -0400
renpy,2019-06-09 22:40:38 -0400
renpy,2019-06-09 22:33:17 -0400
renpy,2019-06-09 22:32:58 -0400
renpy,2019-06-09 21:39:51 -0400
renpy,2019-06-09 21:08:49 -0400
renpy,2019-06-09 20:50:10 -0400
renpy,2019-06-09 20:35:03 -0400
renpy,2019-06-09 20:20:38 -0400
renpy,2019-06-09 20:13:17 -0400
renpy,2019-06-09 00:00:09 -0400
renpy,2019-06-08 23:41:31 -0400
renpy,2019-06-08 23:17:37 -0400
renpy,2019-06-08 23:00:21 -0400
renpy,2019-06-08 22:44:14 -0400
renpy,2019-06-08 19:13:33 -0400
renpy,2019-06-08 01:42:44 -0400
renpy,2019-06-07 22:16:26 -0400
renpy,2019-06-06 22:50:46 -0400
renpy,2019-06-06 22:01:37 +0300
renpy,2019-06-06 11:19:47 +0200
renpy,2019-06-06 11:18:22 +0200
renpy,2019-06-05 00:56:24 -0400
renpy,2019-06-04 19:16:04 -0400
renpy,2019-06-04 17:34:52 +0900
renpy,2019-06-02 14:20:52 -0400
renpy,2019-06-02 19:20:02 +0100
renpy,2019-06-02 19:16:55 +0100
renpy,2019-06-02 14:13:56 -0400
renpy,2019-06-02 17:38:00 +0200
renpy,2019-06-02 10:08:17 +0100
renpy,2019-06-02 09:06:11 +0100
renpy,2019-06-01 22:21:54 -0500
renpy,2019-06-01 21:37:35 -0400
renpy,2019-06-01 20:55:50 -0400
renpy,2019-06-01 17:16:54 -0500
renpy,2019-06-01 17:12:53 -0500
renpy,2019-06-01 17:02:28 -0400
renpy,2019-06-01 17:00:47 -0400
renpy,2019-06-01 15:10:24 -0400
renpy,2019-06-01 00:07:50 -0400
renpy,2019-05-31 23:08:57 -0400
renpy,2019-05-31 21:52:18 -0400
renpy,2019-05-31 19:51:19 -0500
renpy,2019-05-31 19:50:18 -0500
renpy,2019-05-31 19:49:33 -0500
renpy,2019-05-31 19:48:31 -0500
renpy,2019-05-31 19:47:06 -0500
renpy,2019-05-31 19:45:10 -0500
renpy,2019-05-31 19:13:43 -0400
renpy,2019-05-31 10:35:28 +0530
renpy,2019-05-31 00:11:06 -0400
renpy,2019-05-31 00:08:30 -0400
renpy,2019-05-30 23:49:39 -0400
renpy,2019-05-29 17:46:26 -0400
renpy,2019-05-29 10:49:49 -0400
renpy,2019-05-29 14:24:31 -0400
renpy,2019-05-29 10:53:49 +0300
renpy,2019-05-28 22:23:35 -0400
renpy,2019-05-28 22:23:22 -0400
renpy,2019-05-28 22:22:21 -0400
renpy,2019-05-28 20:24:33 -0400
renpy,2019-05-28 20:23:02 -0400
renpy,2019-05-28 20:12:18 -0400
renpy,2019-05-28 01:45:35 -0400
renpy,2019-05-28 00:39:51 -0400
renpy,2019-05-27 11:15:16 -0400
renpy,2019-05-27 00:42:47 -0400
renpy,2019-05-26 23:10:50 -0400
renpy,2019-05-26 02:15:53 -0400
renpy,2019-05-26 01:36:54 -0400
renpy,2019-05-26 01:33:00 -0400
renpy,2019-05-26 00:22:05 -0500
renpy,2019-05-25 23:46:10 -0400
renpy,2019-05-25 22:53:47 -0400
renpy,2019-05-25 22:31:00 +0300
renpy,2019-05-25 01:48:53 -0400
renpy,2019-05-24 23:50:14 -0400
renpy,2019-05-24 23:49:19 -0400
renpy,2019-05-25 00:33:56 +0200
renpy,2019-05-24 21:24:09 +0300
renpy,2019-05-24 01:29:22 -0400
renpy,2019-05-23 22:57:07 -0400
renpy,2019-05-22 22:54:09 -0400
renpy,2019-05-22 18:18:53 +0900
renpy,2019-05-22 01:42:12 -0400
renpy,2019-05-22 13:57:49 +0900
renpy,2019-05-22 13:12:29 +0900
renpy,2019-05-21 22:08:12 -0400
renpy,2019-05-21 16:46:55 -0400
renpy,2019-05-21 18:45:26 +0200
renpy,2019-05-21 01:10:26 -0400
renpy,2019-05-21 07:03:19 +0900
renpy,2019-05-20 22:53:06 +0300
renpy,2019-05-20 22:06:54 +0300
renpy,2019-05-20 09:55:14 +0300
renpy,2019-05-20 09:41:54 +0300
renpy,2019-05-20 08:48:31 +0300
renpy,2019-05-20 08:41:04 +0300
renpy,2019-05-20 08:06:00 +0300
renpy,2019-05-20 07:50:44 +0300
renpy,2019-05-20 00:17:18 -0400
renpy,2019-05-20 00:08:55 -0400
renpy,2019-05-19 21:37:17 -0500
renpy,2019-05-19 21:29:33 -0500
renpy,2019-05-19 20:59:23 -0500
renpy,2019-05-19 23:23:41 +0200
renpy,2019-05-19 20:52:03 +0300
renpy,2019-05-19 09:30:35 -0400
renpy,2019-05-19 07:25:09 +0300
renpy,2019-05-18 23:10:53 -0500
renpy,2019-05-19 06:46:24 +0300
renpy,2019-05-19 06:25:13 +0300
renpy,2019-05-18 22:08:22 -0500
renpy,2019-05-19 05:21:24 +0300
renpy,2019-05-19 05:19:38 +0300
renpy,2019-05-19 02:11:16 +0300
renpy,2019-05-18 17:51:26 -0500
renpy,2019-05-19 01:36:48 +0300
renpy,2019-05-18 18:23:25 -0400
renpy,2019-05-18 23:44:50 +0300
renpy,2019-05-18 22:08:24 +0200
renpy,2019-05-18 17:44:43 +0300
renpy,2019-05-17 02:05:29 -0400
renpy,2019-05-16 21:36:40 -0400
renpy,2019-05-16 02:33:09 -0400
renpy,2019-05-15 22:35:53 -0400
renpy,2019-05-15 01:49:29 -0400
renpy,2019-05-14 18:14:43 -0400
renpy,2019-05-15 07:10:26 +0900
renpy,2019-05-15 06:47:38 +0900
renpy,2019-05-14 12:52:04 -0400
renpy,2019-05-14 05:54:58 +0300
renpy,2019-05-14 04:15:12 +0300
renpy,2019-05-12 19:41:31 -0400
renpy,2019-05-11 09:57:31 -0400
renpy,2019-05-10 17:54:09 -0400
renpy,2019-05-10 01:31:37 -0400
renpy,2019-05-10 01:23:35 -0400
renpy,2019-05-09 19:36:10 +0100
renpy,2019-05-09 01:24:18 -0400
renpy,2019-05-08 23:01:30 -0400
renpy,2019-05-07 22:10:27 -0400
renpy,2019-05-07 22:10:12 -0400
renpy,2019-05-07 21:57:11 +0100
renpy,2019-05-07 21:55:33 +0100
renpy,2019-05-06 21:57:27 -0400
renpy,2019-05-07 04:56:19 +0300
renpy,2019-05-06 20:59:13 -0400
renpy,2019-05-07 00:12:02 +0300
renpy,2019-05-05 01:31:40 -0400
renpy,2019-05-04 23:54:25 -0400
renpy,2019-05-04 23:44:04 -0400
renpy,2019-05-04 22:14:20 -0400
renpy,2019-05-04 09:51:39 +0900
renpy,2019-05-04 09:36:14 +0900
renpy,2019-05-03 20:29:17 -0400
renpy,2019-05-03 20:28:43 -0400
renpy,2019-05-03 15:16:00 +0100
renpy,2019-05-03 16:11:53 +0100
renpy,2019-05-03 16:08:12 +0900
renpy,2019-05-03 15:32:23 +0900
renpy,2019-05-03 15:31:59 +0900
renpy,2019-05-03 15:31:33 +0900
renpy,2019-05-03 14:25:50 +0900
renpy,2019-05-03 13:38:38 +0900
renpy,2019-05-03 13:36:11 +0900
renpy,2019-05-03 12:43:57 +0900
renpy,2019-05-03 12:20:37 +0900
renpy,2019-05-03 12:17:04 +0900
renpy,2019-05-03 12:14:37 +0900
renpy,2019-05-03 12:14:09 +0900
renpy,2019-05-03 12:06:09 +0900
renpy,2019-05-03 12:01:27 +0900
renpy,2019-05-03 12:01:18 +0900
renpy,2019-05-02 22:50:06 -0400
renpy,2019-05-03 10:31:56 +0900
renpy,2019-05-02 15:10:16 +0000
renpy,2019-05-02 11:53:57 +0900
renpy,2019-05-02 11:53:29 +0900
renpy,2019-05-01 22:16:20 -0400
renpy,2019-05-02 11:13:09 +0900
renpy,2019-05-02 11:12:52 +0900
renpy,2019-05-02 10:48:56 +0900
renpy,2019-04-30 22:17:00 -0400
renpy,2019-04-30 16:59:14 -0400
renpy,2019-04-30 23:57:41 +0300
renpy,2019-04-30 00:16:18 -0400
renpy,2019-04-30 11:59:08 +0900
renpy,2019-04-29 14:08:09 +0900
renpy,2019-04-29 14:05:59 +0900
renpy,2019-04-28 17:57:25 -0400
renpy,2019-04-28 19:53:24 +0200
renpy,2019-04-28 11:03:58 -0400
renpy,2019-04-28 15:01:44 +0200
renpy,2019-04-28 14:22:33 +0200
renpy,2019-04-27 23:21:47 -0400
renpy,2019-04-27 22:28:22 -0400
renpy,2019-04-27 02:52:16 -0400
renpy,2019-04-27 00:08:59 -0500
renpy,2019-04-27 09:01:27 +0900
renpy,2019-04-27 09:00:55 +0900
renpy,2019-04-26 17:12:14 -0400
renpy,2019-04-26 10:20:46 +0900
renpy,2019-04-26 10:20:05 +0900
renpy,2019-04-25 18:56:56 -0400
renpy,2019-04-25 09:27:24 +0900
renpy,2019-04-24 17:56:51 -0400
renpy,2019-04-24 17:55:15 -0400
renpy,2019-04-24 17:53:57 -0400
renpy,2019-04-24 19:41:25 +0100
renpy,2019-04-24 19:13:06 +0100
renpy,2019-04-24 18:45:39 +0200
renpy,2019-04-24 18:40:51 +0200
renpy,2019-04-24 18:38:08 +0200
renpy,2019-04-24 12:43:30 +0900
renpy,2019-04-23 22:34:21 -0400
renpy,2019-04-23 22:33:38 -0400
renpy,2019-04-23 20:20:09 -0400
renpy,2019-04-23 21:50:38 +0200
renpy,2019-04-23 19:03:08 +0100
renpy,2019-04-22 21:20:00 -0400
renpy,2019-04-22 21:17:15 -0400
renpy,2019-04-22 02:08:45 -0400
renpy,2019-04-21 16:48:25 -0500
renpy,2019-04-21 14:50:30 -0500
renpy,2019-04-21 14:50:01 -0500
renpy,2019-04-21 14:49:14 -0500
renpy,2019-04-21 11:43:13 -0400
renpy,2019-04-21 01:46:10 -0500
renpy,2019-04-21 00:51:20 -0500
renpy,2019-04-20 23:50:22 -0500
renpy,2019-04-20 18:04:49 -0500
renpy,2019-04-20 16:04:08 -0400
renpy,2019-04-20 13:40:11 -0500
renpy,2019-04-20 12:19:19 -0400
renpy,2019-04-20 10:37:00 -0400
renpy,2019-04-20 01:35:44 -0400
renpy,2019-04-20 01:03:22 -0400
renpy,2019-04-19 17:01:11 -0400
renpy,2019-04-19 20:01:23 +0000
renpy,2019-04-19 08:39:03 -0500
renpy,2019-04-18 22:53:00 -0400
renpy,2019-04-18 20:56:40 -0500
renpy,2019-04-17 23:18:42 -0500
renpy,2019-04-17 23:05:41 -0500
renpy,2019-04-17 21:40:04 -0500
renpy,2019-04-17 22:38:59 -0400
renpy,2019-04-17 21:58:45 -0400
renpy,2019-04-17 21:40:08 -0400
renpy,2019-04-17 21:36:18 -0400
renpy,2019-04-17 21:28:27 -0400
renpy,2019-04-17 20:27:36 -0400
renpy,2019-04-17 19:09:34 -0500
renpy,2019-04-17 02:38:53 -0400
renpy,2019-04-17 01:07:17 -0400
renpy,2019-04-17 00:07:52 -0400
renpy,2019-04-16 21:50:40 -0500
renpy,2019-04-16 01:35:59 -0400
renpy,2019-04-15 23:05:56 -0400
renpy,2019-04-15 01:49:14 -0400
renpy,2019-04-15 00:46:06 -0400
renpy,2019-04-15 00:38:16 -0400
renpy,2019-04-15 00:36:10 -0400
renpy,2019-04-15 00:31:31 -0400
renpy,2019-04-15 00:31:15 -0400
renpy,2019-04-15 00:23:46 -0400
renpy,2019-04-14 23:58:52 -0400
renpy,2019-04-14 23:54:37 -0400
renpy,2019-04-14 23:53:03 -0400
renpy,2019-04-14 23:51:23 -0400
renpy,2019-04-14 23:51:01 -0400
renpy,2019-04-13 00:00:53 -0400
renpy,2019-04-15 00:45:16 -0500
renpy,2019-04-15 00:09:51 -0500
renpy,2019-04-15 00:02:19 -0500
renpy,2019-04-14 23:19:27 +0200
renpy,2019-04-14 00:08:22 -0500
renpy,2019-04-14 00:04:54 -0500
renpy,2019-04-14 00:04:17 -0500
renpy,2019-04-13 21:34:37 -0400
renpy,2019-04-13 20:12:14 -0500
renpy,2019-04-12 23:59:26 -0400
renpy,2019-04-12 23:57:22 -0400
renpy,2019-04-12 14:17:21 -0500
renpy,2019-04-12 09:57:03 -0400
renpy,2019-04-12 10:08:09 +0900
renpy,2019-04-12 09:47:09 +0900
renpy,2019-04-12 09:32:49 +0900
renpy,2019-04-11 20:15:57 -0400
renpy,2019-04-12 09:05:36 +0900
renpy,2019-04-12 08:37:57 +0900
renpy,2019-04-12 08:03:56 +0900
renpy,2019-04-11 17:31:14 -0500
renpy,2019-04-10 23:18:22 -0500
renpy,2019-04-10 22:53:55 -0400
renpy,2019-04-10 10:17:04 -0400
renpy,2019-04-10 09:39:37 -0400
renpy,2019-04-10 02:59:24 -0400
renpy,2019-04-10 01:22:58 -0500
renpy,2019-04-09 20:40:51 -0400
renpy,2019-04-08 21:35:41 -0400
renpy,2019-04-08 15:42:18 -0500
renpy,2019-04-07 16:00:10 -0500
renpy,2019-04-07 10:05:04 -0400
renpy,2019-04-06 23:08:16 -0400
renpy,2019-04-06 22:45:35 -0400
renpy,2019-04-05 23:04:23 -0400
renpy,2019-04-04 17:55:44 -0400
renpy,2019-04-04 11:10:58 +0900
renpy,2019-04-03 01:32:49 -0400
renpy,2019-04-02 02:03:39 -0400
renpy,2019-04-02 02:03:39 -0400
renpy,2019-04-02 02:03:39 -0400
renpy,2019-04-02 02:03:39 -0400
renpy,2019-04-02 02:03:39 -0400
renpy,2019-04-02 02:03:39 -0400
renpy,2019-04-02 02:03:39 -0400
renpy,2019-04-02 02:03:39 -0400
renpy,2019-04-02 02:03:39 -0400
renpy,2019-04-02 02:03:39 -0400
renpy,2019-04-02 02:03:39 -0400
renpy,2019-04-02 02:03:39 -0400
renpy,2019-04-02 02:03:39 -0400
renpy,2019-04-02 02:03:39 -0400
renpy,2019-04-02 00:07:48 -0400
renpy,2019-04-02 00:06:40 -0400
renpy,2019-04-02 00:03:14 -0400
renpy,2019-04-01 23:04:11 -0400
renpy,2019-04-01 19:25:56 -0400
renpy,2019-03-31 10:37:27 -0400
renpy,2019-03-31 15:20:32 +0900
renpy,2019-03-30 19:44:09 -0400
renpy,2019-03-30 19:41:41 -0400
renpy,2019-03-30 14:30:57 -0400
renpy,2019-03-30 14:22:38 -0400
renpy,2019-03-30 13:26:46 -0400
renpy,2019-03-29 23:29:43 -0400
renpy,2019-03-29 22:20:37 -0400
renpy,2019-03-29 15:16:03 -0600
renpy,2019-03-29 16:33:32 +0100
renpy,2019-03-29 16:00:10 +0900
renpy,2019-03-28 23:23:37 -0400
renpy,2019-03-28 18:55:09 -0400
renpy,2019-03-28 17:11:39 +0900
renpy,2019-03-28 17:07:43 +0900
renpy,2019-03-27 21:15:41 -0400
renpy,2019-03-27 21:13:57 -0400
renpy,2019-03-27 00:44:41 -0400
renpy,2019-03-27 13:00:19 +0900
renpy,2019-03-26 22:36:47 -0400
renpy,2019-03-25 22:29:05 -0400
renpy,2019-03-25 22:12:44 -0400
renpy,2019-03-24 13:16:29 -0400
renpy,2019-03-24 11:12:07 -0600
renpy,2019-03-24 10:53:24 -0600
renpy,2019-03-24 11:36:02 -0400
renpy,2019-03-24 11:32:42 -0400
renpy,2019-03-23 22:46:50 -0400
renpy,2019-03-23 15:14:20 -0600
renpy,2019-03-23 12:26:37 -0600
renpy,2019-03-22 18:24:07 -0400
renpy,2019-03-21 22:25:35 -0400
renpy,2019-03-21 19:03:41 +0300
renpy,2019-03-20 23:21:48 -0400
renpy,2019-03-20 23:20:31 -0400
renpy,2019-03-21 03:13:46 +0100
renpy,2019-03-20 02:04:08 -0400
renpy,2019-03-19 00:50:19 -0400
renpy,2019-03-18 23:58:18 -0400
renpy,2019-03-18 23:51:33 -0400
renpy,2019-03-18 22:43:19 -0400
renpy,2019-03-17 21:21:18 -0600
renpy,2019-03-17 18:31:32 -0400
renpy,2019-03-17 17:36:02 -0400
renpy,2019-03-17 13:44:10 -0400
renpy,2019-03-17 15:40:33 +0000
renpy,2019-03-16 20:31:21 -0600
renpy,2019-03-16 21:32:05 -0400
renpy,2019-03-16 21:04:39 -0400
renpy,2019-03-16 20:49:58 -0400
renpy,2019-03-16 20:23:36 -0400
renpy,2019-03-16 11:10:55 -0400
renpy,2019-03-15 22:32:08 -0400
renpy,2019-03-14 20:45:05 -0400
renpy,2019-03-14 16:21:40 +0900
renpy,2019-03-14 16:06:20 +0900
renpy,2019-03-14 14:59:24 +0900
renpy,2019-03-14 00:03:28 -0400
renpy,2019-03-14 00:02:18 -0400
renpy,2019-03-13 22:49:03 -0400
renpy,2019-03-13 22:43:06 -0400
renpy,2019-03-13 21:09:10 -0400
renpy,2019-03-13 20:27:25 -0400
renpy,2019-03-13 18:24:46 +0100
renpy,2019-03-13 12:26:56 +0900
renpy,2019-03-13 12:04:35 +0900
renpy,2019-03-13 11:54:34 +0900
renpy,2019-03-13 11:53:50 +0900
renpy,2019-03-12 21:23:37 -0400
renpy,2019-03-12 21:16:43 -0400
renpy,2019-03-12 11:50:18 -0600
renpy,2019-03-12 09:35:09 +0900
renpy,2019-03-12 09:30:44 +0900
renpy,2019-03-12 09:29:56 +0900
renpy,2019-03-11 02:02:18 -0400
renpy,2019-03-10 22:46:59 -0400
renpy,2019-03-11 10:47:21 +0900
renpy,2019-03-11 10:38:38 +0900
renpy,2019-03-11 10:13:42 +0900
renpy,2019-03-11 09:57:35 +0900
renpy,2019-03-10 10:48:41 -0600
renpy,2019-03-10 03:02:01 -0400
renpy,2019-03-10 14:56:40 +0900
renpy,2019-03-10 14:56:04 +0900
renpy,2019-03-10 14:55:23 +0900
renpy,2019-03-09 22:42:05 -0500
renpy,2019-03-09 21:21:16 -0500
renpy,2019-03-09 15:12:59 -0500
renpy,2019-03-09 09:06:25 -0600
renpy,2019-03-08 20:19:20 -0500
renpy,2019-03-07 09:21:15 -0500
renpy,2019-03-07 08:45:43 -0500
renpy,2019-03-06 23:19:36 -0500
renpy,2019-03-07 09:08:39 +0900
renpy,2019-03-07 09:04:53 +0900
renpy,2019-03-07 09:02:11 +0900
renpy,2019-03-07 08:35:41 +0900
renpy,2019-03-07 08:22:13 +0900
renpy,2019-03-07 07:59:36 +0900
renpy,2019-03-07 07:58:07 +0900
renpy,2019-03-06 10:35:27 -0600
renpy,2019-03-06 09:22:44 -0600
renpy,2019-03-05 18:08:16 -0500
renpy,2019-03-05 18:07:50 -0500
renpy,2019-03-05 14:14:27 -0600
renpy,2019-03-05 13:40:31 -0600
renpy,2019-03-05 13:19:32 -0600
renpy,2019-03-05 19:48:10 +0100
renpy,2019-03-04 19:15:11 -0500
renpy,2019-03-04 19:14:26 -0500
renpy,2019-03-03 21:16:41 -0500
renpy,2019-03-03 12:19:45 -0500
renpy,2019-03-03 11:15:22 -0500
renpy,2019-03-03 09:30:21 -0600
renpy,2019-03-03 09:29:31 -0600
renpy,2019-03-03 09:20:46 -0600
renpy,2019-03-03 00:33:33 -0500
renpy,2019-03-02 23:21:22 -0500
renpy,2019-03-01 21:53:28 -0500
renpy,2019-03-01 20:13:33 -0500
renpy,2019-03-01 19:47:16 -0500
renpy,2019-02-28 01:47:20 -0500
renpy,2019-02-28 00:59:34 -0500
renpy,2019-02-27 22:52:03 +0300
renpy,2019-02-27 19:14:28 +0300
renpy,2019-02-27 10:22:16 -0500
renpy,2019-02-27 10:21:59 -0500
renpy,2019-02-27 10:19:52 -0500
renpy,2019-02-27 17:12:30 +0300
renpy,2019-02-26 23:22:15 -0500
renpy,2019-02-27 02:05:41 +0300
renpy,2019-02-26 12:59:30 -0600
renpy,2019-02-26 12:44:19 -0600
renpy,2019-02-26 16:48:16 +0300
renpy,2019-02-26 16:25:58 +0300
renpy,2019-02-26 16:08:18 +0300
renpy,2019-02-26 02:24:25 -0500
renpy,2019-02-26 01:22:40 -0600
renpy,2019-02-26 02:21:36 -0500
renpy,2019-02-26 00:23:27 -0600
renpy,2019-02-25 23:55:58 -0600
renpy,2019-02-26 00:50:26 -0500
renpy,2019-02-25 23:48:30 -0600
renpy,2019-02-25 23:54:19 -0500
renpy,2019-02-25 20:46:35 -0500
renpy,2019-02-24 20:51:53 -0500
renpy,2019-02-24 19:32:23 -0600
renpy,2019-02-24 19:32:14 -0600
renpy,2019-02-24 19:32:07 -0600
renpy,2019-02-24 19:31:59 -0600
renpy,2019-02-24 19:31:22 -0600
renpy,2019-02-24 19:29:38 -0600
renpy,2019-02-24 19:17:04 -0600
renpy,2019-02-24 19:58:23 -0500
renpy,2019-02-24 18:49:12 -0500
renpy,2019-02-24 16:34:14 -0500
renpy,2019-02-24 15:41:22 -0500
renpy,2019-02-24 12:37:59 -0500
renpy,2019-02-24 11:26:02 -0600
renpy,2019-02-24 12:21:27 -0500
renpy,2019-02-24 13:48:27 +0300
renpy,2019-02-24 02:15:43 -0500
renpy,2019-02-23 22:22:06 -0500
renpy,2019-02-23 19:37:17 -0500
renpy,2019-02-23 10:17:46 -0500
renpy,2019-02-23 10:56:31 +0000
renpy,2019-02-23 01:59:12 -0500
renpy,2019-02-23 01:35:43 -0500
renpy,2019-02-23 01:23:05 -0500
renpy,2019-02-22 17:11:51 -0500
renpy,2019-02-22 17:11:23 -0500
renpy,2019-02-22 09:52:21 +0000
renpy,2019-02-21 23:10:07 -0500
renpy,2019-02-21 22:33:11 -0500
renpy,2019-02-21 19:11:39 +0000
renpy,2019-02-20 22:30:18 -0500
renpy,2019-02-20 21:55:25 -0500
renpy,2019-02-20 12:35:15 -0500
renpy,2019-02-20 05:18:02 -0500
renpy,2019-02-19 20:01:51 -0500
renpy,2019-02-19 19:37:52 -0500
renpy,2019-02-18 21:27:19 -0500
renpy,2019-02-18 20:40:41 -0500
renpy,2019-02-17 22:52:29 -0500
renpy,2019-02-17 21:40:04 -0500
renpy,2019-02-17 21:12:28 -0500
renpy,2019-02-17 20:03:33 -0500
renpy,2019-02-17 14:39:18 -0500
renpy,2019-02-17 12:32:06 -0500
renpy,2019-02-17 20:30:57 +0300
renpy,2019-02-17 12:11:46 -0500
renpy,2019-02-17 20:07:20 +0300
renpy,2019-02-17 20:06:01 +0300
renpy,2019-02-17 11:50:32 -0500
renpy,2019-02-17 19:48:55 +0300
renpy,2019-02-17 10:38:38 -0500
renpy,2019-02-17 18:22:09 +0900
renpy,2019-02-17 18:20:21 +0900
renpy,2019-02-16 18:09:36 -0500
renpy,2019-02-16 17:59:19 -0500
renpy,2019-02-16 17:53:13 -0500
renpy,2019-02-16 13:59:25 -0500
renpy,2019-02-16 13:43:05 -0500
renpy,2019-02-16 13:25:33 -0500
renpy,2019-02-16 13:11:50 -0500
renpy,2019-02-16 10:34:42 -0500
renpy,2019-02-16 10:31:49 -0500
renpy,2019-02-16 10:29:39 -0500
renpy,2019-02-16 10:07:42 -0500
renpy,2019-02-16 09:52:07 -0500
renpy,2019-02-16 01:34:23 -0500
renpy,2019-02-15 23:29:51 -0500
renpy,2019-02-15 21:31:22 -0500
renpy,2019-02-14 22:34:03 -0500
renpy,2019-02-14 22:33:32 -0500
renpy,2019-02-14 02:42:36 -0500
renpy,2019-02-14 02:35:38 -0500
renpy,2019-02-14 00:13:57 -0500
renpy,2019-02-13 21:21:16 -0500
renpy,2019-02-12 23:40:40 -0500
renpy,2019-02-12 20:20:04 -0500
renpy,2019-02-12 01:01:01 -0500
renpy,2019-02-11 23:08:33 -0500
renpy,2019-02-11 23:08:06 -0500
renpy,2019-02-11 22:44:13 +0100
renpy,2019-02-11 01:57:58 -0500
renpy,2019-02-11 01:57:51 -0500
renpy,2019-02-10 21:28:25 -0500
renpy,2019-02-11 03:23:13 +0300
renpy,2019-02-11 02:47:33 +0300
renpy,2019-02-11 02:16:24 +0300
renpy,2019-02-11 02:15:12 +0300
renpy,2019-02-11 02:15:04 +0300
renpy,2019-02-09 22:24:12 -0600
renpy,2019-02-09 22:15:10 -0600
renpy,2019-02-09 12:49:50 -0500
renpy,2019-02-08 08:26:00 -0500
renpy,2019-02-08 08:24:26 -0500
renpy,2019-02-08 08:20:42 -0500
renpy,2019-02-06 23:47:24 -0500
renpy,2019-02-06 23:31:12 -0500
renpy,2019-02-06 23:25:39 -0500
renpy,2019-02-06 10:28:07 -0500
renpy,2019-02-06 02:59:05 -0500
renpy,2019-02-05 17:36:40 -0500
renpy,2019-02-05 02:05:31 -0500
renpy,2019-02-04 22:05:31 -0500
renpy,2019-02-04 02:05:42 -0500
renpy,2019-02-03 23:55:03 -0500
renpy,2019-02-02 14:35:32 -0500
renpy,2019-02-02 14:33:07 -0500
renpy,2019-02-03 19:55:27 -0500
renpy,2019-02-03 22:29:21 +0100
renpy,2019-02-02 10:31:41 -0500
renpy,2019-02-01 23:47:46 -0500
renpy,2019-02-01 22:21:32 -0500
renpy,2019-01-31 23:33:35 -0500
renpy,2019-01-31 23:32:16 -0500
renpy,2019-01-31 23:21:48 -0500
renpy,2019-01-31 23:18:42 -0500
renpy,2019-01-31 06:04:59 +0000
renpy,2019-01-31 00:31:28 -0500
renpy,2019-01-30 22:34:16 -0500
renpy,2019-01-30 01:12:01 -0500
renpy,2019-01-29 23:15:28 -0500
renpy,2019-01-28 23:05:29 -0500
renpy,2019-01-28 21:34:00 -0500
renpy,2019-01-28 21:33:49 -0500
renpy,2019-01-28 01:45:46 -0500
renpy,2019-01-27 19:17:45 -0500
renpy,2019-01-27 11:09:28 -0500
renpy,2019-01-27 01:23:55 -0500
renpy,2019-01-26 10:13:46 -0500
renpy,2019-01-25 23:38:40 -0500
renpy,2019-01-25 22:35:14 -0500
renpy,2019-01-25 19:08:24 -0500
renpy,2019-01-25 01:58:25 -0500
renpy,2019-01-24 08:32:26 -0500
renpy,2019-01-23 23:38:09 -0500
renpy,2019-01-23 22:13:09 -0500
renpy,2019-01-23 22:12:55 -0500
renpy,2019-01-23 18:13:37 +0100
renpy,2019-01-23 18:08:24 +0100
renpy,2019-01-22 22:10:28 -0500
renpy,2019-01-23 01:10:58 +0100
renpy,2019-01-22 09:39:01 +0100
renpy,2019-01-21 23:51:48 -0500
renpy,2019-01-21 22:25:06 -0500
renpy,2019-01-21 22:02:03 -0500
renpy,2019-01-21 00:42:55 -0500
renpy,2019-01-20 18:37:35 -0500
renpy,2019-01-18 22:56:22 -0500
renpy,2019-01-18 22:40:04 -0500
renpy,2019-01-17 17:14:52 +0100
renpy,2019-01-17 02:02:20 -0500
renpy,2019-01-16 17:55:16 -0500
renpy,2019-01-16 13:17:49 +0100
renpy,2019-01-15 23:21:09 -0500
renpy,2019-01-15 23:19:13 -0500
renpy,2019-01-15 21:59:30 -0500
renpy,2019-01-15 16:56:27 +0900
renpy,2019-01-15 16:54:30 +0900
renpy,2019-01-15 01:29:07 -0500
renpy,2019-01-15 15:27:10 +0900
renpy,2019-01-14 22:03:57 -0500
renpy,2019-01-14 00:07:09 -0500
renpy,2019-01-13 19:56:44 -0500
renpy,2019-01-12 13:37:18 -0500
renpy,2019-01-12 13:34:33 -0500
renpy,2019-01-11 21:57:11 -0500
renpy,2019-01-11 18:57:52 -0500
renpy,2019-01-10 22:24:41 -0500
renpy,2019-01-10 22:15:17 -0500
renpy,2019-01-09 22:54:53 -0500
renpy,2019-01-09 02:05:32 -0500
renpy,2019-01-08 23:43:44 -0500
renpy,2019-01-08 21:24:28 -0500
renpy,2019-01-08 13:53:39 +0900
renpy,2019-01-07 06:28:41 +0000
renpy,2019-01-06 11:42:18 +0000
renpy,2019-01-06 11:08:35 +0000
renpy,2019-01-06 18:58:04 -0500
renpy,2019-01-05 16:28:06 -0500
renpy,2019-01-04 22:46:38 -0500
renpy,2019-01-03 19:41:19 -0500
renpy,2019-01-01 17:33:40 +0900
renpy,2018-12-31 23:42:52 -0500
renpy,2018-12-31 22:57:36 -0500
renpy,2018-12-31 22:40:49 -0500
renpy,2018-12-30 14:21:14 -0500
renpy,2018-12-30 18:42:16 +0100
renpy,2018-12-29 00:17:09 -0500
renpy,2018-12-23 00:05:35 -0500
renpy,2018-12-22 22:48:54 -0500
renpy,2018-12-18 10:34:40 -0500
renpy,2018-12-11 22:13:17 -0500
renpy,2018-12-10 17:55:09 -0500
renpy,2018-12-10 17:48:49 -0500
renpy,2018-12-10 17:48:14 -0500
renpy,2018-12-09 13:27:43 +0100
renpy,2018-12-08 14:55:32 +0100
renpy,2018-12-04 22:09:45 -0500
renpy,2018-12-04 00:31:20 -0500
renpy,2018-11-29 22:12:23 -0500
renpy,2018-11-29 22:12:09 -0500
renpy,2018-11-28 01:05:49 -0500
renpy,2018-11-27 18:29:56 -0500
renpy,2018-11-26 20:39:47 -0500
renpy,2018-11-25 23:07:31 -0500
renpy,2018-11-15 15:51:21 +0100
renpy,2018-11-24 22:27:42 -0500
renpy,2018-11-24 20:45:33 -0500
renpy,2018-11-24 20:45:03 -0500
renpy,2018-11-23 22:36:55 -0500
renpy,2018-11-23 10:08:03 -0500
renpy,2018-11-22 14:48:42 +0100
renpy,2018-11-22 14:48:02 +0100
renpy,2018-11-22 14:47:14 +0100
renpy,2018-11-22 14:45:51 +0100
renpy,2018-11-22 01:09:21 -0500
renpy,2018-11-21 21:12:51 -0500
renpy,2018-11-20 23:30:35 -0500
renpy,2018-11-20 21:34:17 +0900
renpy,2018-11-19 23:59:11 -0500
renpy,2018-11-19 11:31:50 -0500
renpy,2018-11-18 22:05:16 -0500
renpy,2018-11-18 11:27:23 -0500
renpy,2018-11-18 11:24:41 -0500
renpy,2018-11-18 10:49:45 -0500
renpy,2018-11-18 01:20:03 -0500
renpy,2018-11-18 01:17:33 -0500
renpy,2018-11-17 18:16:01 -0500
renpy,2018-11-17 18:09:09 -0500
renpy,2018-11-17 00:27:56 -0500
renpy,2018-11-16 23:55:09 -0500
renpy,2018-11-16 21:28:01 -0500
renpy,2018-11-16 09:25:03 +0100
renpy,2018-11-15 22:59:58 -0500
renpy,2018-11-15 22:55:26 -0500
renpy,2018-11-15 22:52:27 -0500
renpy,2018-11-15 22:24:29 -0500
renpy,2018-11-15 22:21:47 -0500
renpy,2018-11-15 22:21:16 -0500
renpy,2018-11-15 21:35:41 -0500
renpy,2018-11-15 21:34:50 -0500
renpy,2018-11-15 21:17:08 -0500
renpy,2018-11-16 10:58:21 +0900
renpy,2018-11-16 10:42:19 +0900
renpy,2018-11-16 09:52:58 +0900
renpy,2018-11-16 08:53:46 +0900
renpy,2018-11-16 08:34:56 +0900
renpy,2018-11-16 08:27:24 +0900
renpy,2018-11-16 05:55:48 +0900
renpy,2018-11-15 15:51:21 +0100
renpy,2018-11-15 22:00:08 +0800
renpy,2018-11-15 21:56:41 +0800
renpy,2018-11-15 21:54:17 +0800
renpy,2018-11-15 21:53:11 +0800
renpy,2018-11-15 21:52:52 +0800
renpy,2018-11-15 21:51:58 +0800
renpy,2018-11-15 21:51:21 +0800
renpy,2018-11-15 21:44:04 +0800
renpy,2018-11-15 21:42:35 +0800
renpy,2018-11-15 18:09:46 +0800
renpy,2018-11-15 18:05:07 +0800
renpy,2018-11-15 17:52:37 +0800
renpy,2018-11-15 17:16:43 +0800
renpy,2018-11-15 17:15:45 +0800
renpy,2018-11-15 14:01:19 +0800
renpy,2018-11-15 00:56:22 -0500
renpy,2018-11-15 13:52:15 +0800
renpy,2018-11-15 13:49:12 +0800
renpy,2018-11-15 13:42:14 +0800
renpy,2018-11-15 13:25:16 +0800
renpy,2018-11-15 12:43:01 +0800
renpy,2018-11-14 23:01:23 -0500
renpy,2018-11-14 22:59:23 -0500
renpy,2018-11-14 22:59:09 -0500
renpy,2018-11-14 22:52:32 -0500
renpy,2018-11-15 11:39:51 +0800
renpy,2018-11-15 11:29:38 +0800
renpy,2018-11-15 11:24:18 +0800
renpy,2018-11-15 11:14:37 +0800
renpy,2018-11-13 20:58:25 -0500
renpy,2018-11-13 20:55:04 -0500
renpy,2018-11-13 20:54:25 -0500
renpy,2018-11-13 20:48:09 -0500
renpy,2018-11-13 16:44:53 +0900
renpy,2018-11-13 16:35:38 +0900
renpy,2018-11-13 16:22:08 +0900
renpy,2018-11-13 00:33:24 -0500
renpy,2018-11-12 00:56:17 -0500
renpy,2018-11-11 22:23:48 -0500
renpy,2018-11-11 13:18:31 -0500
renpy,2018-11-11 16:10:52 +0900
renpy,2018-11-11 01:08:46 -0500
renpy,2018-11-10 17:53:32 -0500
renpy,2018-11-10 20:18:38 +0100
renpy,2018-11-10 20:01:48 +0100
renpy,2018-11-10 10:53:53 -0500
renpy,2018-11-09 17:47:50 -0500
renpy,2018-11-09 01:23:58 -0500
renpy,2018-11-09 01:16:54 -0500
renpy,2018-11-08 22:31:47 -0500
renpy,2018-11-08 02:02:15 -0500
renpy,2018-11-07 20:48:46 -0500
renpy,2018-11-07 20:28:39 -0500
renpy,2018-11-07 20:27:56 -0500
renpy,2018-11-07 17:06:17 +0100
renpy,2018-11-07 16:04:31 +0100
renpy,2018-11-07 20:10:15 +0900
renpy,2018-11-07 20:09:17 +0900
renpy,2018-11-07 02:01:46 -0500
renpy,2018-11-06 12:24:38 -0500
renpy,2018-11-06 17:37:27 +0300
renpy,2018-11-05 22:00:28 -0500
renpy,2018-11-04 18:50:08 -0500
renpy,2018-11-04 17:41:10 -0500
renpy,2018-11-04 23:57:23 +0300
renpy,2018-11-04 12:53:39 -0500
renpy,2018-11-03 17:36:41 -0400
renpy,2018-11-03 17:16:15 -0400
renpy,2018-11-03 21:38:27 +0300
renpy,2018-11-03 21:37:42 +0300
renpy,2018-11-03 20:58:21 +0300
renpy,2018-11-03 20:54:17 +0300
renpy,2018-11-03 13:17:51 -0400
renpy,2018-11-03 13:16:57 -0400
renpy,2018-11-03 13:04:35 -0400
renpy,2018-11-03 20:00:47 +0300
renpy,2018-11-03 19:59:07 +0300
renpy,2018-11-03 09:52:07 +0300
renpy,2018-11-03 06:43:08 +0300
renpy,2018-11-03 06:41:36 +0300
renpy,2018-11-03 04:53:58 +0300
renpy,2018-11-02 17:15:05 -0400
renpy,2018-11-01 22:12:47 -0400
renpy,2018-11-01 20:47:17 +0300
renpy,2018-11-01 19:12:25 +0300
renpy,2018-10-31 23:33:08 -0400
renpy,2018-10-30 23:17:44 -0400
renpy,2018-10-30 22:48:22 -0400
renpy,2018-10-30 21:52:18 -0400
renpy,2018-10-30 21:52:00 -0400
renpy,2018-10-30 21:50:37 -0400
renpy,2018-10-31 03:39:34 +0300
renpy,2018-10-30 00:18:36 -0400
renpy,2018-10-30 00:04:27 -0400
renpy,2018-10-29 22:38:54 -0400
renpy,2018-10-29 22:21:08 -0400
renpy,2018-10-29 21:53:09 -0400
renpy,2018-10-29 15:00:20 +0200
renpy,2018-10-28 23:48:57 -0400
renpy,2018-10-28 23:48:36 -0400
renpy,2018-10-29 06:41:51 +0300
renpy,2018-10-28 23:21:49 -0400
renpy,2018-10-29 06:20:03 +0300
renpy,2018-10-29 06:14:06 +0300
renpy,2018-10-28 21:51:35 +0100
renpy,2018-10-28 21:15:39 +0100
renpy,2018-10-28 00:59:16 -0400
renpy,2018-10-27 23:13:11 -0400
renpy,2018-10-26 22:22:41 -0400
renpy,2018-10-25 21:22:05 -0400
renpy,2018-10-25 21:17:58 -0400
renpy,2018-10-24 21:00:08 -0400
renpy,2018-10-24 19:07:33 -0400
renpy,2018-10-24 22:14:22 +0900
renpy,2018-10-24 09:43:48 +0500
renpy,2018-10-23 22:30:14 -0400
renpy,2018-10-22 18:39:05 -0400
renpy,2018-10-21 20:17:24 +0200
renpy,2018-10-21 11:04:20 -0400
renpy,2018-10-21 14:22:59 +0200
renpy,2018-10-21 01:05:26 -0400
renpy,2018-10-21 00:34:23 -0400
renpy,2018-10-20 22:58:51 -0400
renpy,2018-10-19 21:49:50 -0400
renpy,2018-10-19 13:45:00 -0700
renpy,2018-10-19 12:56:58 -0700
renpy,2018-10-19 12:13:14 -0700
renpy,2018-10-18 21:05:31 -0400
renpy,2018-10-17 23:59:42 -0400
renpy,2018-10-17 11:14:35 -0400
renpy,2018-10-17 02:01:56 -0400
renpy,2018-10-16 21:47:47 -0400
renpy,2018-10-15 20:52:39 -0400
renpy,2018-10-14 08:38:14 -0400
renpy,2018-10-13 19:37:48 -0400
renpy,2018-10-13 09:39:46 -0400
renpy,2018-10-13 16:18:30 +0300
renpy,2018-10-12 23:16:44 -0400
renpy,2018-10-12 21:45:20 +0300
renpy,2018-10-12 19:12:18 +0300
renpy,2018-10-12 19:01:01 +0300
renpy,2018-10-12 18:09:32 +0300
renpy,2018-10-12 15:31:42 +0300
renpy,2018-10-12 01:41:52 -0400
renpy,2018-10-11 17:06:39 -0400
renpy,2018-10-10 00:16:46 -0400
renpy,2018-10-08 23:02:22 -0400
renpy,2018-10-08 20:05:34 -0400
renpy,2018-10-09 06:00:42 +0900
renpy,2018-10-06 12:55:20 -0400
renpy,2018-10-06 11:49:15 -0400
renpy,2018-10-06 08:32:55 -0400
renpy,2018-10-06 08:20:15 -0400
renpy,2018-10-03 22:54:40 -0400
renpy,2018-10-03 22:50:08 -0400
renpy,2018-10-02 21:11:53 -0400
renpy,2018-10-01 22:43:33 -0400
renpy,2018-10-01 22:42:06 -0400
renpy,2018-10-01 18:15:05 +0900
renpy,2018-09-30 14:49:01 -0400
renpy,2018-09-29 20:50:32 +0300
renpy,2018-09-29 20:27:50 +0300
renpy,2018-09-29 20:07:29 +0300
renpy,2018-09-29 02:56:30 -0400
renpy,2018-09-28 23:23:08 -0400
renpy,2018-09-27 10:31:04 -0400
renpy,2018-09-27 10:29:00 -0400
renpy,2018-09-26 23:01:54 -0400
renpy,2018-09-26 01:36:19 -0400
renpy,2018-09-25 02:23:34 -0400
renpy,2018-09-24 21:27:05 -0400
renpy,2018-09-23 23:45:59 -0400
renpy,2018-09-23 16:38:06 -0400
renpy,2018-09-22 13:33:07 -0400
renpy,2018-09-22 13:23:24 -0400
renpy,2018-09-22 11:36:32 +0300
renpy,2018-09-22 01:28:09 -0400
renpy,2018-09-21 01:02:21 -0400
renpy,2018-09-20 22:44:31 -0400
renpy,2018-09-20 07:13:49 +0300
renpy,2018-09-20 04:51:16 +0300
renpy,2018-09-20 04:11:30 +0300
renpy,2018-09-19 16:33:03 -0500
renpy,2018-09-18 20:53:52 -0400
renpy,2018-09-18 20:44:16 -0400
renpy,2018-09-18 20:39:58 -0400
renpy,2018-09-18 20:35:46 -0400
renpy,2018-09-17 16:12:27 -0500
renpy,2018-09-16 23:01:01 +0300
renpy,2018-09-16 12:22:14 -0400
renpy,2018-09-16 12:12:00 -0400
renpy,2018-09-15 23:42:07 -0400
renpy,2018-09-15 23:39:01 -0400
renpy,2018-09-14 23:15:19 -0400
renpy,2018-09-15 08:43:53 +0900
renpy,2018-09-15 08:42:11 +0900
renpy,2018-09-13 21:11:09 -0400
renpy,2018-09-13 00:09:38 -0400
renpy,2018-09-12 01:21:29 -0400
renpy,2018-09-11 18:34:25 -0400
renpy,2018-09-10 19:40:49 -0400
renpy,2018-09-09 21:38:30 -0400
renpy,2018-09-08 11:45:37 -0400
renpy,2018-09-08 11:19:22 -0400
renpy,2018-09-07 23:37:12 -0400
renpy,2018-09-07 10:03:30 -0400
renpy,2018-09-07 00:53:59 -0400
renpy,2018-09-06 00:22:59 -0400
renpy,2018-09-05 01:31:51 -0400
renpy,2018-09-05 01:08:33 -0400
renpy,2018-09-04 20:55:35 -0400
renpy,2018-09-05 03:40:19 +0900
renpy,2018-09-03 23:26:58 -0500
renpy,2018-09-03 15:42:52 -0400
renpy,2018-09-03 15:30:14 -0400
renpy,2018-09-03 10:05:38 -0500
renpy,2018-09-03 10:04:12 -0500
renpy,2018-09-03 17:58:10 +0300
renpy,2018-09-03 17:44:26 +0300
renpy,2018-09-02 22:10:59 -0400
renpy,2018-09-02 11:25:38 -0400
renpy,2018-09-02 10:17:43 -0500
renpy,2018-09-02 18:04:15 +0300
renpy,2018-09-02 17:43:48 +0300
renpy,2018-09-02 17:39:04 +0300
renpy,2018-09-02 10:35:43 -0400
renpy,2018-09-02 10:35:13 -0400
renpy,2018-09-02 09:24:06 -0400
renpy,2018-09-02 02:12:40 -0400
renpy,2018-09-02 00:47:26 -0400
renpy,2018-09-01 23:15:29 -0400
renpy,2018-09-01 23:14:08 -0400
renpy,2018-09-01 22:33:53 -0400
renpy,2018-08-31 21:18:54 -0400
renpy,2018-08-31 21:17:29 -0400
renpy,2018-09-01 08:02:41 +0900
renpy,2018-08-30 01:52:58 +0900
renpy,2018-08-28 22:24:38 -0400
renpy,2018-08-28 00:17:10 +0900
renpy,2018-08-26 23:11:07 -0400
renpy,2018-08-27 09:40:55 +0900
renpy,2018-08-27 09:37:14 +0900
renpy,2018-08-27 09:28:30 +0900
renpy,2018-08-27 09:25:03 +0900
renpy,2018-08-27 08:50:55 +0900
renpy,2018-08-27 08:16:59 +0900
renpy,2018-08-27 07:21:34 +0900
renpy,2018-08-27 07:21:10 +0900
renpy,2018-08-27 07:20:47 +0900
renpy,2018-08-27 07:20:26 +0900
renpy,2018-08-27 07:19:56 +0900
renpy,2018-08-27 07:19:25 +0900
renpy,2018-08-27 07:19:04 +0900
renpy,2018-08-27 07:18:33 +0900
renpy,2018-08-27 07:18:01 +0900
renpy,2018-08-27 07:17:39 +0900
renpy,2018-08-27 07:17:12 +0900
renpy,2018-08-27 07:16:47 +0900
renpy,2018-08-27 07:16:06 +0900
renpy,2018-08-27 07:15:39 +0900
renpy,2018-08-27 07:15:10 +0900
renpy,2018-08-27 07:13:55 +0900
renpy,2018-08-27 07:13:17 +0900
renpy,2018-08-27 05:54:07 +0900
renpy,2018-08-27 05:41:54 +0900
renpy,2018-08-26 00:44:53 -0400
renpy,2018-08-26 00:44:24 -0400
renpy,2018-08-26 00:38:11 -0400
renpy,2018-08-26 00:35:28 -0400
renpy,2018-08-25 20:28:57 -0400
renpy,2018-08-26 08:24:04 +0900
renpy,2018-08-23 01:01:30 -0500
renpy,2018-08-23 14:49:33 +0900
renpy,2018-08-23 14:44:47 +0900
renpy,2018-08-23 14:44:20 +0900
renpy,2018-08-23 14:40:01 +0900
renpy,2018-08-23 14:31:55 +0900
renpy,2018-08-21 21:47:34 -0400
renpy,2018-08-20 10:33:23 -0400
renpy,2018-08-20 09:29:04 -0500
renpy,2018-08-19 08:36:14 -0500
renpy,2018-08-19 08:35:31 -0500
renpy,2018-08-17 09:49:23 -0500
renpy,2018-08-16 21:21:29 -0500
renpy,2018-08-16 20:26:37 -0500
renpy,2018-08-15 23:38:40 -0400
renpy,2018-08-15 21:51:50 -0400
renpy,2018-08-15 21:39:55 -0400
renpy,2018-08-15 21:10:56 -0400
renpy,2018-08-15 01:34:18 -0400
renpy,2018-08-14 22:35:48 -0400
renpy,2018-08-14 15:31:17 +0900
renpy,2018-08-14 00:32:43 -0400
renpy,2018-08-13 19:32:15 -0400
renpy,2018-08-13 00:08:48 -0400
renpy,2018-08-12 19:48:38 -0400
renpy,2018-08-12 19:45:45 -0400
renpy,2018-08-12 08:53:05 -0400
renpy,2018-08-12 08:52:00 -0400
renpy,2018-08-09 23:04:46 -0400
renpy,2018-08-08 22:59:15 -0700
renpy,2018-08-09 01:40:53 -0400
renpy,2018-08-08 22:53:14 -0400
renpy,2018-08-07 09:48:06 -0400
renpy,2018-08-07 08:33:24 -0400
renpy,2018-08-06 07:31:01 -0400
renpy,2018-08-04 22:54:35 -0400
renpy,2018-08-03 09:53:18 -0400
renpy,2018-08-03 01:17:22 -0400
renpy,2018-08-01 22:16:31 -0400
renpy,2018-07-26 23:48:24 -0400
renpy,2018-07-26 23:44:06 -0400
renpy,2018-07-25 16:33:05 -0400
renpy,2018-07-25 10:27:33 -0400
renpy,2018-07-25 10:27:09 -0400
renpy,2018-07-24 17:07:19 -0400
renpy,2018-07-24 22:44:32 +0200
renpy,2018-07-23 23:39:50 -0400
renpy,2018-07-23 18:39:29 -0400
renpy,2018-07-21 21:56:39 -0400
renpy,2018-07-21 07:28:59 +0500
renpy,2018-07-19 11:40:52 -0400
renpy,2018-07-15 15:02:24 -0400
renpy,2018-07-15 11:56:03 -0400
renpy,2018-07-15 11:55:55 -0400
renpy,2018-07-14 09:24:20 -0400
renpy,2018-07-13 17:08:58 -0400
renpy,2018-07-13 07:14:00 -0400
renpy,2018-07-13 04:14:56 -0400
renpy,2018-07-12 23:41:00 -0500
renpy,2018-07-12 23:36:34 -0500
renpy,2018-07-12 22:17:28 -0400
renpy,2018-07-12 21:40:24 -0400
renpy,2018-07-11 23:37:07 -0400
renpy,2018-07-11 00:49:32 -0400
renpy,2018-07-11 00:17:48 -0400
renpy,2018-07-10 19:17:20 -0400
renpy,2018-07-09 22:03:52 -0400
renpy,2018-07-08 22:56:44 -0400
renpy,2018-07-08 22:16:05 -0400
renpy,2018-07-08 20:23:09 -0400
renpy,2018-07-08 18:12:17 -0400
renpy,2018-07-08 12:27:56 +0200
renpy,2018-07-06 18:07:37 -0400
renpy,2018-07-06 02:30:31 -0400
renpy,2018-07-05 19:45:45 -0400
renpy,2018-07-04 12:44:58 -0400
renpy,2018-07-03 22:23:27 -0400
renpy,2018-07-03 22:15:17 -0400
renpy,2018-07-03 20:15:06 -0400
renpy,2018-07-03 02:37:02 -0400
renpy,2018-07-03 01:58:29 -0400
renpy,2018-07-02 17:11:30 -0400
renpy,2018-07-02 16:57:36 -0400
renpy,2018-07-01 23:11:31 -0400
renpy,2018-07-01 21:00:36 -0400
renpy,2018-06-30 16:12:26 -0400
renpy,2018-06-29 20:47:20 -0400
renpy,2018-06-29 19:36:38 -0400
renpy,2018-07-01 09:37:01 -0400
renpy,2018-07-01 01:10:56 +0800
renpy,2018-06-30 20:48:54 +0800
renpy,2018-06-30 20:33:33 +0800
renpy,2018-06-29 22:40:56 -0400
renpy,2018-06-29 19:32:40 -0400
renpy,2018-06-28 23:33:50 -0400
renpy,2018-06-28 19:12:50 -0400
renpy,2018-06-27 23:01:47 -0400
renpy,2018-06-26 22:33:29 -0400
renpy,2018-06-25 19:08:28 -0400
renpy,2018-06-24 11:56:05 -0400
renpy,2018-06-24 11:52:15 -0400
renpy,2018-06-24 11:41:57 -0400
renpy,2018-06-24 11:36:03 -0400
renpy,2018-06-24 10:59:42 -0400
renpy,2018-06-23 23:59:50 -0400
renpy,2018-06-23 11:53:42 -0400
renpy,2018-06-23 11:47:03 -0400
renpy,2018-06-22 23:18:42 -0400
renpy,2018-06-22 21:41:52 -0400
renpy,2018-06-22 01:40:37 -0400
renpy,2018-06-21 23:57:15 -0400
renpy,2018-06-21 23:34:06 -0400
renpy,2018-06-21 11:13:17 -0400
renpy,2018-06-20 18:08:48 -0400
renpy,2018-06-20 17:54:47 -0400
renpy,2018-06-20 02:56:53 -0400
renpy,2018-06-20 01:17:46 -0400
renpy,2018-06-19 01:39:00 -0400
renpy,2018-06-18 20:38:31 -0400
renpy,2018-06-18 01:42:24 -0400
renpy,2018-06-17 14:36:22 -0400
renpy,2018-06-16 13:20:44 -0400
renpy,2018-06-16 13:20:08 -0400
renpy,2018-06-15 23:03:45 -0400
renpy,2018-06-15 00:55:29 -0400
renpy,2018-06-14 22:26:42 -0400
renpy,2018-06-14 00:18:01 -0400
renpy,2018-06-13 02:51:11 -0400
renpy,2018-06-12 09:25:19 -0400
renpy,2018-06-12 01:47:36 -0400
renpy,2018-06-11 23:15:30 -0400
renpy,2018-06-10 22:24:17 -0400
renpy,2018-06-10 22:23:52 -0400
renpy,2018-06-09 11:11:51 -0400
renpy,2018-06-09 14:58:08 +0200
renpy,2018-06-09 14:29:29 +0200
renpy,2018-06-09 02:34:33 -0400
renpy,2018-06-08 23:03:12 -0400
renpy,2018-06-08 02:33:59 -0400
renpy,2018-06-07 10:15:55 -0400
renpy,2018-06-07 00:34:20 -0400
renpy,2018-06-06 22:29:37 -0400
renpy,2018-06-06 03:22:42 -0400
renpy,2018-06-05 23:25:27 -0400
renpy,2018-06-05 10:43:49 -0400
renpy,2018-06-05 10:43:39 -0400
renpy,2018-06-04 22:24:06 -0400
renpy,2018-06-04 01:47:55 -0400
renpy,2018-06-03 23:42:56 -0400
renpy,2018-06-02 09:12:18 -0400
renpy,2018-06-02 09:12:09 -0400
renpy,2018-06-02 09:10:33 -0400
renpy,2018-06-02 08:58:53 -0400
renpy,2018-06-02 08:56:54 -0400
renpy,2018-06-02 14:42:58 +0200
renpy,2018-05-31 02:24:06 -0400
renpy,2018-05-31 00:30:26 -0400
renpy,2018-05-30 10:17:51 -0400
renpy,2018-05-30 10:14:26 -0400
renpy,2018-05-30 09:23:45 -0400
renpy,2018-05-30 03:19:14 -0400
renpy,2018-05-29 11:41:17 -0400
renpy,2018-05-29 09:40:53 -0400
renpy,2018-05-28 12:41:29 -0400
renpy,2018-05-28 12:18:24 -0400
renpy,2018-05-28 12:17:30 -0400
renpy,2018-05-27 16:58:48 -0400
renpy,2018-05-27 16:34:45 -0400
renpy,2018-05-27 16:30:25 -0400
renpy,2018-05-26 23:35:39 -0400
renpy,2018-05-27 01:20:11 +0300
renpy,2018-05-27 01:18:51 +0300
renpy,2018-05-27 01:09:05 +0300
renpy,2018-05-26 10:51:54 -0400
renpy,2018-05-26 10:46:47 -0400
renpy,2018-05-26 03:14:39 -0400
renpy,2018-05-24 23:57:37 -0400
renpy,2018-05-24 18:55:01 -0400
renpy,2018-05-23 20:20:50 -0400
renpy,2018-05-23 02:25:56 -0400
renpy,2018-05-22 22:44:36 -0400
renpy,2018-05-21 09:54:56 -0400
renpy,2018-05-21 09:52:53 -0400
renpy,2018-05-21 02:38:46 -0400
renpy,2018-05-20 16:20:15 -0400
renpy,2018-05-20 02:34:43 -0400
renpy,2018-05-20 02:25:31 -0400
renpy,2018-05-19 22:31:38 -0400
renpy,2018-05-19 13:24:08 -0400
renpy,2018-05-18 22:55:43 -0400
renpy,2018-05-18 02:02:49 -0400
renpy,2018-05-17 23:34:50 -0400
renpy,2018-05-17 23:34:23 -0400
renpy,2018-05-17 23:31:10 -0400
renpy,2018-05-17 23:27:41 -0400
renpy,2018-05-17 23:23:57 -0400
renpy,2018-05-17 23:21:35 -0400
renpy,2018-05-17 23:17:52 -0400
renpy,2018-05-17 23:00:53 -0400
renpy,2018-05-17 22:42:26 -0400
renpy,2018-05-17 22:36:03 -0400
renpy,2018-05-17 22:28:15 -0400
renpy,2018-05-17 22:15:03 -0400
renpy,2018-05-17 22:11:12 -0400
renpy,2018-05-17 22:02:34 -0400
renpy,2018-05-17 21:56:44 -0400
renpy,2018-05-17 21:47:50 -0400
renpy,2018-05-17 19:53:48 -0400
renpy,2018-05-17 19:51:36 -0400
renpy,2018-05-17 19:47:47 -0400
renpy,2018-05-17 19:41:26 -0400
renpy,2018-05-17 19:32:46 -0400
renpy,2018-05-17 19:26:43 -0400
renpy,2018-05-17 19:19:57 -0400
renpy,2018-05-17 19:18:05 -0400
renpy,2018-05-17 19:12:15 -0400
renpy,2018-05-17 18:36:47 -0400
renpy,2018-05-17 18:26:06 -0400
renpy,2018-05-17 18:25:48 -0400
renpy,2018-05-17 18:17:59 -0400
renpy,2018-05-17 18:16:13 -0400
renpy,2018-05-17 18:05:17 -0400
renpy,2018-05-17 18:00:46 -0400
renpy,2018-05-17 17:08:30 -0400
renpy,2018-05-17 17:07:12 -0400
renpy,2018-05-17 16:51:03 -0400
renpy,2018-05-17 16:48:35 -0400
renpy,2018-05-17 16:46:18 -0400
renpy,2018-05-17 16:45:40 -0400
renpy,2018-05-17 16:36:46 -0400
renpy,2018-05-17 16:28:13 -0400
renpy,2018-05-17 16:24:27 -0400
renpy,2018-05-17 16:16:38 -0400
renpy,2018-05-17 10:51:38 -0400
renpy,2018-05-17 10:30:57 -0400
renpy,2018-05-17 09:46:04 -0400
renpy,2018-05-16 22:20:55 -0400
renpy,2018-05-16 01:01:51 -0400
renpy,2018-05-14 17:58:58 -0400
renpy,2018-05-14 03:17:48 +0200
renpy,2018-05-14 03:07:08 +0200
renpy,2018-05-14 02:21:18 +0200
renpy,2018-05-13 19:59:13 -0400
renpy,2018-05-13 18:44:05 -0400
renpy,2018-05-13 14:14:38 -0400
renpy,2018-05-13 01:20:07 -0400
renpy,2018-05-13 01:17:24 -0400
renpy,2018-05-12 23:45:58 -0400
renpy,2018-05-12 21:07:58 -0400
renpy,2018-05-11 22:57:36 -0400
renpy,2018-05-11 18:33:18 -0400
renpy,2018-05-10 22:08:09 -0400
renpy,2018-05-10 22:04:27 -0400
renpy,2018-05-10 02:22:30 -0400
renpy,2018-05-09 20:45:25 -0400
renpy,2018-05-08 22:49:26 -0400
renpy,2018-05-07 23:18:58 -0400
renpy,2018-05-07 22:38:03 -0400
renpy,2018-05-07 19:45:54 -0400
renpy,2018-05-06 19:21:35 -0400
renpy,2018-05-05 13:34:12 -0400
renpy,2018-05-05 10:28:10 -0400
renpy,2018-05-05 08:47:07 -0400
renpy,2018-05-04 22:26:15 -0400
renpy,2018-05-04 19:48:03 +0200
renpy,2018-05-03 18:47:27 -0400
renpy,2018-05-03 18:46:26 -0400
renpy,2018-05-03 01:21:49 -0400
renpy,2018-05-03 01:10:21 -0400
renpy,2018-05-02 22:17:37 -0400
renpy,2018-05-01 22:10:15 -0400
renpy,2018-05-02 09:23:06 +0200
renpy,2018-05-01 17:15:26 -0400
renpy,2018-05-01 18:11:56 +0200
renpy,2018-04-30 21:14:50 -0400
renpy,2018-04-29 17:43:59 -0400
renpy,2018-04-29 12:25:53 -0400
renpy,2018-04-29 11:45:38 -0400
renpy,2018-04-29 01:48:06 -0400
renpy,2018-04-29 00:39:51 -0400
renpy,2018-04-29 00:31:00 -0400
renpy,2018-04-28 12:50:19 -0400
renpy,2018-04-28 12:31:20 -0400
renpy,2018-04-28 12:06:57 -0400
renpy,2018-04-28 09:01:30 -0400
renpy,2018-04-28 08:33:17 +0200
renpy,2018-04-28 01:36:06 -0400
renpy,2018-04-28 01:11:06 -0400
renpy,2018-04-28 01:10:38 -0400
renpy,2018-04-27 22:45:46 -0400
renpy,2018-04-27 01:30:15 -0400
renpy,2018-04-26 08:55:46 -0400
renpy,2018-04-26 01:43:34 -0400
renpy,2018-04-25 22:32:52 -0400
renpy,2018-04-25 01:06:48 -0400
renpy,2018-04-25 01:06:02 -0400
renpy,2018-04-24 22:45:10 -0400
renpy,2018-04-24 09:02:51 -0400
renpy,2018-04-23 23:52:53 -0400
renpy,2018-04-23 23:12:05 -0400
renpy,2018-04-22 22:10:44 -0400
renpy,2018-04-22 16:21:34 -0400
renpy,2018-04-22 16:21:01 -0400
renpy,2018-04-22 16:20:28 -0400
renpy,2018-04-22 16:19:50 -0400
renpy,2018-04-22 16:16:09 -0400
renpy,2018-04-22 16:06:43 +0900
renpy,2018-04-21 23:26:48 -0400
renpy,2018-04-21 22:34:16 -0400
renpy,2018-04-21 11:24:12 -0400
renpy,2018-04-21 08:54:59 -0400
renpy,2018-04-20 23:51:26 -0400
renpy,2018-04-20 23:27:34 -0400
renpy,2018-04-20 22:41:47 -0400
renpy,2018-04-20 00:22:50 -0400
renpy,2018-04-20 00:22:02 -0400
renpy,2018-04-19 23:23:30 -0400
renpy,2018-04-19 23:06:25 -0400
renpy,2018-04-19 23:03:37 -0400
renpy,2018-04-19 02:23:51 -0400
renpy,2018-04-19 02:20:22 -0400
renpy,2018-04-19 02:18:43 -0400
renpy,2018-04-19 00:11:27 -0400
renpy,2018-04-18 23:39:50 -0400
renpy,2018-04-18 23:37:52 -0400
renpy,2018-04-18 23:33:53 -0400
renpy,2018-04-18 22:54:47 -0400
renpy,2018-04-18 01:17:55 -0400
renpy,2018-04-17 08:35:15 -0400
renpy,2018-04-17 01:42:03 -0400
renpy,2018-04-17 01:28:49 -0400
renpy,2018-04-16 20:18:16 -0400
renpy,2018-04-16 18:51:54 -0400
renpy,2018-04-16 02:22:03 -0400
renpy,2018-04-16 02:17:42 -0400
renpy,2018-04-16 01:43:49 -0400
renpy,2018-04-15 17:52:40 -0400
renpy,2018-04-15 15:22:35 -0400
renpy,2018-04-15 14:04:49 -0400
renpy,2018-04-15 13:22:23 -0400
renpy,2018-04-14 15:07:19 -0400
renpy,2018-04-14 00:10:08 -0400
renpy,2018-04-13 16:55:07 -0400
renpy,2018-04-13 16:53:41 -0400
renpy,2018-04-12 22:29:42 -0400
renpy,2018-04-09 08:29:55 -0400
renpy,2018-04-08 19:27:06 -0400
renpy,2018-04-08 19:21:09 -0400
renpy,2018-04-08 08:39:15 -0400
renpy,2018-04-08 01:28:47 -0400
renpy,2018-04-06 22:40:09 -0400
renpy,2018-04-06 22:39:50 -0400
renpy,2018-04-03 22:56:27 -0400
renpy,2018-04-03 22:47:20 -0400
renpy,2018-04-03 21:01:51 -0400
renpy,2018-04-03 01:19:46 -0400
renpy,2018-04-02 21:17:15 -0400
renpy,2018-04-01 21:03:45 -0300
renpy,2018-03-30 17:41:44 -0400
renpy,2018-03-30 09:19:28 -0400
renpy,2018-03-29 23:19:58 -0400
renpy,2018-03-29 14:27:51 -0400
renpy,2018-03-29 02:48:41 -0400
renpy,2018-03-29 01:55:36 -0400
renpy,2018-03-29 01:14:45 -0400
renpy,2018-03-28 20:11:21 -0400
renpy,2018-03-27 20:39:12 -0400
renpy,2018-03-27 18:04:18 -0400
renpy,2018-03-27 15:25:23 -0400
renpy,2018-03-27 23:25:34 +0500
renpy,2018-03-27 14:06:26 -0400
renpy,2018-03-26 21:43:14 -0400
renpy,2018-03-25 20:23:05 -0400
renpy,2018-03-25 20:06:25 -0400
renpy,2018-03-25 20:03:36 -0400
renpy,2018-03-25 17:42:57 -0400
renpy,2018-03-25 17:40:22 -0400
renpy,2018-03-25 14:49:14 -0400
renpy,2018-03-25 14:43:32 -0400
renpy,2018-03-25 14:37:52 -0400
renpy,2018-03-25 14:20:11 -0400
renpy,2018-03-25 12:29:48 -0400
renpy,2018-03-25 10:51:12 -0400
renpy,2018-03-25 11:03:34 +0300
renpy,2018-03-25 11:01:19 +0300
renpy,2018-03-25 10:36:30 +0300
renpy,2018-03-25 10:35:12 +0300
renpy,2018-03-25 10:07:43 +0300
renpy,2018-03-24 22:24:59 -0400
renpy,2018-03-22 21:42:41 -0400
renpy,2018-03-22 01:48:43 -0400
renpy,2018-03-21 22:40:40 -0400
renpy,2018-03-21 22:33:11 -0400
renpy,2018-03-21 22:17:48 -0400
renpy,2018-03-21 21:44:51 -0400
renpy,2018-03-20 20:15:33 -0400
renpy,2018-03-19 23:40:13 -0400
renpy,2018-03-18 14:15:57 -0400
renpy,2018-03-18 12:18:17 -0400
renpy,2018-03-18 11:37:51 -0400
renpy,2018-03-17 23:15:47 -0400
renpy,2018-03-17 11:21:38 -0400
renpy,2018-03-16 22:41:37 -0400
renpy,2018-03-16 22:39:43 -0400
renpy,2018-03-16 09:44:32 -0400
renpy,2018-03-15 21:28:10 -0400
renpy,2018-03-15 01:26:59 -0400
renpy,2018-03-15 00:23:32 -0400
renpy,2018-03-14 22:54:30 -0400
renpy,2018-03-14 20:49:54 -0400
renpy,2018-03-14 20:49:51 -0400
renpy,2018-03-14 20:49:47 -0400
renpy,2018-03-14 01:39:25 -0400
renpy,2018-03-14 01:32:38 -0400
renpy,2018-03-13 18:36:42 -0400
renpy,2018-03-13 18:35:37 -0400
renpy,2018-03-13 03:04:55 -0400
renpy,2018-03-13 02:32:17 -0400
renpy,2018-03-12 14:18:56 -0400
renpy,2018-03-12 10:38:38 -0400
renpy,2018-03-12 04:01:54 -0700
renpy,2018-03-12 02:05:44 -0400
renpy,2018-03-11 16:47:10 -0400
renpy,2018-03-10 16:03:11 -0500
renpy,2018-03-10 04:16:27 -0500
renpy,2018-03-09 17:46:16 -0500
renpy,2018-03-09 02:00:11 -0500
renpy,2018-03-08 23:21:12 -0500
renpy,2018-03-08 01:52:23 -0500
renpy,2018-03-07 21:31:51 -0500
renpy,2018-03-07 00:57:48 -0500
renpy,2018-03-06 21:24:09 -0500
renpy,2018-03-05 23:37:05 -0500
renpy,2018-03-05 22:59:21 -0500
renpy,2018-03-04 18:57:36 -0500
renpy,2018-03-04 15:47:19 -0500
renpy,2018-03-04 15:46:44 -0500
renpy,2018-03-04 15:46:06 -0500
renpy,2018-03-04 15:37:23 -0500
renpy,2018-03-04 14:25:46 -0500
renpy,2018-03-04 14:18:03 -0500
renpy,2018-03-04 01:02:51 -0500
renpy,2018-03-03 20:58:06 -0500
renpy,2018-03-03 17:18:11 -0800
renpy,2018-03-03 16:39:19 -0800
renpy,2018-03-03 12:21:23 -0500
renpy,2018-03-02 22:49:29 -0500
renpy,2018-03-02 22:04:56 -0500
renpy,2018-03-03 02:59:18 +0200
renpy,2018-03-02 02:21:22 -0500
renpy,2018-03-01 19:31:51 -0500
renpy,2018-02-26 23:23:56 -0500
renpy,2018-02-26 01:44:35 -0500
renpy,2016-12-25 17:15:38 -0500
renpy,2018-02-25 13:34:00 -0500
renpy,2018-02-24 23:52:08 -0500
renpy,2018-02-24 14:35:58 -0500
renpy,2018-02-24 14:27:46 -0500
renpy,2018-02-23 23:43:52 -0500
renpy,2018-02-23 00:49:06 -0500
renpy,2018-02-22 01:20:03 -0500
renpy,2018-02-21 20:53:09 -0500
renpy,2018-02-21 03:00:14 -0500
renpy,2018-02-19 11:18:29 -0500
renpy,2018-02-18 18:19:35 -0500
renpy,2018-02-16 20:45:31 -0500
renpy,2018-02-15 23:09:01 -0500
renpy,2018-02-13 18:40:57 -0500
renpy,2018-02-13 12:46:56 -0500
renpy,2018-02-12 22:14:28 -0500
renpy,2018-02-11 12:38:11 -0500
renpy,2018-02-11 01:40:48 -0500
renpy,2018-02-10 20:46:24 -0500
renpy,2018-02-10 20:07:44 -0500
renpy,2018-02-09 19:49:46 -0500
renpy,2018-02-08 18:59:02 -0500
renpy,2018-02-08 17:23:56 -0500
renpy,2018-02-06 11:59:59 -0500
renpy,2018-02-05 19:09:23 -0500
renpy,2018-02-05 01:17:12 -0500
renpy,2018-02-05 01:14:57 -0500
renpy,2018-02-04 19:19:00 -0500
renpy,2018-02-04 12:51:59 -0500
renpy,2018-02-04 05:45:38 -0500
renpy,2018-02-03 14:38:27 -0500
renpy,2018-02-03 16:26:53 +0100
renpy,2018-02-02 17:54:16 -0500
renpy,2018-02-01 22:14:10 +0100
renpy,2018-02-01 22:13:23 +0100
renpy,2018-02-01 22:09:15 +0100
renpy,2018-02-01 20:57:55 +0100
renpy,2018-02-01 01:26:10 -0500
renpy,2018-02-01 00:34:58 -0500
renpy,2018-01-31 22:12:05 -0500
renpy,2018-01-31 18:04:43 +0100
renpy,2018-01-31 17:54:11 +0100
renpy,2018-01-31 17:37:47 +0100
renpy,2018-01-31 17:23:07 +0100
renpy,2018-01-30 22:20:44 -0500
renpy,2018-01-30 18:52:24 -0500
renpy,2018-01-30 06:04:55 +0200
renpy,2018-01-30 06:01:07 +0200
renpy,2018-01-29 19:59:46 -0500
renpy,2018-01-29 18:39:59 -0500
renpy,2018-01-29 18:27:19 -0500
renpy,2018-01-29 07:16:17 +0200
renpy,2018-01-28 19:20:24 -0500
renpy,2018-01-28 17:50:16 -0500
renpy,2018-01-28 11:47:41 -0500
renpy,2018-01-26 17:46:13 -0500
renpy,2018-01-26 17:36:49 -0500
renpy,2018-01-26 17:33:08 -0500
renpy,2018-01-25 21:07:15 -0500
renpy,2018-01-25 21:00:14 -0500
renpy,2018-01-25 19:55:07 -0500
renpy,2018-01-25 01:55:54 -0500
renpy,2018-01-24 23:46:51 -0500
renpy,2018-01-24 23:46:16 -0500
renpy,2018-01-24 23:17:17 -0500
renpy,2018-01-24 02:30:01 -0500
renpy,2018-01-24 02:24:02 -0500
renpy,2018-01-24 01:43:14 -0500
renpy,2018-01-24 01:34:47 -0500
renpy,2018-01-23 23:45:48 -0500
renpy,2018-01-23 23:34:19 -0500
renpy,2018-01-23 22:24:06 -0500
renpy,2018-01-23 21:59:07 -0500
renpy,2018-01-23 21:00:11 -0500
renpy,2018-01-23 20:45:51 -0500
renpy,2018-01-23 20:39:44 -0500
renpy,2018-01-23 19:54:10 -0500
renpy,2018-01-23 19:51:51 -0500
renpy,2018-01-23 19:17:13 -0500
renpy,2018-01-23 02:32:24 -0500
renpy,2018-01-23 02:24:37 -0500
renpy,2018-01-23 01:51:55 -0500
renpy,2018-01-23 00:39:33 -0500
renpy,2018-01-23 00:21:25 -0500
renpy,2018-01-23 00:20:53 -0500
renpy,2018-01-22 20:20:32 -0500
renpy,2018-01-22 20:16:15 -0500
renpy,2018-01-22 20:11:55 -0500
renpy,2018-01-22 13:41:09 -0500
renpy,2018-01-22 01:03:09 -0500
renpy,2018-01-22 00:49:02 -0500
renpy,2018-01-22 00:06:14 -0500
renpy,2018-01-22 00:05:11 -0500
renpy,2018-01-22 00:02:07 -0500
renpy,2018-01-21 14:57:22 -0500
renpy,2018-01-21 14:18:43 -0500
renpy,2018-01-20 22:47:03 -0500
renpy,2018-01-20 15:23:29 -0500
renpy,2018-01-20 13:54:55 -0500
renpy,2018-01-19 20:13:58 -0500
renpy,2018-01-19 02:10:08 -0500
renpy,2018-01-18 22:37:28 -0500
renpy,2018-01-17 21:21:02 -0500
renpy,2018-01-17 20:23:38 -0500
renpy,2018-01-16 22:51:44 -0500
renpy,2018-01-16 21:24:05 -0500
renpy,2018-01-16 01:45:25 -0500
renpy,2018-01-15 23:32:13 -0500
renpy,2018-01-15 16:51:12 -0500
renpy,2018-01-15 20:51:06 +0200
renpy,2018-01-14 22:12:30 -0500
renpy,2018-01-14 11:39:28 -0500
renpy,2018-01-13 12:42:23 -0500
renpy,2018-01-13 12:31:22 -0500
renpy,2018-01-13 10:25:51 -0500
renpy,2018-01-13 00:38:38 -0500
renpy,2018-01-12 23:36:00 -0500
renpy,2018-01-12 23:11:38 -0500
renpy,2018-01-12 22:25:03 -0500
renpy,2018-01-11 00:48:13 -0500
renpy,2018-01-10 21:42:15 -0500
renpy,2018-01-09 23:40:49 -0500
renpy,2018-01-09 20:48:19 -0500
renpy,2018-01-09 20:41:31 -0500
renpy,2018-01-08 22:27:23 -0500
renpy,2018-01-08 21:50:26 -0500
renpy,2018-01-08 21:20:06 -0500
renpy,2018-01-08 01:58:53 -0500
renpy,2018-01-08 01:43:00 -0500
renpy,2018-01-07 18:47:32 -0500
renpy,2018-01-07 18:39:31 -0500
renpy,2018-01-07 18:22:35 -0500
renpy,2018-01-07 18:05:06 -0500
renpy,2018-01-06 13:13:07 -0500
renpy,2018-01-06 12:10:16 -0500
renpy,2018-01-05 22:23:47 -0500
renpy,2018-01-05 01:14:04 -0500
renpy,2018-01-04 16:22:32 -0500
renpy,2018-01-04 15:40:07 +0100
renpy,2018-01-04 02:56:22 -0500
renpy,2018-01-03 22:06:51 -0500
renpy,2017-12-31 13:46:58 -0500
renpy,2017-12-31 13:23:38 -0500
renpy,2017-12-30 22:27:57 -0500
renpy,2017-12-30 03:00:04 -0500
renpy,2017-12-29 23:07:01 -0500
renpy,2017-12-28 20:56:11 -0500
renpy,2017-12-27 19:54:04 -0500
renpy,2017-12-26 20:03:38 -0500
renpy,2017-12-26 19:42:14 -0500
renpy,2017-12-25 23:08:07 -0500
renpy,2017-12-25 22:15:19 -0500
renpy,2017-12-25 12:37:49 -0500
renpy,2017-12-25 12:36:14 -0500
renpy,2017-12-24 21:14:49 +0000
renpy,2017-12-24 14:26:29 -0500
renpy,2017-12-24 13:04:01 -0500
renpy,2017-12-24 13:03:10 -0500
renpy,2017-12-24 17:46:29 +0200
renpy,2017-12-23 14:04:56 -0500
renpy,2017-12-23 10:22:02 -0500
renpy,2017-12-23 00:35:20 -0500
renpy,2017-12-23 00:27:51 -0500
renpy,2017-12-22 16:21:00 -0500
renpy,2017-12-22 13:49:43 +0200
renpy,2017-12-21 22:25:26 -0500
renpy,2017-12-21 00:56:57 -0500
renpy,2017-12-21 00:52:03 -0500
renpy,2017-12-20 20:44:39 -0500
renpy,2017-12-20 20:44:35 -0500
renpy,2017-12-20 01:37:07 -0500
renpy,2017-12-20 01:24:53 -0500
renpy,2017-12-19 23:27:46 -0500
renpy,2017-12-19 17:09:16 +0200
renpy,2017-12-19 17:06:23 +0200
renpy,2017-12-19 00:34:46 -0500
renpy,2017-12-18 22:48:33 -0500
renpy,2017-12-18 19:30:22 -0500
renpy,2017-12-17 23:58:35 -0500
renpy,2017-12-17 19:21:11 -0500
renpy,2017-12-17 18:54:29 -0500
renpy,2017-12-17 00:40:29 -0500
renpy,2017-12-17 00:34:21 -0500
renpy,2017-12-16 22:01:20 -0500
renpy,2017-12-16 11:34:43 -0500
renpy,2017-12-16 11:29:29 -0500
renpy,2017-12-15 23:29:10 -0500
renpy,2017-12-15 22:21:34 -0500
renpy,2017-12-14 23:23:06 -0500
renpy,2017-12-14 01:57:17 -0500
renpy,2017-12-14 01:54:47 -0500
renpy,2017-12-13 22:43:06 -0500
renpy,2017-12-13 00:52:02 -0500
renpy,2017-12-12 23:45:07 -0500
renpy,2017-12-12 23:02:13 -0500
renpy,2017-12-12 22:42:30 -0500
renpy,2017-12-11 23:24:36 -0500
renpy,2017-12-11 21:56:07 -0500
renpy,2017-12-10 21:26:49 -0500
renpy,2017-12-10 14:01:54 -0500
renpy,2017-12-09 23:26:33 -0500
renpy,2017-12-09 22:45:56 -0500
renpy,2017-12-09 01:11:19 -0500
renpy,2017-12-08 22:37:03 -0500
renpy,2017-12-08 01:35:53 -0500
renpy,2017-12-07 22:20:50 -0500
renpy,2017-12-07 20:40:58 -0500
renpy,2017-12-07 01:59:10 -0500
renpy,2017-12-07 01:58:25 -0500
renpy,2017-12-07 00:53:21 -0500
renpy,2017-12-06 23:58:22 -0500
renpy,2017-12-06 20:45:48 -0500
renpy,2017-12-06 01:14:40 -0500
renpy,2017-12-05 21:33:40 -0500
renpy,2017-12-04 22:22:08 -0500
renpy,2017-12-04 17:54:52 -0500
renpy,2017-12-04 00:01:37 -0500
renpy,2017-12-03 22:51:20 -0500
renpy,2017-12-03 17:03:57 -0500
renpy,2017-12-03 16:47:55 -0500
renpy,2017-12-03 12:33:18 -0500
renpy,2017-12-03 01:27:12 -0500
renpy,2017-12-03 01:21:26 -0500
renpy,2017-12-03 00:38:47 -0500
renpy,2017-12-02 23:08:07 -0500
renpy,2017-12-02 22:36:57 -0500
renpy,2017-12-01 22:33:01 -0500
renpy,2017-12-01 21:53:21 -0500
renpy,2017-11-30 23:02:43 -0500
renpy,2017-11-29 20:23:07 -0500
renpy,2017-11-28 22:53:13 -0500
renpy,2017-11-28 22:38:23 -0500
renpy,2017-11-28 16:47:23 -0500
renpy,2017-11-28 22:39:31 +0200
renpy,2017-11-28 22:38:26 +0200
renpy,2017-11-27 23:38:23 -0500
renpy,2017-11-27 06:41:32 -0500
renpy,2017-11-27 06:40:00 -0500
renpy,2017-11-27 06:14:50 -0500
renpy,2017-11-27 06:05:07 -0500
renpy,2017-11-27 05:58:55 -0500
renpy,2017-11-26 21:39:15 -0500
renpy,2017-11-26 21:30:48 -0500
renpy,2017-11-26 21:25:45 -0500
renpy,2017-11-26 13:13:25 -0500
renpy,2017-11-25 20:35:29 -0500
renpy,2017-11-25 20:37:31 -0500
renpy,2017-11-25 00:10:25 -0500
renpy,2017-11-24 09:51:52 -0500
renpy,2017-11-24 00:45:41 -0500
renpy,2017-11-24 00:45:10 -0500
renpy,2017-11-24 00:23:20 -0500
renpy,2017-11-23 10:49:19 -0500
renpy,2017-11-23 00:38:21 -0500
renpy,2017-11-22 23:27:16 -0500
renpy,2017-11-22 22:49:49 -0500
renpy,2017-11-22 17:19:41 -0500
renpy,2017-11-21 17:47:46 -0500
renpy,2017-11-21 17:37:51 -0500
renpy,2017-11-21 17:34:51 -0500
renpy,2017-11-21 13:51:34 -0500
renpy,2017-11-21 13:49:04 -0500
renpy,2017-11-21 13:43:05 -0500
renpy,2017-11-21 02:11:34 -0500
renpy,2017-11-20 23:31:31 -0500
renpy,2017-11-20 23:29:55 -0500
renpy,2017-11-21 02:21:36 +0200
renpy,2017-11-21 02:20:30 +0200
renpy,2017-11-21 02:16:50 +0200
renpy,2017-11-19 19:23:49 -0500
renpy,2017-11-19 18:49:40 -0500
renpy,2017-11-19 15:49:05 -0500
renpy,2017-11-19 14:46:06 -0500
renpy,2017-11-19 12:27:25 -0500
renpy,2017-11-19 11:52:54 -0500
renpy,2017-11-19 11:42:51 -0500
renpy,2017-11-19 03:44:04 -0500
renpy,2017-11-19 00:35:52 -0500
renpy,2017-11-18 22:46:22 -0500
renpy,2017-11-18 22:28:50 -0500
renpy,2017-11-18 22:01:13 -0500
renpy,2017-11-18 15:37:23 -0500
renpy,2017-11-18 15:31:05 -0500
renpy,2017-11-18 12:31:48 -0500
renpy,2017-11-18 03:26:29 -0500
renpy,2017-11-18 02:23:25 -0500
renpy,2017-11-18 00:32:25 -0500
renpy,2017-11-18 00:19:53 -0500
renpy,2017-11-18 00:16:19 -0500
renpy,2017-11-18 00:11:44 -0500
renpy,2017-11-17 23:59:57 -0500
renpy,2017-11-17 22:09:03 -0500
renpy,2017-11-17 21:24:37 -0500
renpy,2017-11-17 21:18:20 -0500
renpy,2017-11-17 19:35:06 -0500
renpy,2017-11-17 01:41:59 -0500
renpy,2017-11-17 01:09:13 -0500
renpy,2017-11-16 22:43:50 -0500
renpy,2017-11-16 10:29:22 -0500
renpy,2017-11-16 10:26:17 -0500
renpy,2017-11-16 10:11:12 -0500
renpy,2017-11-15 23:59:22 -0500
renpy,2017-11-15 02:23:34 -0500
renpy,2017-11-14 17:11:25 -0500
renpy,2017-11-14 17:08:47 -0500
renpy,2017-11-14 02:42:31 -0500
renpy,2017-11-14 02:37:48 -0500
renpy,2017-11-13 23:18:13 -0500
renpy,2017-11-13 02:55:43 -0500
renpy,2017-11-12 23:17:53 -0500
renpy,2017-11-12 22:54:31 -0500
renpy,2017-11-12 17:52:32 -0500
renpy,2017-11-12 01:41:59 -0500
renpy,2017-11-11 22:17:03 -0500
renpy,2017-11-11 19:20:38 -0500
renpy,2017-11-11 18:45:17 -0500
renpy,2017-11-11 17:14:03 -0500
renpy,2017-11-10 22:44:04 -0500
renpy,2017-11-10 17:45:21 +0900
renpy,2017-11-10 01:53:08 -0500
renpy,2017-11-10 01:41:35 -0500
renpy,2017-11-10 00:22:19 -0500
renpy,2017-11-09 22:55:15 -0500
renpy,2017-11-08 22:16:43 -0500
renpy,2017-11-07 18:24:35 -0500
renpy,2017-11-07 01:17:12 -0500
renpy,2017-11-06 22:44:41 -0500
renpy,2017-11-06 21:47:19 -0500
renpy,2017-11-05 16:18:47 -0500
renpy,2017-11-04 11:05:34 -0400
renpy,2017-11-03 19:22:38 -0400
renpy,2017-11-03 19:21:50 -0400
renpy,2017-11-01 21:33:11 -0400
renpy,2017-11-01 20:44:23 -0400
renpy,2017-10-31 22:52:37 -0400
renpy,2017-10-31 21:52:34 -0400
renpy,2017-10-30 10:27:03 -0400
renpy,2017-10-29 13:48:14 -0400
renpy,2017-10-29 11:38:11 -0400
renpy,2017-10-28 17:59:24 -0400
renpy,2017-10-28 16:25:44 -0400
renpy,2017-10-28 09:13:59 +0300
renpy,2017-10-28 01:17:42 -0400
renpy,2017-10-26 10:23:20 -0400
renpy,2017-10-26 10:14:08 -0400
renpy,2017-10-25 21:07:08 -0400
renpy,2017-10-24 19:15:12 -0400
renpy,2017-10-24 18:41:02 -0400
renpy,2017-10-23 21:58:47 -0400
renpy,2017-10-23 20:49:30 -0400
renpy,2017-10-23 00:24:35 -0400
renpy,2017-10-22 13:58:09 -0700
renpy,2017-10-22 15:03:02 -0400
renpy,2017-10-22 14:59:52 -0400
renpy,2017-10-22 21:59:10 +0300
renpy,2017-10-21 15:11:36 -0400
renpy,2017-10-21 01:33:23 -0400
renpy,2017-10-21 01:26:22 -0400
renpy,2017-10-20 22:35:13 -0400
renpy,2017-10-19 17:26:17 -0400
renpy,2017-10-18 23:19:37 -0400
renpy,2017-10-18 14:55:20 -0400
renpy,2017-10-18 01:00:07 -0400
renpy,2017-10-17 00:16:19 -0400
renpy,2017-10-17 00:11:29 -0400
renpy,2017-10-16 23:15:45 -0400
renpy,2017-10-16 00:02:37 -0400
renpy,2017-10-15 23:11:15 -0400
renpy,2017-10-15 21:08:19 -0400
renpy,2017-10-15 21:05:22 -0400
renpy,2017-10-15 21:02:41 -0400
renpy,2017-10-15 13:57:40 -0400
renpy,2017-10-15 13:30:09 -0400
renpy,2017-10-14 22:01:32 -0400
renpy,2017-10-14 14:39:58 -0400
renpy,2017-10-13 22:36:15 -0400
renpy,2017-10-13 20:52:51 -0400
renpy,2017-10-12 22:42:33 -0400
renpy,2017-10-12 20:58:38 -0400
renpy,2017-10-12 20:45:14 -0400
renpy,2017-10-12 01:15:51 -0400
renpy,2017-10-11 21:11:02 -0400
renpy,2017-10-11 02:10:48 -0400
renpy,2017-10-10 00:53:35 -0400
renpy,2017-10-09 22:45:14 -0400
renpy,2017-10-09 22:44:24 -0400
renpy,2017-10-09 22:42:35 -0400
renpy,2017-10-09 00:38:43 -0400
renpy,2017-10-08 12:55:44 -0400
renpy,2017-10-08 12:44:15 -0400
renpy,2017-10-08 12:39:46 -0400
renpy,2017-10-08 12:37:58 -0400
renpy,2017-10-08 11:40:43 -0400
renpy,2017-10-08 00:49:18 -0700
renpy,2017-10-07 23:43:16 -0400
renpy,2017-10-07 23:41:37 -0400
renpy,2017-10-07 22:35:35 -0400
renpy,2017-10-07 18:17:34 -0700
renpy,2017-10-07 15:47:29 -0400
renpy,2017-10-07 15:44:33 -0400
renpy,2017-10-07 00:39:57 -0400
renpy,2017-10-07 00:35:24 -0400
renpy,2017-10-06 22:50:13 -0400
renpy,2017-10-06 00:57:24 -0400
renpy,2017-10-06 00:50:49 -0400
renpy,2017-10-06 00:42:52 -0400
renpy,2017-10-05 17:41:54 -0400
renpy,2017-10-05 12:48:33 -0400
renpy,2017-10-05 14:52:44 +0800
renpy,2017-10-05 14:35:08 +0800
renpy,2017-10-05 14:29:52 +0800
renpy,2017-10-05 14:25:42 +0800
renpy,2017-10-05 00:48:23 -0400
renpy,2017-10-05 00:05:57 -0400
renpy,2017-10-04 17:06:32 -0400
renpy,2017-10-04 17:03:10 -0400
renpy,2017-10-04 17:01:42 -0400
renpy,2017-10-04 17:51:21 +0300
renpy,2017-10-04 16:16:53 +0800
renpy,2017-10-04 15:27:52 +0800
renpy,2017-10-04 15:25:54 +0800
renpy,2017-10-04 15:13:20 +0800
renpy,2017-10-04 14:59:15 +0800
renpy,2017-10-04 14:55:57 +0800
renpy,2017-10-04 14:43:16 +0800
renpy,2017-10-04 14:42:36 +0800
renpy,2017-10-04 14:31:30 +0800
renpy,2017-10-04 14:29:28 +0800
renpy,2017-10-04 14:16:44 +0800
renpy,2017-10-04 13:04:37 +0800
renpy,2017-10-04 13:00:44 +0800
renpy,2017-10-04 12:23:47 +0800
renpy,2017-10-04 12:23:07 +0800
renpy,2017-10-04 11:59:17 +0800
renpy,2017-10-04 11:50:24 +0800
renpy,2017-10-04 11:40:02 +0800
renpy,2017-10-03 22:41:03 -0400
renpy,2017-10-01 22:54:53 -0400
renpy,2017-10-01 10:50:40 -0400
renpy,2017-09-30 16:08:21 -0400
renpy,2017-09-30 12:58:57 -0400
renpy,2017-09-30 01:07:54 -0400
renpy,2017-09-29 18:50:16 -0400
renpy,2017-09-29 18:41:12 -0400
renpy,2017-09-29 16:47:49 +0300
renpy,2017-09-29 16:46:52 +0300
renpy,2017-09-28 22:49:04 -0400
renpy,2017-09-28 22:36:39 -0400
renpy,2017-09-28 01:17:26 -0400
renpy,2017-09-28 00:48:34 -0400
renpy,2017-09-27 23:46:24 -0400
renpy,2017-09-27 22:49:56 -0400
renpy,2017-09-27 02:52:24 -0400
renpy,2017-09-27 02:51:30 -0400
renpy,2017-09-27 01:38:48 -0400
renpy,2017-09-27 01:28:28 -0400
renpy,2017-09-27 01:18:56 -0400
renpy,2017-09-27 01:14:55 -0400
renpy,2017-09-27 00:01:23 -0400
renpy,2017-09-26 22:59:55 -0400
renpy,2017-09-26 22:58:19 -0400
renpy,2017-09-26 22:57:25 -0400
renpy,2017-09-25 22:11:07 -0400
renpy,2017-09-24 13:50:56 -0400
renpy,2017-09-24 13:47:01 -0400
renpy,2017-09-24 13:40:06 -0400
renpy,2017-09-23 11:08:11 -0400
renpy,2017-09-23 11:04:49 -0400
renpy,2017-09-23 01:23:15 -0700
renpy,2017-09-22 01:24:12 -0400
renpy,2017-09-21 22:44:45 -0400
renpy,2017-09-20 23:57:50 -0400
renpy,2017-09-20 22:46:46 -0400
renpy,2017-09-20 00:19:35 -0400
renpy,2017-09-19 23:39:26 -0400
renpy,2017-09-19 21:49:12 -0400
renpy,2017-09-18 22:51:12 -0400
renpy,2017-09-17 23:41:24 -0400
renpy,2017-09-17 11:13:12 -0400
renpy,2017-09-17 01:07:44 -0400
renpy,2017-09-16 19:17:05 -0400
renpy,2017-09-16 17:03:42 -0400
renpy,2017-09-16 15:45:15 -0400
renpy,2017-09-16 14:15:22 -0400
renpy,2017-09-15 22:40:58 -0400
renpy,2017-09-15 19:53:47 -0400
renpy,2017-09-15 00:41:39 -0400
renpy,2017-09-14 18:46:57 -0400
renpy,2017-09-14 00:32:23 -0400
renpy,2017-09-14 00:29:14 -0400
renpy,2017-09-13 18:14:48 -0400
renpy,2017-09-12 22:51:47 -0400
renpy,2017-09-12 01:01:37 -0400
renpy,2017-09-12 00:55:35 -0400
renpy,2017-09-11 22:40:02 -0400
renpy,2017-09-11 18:12:14 -0400
renpy,2017-09-11 18:11:27 -0400
renpy,2017-09-11 17:56:11 -0400
renpy,2017-09-11 17:55:42 -0400
renpy,2017-09-11 17:29:16 -0400
renpy,2017-09-11 17:08:30 -0400
renpy,2017-09-10 11:22:21 -0400
renpy,2017-09-10 11:04:26 -0400
renpy,2017-09-10 01:26:55 -0400
renpy,2017-09-09 23:17:06 -0400
renpy,2017-09-09 23:16:47 -0400
renpy,2017-09-09 17:21:05 -0400
renpy,2017-09-08 22:26:13 -0400
renpy,2017-09-08 22:15:28 -0400
renpy,2017-09-08 22:14:54 -0400
renpy,2017-09-07 22:20:53 -0400
renpy,2017-09-07 16:56:01 -0400
renpy,2017-09-07 11:20:57 +0300
renpy,2017-09-07 11:20:08 +0300
renpy,2017-09-06 23:07:15 -0400
renpy,2017-09-06 22:41:42 -0400
renpy,2017-09-06 22:37:26 -0400
renpy,2017-09-06 22:36:44 -0400
renpy,2017-09-06 22:36:08 -0400
renpy,2017-09-06 22:35:58 -0400
renpy,2017-09-06 22:35:51 -0400
renpy,2017-09-06 19:18:46 -0400
renpy,2017-09-06 23:00:07 +0700
renpy,2017-09-06 22:48:19 +0700
renpy,2017-09-06 22:44:54 +0700
renpy,2017-09-06 22:42:18 +0700
renpy,2017-09-06 22:40:56 +0700
renpy,2017-09-06 22:38:50 +0700
renpy,2017-09-06 22:37:27 +0700
renpy,2017-09-06 22:34:48 +0700
renpy,2017-09-06 00:48:24 -0400
renpy,2017-09-05 22:55:19 -0400
renpy,2017-09-05 22:34:02 -0400
renpy,2017-09-04 21:57:15 -0400
renpy,2017-09-04 20:54:34 -0400
renpy,2017-09-04 20:21:37 -0400
renpy,2017-09-04 20:15:47 -0400
renpy,2017-09-04 18:01:48 -0400
renpy,2017-09-04 12:26:40 -0400
renpy,2017-09-03 19:53:51 -0400
renpy,2017-09-03 12:05:06 -0400
renpy,2017-09-02 22:45:26 -0400
renpy,2017-09-02 19:55:54 -0400
renpy,2017-09-02 19:37:04 -0400
renpy,2017-09-01 21:26:45 -0400
renpy,2017-09-01 20:53:17 -0400
renpy,2017-09-01 01:46:00 -0400
renpy,2017-09-01 01:44:08 -0400
renpy,2017-09-01 01:43:16 -0400
renpy,2017-09-01 01:36:12 -0400
renpy,2017-08-31 23:04:42 -0400
renpy,2017-08-31 01:23:36 -0400
renpy,2017-08-30 18:24:09 -0400
renpy,2017-08-30 01:55:08 -0400
renpy,2017-08-29 22:59:05 -0400
renpy,2017-08-29 03:01:07 -0400
renpy,2017-08-29 02:50:54 -0400
renpy,2017-08-29 02:23:02 -0400
renpy,2017-08-29 02:04:11 -0400
renpy,2017-08-29 01:55:24 -0400
renpy,2017-08-28 21:40:21 -0400
renpy,2017-08-28 21:32:38 -0400
renpy,2017-08-27 20:36:54 -0400
renpy,2017-08-27 20:02:47 -0400
renpy,2017-08-27 19:53:51 -0400
renpy,2017-08-27 19:19:10 -0400
renpy,2017-08-27 12:05:16 +0300
renpy,2017-08-27 12:04:09 +0300
renpy,2017-08-27 11:59:04 +0300
renpy,2017-08-27 11:54:05 +0300
renpy,2017-08-27 11:52:35 +0300
renpy,2017-08-27 11:49:34 +0300
renpy,2017-08-26 16:16:23 -0400
renpy,2017-08-25 23:35:08 -0400
renpy,2017-08-25 23:02:02 -0400
renpy,2017-08-24 23:21:13 -0400
renpy,2017-08-24 23:11:35 -0400
renpy,2017-08-24 19:20:56 -0400
renpy,2017-08-23 22:41:38 -0400
renpy,2017-08-23 02:28:43 -0400
renpy,2017-08-23 02:28:17 -0400
renpy,2017-08-22 23:22:04 -0400
renpy,2017-08-22 23:12:34 -0400
renpy,2017-08-22 21:22:50 -0400
renpy,2017-08-22 02:15:42 -0400
renpy,2017-08-21 21:57:07 -0400
renpy,2017-08-20 20:57:21 -0400
renpy,2017-08-20 00:34:06 -0400
renpy,2017-08-19 20:36:32 -0400
renpy,2017-08-19 20:34:01 -0400
renpy,2017-08-19 20:33:35 -0400
renpy,2017-08-19 01:20:12 -0400
renpy,2017-08-18 21:19:32 -0400
renpy,2017-08-18 02:06:15 -0400
renpy,2017-08-17 22:59:10 -0400
renpy,2017-08-16 22:56:37 -0400
renpy,2017-08-16 01:25:45 -0400
renpy,2017-08-15 22:26:39 -0400
renpy,2017-08-14 23:49:31 -0400
renpy,2017-08-14 00:58:59 -0400
renpy,2017-08-14 00:58:12 -0400
renpy,2017-08-14 00:54:47 -0400
renpy,2017-08-13 20:43:59 -0400
renpy,2017-08-13 20:39:06 -0400
renpy,2017-08-13 02:14:31 -0400
renpy,2017-08-12 22:40:07 -0400
renpy,2017-08-12 22:36:48 -0400
renpy,2017-08-12 22:35:35 -0400
renpy,2017-08-12 21:30:27 -0400
renpy,2017-08-12 20:57:14 -0400
renpy,2017-08-12 02:18:24 -0400
renpy,2017-08-12 02:15:26 -0400
renpy,2017-08-11 19:33:09 -0400
renpy,2017-08-10 23:59:43 -0400
renpy,2017-08-10 23:53:57 -0400
renpy,2017-08-09 23:04:57 -0400
renpy,2017-08-09 22:58:24 -0400
renpy,2017-08-09 01:29:15 -0400
renpy,2017-08-08 21:44:02 -0400
renpy,2017-08-07 23:08:47 -0400
renpy,2017-08-07 22:34:57 -0400
renpy,2017-08-07 22:31:39 -0400
renpy,2017-08-06 23:15:24 -0400
renpy,2017-08-06 20:53:45 -0400
renpy,2017-08-06 20:43:17 -0400
renpy,2017-08-05 20:44:23 -0400
renpy,2017-08-05 20:34:48 -0400
renpy,2017-08-05 20:06:42 -0400
renpy,2017-08-05 19:37:55 -0400
renpy,2017-08-05 19:37:20 -0400
renpy,2017-08-05 19:49:35 +0900
renpy,2017-08-04 21:52:13 -0400
renpy,2017-08-04 19:44:13 +0300
renpy,2017-08-04 19:41:06 +0300
renpy,2017-08-03 23:17:35 -0400
renpy,2017-08-03 23:03:35 -0400
renpy,2017-08-02 22:43:34 -0400
renpy,2017-08-02 00:47:06 -0400
renpy,2017-08-01 19:50:09 -0400
renpy,2017-08-01 19:47:43 -0400
renpy,2017-07-31 23:46:19 -0400
renpy,2017-07-31 22:00:39 -0400
renpy,2017-07-31 21:54:29 -0400
renpy,2017-07-31 00:15:24 -0400
renpy,2017-07-30 21:10:30 -0400
renpy,2017-07-30 21:00:28 -0400
renpy,2017-07-30 20:23:46 -0400
renpy,2017-07-30 17:58:38 -0400
renpy,2017-07-29 18:32:27 -0400
renpy,2017-07-29 16:45:05 -0400
renpy,2017-07-29 16:39:06 -0400
renpy,2017-07-29 01:42:38 -0400
renpy,2017-07-28 23:57:07 -0400
renpy,2017-07-28 23:39:51 -0400
renpy,2017-07-28 17:48:58 -0400
renpy,2017-07-28 17:47:22 -0400
renpy,2017-07-27 22:37:18 -0400
renpy,2017-07-27 01:19:54 -0400
renpy,2017-07-27 01:07:21 -0400
renpy,2017-07-26 18:13:35 -0400
renpy,2017-07-26 01:08:38 -0400
renpy,2017-07-26 01:00:47 -0400
renpy,2017-07-26 00:04:57 -0400
renpy,2017-07-25 21:35:19 -0400
renpy,2017-07-24 23:09:53 -0400
renpy,2017-07-24 23:00:24 -0400
renpy,2017-07-24 22:58:02 -0400
renpy,2017-07-23 19:46:44 -0400
renpy,2017-07-23 19:45:12 -0400
renpy,2017-07-23 19:33:03 -0400
renpy,2017-07-23 03:03:00 -0400
renpy,2017-07-22 23:43:00 -0400
renpy,2017-07-22 15:17:05 -0400
renpy,2017-07-22 19:45:03 +0300
renpy,2017-07-22 19:35:03 +0300
renpy,2017-07-22 19:24:49 +0300
renpy,2017-07-22 19:22:47 +0300
renpy,2017-07-21 23:35:44 -0400
renpy,2017-07-21 22:12:09 +0300
renpy,2017-07-21 22:06:38 +0300
renpy,2017-07-21 22:04:33 +0300
renpy,2017-07-21 20:14:11 +0300
renpy,2017-07-21 11:58:29 +0300
renpy,2017-07-21 00:31:58 -0400
renpy,2017-07-21 00:24:46 -0400
renpy,2017-07-16 16:59:14 +0300
renpy,2017-07-20 23:14:09 -0400
renpy,2017-07-20 23:09:13 -0400
renpy,2017-07-20 22:32:30 -0400
renpy,2017-07-20 21:38:57 -0400
renpy,2017-07-20 20:40:20 -0400
renpy,2017-07-21 03:32:06 +0300
renpy,2017-07-20 21:35:49 +0300
renpy,2017-07-20 21:24:16 +0300
renpy,2017-07-20 12:06:09 +0300
renpy,2017-07-20 12:04:27 +0300
renpy,2017-07-20 12:02:37 +0300
renpy,2017-07-20 11:53:07 +0300
renpy,2017-07-20 11:51:55 +0300
renpy,2017-07-20 11:33:47 +0300
renpy,2017-07-19 23:28:19 -0400
renpy,2017-07-19 22:56:32 -0400
renpy,2017-07-19 00:53:31 -0400
renpy,2017-07-18 21:54:29 -0400
renpy,2017-07-17 23:01:35 -0400
renpy,2017-07-17 22:46:39 -0400
renpy,2017-07-17 02:04:16 -0400
renpy,2017-07-17 02:02:40 -0400
renpy,2017-07-17 01:33:13 -0400
renpy,2017-07-16 23:39:21 -0400
renpy,2017-07-16 18:31:06 -0400
renpy,2017-07-16 18:29:25 -0400
renpy,2017-07-16 18:17:47 -0400
renpy,2017-07-15 22:58:05 -0400
renpy,2017-07-15 00:58:24 -0400
renpy,2017-07-15 00:10:03 -0400
renpy,2017-07-14 22:52:29 -0400
renpy,2017-07-13 23:28:18 -0400
renpy,2017-07-13 23:26:16 -0400
renpy,2017-07-13 23:20:38 -0400
renpy,2017-07-13 22:19:39 -0400
renpy,2017-07-12 23:22:33 -0400
renpy,2017-07-12 23:16:20 -0400
renpy,2017-07-11 18:39:31 -0400
renpy,2017-07-11 18:24:44 -0400
renpy,2017-07-11 09:46:46 +0200
renpy,2017-07-11 01:28:31 -0400
renpy,2017-07-11 00:31:44 -0400
renpy,2017-07-10 23:28:23 -0400
renpy,2017-07-09 23:47:20 -0400
renpy,2017-07-09 21:18:24 +0100
renpy,2017-07-09 13:16:02 -0400
renpy,2017-07-08 21:24:51 -0400
renpy,2017-07-08 12:42:42 -0400
renpy,2017-07-07 22:15:07 -0400
renpy,2017-07-07 21:28:11 -0400
renpy,2017-07-07 01:11:47 -0400
renpy,2017-07-07 01:05:38 -0400
renpy,2017-07-07 00:08:04 -0400
renpy,2017-07-07 00:07:39 -0400
renpy,2017-07-06 19:58:35 -0400
renpy,2017-07-06 19:51:48 -0400
renpy,2017-07-06 01:21:25 -0400
renpy,2017-07-06 01:07:55 -0400
renpy,2017-07-05 21:54:11 -0400
renpy,2017-07-04 12:50:22 -0400
renpy,2017-07-04 12:45:49 -0400
renpy,2017-07-04 12:41:22 -0400
renpy,2017-07-04 17:12:18 +0200
renpy,2017-07-03 11:38:21 -0400
renpy,2017-07-03 11:14:30 -0400
renpy,2017-07-02 19:05:41 -0400
renpy,2017-07-02 18:28:04 -0400
renpy,2017-07-01 22:15:54 -0400
renpy,2017-07-01 11:01:35 -0400
renpy,2017-07-01 01:41:39 -0400
renpy,2017-06-30 19:40:55 -0400
renpy,2017-06-29 23:43:37 -0400
renpy,2017-06-29 09:15:22 -0400
renpy,2017-06-29 01:08:50 -0400
renpy,2017-06-29 00:28:10 -0400
renpy,2017-06-28 01:23:40 -0400
renpy,2017-06-28 01:05:45 -0400
renpy,2017-06-27 23:25:24 -0400
renpy,2017-06-27 22:58:46 -0400
renpy,2017-06-27 00:46:11 -0400
renpy,2017-06-26 23:35:56 -0400
renpy,2017-06-26 00:57:54 -0400
renpy,2017-06-25 23:05:33 -0400
renpy,2017-06-25 22:50:39 -0400
renpy,2017-06-25 02:01:34 -0400
renpy,2017-06-24 23:09:46 -0400
renpy,2017-06-23 23:57:41 -0400
renpy,2017-06-23 22:16:29 -0400
renpy,2017-06-22 20:11:30 -0400
renpy,2017-06-22 10:04:40 -0400
renpy,2017-06-21 23:20:42 -0400
renpy,2017-06-19 23:38:17 -0400
renpy,2017-06-19 21:47:33 -0400
renpy,2017-06-19 02:07:05 -0400
renpy,2017-06-19 02:06:33 -0400
renpy,2017-06-18 14:48:12 -0400
renpy,2017-06-18 00:41:55 -0400
renpy,2017-06-17 23:19:05 -0400
renpy,2017-06-16 19:00:10 -0400
renpy,2017-06-15 19:58:45 -0400
renpy,2017-06-15 19:43:01 -0400
renpy,2017-06-14 23:14:23 -0400
renpy,2017-06-13 02:07:37 -0400
renpy,2017-06-13 02:07:21 -0400
renpy,2017-06-12 22:21:37 -0400
renpy,2017-06-12 22:19:57 -0400
renpy,2017-06-11 22:27:29 -0400
renpy,2017-06-11 20:42:18 -0400
renpy,2017-06-11 19:59:18 -0400
renpy,2017-06-11 19:49:05 -0400
renpy,2017-06-11 19:32:41 -0400
renpy,2017-06-11 11:44:59 -0400
renpy,2017-06-10 23:59:11 -0400
renpy,2017-06-10 22:17:48 -0400
renpy,2017-06-10 02:13:43 -0400
renpy,2017-06-09 22:01:44 -0400
renpy,2017-06-09 01:01:28 -0400
renpy,2017-06-09 00:54:45 -0400
renpy,2017-06-08 01:09:14 -0400
renpy,2017-06-07 23:12:04 -0400
renpy,2017-06-07 02:18:49 -0400
renpy,2017-06-07 00:11:20 -0400
renpy,2017-06-06 18:18:57 -0400
renpy,2017-06-06 18:05:12 -0400
renpy,2017-06-06 10:09:44 -0400
renpy,2017-06-06 01:03:07 -0400
renpy,2017-06-05 18:35:55 -0400
renpy,2017-06-05 10:10:26 -0400
renpy,2017-06-05 09:17:06 -0400
renpy,2017-06-05 03:03:18 -0400
renpy,2017-06-04 22:17:27 -0400
renpy,2017-06-03 23:13:05 -0400
renpy,2017-06-03 11:29:51 -0400
renpy,2017-06-03 00:02:10 -0400
renpy,2017-06-02 23:13:32 -0400
renpy,2017-06-02 01:55:10 -0400
renpy,2017-06-02 01:29:50 -0400
renpy,2017-06-02 00:11:25 -0400
renpy,2017-06-01 22:58:29 -0400
renpy,2017-06-01 01:32:54 -0400
renpy,2017-06-01 01:20:04 -0400
renpy,2017-05-31 22:24:38 -0400
renpy,2017-05-31 02:11:05 -0400
renpy,2017-05-31 02:08:53 -0400
renpy,2017-05-30 22:38:13 -0400
renpy,2017-05-29 18:33:07 -0400
renpy,2017-05-29 16:58:39 -0400
renpy,2017-05-28 17:15:19 -0400
renpy,2017-05-28 11:37:21 -0400
renpy,2017-05-28 10:16:02 -0400
renpy,2017-05-27 14:40:09 -0400
renpy,2017-05-27 09:33:56 -0400
renpy,2017-05-27 09:23:45 -0400
renpy,2017-05-26 23:07:42 -0400
renpy,2017-05-26 22:59:48 -0400
renpy,2017-05-26 02:19:53 -0400
renpy,2017-05-25 22:30:54 -0400
renpy,2017-05-25 01:06:28 -0400
renpy,2017-05-24 23:43:46 -0400
renpy,2017-05-24 19:04:34 -0400
renpy,2017-05-24 00:20:47 -0400
renpy,2017-05-23 22:51:03 -0400
renpy,2017-05-23 22:47:35 -0400
renpy,2017-05-23 22:21:49 -0400
renpy,2017-05-22 23:45:08 -0400
renpy,2017-05-22 01:43:20 -0400
renpy,2017-05-22 01:10:38 -0400
renpy,2017-05-22 01:10:04 -0400
renpy,2017-05-21 23:29:25 -0400
renpy,2017-05-21 16:03:08 -0400
renpy,2017-05-21 10:22:52 -0400
renpy,2017-05-21 02:02:19 -0400
renpy,2017-05-20 21:58:17 -0400
renpy,2017-05-20 12:03:45 -0400
renpy,2017-05-20 11:54:37 -0400
renpy,2017-05-19 23:20:33 -0400
renpy,2017-05-19 22:56:57 -0400
renpy,2017-05-18 23:33:23 -0400
renpy,2017-05-18 20:57:23 -0400
renpy,2017-05-18 01:24:37 -0400
renpy,2017-05-18 01:12:45 -0400
renpy,2017-05-18 01:12:25 -0400
renpy,2017-05-18 02:53:33 +0300
renpy,2017-05-17 17:34:44 -0400
renpy,2017-05-17 01:23:21 -0400
renpy,2017-05-16 20:45:50 -0400
renpy,2017-05-16 20:36:00 -0400
renpy,2017-05-16 02:03:00 -0400
renpy,2017-05-15 23:20:12 -0400
renpy,2017-05-15 22:46:08 -0400
renpy,2017-05-14 14:10:06 -0400
renpy,2017-05-14 12:56:39 -0400
renpy,2017-05-13 13:30:38 -0400
renpy,2017-05-13 12:22:43 -0400
renpy,2017-05-13 11:53:30 -0400
renpy,2017-05-13 11:51:30 -0400
renpy,2017-05-13 01:57:28 -0400
renpy,2017-05-13 01:34:15 -0400
renpy,2017-05-13 01:19:26 -0400
renpy,2017-05-12 22:11:05 -0400
renpy,2017-05-12 10:05:42 -0400
renpy,2017-05-12 09:56:09 -0400
renpy,2017-05-12 01:55:02 -0400
renpy,2017-05-11 18:47:01 -0400
renpy,2017-05-10 09:59:44 -0400
renpy,2017-05-10 09:50:46 -0400
renpy,2017-05-10 01:23:16 -0400
renpy,2017-05-10 01:22:17 -0400
renpy,2017-05-09 22:32:24 -0400
renpy,2017-05-09 22:24:55 -0400
renpy,2017-05-09 22:19:53 -0400
renpy,2017-05-09 01:07:27 -0400
renpy,2017-05-09 00:57:50 -0400
renpy,2017-05-08 22:19:28 -0400
renpy,2017-05-08 22:04:26 -0400
renpy,2017-05-07 23:51:11 -0400
renpy,2017-05-07 18:21:39 -0400
renpy,2017-05-07 15:08:42 -0400
renpy,2017-05-06 21:49:51 -0400
renpy,2017-05-06 21:42:29 -0400
renpy,2017-05-05 23:30:27 -0400
renpy,2017-05-05 23:17:07 -0400
renpy,2017-05-05 22:48:12 -0400
renpy,2017-05-05 22:43:35 -0400
renpy,2017-05-05 19:51:34 -0400
renpy,2017-05-04 22:53:47 -0400
renpy,2017-05-04 22:25:18 -0400
renpy,2017-05-04 00:32:07 -0400
renpy,2017-05-03 22:39:39 -0400
renpy,2017-05-03 00:29:45 -0400
renpy,2017-05-02 22:01:41 -0400
renpy,2017-05-02 21:39:00 -0400
renpy,2017-05-01 22:54:23 -0400
renpy,2017-05-01 22:13:48 -0400
renpy,2017-05-01 18:10:25 -0400
renpy,2017-05-01 17:53:45 -0400
renpy,2017-05-01 12:42:25 +0200
renpy,2017-05-01 01:01:26 -0400
renpy,2017-05-01 01:00:47 -0400
renpy,2017-04-30 22:03:43 -0400
renpy,2017-04-29 13:17:08 -0400
renpy,2017-04-29 13:02:42 -0400
renpy,2017-04-29 12:50:18 -0400
renpy,2017-04-29 00:21:33 -0400
renpy,2017-04-28 23:59:48 -0400
renpy,2017-04-28 22:45:00 -0400
renpy,2017-04-27 22:50:22 -0400
renpy,2017-04-27 22:41:52 -0400
renpy,2017-04-27 22:07:58 -0400
renpy,2017-04-27 22:02:33 -0400
renpy,2017-04-27 18:08:36 -0400
renpy,2017-04-27 02:23:25 -0400
renpy,2017-04-26 22:35:37 -0400
renpy,2017-04-26 01:34:25 -0400
renpy,2017-04-25 22:46:20 -0400
renpy,2017-04-25 22:45:25 -0400
renpy,2017-04-25 16:48:19 -0400
renpy,2017-04-25 01:19:23 -0400
renpy,2017-04-25 00:36:12 -0400
renpy,2017-04-24 17:59:15 -0400
renpy,2017-04-23 20:29:27 -0400
renpy,2017-04-23 20:28:57 -0400
renpy,2017-04-23 16:32:25 -0400
renpy,2017-04-22 21:23:42 -0400
renpy,2017-04-22 20:38:30 -0400
renpy,2017-04-22 14:08:20 +0200
renpy,2017-04-21 16:58:31 -0400
renpy,2017-04-21 16:57:17 -0400
renpy,2017-04-21 16:23:52 -0400
renpy,2017-04-21 00:24:51 -0400
renpy,2017-04-21 00:15:10 -0400
renpy,2017-04-20 22:39:53 -0400
renpy,2017-04-20 00:48:08 -0400
renpy,2017-04-19 23:24:04 -0400
renpy,2017-04-18 22:27:11 -0400
renpy,2017-04-18 22:21:29 -0400
renpy,2017-04-18 20:54:44 -0400
renpy,2017-04-17 22:43:52 -0400
renpy,2017-04-17 22:15:19 -0400
renpy,2017-04-17 22:09:29 -0400
renpy,2017-04-16 23:52:15 -0400
renpy,2017-04-16 21:33:29 -0400
renpy,2017-04-16 00:15:36 -0400
renpy,2017-04-15 22:50:39 -0400
renpy,2017-04-13 23:55:27 -0400
renpy,2017-04-13 21:47:42 -0400
renpy,2017-04-12 10:17:48 -0400
renpy,2017-04-12 08:38:59 -0400
renpy,2017-04-12 08:26:44 -0400
renpy,2017-04-11 08:13:23 -0400
renpy,2017-04-10 19:57:26 -0400
renpy,2017-04-10 07:41:01 -0400
renpy,2017-04-09 16:47:40 -0400
renpy,2017-04-09 15:47:03 -0400
renpy,2017-04-09 15:44:21 -0400
renpy,2017-04-09 12:32:14 -0400
renpy,2017-04-09 12:05:44 -0400
renpy,2017-04-09 01:34:16 -0400
renpy,2017-04-08 17:32:54 -0400
renpy,2017-04-08 12:15:43 -0400
renpy,2017-04-08 10:46:25 -0400
renpy,2017-04-08 10:45:14 -0400
renpy,2017-04-07 22:13:28 -0400
renpy,2017-04-07 22:02:40 -0400
renpy,2017-04-07 21:13:12 -0400
renpy,2017-04-07 20:30:54 -0400
renpy,2017-04-06 22:17:46 -0400
renpy,2017-04-06 22:12:00 -0400
renpy,2017-04-05 23:45:47 -0400
renpy,2017-04-05 23:42:46 -0400
renpy,2017-04-05 22:27:38 -0400
renpy,2017-04-04 21:39:31 -0400
renpy,2017-04-04 21:20:10 -0400
renpy,2017-04-04 09:32:53 -0400
renpy,2017-04-03 23:13:09 -0400
renpy,2017-04-03 22:42:49 -0400
renpy,2017-04-03 21:57:33 -0400
renpy,2017-04-03 00:46:50 -0400
renpy,2017-04-02 09:19:47 -0400
renpy,2017-04-01 14:54:28 -0400
renpy,2017-04-01 14:35:36 -0400
renpy,2017-04-01 11:11:19 -0400
renpy,2017-03-31 21:26:19 -0400
renpy,2017-03-30 09:32:02 -0400
renpy,2017-03-30 09:25:09 -0400
renpy,2017-03-30 02:03:59 -0400
renpy,2017-03-29 23:03:42 -0400
renpy,2017-03-29 22:32:08 -0400
renpy,2017-03-28 23:24:15 -0400
renpy,2017-03-28 08:36:03 -0400
renpy,2017-03-27 17:34:21 +0300
renpy,2017-03-27 09:38:54 -0400
renpy,2017-03-27 09:31:22 -0400
renpy,2017-03-27 09:12:01 -0400
renpy,2017-03-26 23:10:15 -0400
renpy,2017-03-26 20:31:48 -0400
renpy,2017-03-25 22:56:58 -0400
renpy,2017-03-25 22:43:16 -0400
renpy,2017-03-24 22:39:54 -0400
renpy,2017-03-24 22:38:05 -0400
renpy,2017-03-24 00:58:46 -0400
renpy,2017-03-23 22:49:45 -0400
renpy,2017-03-23 22:41:24 -0400
renpy,2017-03-23 08:52:13 -0400
renpy,2017-03-22 18:53:47 -0400
renpy,2017-03-22 18:37:28 -0400
renpy,2017-03-21 22:36:54 -0400
renpy,2017-03-21 00:00:09 -0400
renpy,2017-03-19 22:13:41 -0400
renpy,2017-03-19 21:22:13 -0400
renpy,2017-03-18 16:37:44 -0400
renpy,2017-03-18 11:31:05 +0100
renpy,2017-03-18 00:38:30 -0400
renpy,2017-03-17 23:35:43 -0400
renpy,2017-03-17 00:27:45 -0400
renpy,2017-03-17 00:11:28 -0400
renpy,2017-03-16 22:31:15 -0400
renpy,2017-03-15 23:53:10 -0400
renpy,2017-03-15 18:19:29 -0400
renpy,2017-03-14 22:22:35 -0400
renpy,2017-03-14 22:17:07 -0400
renpy,2017-03-14 20:59:33 +0200
renpy,2017-03-14 00:18:54 -0400
renpy,2017-03-13 23:42:17 -0400
renpy,2017-03-11 19:10:40 +0100
renpy,2017-02-28 16:59:47 -0500
renpy,2017-02-28 10:47:53 -0500
renpy,2017-02-27 17:23:12 +0300
renpy,2017-02-27 17:03:27 +0300
renpy,2017-02-27 17:01:28 +0300
renpy,2017-02-27 16:52:28 +0300
renpy,2017-02-27 16:51:18 +0300
renpy,2017-02-27 02:03:49 -0500
renpy,2017-02-27 00:39:37 -0500
renpy,2017-02-27 00:39:05 -0500
renpy,2017-02-27 00:13:49 -0500
renpy,2017-02-26 12:45:59 -0500
renpy,2017-02-26 10:53:22 -0500
renpy,2017-02-26 16:00:06 +0300
renpy,2017-02-26 12:33:53 +0200
renpy,2017-02-25 19:21:30 -0500
renpy,2017-02-25 15:01:41 -0500
renpy,2017-02-25 14:58:41 -0500
renpy,2017-02-25 14:58:15 -0500
renpy,2017-02-25 14:58:08 -0500
renpy,2017-02-25 14:58:00 -0500
renpy,2017-02-25 12:58:51 +0300
renpy,2017-02-25 11:12:02 +0300
renpy,2017-02-25 10:19:15 +0300
renpy,2017-02-25 10:16:38 +0300
renpy,2017-02-24 22:36:31 -0500
renpy,2017-02-24 02:20:45 -0500
renpy,2017-02-23 21:31:15 -0500
renpy,2017-02-23 21:30:37 -0500
renpy,2017-02-22 22:30:20 -0500
renpy,2017-02-22 22:26:55 -0500
renpy,2017-02-22 00:18:35 -0500
renpy,2017-02-22 00:15:59 -0500
renpy,2017-02-21 23:34:42 -0500
renpy,2017-02-21 21:00:27 -0500
renpy,2017-02-20 21:48:36 -0500
renpy,2017-02-20 21:38:31 -0500
renpy,2017-02-20 13:47:15 +0200
renpy,2017-02-20 13:43:00 +0200
renpy,2017-02-20 13:41:05 +0200
renpy,2017-02-20 01:28:53 -0500
renpy,2017-02-20 01:25:35 -0500
renpy,2017-02-20 01:15:47 -0500
renpy,2017-02-20 00:59:40 -0500
renpy,2017-02-19 23:58:48 -0500
renpy,2017-02-19 23:54:29 -0500
renpy,2017-02-19 23:22:21 -0500
renpy,2017-02-19 22:58:53 -0500
renpy,2017-02-19 21:52:28 -0500
renpy,2017-02-20 01:51:08 +0200
renpy,2017-02-19 12:24:28 -0500
renpy,2017-02-19 12:23:56 -0500
renpy,2017-02-19 12:03:55 -0500
renpy,2017-02-18 21:33:37 -0500
renpy,2017-02-18 21:31:24 -0500
renpy,2017-02-18 12:20:25 -0500
renpy,2017-02-13 21:59:09 -0500
renpy,2017-02-13 21:52:21 -0500
renpy,2017-02-13 21:36:50 -0500
renpy,2017-02-14 22:09:27 +0200
renpy,2017-02-14 20:53:41 +0200
renpy,2017-02-14 20:50:21 +0200
renpy,2017-02-13 21:59:09 -0500
renpy,2017-02-13 21:52:21 -0500
renpy,2017-02-13 21:36:50 -0500
renpy,2017-02-13 09:42:29 +0100
renpy,2017-02-13 09:12:39 +0100
renpy,2017-02-13 09:09:53 +0100
renpy,2017-02-12 20:50:25 -0500
renpy,2017-02-12 20:08:32 -0500
renpy,2017-02-12 13:11:45 -0500
renpy,2017-02-10 23:06:58 -0500
renpy,2017-02-10 22:53:50 -0500
renpy,2017-02-09 18:10:09 -0500
renpy,2017-02-09 17:44:19 -0500
renpy,2017-02-09 17:43:53 -0500
renpy,2017-02-09 20:47:33 +0200
renpy,2017-02-09 19:01:08 +0900
renpy,2017-02-09 01:53:07 -0500
renpy,2017-02-08 23:57:26 -0500
renpy,2017-02-08 23:17:25 -0500
renpy,2017-02-08 22:55:00 -0500
renpy,2017-02-08 22:48:57 -0500
renpy,2017-02-08 22:44:57 -0500
renpy,2017-02-07 23:04:56 -0500
renpy,2017-02-06 19:45:55 -0500
renpy,2017-02-06 01:45:04 -0500
renpy,2017-02-05 01:57:32 -0500
renpy,2017-02-04 21:31:27 -0500
renpy,2017-02-03 18:04:45 -0500
renpy,2017-02-03 18:03:42 -0500
renpy,2017-02-02 01:05:06 -0500
renpy,2017-02-01 21:15:40 -0500
renpy,2017-02-01 02:15:43 -0500
renpy,2017-01-31 22:33:54 -0500
renpy,2017-01-30 22:47:11 -0500
renpy,2017-01-30 22:36:32 -0500
renpy,2017-01-29 18:08:28 -0500
renpy,2017-01-28 19:59:58 +0100
renpy,2017-01-26 01:27:44 -0500
renpy,2017-01-25 18:13:27 -0500
renpy,2017-01-25 01:22:13 -0500
renpy,2017-01-25 01:21:49 -0500
renpy,2017-01-24 23:38:31 -0500
renpy,2017-01-24 01:49:22 -0500
renpy,2017-01-24 01:22:57 -0500
renpy,2017-01-23 00:01:14 -0500
renpy,2017-01-22 23:28:39 -0500
renpy,2017-01-22 01:24:33 -0500
renpy,2017-01-21 12:15:53 -0500
renpy,2017-01-21 02:09:52 -0500
renpy,2017-01-20 23:02:36 -0500
renpy,2017-01-20 01:00:58 -0500
renpy,2017-01-20 00:59:32 -0500
renpy,2017-01-19 21:55:58 -0500
renpy,2017-01-18 17:59:38 -0500
renpy,2017-01-18 17:53:05 -0500
renpy,2017-01-18 17:52:20 -0500
renpy,2017-01-18 00:41:35 -0500
renpy,2017-01-17 19:06:12 -0500
renpy,2017-01-17 00:48:09 -0500
renpy,2017-01-16 21:07:06 -0500
renpy,2017-01-15 22:27:02 -0500
renpy,2017-01-15 22:02:30 -0500
renpy,2017-01-16 04:46:33 +0200
renpy,2017-01-16 04:15:34 +0200
renpy,2017-01-16 04:15:17 +0200
renpy,2017-01-15 08:17:22 +0200
renpy,2017-01-15 04:46:48 +0200
renpy,2017-01-14 17:04:49 -0500
renpy,2017-01-14 21:18:19 +0200
renpy,2017-01-14 21:08:11 +0200
renpy,2017-01-14 21:00:12 +0200
renpy,2017-01-14 09:17:11 +0200
renpy,2017-01-14 09:16:20 +0200
renpy,2017-01-12 14:27:30 +0200
renpy,2017-01-12 14:20:43 +0200
renpy,2017-01-12 14:15:59 +0200
renpy,2017-01-12 13:56:10 +0200
renpy,2017-01-12 13:33:45 +0200
renpy,2017-01-12 13:26:05 +0200
renpy,2017-01-12 11:20:20 +0200
renpy,2017-01-12 11:18:54 +0200
renpy,2017-01-12 11:17:15 +0200
renpy,2017-01-11 23:13:56 -0500
renpy,2017-01-10 23:57:16 +0200
renpy,2017-01-10 23:56:42 +0200
renpy,2017-01-10 23:55:24 +0200
renpy,2017-01-10 02:06:51 -0500
renpy,2017-01-10 00:06:30 -0500
renpy,2017-01-10 01:50:13 +0000
renpy,2017-01-05 00:39:48 -0500
renpy,2017-01-05 00:37:42 -0500
renpy,2017-01-04 20:31:24 -0500
renpy,2017-01-04 22:24:06 +0100
renpy,2017-01-04 20:03:43 +0100
renpy,2017-01-04 17:52:41 +0100
renpy,2017-01-03 23:31:12 -0500
renpy,2017-01-02 01:38:30 -0500
renpy,2017-01-01 02:34:56 -0500
renpy,2017-01-01 02:34:33 -0500
renpy,2017-01-01 02:33:25 -0500
renpy,2016-12-31 17:46:16 -0500
renpy,2016-12-31 17:15:08 -0500
renpy,2016-12-30 23:33:09 -0500
renpy,2016-12-30 02:05:49 -0500
renpy,2016-12-30 01:57:55 -0500
renpy,2016-12-29 22:49:49 -0500
renpy,2016-12-29 22:09:37 -0500
renpy,2016-12-29 22:07:18 -0500
renpy,2016-12-29 22:02:44 -0500
renpy,2016-12-28 21:37:37 -0500
renpy,2016-12-28 20:52:54 -0500
renpy,2016-12-28 12:14:25 +0000
renpy,2016-12-28 11:51:15 +0000
renpy,2016-12-28 00:37:09 -0500
renpy,2016-12-27 17:32:55 +0000
renpy,2016-12-26 20:46:06 -0500
renpy,2016-12-26 20:44:41 -0500
renpy,2016-12-23 10:16:11 -0500
renpy,2016-12-23 09:47:15 -0500
renpy,2016-12-23 00:51:31 -0500
renpy,2016-12-23 00:15:32 -0500
renpy,2016-12-22 17:29:08 -0500
renpy,2016-12-22 17:04:14 -0500
renpy,2016-12-22 00:09:10 -0500
renpy,2016-12-22 00:04:20 -0500
renpy,2016-12-21 23:54:42 -0500
renpy,2016-12-21 02:02:09 -0500
renpy,2016-12-20 22:29:48 -0500
renpy,2016-12-19 21:46:31 -0500
renpy,2016-12-17 00:47:49 -0500
renpy,2016-12-16 01:00:41 -0500
renpy,2016-12-16 00:23:10 -0500
renpy,2016-12-15 22:13:38 -0500
renpy,2016-12-15 21:05:20 +0100
renpy,2016-12-15 19:53:26 +0100
renpy,2016-12-13 18:51:19 -0500
renpy,2016-12-13 00:24:11 -0500
renpy,2016-12-11 14:06:52 -0500
renpy,2016-12-11 11:52:25 -0500
renpy,2016-12-10 23:20:27 -0500
renpy,2016-12-11 13:16:32 +0900
renpy,2016-12-10 21:57:51 -0500
renpy,2016-12-10 21:57:33 -0500
renpy,2016-12-10 21:51:35 -0500
renpy,2016-12-10 21:49:01 -0500
renpy,2016-12-10 21:38:51 -0500
renpy,2016-12-09 21:51:59 -0500
renpy,2016-12-09 21:50:25 -0500
renpy,2016-12-08 10:12:56 -0500
renpy,2016-12-08 21:37:42 +0900
renpy,2016-12-07 23:26:41 -0500
renpy,2016-12-07 22:01:07 -0500
renpy,2016-12-08 11:21:01 +0900
renpy,2016-12-08 11:08:39 +0900
renpy,2016-12-06 23:39:29 -0500
renpy,2016-12-06 23:36:06 -0500
renpy,2016-12-06 21:21:08 -0500
renpy,2016-12-05 23:51:04 -0500
renpy,2016-12-05 23:42:33 -0500
renpy,2016-12-05 22:36:13 -0500
renpy,2016-12-05 22:32:28 -0500
renpy,2016-12-04 09:22:06 -0600
renpy,2016-12-04 09:21:46 -0600
renpy,2016-12-04 08:03:03 -0600
renpy,2016-12-03 12:09:16 -0600
renpy,2016-12-03 12:08:50 -0600
renpy,2016-12-03 11:38:51 -0600
renpy,2016-12-03 16:12:04 +0900
renpy,2016-12-03 15:17:02 +0900
renpy,2016-12-02 12:53:49 -0500
renpy,2016-12-02 00:51:34 -0500
renpy,2016-12-01 22:19:20 -0500
renpy,2016-12-02 01:08:36 +0900
renpy,2016-12-01 19:37:15 +0900
renpy,2016-12-01 13:17:00 +0900
renpy,2016-11-30 20:40:18 -0500
renpy,2016-11-30 20:37:24 -0500
renpy,2016-11-30 20:17:14 -0500
renpy,2016-11-30 20:03:53 -0500
renpy,2016-11-29 21:45:11 -0500
renpy,2016-11-29 21:43:10 -0500
renpy,2016-11-29 21:24:25 +0900
renpy,2016-11-29 01:16:48 -0500
renpy,2016-11-28 22:28:57 -0500
renpy,2016-11-28 17:58:49 +0200
renpy,2016-11-29 00:01:01 +0900
renpy,2016-11-27 21:49:11 +0200
renpy,2016-11-27 12:30:17 -0500
renpy,2016-11-26 20:58:11 -0500
renpy,2016-11-26 11:53:24 -0500
renpy,2016-11-26 11:03:34 -0500
renpy,2016-11-25 22:43:48 -0500
renpy,2016-11-25 16:00:13 -0500
renpy,2016-11-25 00:25:31 -0500
renpy,2016-11-24 22:56:42 -0500
renpy,2016-11-24 14:21:14 -0500
renpy,2016-11-23 22:32:06 -0500
renpy,2016-11-23 22:14:30 -0500
renpy,2016-11-22 19:25:03 -0500
renpy,2016-11-21 22:47:29 -0500
renpy,2016-11-21 22:46:28 -0500
renpy,2016-11-21 22:25:54 -0500
renpy,2016-11-21 00:55:20 -0500
renpy,2016-11-20 11:12:16 -0500
renpy,2016-11-19 22:47:44 -0500
renpy,2016-11-19 22:45:32 -0500
renpy,2016-11-18 23:33:36 -0500
renpy,2016-11-18 21:46:29 -0500
renpy,2016-11-18 21:10:41 -0500
renpy,2016-11-18 00:04:04 -0500
renpy,2016-11-17 22:40:30 -0500
renpy,2016-11-16 23:23:20 -0500
renpy,2016-11-16 22:45:26 -0500
renpy,2016-11-15 18:50:45 -0500
renpy,2016-11-15 18:40:40 -0500
renpy,2016-11-15 23:39:19 +0100
renpy,2016-11-15 23:36:15 +0100
renpy,2016-11-14 22:43:55 -0500
renpy,2016-11-14 21:56:26 -0500
renpy,2016-11-13 12:59:21 -0500
renpy,2016-11-12 18:03:27 -0500
renpy,2016-11-12 14:09:26 -0500
renpy,2016-11-11 23:54:10 -0500
renpy,2016-11-11 22:08:18 -0500
renpy,2016-11-10 21:36:36 -0500
renpy,2016-11-10 01:03:20 -0500
renpy,2016-11-10 01:01:57 -0500
renpy,2016-11-10 00:12:25 -0500
renpy,2016-11-09 22:46:45 -0500
renpy,2016-11-09 22:42:33 -0500
renpy,2016-11-08 17:54:09 -0500
renpy,2016-11-06 19:48:34 -0500
renpy,2016-11-06 10:55:01 -0500
renpy,2016-11-06 00:21:06 -0400
renpy,2016-11-06 00:12:40 -0400
renpy,2016-11-05 14:44:20 -0400
renpy,2016-11-04 22:34:55 -0400
renpy,2016-11-04 21:53:15 -0400
renpy,2016-11-03 19:24:21 -0400
renpy,2016-11-03 01:34:34 -0400
renpy,2016-11-03 01:22:58 -0400
renpy,2016-11-03 00:16:36 -0400
renpy,2016-11-02 21:50:44 -0400
renpy,2016-11-01 23:41:41 -0400
renpy,2016-11-01 23:41:12 -0400
renpy,2016-11-01 21:51:39 -0400
renpy,2016-10-31 22:57:02 -0400
renpy,2016-10-31 22:52:38 -0400
renpy,2016-10-31 01:10:29 -0400
renpy,2016-10-31 01:10:07 -0400
renpy,2016-10-30 23:15:40 -0400
renpy,2016-10-30 22:43:56 -0400
renpy,2016-10-30 16:31:48 -0400
renpy,2016-10-29 17:04:54 -0400
renpy,2016-10-29 16:54:20 -0400
renpy,2016-10-29 16:17:55 -0400
renpy,2016-10-28 12:01:23 -0300
renpy,2016-10-28 12:00:32 -0300
renpy,2016-10-28 01:16:35 -0400
renpy,2016-10-27 19:28:53 -0400
renpy,2016-10-26 23:42:16 -0400
renpy,2016-10-25 23:40:18 -0400
renpy,2016-10-25 21:18:50 -0400
renpy,2016-10-25 21:17:42 -0400
renpy,2016-10-25 21:05:02 -0400
renpy,2016-10-25 02:22:11 -0400
renpy,2016-10-23 23:49:28 -0400
renpy,2016-10-23 23:44:58 -0400
renpy,2016-10-23 17:33:11 -0400
renpy,2016-10-22 23:58:22 -0400
renpy,2016-10-22 23:53:40 -0400
renpy,2016-10-22 13:18:58 -0400
renpy,2016-10-22 00:13:38 -0400
renpy,2016-10-21 21:30:28 -0400
renpy,2016-10-21 01:14:11 -0400
renpy,2016-10-20 23:52:34 -0400
renpy,2016-10-20 23:13:12 -0400
renpy,2016-10-20 00:08:33 -0400
renpy,2016-10-20 00:06:00 -0400
renpy,2016-10-19 19:20:46 -0400
renpy,2016-10-19 19:10:12 -0400
renpy,2016-10-18 23:55:55 -0400
renpy,2016-10-19 00:06:51 -0400
renpy,2016-10-19 00:04:58 -0400
renpy,2016-10-18 20:07:52 -0400
renpy,2016-10-18 01:34:18 -0400
renpy,2016-10-18 00:13:35 -0400
renpy,2016-10-17 22:11:30 -0400
renpy,2016-10-17 22:08:13 -0400
renpy,2016-10-17 01:55:56 -0400
renpy,2016-10-17 01:51:29 -0400
renpy,2016-10-16 23:53:34 -0400
renpy,2016-10-16 22:12:06 -0400
renpy,2016-10-16 17:52:07 -0700
renpy,2016-10-16 01:27:46 -0400
renpy,2016-10-15 22:12:17 -0400
renpy,2016-10-15 21:59:48 -0400
renpy,2016-10-15 21:38:43 -0400
renpy,2016-10-15 01:19:50 -0400
renpy,2016-10-15 01:19:27 -0400
renpy,2016-10-14 23:55:15 -0400
renpy,2016-10-14 22:35:03 -0400
renpy,2016-10-14 01:47:07 -0400
renpy,2016-10-13 23:33:20 -0400
renpy,2016-10-12 23:35:54 -0400
renpy,2016-10-12 22:53:47 -0400
renpy,2016-10-11 17:34:54 -0400
renpy,2016-10-10 17:05:13 -0400
renpy,2016-10-10 17:00:00 -0400
renpy,2016-10-09 20:40:40 -0400
renpy,2016-10-09 12:16:13 -0400
renpy,2016-10-08 13:45:42 -0400
renpy,2016-10-07 23:50:56 -0400
renpy,2016-10-07 23:21:53 -0400
renpy,2016-10-07 19:27:38 -0400
renpy,2016-10-06 19:46:31 -0400
renpy,2016-10-06 19:41:38 -0400
renpy,2016-10-05 21:51:25 -0400
renpy,2016-10-05 21:49:16 -0400
renpy,2016-10-04 21:04:46 -0400
renpy,2016-10-04 20:50:27 -0400
renpy,2016-10-04 15:48:25 +0200
renpy,2016-10-04 01:36:40 -0400
renpy,2016-10-03 22:10:25 -0400
renpy,2016-10-02 23:36:22 -0400
renpy,2016-10-02 23:01:22 -0400
renpy,2016-10-02 20:46:20 -0400
renpy,2016-10-02 16:49:57 -0400
renpy,2016-10-01 14:54:52 -0400
renpy,2016-10-01 14:54:18 -0400
renpy,2016-09-30 10:02:54 -0400
renpy,2016-09-30 10:01:59 -0400
renpy,2016-09-29 23:47:07 -0400
renpy,2016-09-29 22:49:33 -0400
renpy,2016-09-28 21:07:46 -0400
renpy,2016-09-27 23:09:38 -0400
renpy,2016-09-27 22:40:34 -0400
renpy,2016-09-27 22:40:13 -0400
renpy,2016-09-26 20:57:53 -0400
renpy,2016-09-26 20:54:15 -0400
renpy,2016-09-26 20:42:32 -0400
renpy,2016-09-26 20:40:50 -0400
renpy,2016-09-26 20:21:51 -0400
renpy,2016-09-25 10:48:01 -0400
renpy,2016-09-24 14:24:38 -0400
renpy,2016-09-24 14:18:12 -0400
renpy,2016-09-24 13:46:03 -0400
renpy,2016-09-23 22:14:07 -0400
renpy,2016-09-22 22:49:18 -0400
renpy,2016-09-22 18:43:01 -0400
renpy,2016-09-22 12:06:24 -0400
renpy,2016-09-22 12:02:50 -0400
renpy,2016-09-22 00:29:47 -0400
renpy,2016-09-22 00:29:31 -0400
renpy,2016-09-21 20:18:50 -0400
renpy,2016-09-21 01:34:09 -0400
renpy,2016-09-20 22:58:03 -0400
renpy,2016-09-20 19:55:53 -0400
renpy,2016-09-19 22:25:01 -0400
renpy,2016-09-18 23:56:43 -0400
renpy,2016-09-16 22:00:11 -0400
renpy,2016-09-15 23:44:42 -0400
renpy,2016-09-15 23:19:47 -0400
renpy,2016-09-15 23:18:13 -0400
renpy,2016-09-14 20:01:30 -0400
renpy,2016-09-14 19:48:09 -0400
renpy,2016-09-14 02:26:36 -0400
renpy,2016-09-13 18:10:50 -0400
renpy,2016-09-13 17:16:08 -0400
renpy,2016-09-13 00:27:06 -0400
renpy,2016-09-12 23:34:33 -0400
renpy,2016-09-12 22:18:03 -0400
renpy,2016-09-11 22:54:43 -0400
renpy,2016-09-11 13:32:23 -0400
renpy,2016-09-10 14:36:47 -0400
renpy,2016-09-09 19:01:35 -0400
renpy,2016-09-08 20:22:32 -0400
renpy,2016-09-07 18:14:13 -0400
renpy,2016-09-06 23:00:34 -0400
renpy,2016-09-06 22:50:51 -0400
renpy,2016-09-06 22:17:59 -0400
renpy,2016-09-05 21:27:44 +0100
renpy,2016-09-05 13:48:45 -0400
renpy,2016-09-05 13:29:04 -0400
renpy,2016-09-04 00:31:11 -0400
renpy,2016-09-04 00:02:15 -0400
renpy,2016-09-03 23:55:29 -0400
renpy,2016-09-03 15:32:31 -0400
renpy,2016-09-03 12:01:05 -0400
renpy,2016-09-02 22:42:58 -0400
renpy,2016-09-02 22:36:00 -0400
renpy,2016-09-02 21:58:32 -0400
renpy,2016-09-02 21:57:52 -0400
renpy,2016-09-01 22:43:40 -0400
renpy,2016-09-01 20:45:41 -0400
renpy,2016-08-31 22:53:57 -0400
renpy,2016-08-30 20:46:22 -0400
renpy,2016-08-28 22:42:16 -0400
renpy,2016-08-28 20:14:46 -0400
renpy,2016-08-28 16:30:29 -0400
renpy,2016-08-28 12:42:32 -0400
renpy,2016-08-27 13:04:58 -0400
renpy,2016-08-26 21:29:42 -0400
renpy,2016-08-26 21:20:47 -0400
renpy,2016-08-26 21:10:30 -0400
renpy,2016-08-26 00:56:17 -0400
renpy,2016-08-25 22:49:25 -0400
renpy,2016-08-24 23:03:13 -0400
renpy,2016-08-24 23:02:57 -0400
renpy,2016-08-24 22:52:09 -0400
renpy,2016-08-23 21:22:29 -0400
renpy,2016-08-23 22:42:33 +0700
renpy,2016-08-22 21:47:52 -0400
renpy,2016-08-21 04:10:17 -0500
renpy,2016-08-20 20:51:19 -0400
renpy,2016-08-18 16:17:38 -0500
renpy,2016-08-17 23:14:25 -0500
renpy,2016-08-16 22:15:43 -0500
renpy,2016-08-16 22:12:37 -0500
renpy,2016-08-15 22:28:27 -0500
renpy,2016-08-14 08:19:39 -0500
renpy,2016-08-13 10:14:43 -0500
renpy,2016-08-13 17:06:05 +0700
renpy,2016-08-11 23:34:44 -0500
renpy,2016-08-11 17:13:52 -0500
renpy,2016-08-10 00:05:02 -0500
renpy,2016-08-09 22:32:40 -0500
renpy,2016-08-08 23:00:42 -0500
renpy,2016-08-07 09:20:12 -0500
renpy,2016-08-06 09:42:52 -0500
renpy,2016-08-05 15:32:28 -0400
renpy,2016-08-04 23:28:25 -0400
renpy,2016-08-04 09:38:12 -0400
renpy,2016-08-04 01:46:15 -0400
renpy,2016-08-04 01:16:38 -0400
renpy,2016-08-04 00:32:38 -0400
renpy,2016-08-03 23:33:30 -0400
renpy,2016-08-03 23:22:36 -0400
renpy,2016-08-03 23:18:46 -0400
renpy,2016-08-03 23:12:52 -0400
renpy,2016-08-03 22:41:46 -0400
renpy,2016-08-03 17:59:08 +0100
renpy,2016-08-03 00:33:45 -0400
renpy,2016-08-02 22:36:20 -0400
renpy,2016-08-02 00:42:59 -0400
renpy,2016-08-01 23:07:20 -0400
renpy,2016-08-01 22:57:46 -0400
renpy,2016-08-01 22:40:13 -0400
renpy,2016-08-01 22:35:34 -0400
renpy,2016-07-31 23:02:45 -0400
renpy,2016-07-31 22:39:50 -0400
renpy,2016-07-31 21:43:10 -0400
renpy,2016-07-31 21:01:04 -0400
renpy,2016-07-31 20:45:13 -0400
renpy,2016-07-31 19:46:37 -0400
renpy,2016-07-31 17:59:14 -0400
renpy,2016-07-31 17:53:25 -0400
renpy,2016-07-30 14:38:56 -0400
renpy,2016-07-30 14:33:17 -0400
renpy,2016-07-30 14:07:29 -0400
renpy,2016-07-30 19:53:07 +0700
renpy,2016-07-30 19:48:43 +0700
renpy,2016-07-30 00:09:09 -0400
renpy,2016-07-29 23:58:38 -0400
renpy,2016-07-29 21:56:35 -0400
renpy,2016-07-29 21:53:18 -0400
renpy,2016-07-29 21:34:14 -0400
renpy,2016-07-29 21:33:52 -0400
renpy,2016-07-28 21:46:54 -0400
renpy,2016-07-28 21:42:58 -0400
renpy,2016-07-28 00:31:58 -0400
renpy,2016-07-27 23:00:47 -0400
renpy,2016-07-27 20:45:04 -0400
renpy,2016-07-27 17:46:14 -0400
renpy,2016-07-27 17:46:06 -0400
renpy,2016-07-27 17:46:00 -0400
renpy,2016-07-27 17:45:54 -0400
renpy,2016-07-27 17:45:49 -0400
renpy,2016-07-27 17:45:44 -0400
renpy,2016-07-27 17:45:39 -0400
renpy,2016-07-27 17:45:34 -0400
renpy,2016-07-27 17:45:27 -0400
renpy,2016-07-27 17:45:20 -0400
renpy,2016-07-27 17:44:46 -0400
renpy,2016-07-27 17:44:43 -0400
renpy,2016-07-27 17:44:40 -0400
renpy,2016-07-27 17:44:30 -0400
renpy,2016-07-27 17:44:10 -0400
renpy,2016-07-27 20:08:55 +0700
renpy,2016-07-27 19:25:07 +0700
renpy,2016-07-27 18:27:48 +0700
renpy,2016-07-27 18:11:06 +0700
renpy,2016-07-27 17:14:41 +0700
renpy,2016-07-27 16:20:21 +0700
renpy,2016-07-27 16:15:03 +0700
renpy,2016-07-27 15:57:55 +0700
renpy,2016-07-27 15:55:49 +0700
renpy,2016-07-27 15:54:12 +0700
renpy,2016-07-27 15:50:42 +0700
renpy,2016-07-27 15:47:52 +0700
renpy,2016-07-27 15:44:04 +0700
renpy,2016-07-27 15:29:11 +0700
renpy,2016-07-27 15:10:52 +0700
renpy,2016-07-27 14:16:56 +0700
renpy,2016-07-26 21:26:55 -0400
renpy,2016-07-26 21:25:52 -0400
renpy,2016-07-26 20:22:24 -0400
renpy,2016-07-26 09:31:09 +0200
renpy,2016-07-25 20:56:47 -0400
renpy,2016-07-25 20:49:02 -0400
renpy,2016-07-24 23:42:04 -0400
renpy,2016-07-24 23:38:45 -0400
renpy,2016-07-24 15:15:20 -0400
renpy,2016-07-24 15:07:40 -0400
renpy,2016-07-24 14:27:01 -0400
renpy,2016-07-24 13:40:08 -0400
renpy,2016-07-23 21:45:35 -0400
renpy,2016-07-23 15:49:03 -0400
renpy,2016-07-23 00:05:58 -0400
renpy,2016-07-23 02:33:19 +0100
renpy,2016-07-22 17:04:19 -0400
renpy,2016-07-22 17:02:32 -0400
renpy,2016-07-22 15:55:54 -0400
renpy,2016-07-22 13:09:22 +0700
renpy,2016-07-22 13:07:35 +0700
renpy,2016-07-22 00:37:33 -0400
renpy,2016-07-21 19:18:08 -0400
renpy,2016-07-21 19:17:33 -0400
renpy,2016-07-21 19:17:00 -0400
renpy,2016-07-21 22:10:33 +0700
renpy,2016-07-21 19:55:21 +0700
renpy,2016-07-21 19:48:31 +0700
renpy,2016-07-21 00:28:04 -0400
renpy,2016-07-20 22:39:08 -0400
renpy,2016-07-19 23:37:43 -0400
renpy,2016-07-19 22:03:53 -0400
renpy,2016-07-19 20:35:27 -0400
renpy,2016-07-18 23:38:50 -0400
renpy,2016-07-18 22:47:51 -0400
renpy,2016-07-18 01:39:51 -0400
renpy,2016-07-17 23:39:17 -0400
renpy,2016-07-17 11:40:21 -0400
renpy,2016-07-17 11:13:12 -0400
renpy,2016-07-17 11:03:40 -0400
renpy,2016-07-17 01:21:07 -0400
renpy,2016-07-17 01:12:51 -0400
renpy,2016-07-17 00:37:25 -0400
renpy,2016-07-16 22:47:19 -0400
renpy,2016-07-16 21:38:43 -0400
renpy,2016-07-16 02:17:33 -0400
renpy,2016-07-16 01:53:43 -0400
renpy,2016-07-16 01:39:36 -0400
renpy,2016-07-16 00:39:06 -0400
renpy,2016-07-15 23:27:01 -0400
renpy,2016-07-15 00:41:45 -0400
renpy,2016-07-14 23:12:08 -0400
renpy,2016-07-14 22:42:37 -0400
renpy,2016-07-14 02:20:30 -0400
renpy,2016-07-14 00:30:17 -0400
renpy,2016-07-13 23:57:36 -0400
renpy,2016-07-12 21:39:41 -0400
renpy,2016-07-12 21:21:02 -0400
renpy,2016-07-12 18:57:58 -0400
renpy,2016-07-12 09:48:12 -0400
renpy,2016-07-12 01:57:39 -0400
renpy,2016-07-11 00:47:37 -0400
renpy,2016-07-11 00:13:54 -0400
renpy,2016-07-10 19:09:51 -0400
renpy,2016-07-10 13:31:56 -0400
renpy,2016-07-10 01:28:15 -0400
renpy,2016-07-10 01:24:31 -0400
renpy,2016-07-10 00:41:09 -0400
renpy,2016-07-10 00:36:31 -0400
renpy,2016-07-09 23:56:47 -0400
renpy,2016-07-09 22:43:20 -0400
renpy,2016-07-09 01:02:01 -0400
renpy,2016-07-09 00:44:50 -0400
renpy,2016-07-09 00:17:38 -0400
renpy,2016-07-08 22:21:29 -0400
renpy,2016-07-08 01:28:20 -0400
renpy,2016-07-07 22:49:30 -0400
renpy,2016-07-07 00:29:46 -0400
renpy,2016-07-06 23:34:02 -0400
renpy,2016-07-05 23:42:14 -0400
renpy,2016-07-05 23:37:34 -0400
renpy,2016-07-05 23:36:44 -0400
renpy,2016-07-05 02:25:24 -0400
renpy,2016-07-04 20:11:08 -0400
renpy,2016-07-04 19:58:37 -0400
renpy,2016-07-04 12:43:44 -0400
renpy,2016-07-04 12:14:10 -0400
renpy,2016-07-04 00:45:14 -0400
renpy,2016-07-03 22:11:14 -0400
renpy,2016-07-03 18:52:29 -0400
renpy,2016-07-03 18:15:29 -0400
renpy,2016-07-03 18:14:59 -0400
renpy,2016-07-03 00:50:51 -0400
renpy,2016-07-02 14:44:27 -0400
renpy,2016-07-02 01:04:36 -0400
renpy,2016-07-02 00:22:31 -0400
renpy,2016-07-02 00:18:47 -0400
renpy,2016-07-02 00:11:45 -0400
renpy,2016-07-01 22:34:10 -0400
renpy,2016-07-01 01:37:35 -0400
renpy,2016-07-01 01:28:51 -0400
renpy,2016-06-30 23:29:54 -0400
renpy,2016-06-30 23:01:00 -0400
renpy,2016-06-30 01:02:04 -0400
renpy,2016-06-30 00:49:39 -0400
renpy,2016-06-30 00:42:14 -0400
renpy,2016-06-29 23:07:01 -0400
renpy,2016-06-29 02:58:52 -0400
renpy,2016-06-28 22:41:16 -0400
renpy,2016-06-27 23:27:14 -0400
renpy,2016-06-27 22:52:46 -0400
renpy,2016-06-26 19:56:12 -0400
renpy,2016-06-26 18:08:04 -0400
renpy,2016-06-26 18:07:44 -0400
renpy,2016-06-26 01:38:54 -0400
renpy,2016-06-25 23:15:57 -0400
renpy,2016-06-25 00:36:52 -0400
renpy,2016-06-25 00:16:51 -0400
renpy,2016-06-25 00:16:03 -0400
renpy,2016-06-24 00:16:59 -0400
renpy,2016-06-23 18:39:33 -0400
renpy,2016-06-23 02:13:22 -0400
renpy,2016-06-23 02:13:00 -0400
renpy,2016-06-23 00:34:58 -0400
renpy,2016-06-22 23:07:52 -0400
renpy,2016-06-22 01:23:17 -0400
renpy,2016-06-21 02:23:11 -0400
renpy,2016-06-20 22:39:56 -0400
renpy,2016-06-20 21:05:35 -0400
renpy,2016-06-20 20:53:11 -0400
renpy,2016-06-19 14:46:44 -0400
renpy,2016-06-19 14:46:23 -0400
renpy,2016-06-18 12:44:29 -0400
renpy,2016-06-18 12:12:09 -0400
renpy,2016-06-17 22:49:19 -0400
renpy,2016-06-17 20:21:02 -0400
renpy,2016-06-17 01:58:12 -0400
renpy,2016-06-16 22:55:51 -0400
renpy,2016-06-16 01:28:56 -0400
renpy,2016-06-16 01:28:44 -0400
renpy,2016-06-16 01:06:34 -0400
renpy,2016-06-16 00:30:10 -0400
renpy,2016-06-15 23:00:42 -0400
renpy,2016-06-14 19:04:38 -0400
renpy,2016-06-14 19:00:37 -0400
renpy,2016-06-14 19:00:12 -0400
renpy,2016-06-14 18:35:34 -0400
renpy,2016-06-14 18:35:02 -0400
renpy,2016-06-13 21:36:20 -0400
renpy,2016-06-12 19:18:05 -0400
renpy,2016-06-12 18:02:27 -0400
renpy,2016-06-12 22:47:15 +0100
renpy,2016-06-11 12:04:21 -0400
renpy,2016-06-11 12:01:32 -0400
renpy,2016-06-11 11:36:16 -0400
renpy,2016-06-10 20:23:46 -0400
renpy,2016-06-10 20:21:35 -0400
renpy,2016-06-10 19:40:53 -0400
renpy,2016-06-10 16:41:14 +0300
renpy,2016-06-10 00:56:16 -0400
renpy,2016-06-09 22:27:43 -0400
renpy,2016-06-09 17:19:29 -0400
renpy,2016-06-09 17:18:19 -0400
renpy,2016-06-09 17:15:44 -0400
renpy,2016-06-09 02:43:00 -0400
renpy,2016-06-08 22:58:19 -0400
renpy,2016-06-07 23:20:54 -0400
renpy,2016-06-07 22:43:25 -0400
renpy,2016-06-07 00:14:58 -0400
renpy,2016-06-07 00:12:29 -0400
renpy,2016-06-07 00:09:26 -0400
renpy,2016-06-07 00:08:36 -0400
renpy,2016-06-06 22:02:59 -0400
renpy,2016-06-06 21:46:17 -0400
renpy,2016-06-06 01:53:21 -0400
renpy,2016-06-05 21:10:17 -0400
renpy,2016-06-04 22:56:25 -0400
renpy,2016-06-04 20:29:31 -0400
renpy,2016-06-04 14:59:39 -0400
renpy,2016-06-04 11:09:39 -0400
renpy,2016-06-03 17:35:31 -0400
renpy,2016-06-02 23:55:55 -0400
renpy,2016-06-02 23:53:16 -0400
renpy,2016-06-02 01:13:24 -0400
renpy,2016-06-01 23:46:21 -0400
renpy,2016-06-01 02:20:24 -0400
renpy,2016-05-31 22:44:33 -0400
renpy,2016-05-31 02:09:05 -0400
renpy,2016-05-30 22:56:44 -0400
renpy,2016-05-30 20:00:33 -0400
renpy,2016-05-30 16:21:45 -0400
renpy,2016-05-30 16:12:04 -0400
renpy,2016-05-29 23:20:32 -0400
renpy,2016-05-29 23:04:04 -0400
renpy,2016-05-29 13:09:59 -0400
renpy,2016-05-29 12:54:55 -0400
renpy,2016-05-29 03:27:30 -0400
renpy,2016-05-28 15:49:49 -0400
renpy,2016-05-28 15:06:03 -0400
renpy,2016-05-27 23:32:54 -0400
renpy,2016-05-27 23:06:04 -0400
renpy,2016-05-26 23:22:52 -0400
renpy,2016-05-26 21:06:12 -0400
renpy,2016-05-26 21:05:55 -0400
renpy,2016-05-26 20:25:48 -0400
renpy,2016-05-26 20:08:02 -0400
renpy,2016-05-26 01:49:01 -0400
renpy,2016-05-26 00:39:07 -0400
renpy,2016-05-24 21:50:05 -0400
renpy,2016-05-24 21:29:19 -0400
renpy,2016-05-23 22:08:15 -0400
renpy,2016-05-23 21:02:24 -0400
renpy,2016-05-23 19:37:04 -0400
renpy,2016-05-22 23:10:20 -0400
renpy,2016-05-22 23:09:24 -0400
renpy,2016-05-22 22:31:13 -0400
renpy,2016-05-22 22:41:49 +0200
renpy,2016-05-22 15:58:30 -0400
renpy,2016-05-22 01:31:48 -0400
renpy,2016-05-21 16:45:01 -0400
renpy,2016-05-20 23:26:30 -0400
renpy,2016-05-20 23:26:11 -0400
renpy,2016-05-20 00:30:07 -0400
renpy,2016-05-19 22:41:01 -0400
renpy,2016-05-18 22:02:12 -0400
renpy,2016-05-18 20:56:59 -0400
renpy,2016-05-17 20:31:40 -0400
renpy,2016-05-17 20:21:33 -0400
renpy,2016-05-16 23:05:21 -0400
renpy,2016-05-16 22:39:21 -0400
renpy,2016-05-16 14:55:38 +0200
renpy,2016-05-16 01:00:14 -0400
renpy,2016-05-15 20:51:45 -0400
renpy,2016-05-15 20:48:50 -0400
renpy,2016-05-15 20:44:00 -0400
renpy,2016-05-15 12:44:42 -0400
renpy,2016-05-14 21:54:36 -0400
renpy,2016-05-14 21:12:04 -0400
renpy,2016-05-14 16:59:24 -0400
renpy,2016-05-14 16:28:40 -0400
renpy,2016-05-13 21:54:29 -0400
renpy,2016-05-13 20:35:00 -0400
renpy,2016-05-13 20:27:00 -0400
renpy,2016-05-13 00:46:20 -0400
renpy,2016-05-13 00:05:40 -0400
renpy,2016-05-12 23:59:58 -0400
renpy,2016-05-12 23:49:44 -0400
renpy,2016-05-12 22:50:04 -0400
renpy,2016-05-12 21:42:01 -0400
renpy,2016-05-11 23:15:25 -0400
renpy,2016-05-10 19:54:49 -0400
renpy,2016-05-10 19:52:50 -0400
renpy,2016-05-10 19:39:15 -0400
renpy,2016-05-10 10:27:30 -0400
renpy,2016-05-05 21:17:00 -0400
renpy,2016-05-05 20:40:47 -0400
renpy,2016-05-03 23:08:17 -0400
renpy,2016-05-03 22:15:46 -0400
renpy,2016-05-03 22:02:59 -0400
renpy,2016-05-03 21:55:22 -0400
renpy,2016-05-02 22:03:18 -0400
renpy,2016-05-02 22:02:37 -0400
renpy,2016-05-02 21:55:39 -0400
renpy,2016-05-02 21:38:42 -0400
renpy,2016-05-02 21:08:29 -0400
renpy,2016-05-02 20:45:51 -0400
renpy,2016-05-01 23:46:09 -0400
renpy,2016-05-01 22:14:17 -0400
renpy,2016-05-01 12:12:27 -0400
renpy,2016-05-01 01:17:26 -0400
renpy,2016-05-01 00:11:15 -0400
renpy,2016-04-30 20:52:40 -0400
renpy,2016-04-30 15:16:12 -0400
renpy,2016-04-29 21:22:21 -0400
renpy,2016-04-29 21:21:30 -0400
renpy,2016-04-29 21:11:52 -0400
renpy,2016-04-28 21:18:43 -0400
renpy,2016-04-28 19:49:15 -0400
renpy,2016-04-28 18:46:49 -0400
renpy,2016-04-28 18:34:24 -0400
renpy,2016-04-28 00:37:37 -0400
renpy,2016-04-28 00:26:21 -0400
renpy,2016-04-27 22:04:13 -0400
renpy,2016-04-27 22:01:50 -0400
renpy,2016-04-27 00:01:19 -0400
renpy,2016-04-26 23:08:58 -0400
renpy,2016-04-26 22:22:59 -0400
renpy,2016-04-25 23:04:54 -0400
renpy,2016-04-25 19:51:22 -0400
renpy,2016-04-24 21:18:49 -0400
renpy,2016-04-24 21:17:34 -0400
renpy,2016-04-24 20:45:55 -0400
renpy,2016-04-24 20:44:11 -0400
renpy,2016-04-24 19:10:04 -0400
renpy,2016-04-24 19:09:20 -0400
renpy,2016-04-24 18:52:34 -0400
renpy,2016-04-24 18:51:59 -0400
renpy,2016-04-24 17:19:28 -0400
renpy,2016-04-24 16:23:04 -0400
renpy,2016-04-24 15:58:50 -0400
renpy,2016-04-23 23:14:31 -0400
renpy,2016-04-23 17:07:27 -0400
renpy,2016-04-23 14:30:46 +0300
renpy,2016-04-23 13:09:43 +0300
renpy,2016-04-20 13:01:04 +0300
renpy,2016-04-19 16:07:22 +0300
renpy,2016-04-23 00:18:39 -0400
renpy,2016-04-22 23:42:43 -0400
renpy,2016-04-22 22:28:14 -0400
renpy,2016-04-22 12:42:55 +0200
renpy,2016-04-21 23:04:00 -0400
renpy,2016-04-21 22:34:55 -0400
renpy,2016-04-21 10:53:55 -0400
renpy,2016-04-20 23:44:29 -0400
renpy,2016-04-20 23:24:03 -0400
renpy,2016-04-20 23:21:53 -0400
renpy,2016-04-20 21:41:57 -0400
renpy,2016-04-20 15:46:27 +0200
renpy,2016-04-20 15:11:24 +0200
renpy,2016-04-20 07:43:33 +0300
renpy,2016-04-19 22:10:33 -0400
renpy,2016-04-19 21:36:19 -0400
renpy,2016-04-19 20:33:01 -0400
renpy,2016-04-19 20:07:14 -0400
renpy,2016-04-19 19:50:36 -0400
renpy,2016-04-19 19:13:17 -0400
renpy,2016-04-19 19:04:44 -0400
renpy,2016-04-18 20:17:13 -0400
renpy,2016-04-18 20:13:14 -0400
renpy,2016-04-17 23:40:09 -0400
renpy,2016-04-17 22:24:13 -0400
renpy,2016-04-17 22:23:16 -0400
renpy,2016-04-17 16:31:34 +0300
renpy,2016-04-17 15:00:53 +0200
renpy,2016-04-17 14:59:37 +0200
renpy,2016-04-17 13:37:14 +0300
renpy,2016-04-17 13:26:18 +0300
renpy,2016-04-17 13:24:59 +0300
renpy,2016-04-17 13:18:16 +0300
renpy,2016-04-16 23:55:06 -0400
renpy,2016-04-16 23:38:09 -0400
renpy,2016-04-16 22:58:33 -0400
renpy,2016-04-15 22:35:43 -0400
renpy,2016-04-14 23:51:16 -0400
renpy,2016-04-14 22:04:58 -0400
renpy,2016-04-14 22:00:13 -0400
renpy,2016-04-13 22:15:04 -0400
renpy,2016-04-13 19:53:43 -0400
renpy,2016-04-12 21:15:42 -0400
renpy,2016-04-12 21:00:16 -0400
renpy,2016-04-12 20:48:43 -0400
renpy,2016-04-12 17:36:23 -0400
renpy,2016-04-12 09:53:43 -0400
renpy,2016-04-12 00:19:42 -0400
renpy,2016-04-11 23:20:06 -0400
renpy,2016-04-10 18:31:22 -0400
renpy,2016-04-10 15:15:52 +0100
renpy,2016-04-10 08:53:28 -0400
renpy,2016-04-09 10:23:05 -0400
renpy,2016-04-09 10:14:16 -0400
renpy,2016-04-08 17:04:44 -0400
renpy,2016-04-08 01:10:28 -0400
renpy,2016-04-06 21:59:15 -0400
renpy,2016-04-06 20:37:45 -0400
renpy,2016-04-06 00:02:47 -0400
renpy,2016-04-05 23:57:02 -0400
renpy,2016-04-04 20:38:23 -0400
renpy,2016-04-04 20:26:05 -0400
renpy,2016-04-03 23:20:37 -0400
renpy,2016-04-03 17:03:58 -0400
renpy,2016-04-03 17:03:46 -0400
renpy,2016-04-02 15:51:18 +0300
renpy,2016-04-03 13:26:06 -0400
renpy,2016-04-02 14:18:03 -0400
renpy,2016-04-02 13:45:31 -0400
renpy,2016-04-02 13:44:09 -0400
renpy,2016-04-02 10:50:48 -0400
renpy,2016-04-01 17:27:51 -0400
renpy,2016-04-01 23:24:46 +0200
renpy,2016-03-31 23:06:00 -0400
renpy,2016-03-31 23:00:49 -0400
renpy,2016-03-31 22:57:53 -0400
renpy,2016-03-31 22:05:31 -0400
renpy,2016-03-29 22:42:54 -0400
renpy,2016-03-29 01:32:10 -0400
renpy,2016-03-27 23:55:15 -0400
renpy,2016-03-27 22:45:13 -0400
renpy,2016-03-27 11:45:25 -0400
renpy,2016-03-27 10:48:16 -0400
renpy,2016-03-26 16:48:01 -0400
renpy,2016-03-26 12:26:43 -0400
renpy,2016-03-26 11:20:24 -0400
renpy,2016-03-26 11:05:29 -0400
renpy,2016-03-25 20:29:24 -0400
renpy,2016-03-25 20:29:12 -0400
renpy,2016-03-25 20:16:22 -0400
renpy,2016-03-23 23:04:22 -0400
renpy,2016-03-23 21:36:59 -0400
renpy,2016-03-23 21:31:02 -0400
renpy,2016-03-23 20:10:52 -0400
renpy,2016-03-22 23:02:10 -0400
renpy,2016-03-21 22:23:02 -0400
renpy,2016-03-21 01:24:09 -0400
renpy,2016-03-21 01:23:29 -0400
renpy,2016-03-21 00:49:15 -0400
renpy,2016-03-21 00:23:35 -0400
renpy,2016-03-21 00:18:29 -0400
renpy,2016-03-20 23:44:59 -0400
renpy,2016-03-20 23:41:28 -0400
renpy,2016-03-19 17:18:16 -0400
renpy,2016-03-19 10:58:59 -0400
renpy,2016-03-19 10:40:24 -0400
renpy,2016-03-19 10:22:31 -0400
renpy,2016-03-18 22:58:16 -0400
renpy,2016-03-17 21:12:23 -0400
renpy,2016-03-17 21:00:44 -0400
renpy,2016-03-17 20:57:29 -0400
renpy,2016-03-16 21:06:55 -0400
renpy,2016-03-16 21:06:24 -0400
renpy,2016-03-15 21:40:34 -0400
renpy,2016-03-15 21:35:31 -0400
renpy,2016-03-15 01:40:18 -0400
renpy,2016-03-14 23:57:25 -0400
renpy,2016-03-14 02:26:48 -0400
renpy,2016-03-14 01:52:42 -0400
renpy,2016-03-13 21:51:43 -0400
renpy,2016-03-13 12:11:45 -0400
renpy,2016-03-13 01:53:53 -0500
renpy,2016-03-12 12:34:59 -0500
renpy,2016-03-11 23:34:39 -0500
renpy,2016-03-11 23:28:02 -0500
renpy,2016-03-11 14:43:09 -0500
renpy,2016-03-11 00:40:23 -0500
renpy,2016-03-11 00:27:46 -0500
renpy,2016-03-11 00:23:26 -0500
renpy,2016-03-11 00:15:47 -0500
renpy,2016-03-10 23:47:17 -0500
renpy,2016-03-10 19:38:14 -0500
renpy,2016-03-10 18:23:20 -0500
renpy,2016-03-09 23:31:33 -0500
renpy,2016-03-09 21:42:43 -0500
renpy,2016-03-08 16:20:41 -0500
renpy,2016-03-06 23:01:20 -0500
renpy,2016-03-06 23:01:13 -0500
renpy,2016-03-06 17:21:32 -0500
renpy,2016-03-06 00:14:21 -0500
renpy,2016-03-06 00:13:52 -0500
renpy,2016-03-05 23:49:59 -0500
renpy,2016-03-05 22:21:20 -0500
renpy,2016-03-04 23:20:22 -0500
renpy,2016-03-04 23:17:18 -0500
renpy,2016-03-04 22:28:07 -0500
renpy,2016-03-04 00:50:52 -0500
renpy,2016-03-04 00:41:43 -0500
renpy,2016-03-04 00:31:47 -0500
renpy,2016-03-03 23:04:54 -0500
renpy,2016-03-03 22:37:47 -0500
renpy,2016-03-03 00:16:23 -0500
renpy,2016-03-02 23:19:42 -0500
renpy,2016-03-02 22:07:34 -0500
renpy,2016-03-01 23:01:53 -0500
renpy,2016-03-01 22:43:21 -0500
renpy,2016-03-01 22:07:02 -0500
renpy,2016-03-01 21:35:42 -0500
renpy,2016-03-01 21:35:05 -0500
renpy,2016-03-01 19:02:51 -0500
renpy,2016-03-01 18:44:35 -0500
renpy,2016-02-29 23:03:11 -0500
renpy,2016-02-29 22:59:28 -0500
renpy,2016-02-29 22:42:25 -0500
renpy,2016-02-29 22:22:24 -0500
renpy,2016-02-29 21:27:43 -0500
renpy,2016-02-28 11:57:39 -0500
renpy,2016-02-28 11:57:11 -0500
renpy,2016-02-27 23:13:29 -0500
renpy,2016-02-27 23:11:23 -0500
renpy,2016-02-27 21:40:21 -0500
renpy,2016-02-27 21:31:53 -0500
renpy,2016-02-27 16:49:58 -0500
renpy,2016-02-27 10:09:19 -0500
renpy,2016-02-27 09:52:51 -0500
renpy,2016-02-27 00:27:19 -0500
renpy,2016-02-27 00:24:43 -0500
renpy,2016-02-26 22:31:15 -0500
renpy,2016-02-26 21:52:08 -0500
renpy,2016-02-26 00:31:03 -0500
renpy,2016-02-24 21:15:41 -0500
renpy,2016-02-24 21:08:40 -0500
renpy,2016-02-24 01:25:45 -0500
renpy,2016-02-23 23:03:21 -0500
renpy,2016-02-23 17:51:57 -0500
renpy,2016-02-22 21:45:18 -0500
renpy,2016-02-22 20:36:32 -0500
renpy,2016-02-22 01:09:02 -0500
renpy,2016-02-22 00:40:52 -0500
renpy,2016-02-22 00:33:02 -0500
renpy,2016-02-22 00:31:20 -0500
renpy,2016-02-22 00:27:26 -0500
renpy,2016-02-21 22:47:13 -0500
renpy,2016-02-21 21:59:55 -0500
renpy,2016-02-21 21:59:39 -0500
renpy,2016-02-21 21:43:02 -0500
renpy,2016-02-21 21:08:33 -0500
renpy,2016-02-21 16:51:54 -0500
renpy,2016-02-21 16:40:45 -0500
renpy,2016-02-21 16:40:16 -0500
renpy,2016-02-20 15:02:15 -0500
renpy,2016-02-20 14:57:26 -0500
renpy,2016-02-20 12:55:52 -0500
renpy,2016-02-19 23:26:02 -0500
renpy,2016-02-19 23:04:15 -0500
renpy,2016-02-19 00:06:30 -0500
renpy,2016-02-18 22:33:40 -0500
renpy,2016-02-18 21:42:45 -0500
renpy,2016-02-17 23:01:20 -0500
renpy,2016-02-17 00:35:31 -0500
renpy,2016-02-16 23:52:41 -0500
renpy,2016-02-16 23:44:44 -0500
renpy,2016-02-16 19:46:37 -0500
renpy,2016-02-16 00:18:29 -0500
renpy,2016-02-14 23:28:43 -0500
renpy,2016-02-14 17:27:40 -0500
renpy,2016-02-12 22:35:15 -0500
renpy,2016-02-12 21:57:47 -0500
renpy,2016-02-11 00:37:46 -0500
renpy,2016-02-11 22:56:24 -0500
renpy,2016-02-11 19:36:26 -0500
renpy,2016-02-11 00:37:46 -0500
renpy,2016-02-10 01:12:30 -0500
renpy,2016-02-09 19:20:29 -0500
renpy,2016-02-09 01:06:32 -0500
renpy,2016-02-08 20:12:30 -0500
renpy,2016-02-08 19:25:54 -0500
renpy,2016-02-08 01:13:49 -0500
renpy,2016-02-07 21:38:24 -0500
renpy,2016-02-07 21:06:40 -0500
renpy,2016-02-07 02:55:13 -0500
renpy,2016-02-07 01:48:17 -0500
renpy,2016-02-06 23:15:32 -0500
renpy,2016-02-05 23:16:46 -0500
renpy,2016-02-05 00:39:47 -0500
renpy,2016-02-05 00:02:44 -0500
renpy,2016-02-04 22:33:38 -0500
renpy,2016-02-04 22:11:57 -0500
renpy,2016-02-04 01:04:41 -0500
renpy,2016-02-03 23:38:48 -0500
renpy,2016-02-03 23:28:12 -0500
renpy,2016-02-03 23:01:38 -0500
renpy,2016-02-03 22:32:41 -0500
renpy,2016-02-03 21:42:03 -0500
renpy,2016-02-03 19:20:34 -0500
renpy,2016-02-03 18:46:07 -0500
renpy,2016-02-03 18:29:37 -0500
renpy,2016-02-03 00:51:53 -0500
renpy,2016-02-02 09:11:22 -0500
renpy,2016-02-02 09:11:01 -0500
renpy,2016-02-01 13:04:00 -0500
renpy,2016-02-01 09:11:40 -0500
renpy,2016-02-01 00:21:07 -0500
renpy,2016-02-01 00:11:39 -0500
renpy,2016-01-31 22:39:26 -0500
renpy,2016-01-31 22:18:45 -0500
renpy,2016-01-31 17:17:20 -0500
renpy,2016-01-31 13:09:48 -0500
renpy,2016-01-31 12:10:54 -0500
renpy,2016-01-31 11:49:10 -0500
renpy,2016-01-30 13:13:04 -0500
renpy,2016-01-30 12:18:32 -0500
renpy,2016-01-30 10:23:34 -0500
renpy,2016-01-30 10:12:44 -0500
renpy,2016-01-30 09:01:17 -0500
renpy,2016-01-30 08:42:22 -0500
renpy,2016-01-30 00:28:15 -0500
renpy,2016-01-29 23:31:15 -0500
renpy,2016-01-29 23:27:25 -0500
renpy,2016-01-29 21:52:30 -0500
renpy,2016-01-29 01:11:24 -0500
renpy,2016-01-28 23:42:41 -0500
renpy,2016-01-28 20:38:20 -0500
renpy,2016-01-28 01:06:18 -0500
renpy,2016-01-26 22:31:25 -0500
renpy,2016-01-26 22:22:32 -0500
renpy,2016-01-26 20:19:19 -0500
renpy,2016-01-26 20:18:45 -0500
renpy,2016-01-26 20:16:46 -0500
renpy,2016-01-27 00:49:31 +0100
renpy,2016-01-27 00:46:51 +0100
renpy,2016-01-27 00:43:37 +0100
renpy,2016-01-26 00:04:58 -0500
renpy,2016-01-25 01:47:17 -0500
renpy,2016-01-24 12:36:12 -0500
renpy,2016-01-24 12:07:54 -0500
renpy,2016-01-22 22:56:16 -0500
renpy,2016-01-22 06:35:50 +0100
renpy,2016-01-22 00:03:38 -0500
renpy,2016-01-21 23:46:34 -0500
renpy,2016-01-21 23:38:24 -0500
renpy,2016-01-22 05:29:55 +0100
renpy,2016-01-21 22:09:29 -0500
renpy,2016-01-20 20:59:16 -0500
renpy,2016-01-20 20:57:09 -0500
renpy,2016-01-20 19:55:30 -0500
renpy,2016-01-20 19:52:13 -0500
renpy,2016-01-20 01:02:06 -0500
renpy,2016-01-19 22:40:37 -0500
renpy,2016-01-18 22:45:27 -0500
renpy,2016-01-18 21:45:35 -0500
renpy,2016-01-17 22:17:15 -0500
renpy,2016-01-17 14:50:00 -0500
renpy,2016-01-17 14:46:55 -0500
renpy,2016-01-17 13:09:29 +0100
renpy,2016-01-16 23:52:25 -0500
renpy,2016-01-16 23:41:51 -0500
renpy,2016-01-16 19:51:18 -0500
renpy,2016-01-16 02:07:26 -0500
renpy,2016-01-16 02:06:56 -0500
renpy,2016-01-16 02:06:42 -0500
renpy,2016-01-16 02:02:06 -0500
renpy,2016-01-15 23:47:37 -0500
renpy,2016-01-15 23:27:42 -0500
renpy,2016-01-15 22:29:47 -0500
renpy,2016-01-14 21:39:38 -0500
renpy,2016-01-13 23:20:27 -0500
renpy,2016-01-13 23:11:57 -0500
renpy,2016-01-13 22:30:49 -0500
renpy,2016-01-12 18:43:59 -0500
renpy,2016-01-11 22:13:52 -0500
renpy,2016-01-11 00:14:49 -0500
renpy,2016-01-10 23:45:43 -0500
renpy,2016-01-10 23:16:06 -0500
renpy,2016-01-10 01:29:00 -0500
renpy,2016-01-10 01:23:15 -0500
renpy,2016-01-10 01:18:51 -0500
renpy,2016-01-10 00:26:29 -0500
renpy,2016-01-09 22:28:39 -0500
renpy,2016-01-09 22:06:15 -0500
renpy,2016-01-09 14:43:22 -0500
renpy,2016-01-09 14:43:07 -0500
renpy,2016-01-09 11:33:32 -0500
renpy,2016-01-08 23:58:25 -0500
renpy,2016-01-08 20:35:53 -0500
renpy,2016-01-08 01:50:46 -0500
renpy,2016-01-07 22:58:37 -0500
renpy,2016-01-06 22:48:37 -0500
renpy,2016-01-05 21:00:54 -0800
renpy,2016-01-05 22:19:14 -0500
renpy,2016-01-05 00:05:05 -0500
renpy,2016-01-04 22:54:40 -0500
renpy,2016-01-04 01:18:14 -0500
renpy,2016-01-04 00:45:54 -0500
renpy,2016-01-03 23:06:43 -0500
renpy,2016-01-03 21:14:11 -0500
renpy,2016-01-02 14:42:59 -0500
renpy,2016-01-02 13:44:00 -0500
renpy,2016-01-01 23:49:20 -0500
renpy,2016-01-01 00:23:48 -0500
renpy,2016-01-01 00:15:11 -0500
renpy,2015-12-31 23:41:02 -0500
renpy,2015-12-31 22:21:50 -0500
renpy,2015-12-31 17:54:48 -0500
renpy,2015-12-31 14:27:02 -0500
renpy,2015-12-30 23:44:48 -0500
renpy,2015-12-30 01:59:36 -0500
renpy,2015-12-30 01:14:10 -0500
renpy,2015-12-29 19:41:53 -0500
renpy,2015-12-29 01:40:27 -0500
renpy,2015-12-27 12:56:34 -0500
renpy,2015-12-27 09:42:58 -0500
renpy,2015-12-26 08:01:05 -0500
renpy,2015-12-26 07:51:04 -0500
renpy,2015-12-25 12:00:12 -0500
renpy,2015-12-25 00:28:15 -0500
renpy,2015-12-25 00:25:47 -0500
renpy,2015-12-25 00:20:22 -0500
renpy,2015-12-24 15:20:33 -0500
renpy,2015-12-24 01:57:08 -0500
renpy,2015-12-23 23:36:49 -0500
renpy,2015-12-22 23:27:54 -0500
renpy,2015-12-22 01:19:36 -0500
renpy,2015-12-21 23:47:13 -0500
renpy,2015-12-21 21:33:12 -0500
renpy,2015-12-19 22:33:22 -0500
renpy,2015-12-18 22:01:29 -0500
renpy,2015-12-17 18:51:03 -0500
renpy,2015-12-16 22:50:24 -0500
renpy,2015-12-15 09:07:50 -0500
renpy,2015-12-12 16:30:48 -0500
renpy,2015-12-11 23:38:28 -0500
renpy,2015-12-11 18:41:57 -0500
renpy,2015-12-10 21:28:02 -0500
renpy,2015-12-10 21:10:56 -0500
renpy,2015-12-10 07:39:45 +0100
renpy,2015-12-09 23:43:43 -0500
renpy,2015-12-09 20:10:44 -0500
renpy,2015-12-09 20:10:09 -0500
renpy,2015-12-09 23:12:57 +0100
renpy,2015-12-09 08:14:25 -0500
renpy,2015-12-09 04:19:40 -0600
renpy,2015-12-09 02:02:11 -0600
renpy,2015-12-08 18:53:23 -0500
renpy,2015-12-08 15:11:18 -0500
renpy,2015-12-08 20:10:04 +0000
renpy,2015-12-08 20:03:16 +0000
renpy,2015-12-08 19:25:30 +0000
renpy,2015-12-07 22:34:39 -0500
renpy,2015-12-06 08:18:11 -0500
renpy,2015-12-06 08:04:45 -0500
renpy,2015-12-05 08:55:27 -0500
renpy,2015-12-04 22:18:11 -0500
renpy,2015-12-03 11:49:06 -0500
renpy,2015-12-03 10:22:42 -0500
renpy,2015-12-02 21:47:55 -0500
renpy,2015-12-01 05:36:39 -0500
renpy,2015-11-30 09:24:45 -0500
renpy,2015-11-30 08:48:21 -0500
renpy,2015-11-29 22:49:09 -0500
renpy,2015-11-29 22:04:08 -0500
renpy,2015-11-29 17:08:45 -0500
renpy,2015-11-28 22:06:41 -0500
renpy,2015-11-28 00:16:12 -0500
renpy,2015-11-27 22:49:50 -0500
renpy,2015-11-27 22:38:28 -0500
renpy,2015-11-27 22:31:07 -0500
renpy,2015-11-26 22:42:20 -0500
renpy,2015-11-26 12:33:59 -0500
renpy,2015-11-26 10:47:54 -0500
renpy,2015-11-25 22:46:19 -0500
renpy,2015-11-25 22:15:59 -0500
renpy,2015-11-25 22:07:42 -0500
renpy,2015-11-25 00:38:31 -0500
renpy,2015-11-24 22:11:23 -0500
renpy,2015-11-24 23:54:00 +0800
renpy,2015-11-24 23:38:50 +0800
renpy,2015-11-24 23:32:34 +0800
renpy,2015-11-24 23:18:18 +0800
renpy,2015-11-24 21:29:34 +0800
renpy,2015-11-24 00:49:59 -0500
renpy,2015-11-23 21:41:02 -0500
renpy,2015-11-23 00:53:47 -0500
renpy,2015-11-23 00:52:18 -0500
renpy,2015-11-23 00:15:27 -0500
renpy,2015-11-22 23:49:20 -0500
renpy,2015-11-22 19:38:55 -0500
renpy,2015-11-21 22:57:00 -0500
renpy,2015-11-20 23:50:03 -0500
renpy,2015-11-19 18:38:13 +0800
renpy,2015-11-18 22:13:48 -0500
renpy,2015-11-17 23:43:52 -0500
renpy,2015-11-16 23:18:19 -0500
renpy,2015-11-15 11:57:20 -0500
renpy,2015-11-15 23:17:50 +0800
renpy,2015-11-15 20:34:06 +0800
renpy,2015-11-15 00:55:30 -0500
renpy,2015-11-14 22:32:32 -0500
renpy,2015-11-14 17:33:02 -0500
renpy,2015-11-13 21:50:14 -0500
renpy,2015-11-09 21:44:39 -0500
renpy,2015-11-08 22:29:08 -0500
renpy,2015-11-07 23:44:23 -0500
renpy,2015-11-07 23:42:23 -0500
renpy,2015-11-07 22:49:53 -0500
renpy,2015-11-07 22:49:07 -0500
renpy,2015-11-07 22:48:45 -0500
renpy,2015-11-06 20:45:24 -0500
renpy,2015-11-04 23:10:05 -0500
renpy,2015-11-03 22:55:46 -0500
renpy,2015-11-03 00:23:40 -0500
renpy,2015-11-02 23:28:09 -0500
renpy,2015-11-02 23:26:44 -0500
renpy,2015-11-01 20:25:12 -0500
renpy,2015-10-31 10:06:35 -0400
renpy,2015-10-30 22:21:11 -0400
renpy,2015-10-30 19:04:45 -0400
renpy,2015-10-30 18:46:55 -0400
renpy,2015-10-30 06:25:57 -0700
renpy,2015-10-29 09:47:06 -0400
renpy,2015-10-29 09:35:35 -0400
renpy,2015-10-28 19:49:58 -0400
renpy,2015-10-26 23:13:17 -0400
renpy,2015-10-25 19:29:30 -0500
renpy,2015-10-25 19:42:40 -0400
renpy,2015-10-25 19:33:16 -0400
renpy,2015-10-25 18:00:53 -0400
renpy,2015-10-25 10:49:56 -0400
renpy,2015-10-25 10:42:27 -0400
renpy,2015-10-25 04:44:58 -0700
renpy,2015-10-25 04:25:32 -0700
renpy,2015-10-25 04:24:55 -0700
renpy,2015-10-25 04:21:50 -0700
renpy,2015-10-24 23:00:05 -0400
renpy,2015-10-24 22:57:05 -0400
renpy,2015-10-24 22:56:08 -0400
renpy,2015-10-24 14:00:24 -0400
renpy,2015-10-23 22:32:20 -0400
renpy,2015-10-23 21:06:04 -0400
renpy,2015-10-23 20:47:10 -0400
renpy,2015-10-23 20:32:09 -0400
renpy,2015-10-23 00:20:43 -0400
renpy,2015-10-23 00:09:57 -0400
renpy,2015-10-22 22:34:01 -0400
renpy,2015-10-22 19:08:15 -0700
renpy,2015-10-22 01:27:58 -0400
renpy,2015-10-22 00:08:21 -0400
renpy,2015-10-21 21:51:18 -0400
renpy,2015-10-20 21:28:46 -0400
renpy,2015-10-20 11:04:18 +0200
renpy,2015-10-17 22:48:36 -0400
renpy,2015-10-17 21:08:36 -0400
renpy,2015-10-16 20:29:45 -0400
renpy,2015-10-15 23:48:19 -0400
renpy,2015-10-15 23:40:00 -0400
renpy,2015-10-15 22:52:28 -0400
renpy,2015-10-15 22:45:36 -0400
renpy,2015-10-15 18:04:21 -0400
renpy,2015-10-15 18:00:11 -0400
renpy,2015-10-14 23:52:14 -0400
renpy,2015-10-14 23:22:44 -0400
renpy,2015-10-14 20:52:09 -0400
renpy,2015-10-13 19:00:04 -0400
renpy,2015-10-13 00:09:09 -0400
renpy,2015-10-12 22:40:56 -0400
renpy,2015-10-12 00:21:36 -0400
renpy,2015-10-12 00:09:42 -0400
renpy,2015-10-11 23:23:28 -0400
renpy,2015-10-11 21:15:01 -0400
renpy,2015-10-10 23:30:31 -0400
renpy,2015-10-10 20:32:22 -0400
renpy,2015-10-10 12:42:52 +0200
renpy,2015-10-09 23:06:26 -0400
renpy,2015-10-08 22:19:37 -0400
renpy,2015-10-08 19:41:42 -0400
renpy,2015-10-07 21:41:53 -0400
renpy,2015-10-06 23:31:13 -0400
renpy,2015-10-05 23:25:41 -0400
renpy,2015-10-04 23:49:42 -0400
renpy,2015-10-04 17:17:42 -0400
renpy,2015-10-04 17:17:11 -0400
renpy,2015-10-04 17:14:55 -0400
renpy,2015-10-04 17:14:46 -0400
renpy,2015-10-03 23:28:40 -0400
renpy,2015-10-03 01:52:44 -0400
renpy,2015-10-01 15:17:48 +0200
renpy,2015-09-30 23:35:33 -0400
renpy,2015-09-30 23:08:31 -0400
renpy,2015-09-29 23:08:10 -0400
renpy,2015-09-28 22:47:50 -0400
renpy,2015-09-28 22:44:22 -0400
renpy,2015-09-28 00:33:32 -0400
renpy,2015-09-28 00:10:02 -0400
renpy,2015-09-27 23:50:51 -0400
renpy,2015-09-27 23:34:31 -0400
renpy,2015-09-26 00:51:45 -0400
renpy,2015-09-25 22:37:36 -0400
renpy,2015-09-25 00:50:57 -0400
renpy,2015-09-25 00:50:23 -0400
renpy,2015-09-24 21:50:21 -0400
renpy,2015-09-22 20:53:01 -0400
renpy,2015-09-22 20:52:25 -0400
renpy,2015-09-22 00:22:07 -0400
renpy,2015-09-21 23:29:46 -0400
renpy,2015-09-20 22:59:02 -0400
renpy,2015-09-20 14:10:18 -0400
renpy,2015-09-20 00:15:48 -0400
renpy,2015-09-19 23:33:22 -0400
renpy,2015-09-19 23:32:42 -0400
renpy,2015-09-18 23:44:47 -0400
renpy,2015-09-17 22:20:18 -0400
renpy,2015-09-16 20:26:35 -0400
renpy,2015-09-15 22:25:17 -0400
renpy,2015-09-15 00:22:04 -0400
renpy,2015-09-15 00:21:00 -0400
renpy,2015-09-14 20:44:19 -0400
renpy,2015-09-14 20:44:19 -0400
renpy,2015-09-14 01:39:05 -0400
renpy,2015-09-14 01:08:59 -0400
renpy,2015-09-14 00:57:42 -0400
renpy,2015-09-13 22:00:26 -0400
renpy,2015-09-13 16:20:15 +0200
renpy,2015-09-13 10:57:23 +0200
renpy,2015-09-12 22:47:05 -0400
renpy,2015-09-11 22:54:04 -0400
renpy,2015-09-13 16:20:15 +0200
renpy,2015-09-13 10:57:23 +0200
renpy,2015-09-12 22:47:05 -0400
renpy,2015-09-11 22:54:04 -0400
renpy,2015-09-10 22:52:57 -0400
renpy,2015-09-10 20:45:17 -0400
renpy,2015-09-09 23:47:05 -0400
renpy,2015-09-09 23:47:05 -0400
renpy,2015-09-08 23:54:07 -0400
renpy,2015-09-08 23:48:55 -0400
renpy,2015-09-07 23:25:04 -0400
renpy,2015-09-07 23:23:53 -0400
renpy,2015-09-07 12:51:08 -0400
renpy,2015-09-07 00:02:46 -0400
renpy,2015-09-06 13:17:56 -0400
renpy,2015-09-05 22:20:25 -0400
renpy,2015-09-05 21:46:40 -0400
renpy,2015-09-05 20:21:24 -0400
renpy,2015-09-05 01:33:16 -0400
renpy,2015-09-04 23:40:18 -0400
renpy,2015-09-04 21:58:53 -0400
renpy,2015-09-03 23:37:35 -0400
renpy,2015-09-03 22:14:23 -0400
renpy,2015-09-02 21:47:02 -0400
renpy,2015-09-02 21:36:37 -0400
renpy,2015-09-02 09:32:30 -0400
renpy,2015-09-01 23:44:50 -0400
renpy,2015-09-01 23:17:32 -0400
renpy,2015-08-31 21:26:56 -0400
renpy,2015-08-30 23:10:35 -0400
renpy,2015-08-30 19:49:30 -0400
renpy,2015-08-30 19:27:43 -0400
renpy,2015-08-29 17:05:34 -0400
renpy,2015-08-29 16:54:32 -0400
renpy,2015-08-29 11:17:26 -0400
renpy,2015-08-28 21:58:07 -0400
renpy,2015-08-28 19:43:19 -0400
renpy,2015-08-27 22:01:22 -0400
renpy,2015-08-27 21:49:52 -0400
renpy,2015-08-27 21:11:07 -0400
renpy,2015-08-27 20:58:47 -0400
renpy,2015-08-27 00:42:03 -0400
renpy,2015-08-26 23:34:56 -0400
renpy,2015-08-26 21:58:32 -0400
renpy,2015-08-26 21:08:47 -0400
renpy,2015-08-25 10:21:19 -0400
renpy,2015-08-25 00:41:54 -0400
renpy,2015-08-24 23:50:48 -0400
renpy,2015-08-24 23:33:03 -0400
renpy,2015-08-23 15:20:47 -0400
renpy,2015-08-23 15:19:24 -0400
renpy,2015-08-23 13:36:46 -0400
renpy,2015-08-22 22:04:49 -0400
renpy,2015-08-22 21:38:47 -0400
renpy,2015-08-22 21:29:15 -0400
renpy,2015-08-22 19:22:09 -0400
renpy,2015-08-21 22:22:29 -0400
renpy,2015-08-21 22:07:26 -0400
renpy,2015-08-20 19:59:04 -0400
renpy,2015-08-19 22:10:13 -0400
renpy,2015-08-19 21:00:17 -0400
renpy,2015-08-18 19:52:44 -0400
renpy,2015-08-17 22:28:44 -0400
renpy,2015-08-16 23:55:14 -0400
renpy,2015-08-16 23:50:20 -0400
renpy,2015-08-16 20:25:19 -0400
renpy,2015-08-16 20:18:27 -0400
renpy,2015-08-16 20:04:00 -0400
renpy,2015-08-16 19:56:29 -0400
renpy,2015-08-16 11:14:49 -0400
renpy,2015-08-16 11:14:16 -0400
renpy,2015-08-15 20:53:12 -0400
renpy,2015-08-14 00:47:07 -0400
renpy,2015-08-14 00:15:12 -0400
renpy,2015-08-13 21:05:41 -0700
renpy,2015-08-13 23:47:12 -0400
renpy,2015-08-13 23:18:26 -0400
renpy,2015-08-12 23:08:51 -0400
renpy,2015-08-12 22:57:03 -0400
renpy,2015-08-12 22:37:06 -0400
renpy,2015-08-12 19:53:46 +0300
renpy,2015-08-11 09:11:26 -0400
renpy,2015-08-10 23:24:20 -0400
renpy,2015-08-09 10:31:16 -0700
renpy,2015-08-09 09:56:01 -0400
renpy,2015-08-08 09:04:10 -0400
renpy,2015-08-08 08:59:09 -0400
renpy,2015-08-07 23:18:30 -0400
renpy,2015-08-06 22:59:15 -0400
renpy,2015-08-06 22:08:08 -0400
renpy,2015-08-04 23:17:49 -0400
renpy,2015-08-03 22:13:33 -0400
renpy,2015-08-03 22:09:41 -0400
renpy,2015-08-03 22:06:03 -0400
renpy,2015-08-03 22:02:30 -0400
renpy,2015-08-02 08:44:57 -0400
renpy,2015-08-01 12:06:30 -0400
renpy,2015-07-31 11:42:00 -0400
renpy,2015-07-31 11:17:37 -0400
renpy,2015-07-31 00:03:35 -0400
renpy,2015-07-30 23:52:53 -0400
renpy,2015-07-30 23:52:40 -0400
renpy,2015-07-29 23:49:06 -0400
renpy,2015-07-29 23:48:52 -0400
renpy,2015-07-29 23:18:15 -0400
renpy,2015-07-28 22:51:30 -0400
renpy,2015-07-28 22:46:13 -0400
renpy,2015-07-28 22:39:28 -0400
renpy,2015-07-28 00:23:47 -0400
renpy,2015-07-28 00:22:36 -0400
renpy,2015-07-28 00:17:53 -0400
renpy,2015-07-28 00:17:41 -0400
renpy,2015-07-28 00:03:20 -0400
renpy,2015-07-27 23:39:48 -0400
renpy,2015-07-27 22:51:37 -0400
renpy,2015-07-27 22:50:53 -0400
renpy,2015-07-27 21:43:28 -0500
renpy,2015-07-26 23:25:08 -0400
renpy,2015-07-26 22:56:27 -0400
renpy,2015-07-26 12:23:58 +0300
renpy,2015-07-26 10:42:09 +0300
renpy,2015-07-25 13:06:27 -0400
renpy,2015-07-25 12:34:33 -0400
renpy,2015-07-25 11:54:36 -0400
renpy,2015-07-25 11:51:38 -0400
renpy,2015-07-24 22:05:49 -0400
renpy,2015-07-23 21:15:33 -0400
renpy,2015-07-22 19:00:25 -0400
renpy,2015-07-22 11:02:34 -0400
renpy,2015-07-22 15:07:11 +0300
renpy,2015-07-22 00:06:10 -0400
renpy,2015-07-21 22:50:12 -0400
renpy,2015-07-21 00:30:28 -0400
renpy,2015-07-21 00:26:22 -0400
renpy,2015-07-20 23:55:27 -0400
renpy,2015-07-20 23:45:32 -0400
renpy,2015-07-20 22:32:00 -0400
renpy,2015-07-19 22:05:42 -0400
renpy,2015-07-19 22:02:09 -0400
renpy,2015-07-18 16:20:04 -0400
renpy,2015-07-17 21:24:58 -0400
renpy,2015-07-17 21:24:29 -0400
renpy,2015-07-17 21:19:15 -0400
renpy,2015-07-17 20:56:06 -0400
renpy,2015-07-16 17:22:05 -0400
renpy,2015-07-14 18:41:16 -0400
renpy,2015-07-14 00:18:06 -0400
renpy,2015-07-14 00:10:12 -0400
renpy,2015-07-13 22:09:34 -0400
renpy,2015-07-13 21:03:21 -0400
renpy,2015-07-13 17:50:13 -0400
renpy,2015-07-13 17:41:36 -0400
renpy,2015-07-13 17:39:26 -0400
renpy,2015-07-13 19:17:02 +0300
renpy,2015-07-13 09:04:58 -0700
renpy,2015-07-12 18:58:25 -0400
renpy,2015-07-11 22:15:31 -0400
renpy,2015-07-11 20:28:47 -0400
renpy,2015-07-11 12:05:08 -0400
renpy,2015-07-10 22:55:53 -0400
renpy,2015-07-10 22:52:55 -0400
renpy,2015-07-10 21:38:44 -0400
renpy,2015-07-10 22:12:14 +0800
renpy,2015-07-09 22:30:27 +0800
renpy,2015-07-09 00:53:11 -0400
renpy,2015-07-09 00:51:50 -0400
renpy,2015-07-09 00:38:20 -0400
renpy,2015-07-08 22:59:17 -0400
renpy,2015-07-08 21:56:12 -0400
renpy,2015-07-09 09:49:29 +0800
renpy,2015-07-08 11:59:00 +0800
renpy,2015-07-08 11:45:31 +0800
renpy,2015-07-07 22:54:55 -0400
renpy,2015-07-07 22:53:37 -0400
renpy,2015-07-07 16:27:51 +0800
renpy,2015-07-04 22:42:15 -0400
renpy,2015-07-03 23:56:05 -0400
renpy,2015-07-03 22:57:31 -0400
renpy,2015-07-02 23:02:40 -0400
renpy,2015-07-02 23:02:18 -0400
renpy,2015-06-30 20:15:13 +0800
renpy,2015-06-29 19:51:39 -0400
renpy,2015-06-29 09:28:25 -0400
renpy,2015-06-28 22:48:17 -0400
renpy,2015-06-27 15:50:30 -0400
renpy,2015-06-27 15:46:40 -0400
renpy,2015-06-27 15:45:49 -0400
renpy,2015-06-27 10:37:10 -0700
renpy,2015-06-27 10:34:46 -0700
renpy,2015-06-27 14:30:39 +0800
renpy,2015-06-26 09:09:00 -0400
renpy,2015-06-26 09:00:56 -0400
renpy,2015-06-25 23:18:24 -0400
renpy,2015-06-25 23:14:17 -0400
renpy,2015-06-25 23:02:40 -0400
renpy,2015-06-25 01:04:15 -0400
renpy,2015-06-25 00:53:35 -0400
renpy,2015-06-24 22:04:41 -0400
renpy,2015-06-25 00:34:54 +0300
renpy,2015-06-23 08:22:15 -0400
renpy,2015-06-22 21:44:07 -0400
renpy,2015-06-21 21:18:57 -0700
renpy,2015-06-21 11:32:57 -0700
renpy,2015-06-21 12:35:52 -0400
renpy,2015-06-21 01:25:48 -0400
renpy,2015-06-21 01:20:35 -0400
renpy,2015-06-21 01:11:26 -0400
renpy,2015-06-18 00:23:26 -0400
renpy,2015-06-20 21:56:20 -0400
renpy,2015-06-20 15:08:26 -0400
renpy,2015-06-19 14:28:47 -0400
renpy,2015-06-19 19:31:14 +0300
renpy,2015-06-19 08:58:24 -0400
renpy,2015-06-19 09:13:55 +0300
renpy,2015-06-19 09:03:37 +0300
renpy,2015-06-18 19:20:05 -0400
renpy,2015-06-18 00:26:02 -0400
renpy,2015-06-18 00:22:41 -0400
renpy,2015-06-17 22:36:38 -0400
renpy,2015-06-17 22:28:32 -0400
renpy,2015-06-17 21:18:31 -0400
renpy,2015-06-16 21:28:44 -0400
renpy,2015-06-16 11:44:45 -0400
renpy,2015-06-15 22:27:51 -0400
renpy,2015-06-15 16:07:24 -0400
renpy,2015-06-15 15:03:09 +0200
renpy,2015-06-15 00:18:33 -0400
renpy,2015-06-14 19:24:16 -0400
renpy,2015-06-14 10:04:56 -0400
renpy,2015-06-14 09:59:30 -0400
renpy,2015-06-13 21:36:13 -0400
renpy,2015-06-13 21:35:59 -0400
renpy,2015-06-13 21:26:50 -0400
renpy,2015-06-12 01:20:26 -0700
renpy,2015-06-11 23:06:35 -0400
renpy,2015-06-11 21:50:35 -0400
renpy,2015-06-10 23:38:28 -0400
renpy,2015-06-10 23:28:29 -0400
renpy,2015-06-09 18:38:29 -0400
renpy,2015-06-09 18:26:12 -0400
renpy,2015-06-09 00:32:28 -0400
renpy,2015-06-08 23:39:49 -0400
renpy,2015-06-08 23:36:17 -0400
renpy,2015-06-08 22:01:31 -0400
renpy,2015-06-07 23:28:03 -0400
renpy,2015-06-07 15:53:15 +0300
renpy,2015-06-07 15:38:12 +0300
renpy,2015-06-07 00:59:13 -0400
renpy,2015-06-07 00:40:11 -0400
renpy,2015-06-06 22:23:05 -0400
renpy,2015-06-06 22:22:03 -0400
renpy,2015-06-06 21:39:00 -0400
renpy,2015-06-05 23:16:52 -0400
renpy,2015-06-05 21:52:05 -0400
renpy,2015-06-04 22:28:33 -0400
renpy,2015-06-03 23:53:51 -0400
renpy,2015-06-03 23:51:06 -0400
renpy,2015-06-03 22:32:26 -0400
renpy,2015-06-03 22:31:50 -0400
renpy,2015-06-03 21:56:56 -0400
renpy,2015-06-03 00:19:15 -0400
renpy,2015-06-03 00:05:06 -0400
renpy,2015-06-02 23:51:29 -0400
renpy,2015-06-02 22:40:04 -0400
renpy,2015-06-01 23:14:57 -0400
renpy,2015-06-01 22:04:13 -0400
renpy,2015-06-01 22:02:18 -0400
renpy,2015-05-31 11:24:24 -0400
renpy,2015-05-31 10:03:54 -0400
renpy,2015-05-31 00:55:35 -0400
renpy,2015-05-30 23:53:36 -0400
renpy,2015-05-30 21:51:04 -0400
renpy,2015-05-30 15:51:23 -0400
renpy,2015-05-29 19:32:54 -0400
renpy,2015-05-28 21:28:23 -0400
renpy,2015-05-28 21:28:03 -0400
renpy,2015-05-26 17:52:09 -0400
renpy,2015-05-24 17:07:15 -0400
renpy,2015-05-24 16:50:14 -0400
renpy,2015-05-24 02:23:55 -0400
renpy,2015-05-24 13:46:54 +0900
renpy,2015-05-23 22:54:50 -0400
renpy,2015-05-23 22:32:28 -0400
renpy,2015-05-22 22:28:23 -0400
renpy,2015-05-22 21:19:51 -0400
renpy,2015-05-22 21:06:51 -0400
renpy,2015-05-21 23:50:12 -0400
renpy,2015-05-21 20:22:46 -0400
renpy,2015-05-21 00:13:11 -0400
renpy,2015-05-20 21:36:16 -0400
renpy,2015-05-19 23:28:47 -0400
renpy,2015-05-18 21:35:33 -0400
renpy,2015-05-18 21:34:36 -0400
renpy,2015-05-17 23:48:48 -0400
renpy,2015-05-16 22:35:55 -0400
renpy,2015-05-16 19:26:11 -0400
renpy,2015-05-15 23:05:19 -0400
renpy,2015-05-14 18:30:34 -0400
renpy,2015-05-15 00:43:46 +0300
renpy,2015-05-14 10:23:15 -0400
renpy,2015-05-13 21:59:06 -0400
renpy,2015-05-12 22:08:46 -0400
renpy,2015-05-11 23:17:33 -0400
renpy,2015-05-11 23:16:13 -0400
renpy,2015-05-11 00:18:48 -0400
renpy,2015-05-10 10:30:11 -0400
renpy,2015-05-09 23:52:34 -0400
renpy,2015-05-09 23:51:41 -0400
renpy,2015-05-09 16:38:53 -0400
renpy,2015-05-09 16:38:37 -0400
renpy,2015-05-08 23:42:18 -0400
renpy,2015-05-08 23:33:06 -0400
renpy,2015-05-08 18:31:15 -0400
renpy,2015-05-07 22:26:25 -0400
renpy,2015-05-06 23:48:28 -0400
renpy,2015-05-06 21:28:15 -0400
renpy,2015-05-05 22:24:37 -0400
renpy,2015-05-05 22:24:22 -0400
renpy,2015-05-05 22:23:35 -0400
renpy,2015-05-05 21:15:00 -0400
renpy,2015-05-05 11:16:49 -0400
renpy,2015-05-04 23:22:04 -0400
renpy,2015-05-04 18:22:11 -0400
renpy,2015-05-03 22:00:32 -0400
renpy,2015-05-03 21:46:38 -0400
renpy,2015-05-03 13:15:22 -0400
renpy,2015-05-02 23:16:52 -0400
renpy,2015-05-02 09:55:48 -0400
renpy,2015-05-01 23:31:10 -0400
renpy,2015-05-01 22:02:11 +0900
renpy,2015-05-01 21:56:23 +0900
renpy,2015-05-01 00:22:03 -0400
renpy,2015-04-30 23:40:18 -0400
renpy,2015-04-29 23:51:59 -0400
renpy,2015-04-29 23:24:13 -0400
renpy,2015-04-29 21:40:52 -0400
renpy,2015-04-28 21:43:55 -0700
renpy,2015-04-27 23:19:57 -0400
renpy,2015-04-27 21:37:38 -0400
renpy,2015-04-26 11:26:31 -0400
renpy,2015-04-25 00:10:09 -0400
renpy,2015-04-24 23:47:28 -0400
renpy,2015-04-23 21:59:48 -0400
renpy,2015-04-22 20:10:31 -0400
renpy,2015-04-22 00:28:42 -0400
renpy,2015-04-21 23:14:23 -0400
renpy,2015-04-21 22:16:00 -0400
renpy,2015-04-21 10:59:36 +0200
renpy,2015-04-20 21:52:23 -0400
renpy,2015-04-19 21:42:37 -0700
renpy,2015-04-18 21:46:27 -0400
renpy,2015-04-18 21:34:57 -0400
renpy,2015-04-18 21:33:29 -0400
renpy,2015-04-17 22:20:00 -0400
renpy,2015-04-16 00:38:52 -0400
renpy,2015-04-15 20:35:13 -0400
renpy,2015-04-15 11:44:17 -0700
renpy,2015-04-14 07:31:50 -0400
renpy,2015-04-14 07:30:53 -0400
renpy,2015-04-13 23:47:00 -0400
renpy,2015-04-13 01:58:27 -0400
renpy,2015-04-12 22:52:56 -0400
renpy,2015-04-12 00:20:31 -0400
renpy,2015-04-12 00:20:22 -0400
renpy,2015-04-11 20:45:59 -0400
renpy,2015-04-10 23:32:40 -0400
renpy,2015-04-10 21:07:00 -0600
renpy,2015-04-10 21:04:00 -0600
renpy,2015-04-10 23:00:51 -0400
renpy,2015-04-10 20:33:38 -0600
renpy,2015-04-10 22:03:10 -0400
renpy,2015-04-10 21:11:40 -0400
renpy,2015-04-10 20:52:29 -0400
renpy,2015-04-10 17:22:06 -0700
renpy,2015-04-09 22:14:31 -0400
renpy,2015-04-08 23:44:52 -0400
renpy,2015-04-08 23:27:47 -0400
renpy,2015-04-08 22:21:08 -0400
renpy,2015-04-08 19:45:52 -0400
renpy,2015-04-08 10:25:43 -0400
renpy,2015-04-08 10:24:35 -0400
renpy,2015-04-07 23:06:23 -0400
renpy,2015-04-07 22:46:09 -0400
renpy,2015-04-07 22:28:54 -0400
renpy,2015-04-07 22:28:07 -0400
renpy,2015-04-07 22:26:50 -0400
renpy,2015-04-07 22:25:06 -0400
renpy,2015-04-07 22:23:39 -0400
renpy,2015-04-07 22:21:24 -0400
renpy,2015-04-07 19:04:10 -0700
renpy,2015-04-06 22:03:59 -0400
renpy,2015-04-06 18:28:59 -0400
renpy,2015-04-06 18:18:30 +0300
renpy,2015-04-05 23:58:04 -0400
renpy,2015-04-05 12:19:14 -0400
renpy,2015-04-05 10:59:24 -0400
renpy,2015-04-04 21:05:54 -0400
renpy,2015-04-04 19:43:42 +0200
renpy,2015-04-02 21:46:07 -0400
renpy,2015-04-02 21:19:39 -0400
renpy,2015-04-02 21:18:19 -0400
renpy,2015-04-02 21:09:24 -0400
renpy,2015-04-02 10:48:37 -0400
renpy,2015-04-01 22:13:45 -0400
renpy,2015-04-01 22:13:05 -0400
renpy,2015-04-01 22:12:23 -0400
renpy,2015-03-31 21:38:05 -0400
renpy,2015-03-31 10:01:16 -0400
renpy,2015-03-30 22:07:16 -0400
renpy,2015-03-30 20:06:04 -0400
renpy,2015-03-29 21:10:04 -0400
renpy,2015-03-29 21:08:35 -0400
renpy,2015-03-29 21:07:59 -0400
renpy,2015-03-29 20:46:01 -0400
renpy,2015-03-29 20:45:57 -0400
renpy,2015-03-30 00:21:03 +0200
renpy,2015-03-29 22:32:57 +0200
renpy,2015-03-29 22:31:33 +0200
renpy,2015-03-29 13:09:12 -0400
renpy,2015-03-29 13:02:58 -0400
renpy,2015-03-29 12:34:06 -0400
renpy,2015-03-29 10:29:33 -0400
renpy,2015-03-28 22:35:37 -0400
renpy,2015-03-28 22:08:34 -0400
renpy,2015-03-29 10:27:23 +0900
renpy,2015-03-29 10:23:52 +0900
renpy,2015-03-28 14:58:40 +0100
renpy,2015-03-28 14:33:29 +0100
renpy,2015-03-28 14:31:13 +0100
renpy,2015-03-27 17:57:28 -0400
renpy,2015-03-27 17:50:56 -0400
renpy,2015-03-27 22:44:00 +0100
renpy,2015-03-26 21:44:39 -0400
renpy,2015-03-26 21:23:40 -0400
renpy,2015-03-26 21:23:27 -0400
renpy,2015-03-26 12:09:27 -0400
renpy,2015-03-26 12:09:15 -0400
renpy,2015-03-25 21:08:04 -0400
renpy,2015-03-25 20:58:41 -0400
renpy,2015-03-24 22:08:25 -0400
renpy,2015-03-24 21:01:15 -0400
renpy,2015-03-24 05:58:22 +0300
renpy,2015-03-24 05:53:31 +0300
renpy,2015-03-23 22:36:01 -0400
renpy,2015-03-23 22:35:51 -0400
renpy,2015-03-23 22:35:40 -0400
renpy,2015-03-23 22:35:24 -0400
renpy,2015-03-23 22:35:11 -0400
renpy,2015-03-23 22:34:59 -0400
renpy,2015-03-23 22:34:47 -0400
renpy,2015-03-23 22:34:36 -0400
renpy,2015-03-24 02:41:40 +0300
renpy,2015-03-22 23:05:26 -0400
renpy,2015-03-22 21:52:27 -0400
renpy,2015-03-22 22:03:31 +0300
renpy,2015-03-22 21:49:57 +0300
renpy,2015-03-22 21:43:21 +0300
renpy,2015-03-22 21:22:45 +0300
renpy,2015-03-22 21:19:40 +0300
renpy,2015-03-22 21:17:10 +0300
renpy,2015-03-22 21:09:22 +0300
renpy,2015-03-22 21:04:33 +0300
renpy,2015-03-22 21:00:59 +0300
renpy,2015-03-21 23:23:36 -0400
renpy,2015-03-21 13:33:38 -0400
renpy,2015-03-21 12:23:34 -0400
renpy,2015-03-21 11:32:38 -0400
renpy,2015-03-21 11:30:54 -0400
renpy,2015-03-21 11:01:57 -0400
renpy,2015-03-20 22:55:11 -0400
renpy,2015-03-20 22:54:30 -0400
renpy,2015-03-20 22:26:14 -0400
renpy,2015-03-19 21:58:20 -0400
renpy,2015-03-19 21:56:34 -0400
renpy,2015-03-19 09:35:24 -0400
renpy,2015-03-18 20:29:42 -0400
renpy,2015-03-18 19:19:57 -0400
renpy,2015-03-18 19:05:41 -0400
renpy,2015-03-17 23:25:28 -0400
renpy,2015-03-17 22:21:04 -0400
renpy,2015-03-17 22:12:34 -0400
renpy,2015-03-15 22:15:36 -0400
renpy,2015-03-15 21:44:42 -0400
renpy,2015-03-15 21:44:35 -0400
renpy,2015-03-14 18:27:02 -0400
renpy,2015-03-11 23:28:57 -0400
renpy,2015-03-10 11:12:00 -0400
renpy,2015-03-09 21:21:40 -0700
renpy,2015-03-08 12:46:48 -0400
renpy,2015-03-08 12:14:03 -0400
renpy,2015-03-07 16:17:09 -0500
renpy,2015-03-07 10:24:49 -0500
renpy,2015-03-07 10:24:41 -0500
renpy,2015-03-06 23:56:48 -0500
renpy,2015-03-06 22:57:21 -0500
renpy,2015-03-05 23:15:08 -0500
renpy,2015-03-05 23:12:19 -0500
renpy,2015-03-05 21:55:01 -0500
renpy,2015-03-04 21:06:06 -0500
renpy,2015-03-04 17:12:33 -0500
renpy,2015-03-03 22:20:48 -0500
renpy,2015-03-03 20:12:38 -0500
renpy,2015-03-02 21:54:14 -0500
renpy,2015-03-01 22:13:32 -0500
renpy,2015-03-01 17:31:05 -0500
renpy,2015-02-28 12:46:45 -0500
renpy,2015-02-27 22:30:35 -0500
renpy,2015-02-27 21:27:37 -0500
renpy,2015-02-27 15:47:28 +0100
renpy,2015-02-27 09:29:24 -0500
renpy,2015-02-26 23:59:08 -0500
renpy,2015-02-26 23:30:07 -0500
renpy,2015-02-26 23:23:12 -0500
renpy,2015-02-26 23:17:49 -0500
renpy,2015-02-26 23:17:03 -0500
renpy,2015-02-25 09:31:48 -0500
renpy,2015-02-25 09:21:46 -0500
renpy,2015-02-25 16:15:38 +0900
renpy,2015-02-25 16:13:38 +0900
renpy,2015-02-24 19:30:19 -0500
renpy,2015-02-23 20:58:57 -0500
renpy,2015-02-23 20:57:43 -0500
renpy,2015-02-23 18:14:14 -0500
renpy,2015-02-22 11:24:15 -0500
renpy,2015-02-22 11:09:12 -0500
renpy,2015-02-21 22:28:09 -0500
renpy,2015-02-21 21:57:44 -0500
renpy,2015-02-20 22:38:34 -0500
renpy,2015-02-20 22:35:51 -0500
renpy,2015-02-20 22:06:06 -0500
renpy,2015-02-19 23:15:02 -0500
renpy,2015-02-19 22:53:11 -0500
renpy,2015-02-18 23:31:23 -0500
renpy,2015-02-17 19:42:45 -0500
renpy,2015-02-17 19:14:20 -0500
renpy,2015-02-17 11:59:46 +0100
renpy,2015-02-17 11:56:38 +0100
renpy,2015-02-17 11:51:13 +0100
renpy,2015-02-16 22:42:54 -0500
renpy,2015-02-16 21:16:36 -0500
renpy,2015-02-16 21:14:19 -0500
renpy,2015-02-16 21:07:07 -0500
renpy,2015-02-15 23:23:59 -0500
renpy,2015-02-15 22:47:59 -0500
renpy,2015-02-15 21:19:08 -0500
renpy,2015-02-15 20:57:35 -0500
renpy,2015-02-15 20:57:18 -0500
renpy,2015-02-15 16:35:36 -0500
renpy,2015-02-15 16:32:50 -0500
renpy,2015-02-14 22:55:02 -0500
renpy,2015-02-14 20:25:41 -0500
renpy,2015-02-13 22:35:14 -0500
renpy,2015-02-13 22:33:28 -0500
renpy,2015-02-12 23:40:57 -0500
renpy,2015-02-12 23:39:41 -0500
renpy,2015-02-12 23:38:33 -0500
renpy,2015-02-12 21:19:37 -0500
renpy,2015-02-11 17:27:26 -0500
renpy,2015-02-11 17:25:44 -0500
renpy,2015-02-11 17:25:25 -0500
renpy,2015-02-10 18:39:28 -0500
renpy,2015-02-10 18:25:11 -0500
renpy,2015-02-09 22:41:27 -0500
renpy,2015-02-09 22:18:22 -0500
renpy,2015-02-08 21:16:12 -0500
renpy,2015-02-08 21:06:21 -0500
renpy,2015-02-08 20:52:01 -0500
renpy,2015-02-08 17:26:21 -0700
renpy,2015-02-08 15:16:08 -0500
renpy,2015-02-08 12:34:57 -0500
renpy,2015-02-07 23:53:28 -0500
renpy,2015-02-07 21:42:27 -0500
renpy,2015-02-07 13:58:10 -0500
renpy,2015-02-07 13:52:23 -0500
renpy,2015-02-07 00:07:02 -0500
renpy,2015-02-06 19:45:52 -0500
renpy,2015-02-06 19:39:12 -0500
renpy,2015-02-06 19:37:13 -0500
renpy,2015-02-06 19:33:00 -0500
renpy,2015-02-06 19:31:57 -0500
renpy,2015-02-06 19:00:05 -0500
renpy,2015-02-05 21:18:57 -0500
renpy,2015-02-05 21:14:36 -0500
renpy,2015-02-05 21:02:17 -0500
renpy,2015-02-04 21:01:03 -0500
renpy,2015-02-04 12:35:27 -0700
renpy,2015-02-03 23:25:50 -0500
renpy,2015-02-03 23:17:02 -0500
renpy,2015-02-03 19:08:48 -0500
renpy,2015-02-02 21:32:11 -0500
renpy,2015-02-02 19:00:33 -0500
renpy,2015-02-01 23:11:59 -0500
renpy,2015-02-01 09:48:37 -0500
renpy,2015-02-01 09:47:53 -0500
renpy,2015-02-01 08:59:01 -0500
renpy,2015-01-31 23:17:01 -0500
renpy,2015-01-31 21:46:51 -0500
renpy,2015-01-30 20:21:51 -0500
renpy,2015-01-30 17:14:33 -0500
renpy,2015-01-29 21:27:54 -0500
renpy,2015-01-29 21:24:46 -0500
renpy,2015-01-29 19:48:27 -0500
renpy,2015-01-28 17:40:40 -0500
renpy,2015-01-28 11:22:22 -0800
renpy,2015-01-28 11:21:31 -0800
renpy,2015-01-26 23:51:05 -0500
renpy,2015-01-26 22:30:20 -0500
renpy,2015-01-26 22:15:18 -0500
renpy,2015-01-25 22:36:24 -0500
renpy,2015-01-25 18:27:40 -0500
renpy,2015-01-25 10:56:17 +0900
renpy,2015-01-25 10:53:11 +0900
renpy,2015-01-24 20:47:24 -0500
renpy,2015-01-24 20:38:28 -0500
renpy,2015-01-25 10:21:12 +0900
renpy,2015-01-24 20:17:31 -0500
renpy,2015-01-24 20:06:55 -0500
renpy,2015-01-24 19:41:54 -0500
renpy,2015-01-24 15:38:00 -0500
renpy,2015-01-23 22:22:14 -0500
renpy,2015-01-23 21:52:35 -0500
renpy,2015-01-23 21:51:50 -0500
renpy,2015-01-23 21:50:26 -0500
renpy,2015-01-22 21:12:35 -0500
renpy,2015-01-21 22:23:28 -0500
renpy,2015-01-21 22:20:01 -0500
renpy,2015-01-21 22:15:25 -0500
renpy,2015-01-18 23:20:07 -0500
renpy,2015-01-18 23:19:48 -0500
renpy,2015-01-18 20:51:56 -0500
renpy,2015-01-17 12:02:28 +0100
renpy,2015-01-17 05:05:25 -0500
renpy,2015-01-16 23:17:37 -0500
renpy,2015-01-16 23:17:11 -0500
renpy,2015-01-14 17:32:00 -0500
renpy,2015-01-14 17:27:15 -0500
renpy,2015-01-13 08:56:19 -0500
renpy,2015-01-13 08:55:59 -0500
renpy,2015-01-12 21:44:04 -0500
renpy,2015-01-12 21:43:28 -0500
renpy,2015-01-11 10:54:53 -0500
renpy,2015-01-10 21:29:21 -0500
renpy,2015-01-10 11:59:47 -0500
renpy,2015-01-10 00:22:14 -0500
renpy,2015-01-09 23:05:58 -0500
renpy,2015-01-08 22:37:53 -0500
renpy,2015-01-08 22:37:21 -0500
renpy,2015-01-07 21:43:37 -0500
renpy,2015-01-07 18:09:06 -0500
renpy,2015-01-07 18:07:59 -0500
renpy,2015-01-05 21:41:46 -0500
renpy,2015-01-05 21:41:18 -0500
renpy,2015-01-05 20:40:00 -0500
renpy,2015-01-04 11:52:44 -0500
renpy,2015-01-03 18:18:31 -0500
renpy,2015-01-03 18:07:14 -0500
renpy,2015-01-02 21:59:41 -0500
renpy,2015-01-02 21:38:11 -0500
renpy,2015-01-02 21:06:29 -0500
renpy,2015-01-02 20:27:34 -0500
renpy,2015-01-02 20:12:38 -0500
renpy,2015-01-01 14:01:30 -0500
renpy,2015-01-01 14:00:56 -0500
renpy,2015-01-01 14:00:08 -0500
renpy,2015-01-01 00:20:00 -0500
renpy,2014-12-31 20:41:47 -0500
renpy,2014-12-31 20:29:28 -0500
renpy,2014-12-31 00:40:51 -0500
renpy,2014-12-30 23:43:20 -0500
renpy,2014-12-29 23:16:33 -0500
renpy,2014-12-29 22:51:43 -0500
renpy,2014-12-28 22:35:04 -0500
renpy,2014-12-28 22:34:43 -0500
renpy,2014-12-28 18:33:24 -0500
renpy,2014-12-27 21:15:31 -0500
renpy,2014-12-26 23:37:45 -0500
renpy,2014-12-26 18:13:16 -0500
renpy,2014-12-26 14:11:49 -0700
renpy,2014-12-26 16:06:28 -0500
renpy,2014-12-26 13:20:47 -0700
renpy,2014-12-26 12:46:31 -0700
renpy,2014-12-25 16:29:59 -0500
renpy,2014-12-24 15:10:36 -0500
renpy,2014-12-24 15:06:10 -0500
renpy,2014-12-23 23:24:55 -0500
renpy,2014-12-23 23:09:37 -0500
renpy,2014-12-23 23:09:15 -0500
renpy,2014-12-22 21:52:56 -0500
renpy,2014-12-22 21:52:47 -0500
renpy,2014-12-18 21:28:26 -0500
renpy,2014-12-17 23:03:09 -0500
renpy,2014-12-17 23:02:57 -0500
renpy,2014-12-16 23:13:42 -0500
renpy,2014-12-16 22:21:46 -0500
renpy,2014-12-15 23:37:07 -0500
renpy,2014-12-14 22:16:17 -0500
renpy,2014-12-14 22:02:13 -0500
renpy,2014-12-14 21:57:22 -0500
renpy,2014-12-14 18:29:17 -0500
renpy,2014-12-13 23:50:11 -0500
renpy,2014-12-13 23:49:41 -0500
renpy,2014-12-13 23:48:45 -0500
renpy,2014-12-13 23:45:14 -0500
renpy,2014-12-12 00:18:10 -0500
renpy,2014-12-12 00:17:31 -0500
renpy,2014-12-11 23:51:25 -0500
renpy,2014-12-10 23:13:21 -0500
renpy,2014-12-10 21:46:58 -0500
renpy,2014-12-09 19:24:40 -0500
renpy,2014-12-09 19:24:18 -0500
renpy,2014-12-01 21:07:18 -0500
renpy,2014-11-30 22:22:54 -0500
renpy,2014-11-30 19:29:57 -0500
renpy,2014-11-30 17:15:13 -0500
renpy,2014-11-30 01:38:41 +0300
renpy,2014-11-29 11:41:43 -0500
renpy,2014-11-29 11:40:28 -0500
renpy,2014-11-29 11:38:47 -0500
renpy,2014-11-29 01:48:23 -0500
renpy,2014-11-28 23:18:44 -0500
renpy,2014-11-28 22:18:26 -0500
renpy,2014-11-28 21:59:04 -0500
renpy,2014-11-26 20:39:04 +0300
renpy,2014-11-23 22:28:37 -0500
renpy,2014-11-19 22:38:13 -0500
renpy,2014-11-20 04:07:54 +0100
renpy,2014-11-20 03:20:10 +0100
renpy,2014-11-20 03:17:52 +0100
renpy,2014-11-18 22:21:54 -0500
renpy,2014-11-17 22:43:27 -0500
renpy,2014-11-16 00:25:10 -0500
renpy,2014-11-16 00:24:46 -0500
renpy,2014-11-15 23:10:15 -0500
renpy,2014-11-14 19:52:13 -0500
renpy,2014-11-12 21:48:31 -0500
renpy,2014-11-11 09:59:01 -0500
renpy,2014-11-11 00:08:00 -0500
renpy,2014-11-07 22:22:34 -0500
renpy,2014-11-07 22:20:47 -0500
renpy,2014-11-07 22:15:02 -0500
renpy,2014-11-06 23:02:37 -0500
renpy,2014-11-06 20:49:05 -0500
renpy,2014-11-05 23:59:39 -0500
renpy,2014-11-04 21:13:42 -0500
renpy,2014-10-22 22:46:21 -0400
renpy,2014-10-21 22:33:09 -0400
renpy,2014-10-21 22:27:52 -0400
renpy,2014-10-20 21:38:32 -0400
renpy,2014-10-20 21:36:25 -0400
renpy,2014-10-20 21:36:07 -0400
renpy,2014-10-20 21:32:44 -0400
renpy,2014-10-19 23:07:10 -0400
renpy,2014-10-19 11:40:46 -0400
renpy,2014-10-18 15:10:17 -0400
renpy,2014-10-18 15:02:45 -0400
renpy,2014-10-17 23:12:13 -0400
renpy,2014-10-17 22:15:53 -0400
renpy,2014-10-17 22:14:53 -0400
renpy,2014-10-17 22:13:56 -0400
renpy,2014-10-18 09:50:36 +0800
renpy,2014-10-18 09:47:33 +0800
renpy,2014-10-17 21:31:08 +0400
renpy,2014-10-16 22:54:22 -0400
renpy,2014-10-16 22:41:31 -0400
renpy,2014-10-15 20:17:28 -0400
renpy,2014-10-14 18:05:46 -0400
renpy,2014-10-14 17:42:10 -0400
renpy,2014-10-14 00:32:05 -0400
renpy,2014-10-13 23:55:40 -0400
renpy,2014-10-12 13:26:42 -0400
renpy,2014-10-12 12:43:24 -0400
renpy,2014-10-12 01:30:01 -0400
renpy,2014-10-11 22:17:44 -0400
renpy,2014-10-11 17:12:36 -0400
renpy,2014-10-11 15:30:40 +0200
renpy,2014-10-11 15:24:15 +0200
renpy,2014-10-11 15:19:24 +0200
renpy,2014-10-09 22:27:42 -0400
renpy,2014-10-09 17:07:53 -0400
renpy,2014-10-08 23:21:02 -0400
renpy,2014-10-08 20:44:01 -0400
renpy,2014-10-08 20:17:00 -0400
renpy,2014-10-07 23:34:02 -0400
renpy,2014-10-07 23:26:26 -0400
renpy,2014-10-07 22:26:37 -0400
renpy,2014-10-07 22:19:40 -0400
renpy,2014-10-07 20:12:27 -0400
renpy,2014-10-07 15:54:04 +0800
renpy,2014-10-07 15:41:41 +0800
renpy,2014-10-06 22:16:12 -0400
renpy,2014-10-06 21:46:58 -0400
renpy,2014-10-05 21:33:30 -0400
renpy,2014-10-05 21:13:55 -0400
renpy,2014-10-05 13:35:32 -0400
renpy,2014-10-05 00:34:54 -0400
renpy,2014-10-05 00:12:48 -0400
renpy,2014-10-05 00:02:25 -0400
renpy,2014-10-04 23:27:39 -0400
renpy,2014-10-04 22:03:09 -0400
renpy,2014-10-04 17:59:45 -0400
renpy,2014-10-03 23:09:35 -0400
renpy,2014-10-03 23:09:14 -0400
renpy,2014-10-03 23:01:01 -0400
renpy,2014-10-03 23:00:51 -0400
renpy,2014-10-03 23:00:44 -0400
renpy,2014-10-03 23:00:36 -0400
renpy,2014-10-03 23:00:07 -0400
renpy,2014-10-03 22:59:56 -0400
renpy,2014-10-02 23:25:59 -0400
renpy,2014-10-02 21:21:05 -0400
renpy,2014-10-02 20:11:57 -0400
renpy,2014-10-01 20:56:52 -0400
renpy,2014-10-01 10:34:02 +0300
renpy,2014-09-30 20:28:49 -0400
renpy,2014-09-30 23:13:06 +0300
renpy,2014-09-30 23:10:14 +0300
renpy,2014-09-30 23:06:31 +0300
renpy,2014-09-30 23:04:11 +0300
renpy,2014-09-29 22:55:43 -0400
renpy,2014-09-29 22:42:36 -0400
renpy,2014-09-29 22:36:25 -0400
renpy,2014-09-29 20:11:58 -0400
renpy,2014-09-28 20:53:53 -0400
renpy,2014-09-28 20:40:47 -0400
renpy,2014-09-27 21:39:02 -0400
renpy,2014-09-27 21:34:36 -0400
renpy,2014-09-26 21:49:15 -0400
renpy,2014-09-26 21:48:26 -0400
renpy,2014-09-26 21:22:46 -0400
renpy,2014-09-26 20:39:10 -0400
renpy,2014-09-25 23:27:26 -0400
renpy,2014-09-24 21:26:20 -0400
renpy,2014-09-24 00:42:36 -0400
renpy,2014-09-23 19:06:11 -0400
renpy,2014-09-22 10:02:03 -0400
renpy,2014-09-22 15:34:02 +0200
renpy,2014-09-22 15:32:22 +0200
renpy,2014-09-21 17:37:04 -0400
renpy,2014-09-21 15:51:47 -0400
renpy,2014-09-21 00:24:29 -0400
renpy,2014-09-21 00:22:50 -0400
renpy,2014-09-20 21:52:51 -0400
renpy,2014-09-20 19:50:16 -0400
renpy,2014-09-21 00:35:44 +0400
renpy,2014-09-19 23:00:38 -0400
renpy,2014-09-19 22:21:07 -0400
renpy,2014-09-19 18:47:48 -0400
renpy,2014-09-18 19:53:01 -0400
renpy,2014-09-18 19:33:31 -0400
renpy,2014-09-18 13:44:32 -0400
renpy,2014-09-18 00:09:40 -0400
renpy,2014-09-18 00:00:47 -0400
renpy,2014-09-17 23:55:41 -0400
renpy,2014-09-17 22:12:25 -0400
renpy,2014-09-16 23:30:03 -0400
renpy,2014-09-16 23:28:24 -0400
renpy,2014-09-16 22:56:48 -0400
renpy,2014-09-16 17:07:00 -0400
renpy,2014-09-15 22:49:13 -0400
renpy,2014-09-15 22:47:37 -0400
renpy,2014-09-15 20:20:47 -0400
renpy,2014-09-15 20:09:47 -0400
renpy,2014-09-15 19:53:57 -0400
renpy,2014-09-15 00:45:46 -0400
renpy,2014-09-15 00:12:21 -0400
renpy,2014-09-14 09:42:52 -0400
renpy,2014-09-14 14:44:24 +0300
renpy,2014-09-13 19:02:39 -0400
renpy,2014-09-13 18:39:30 -0400
renpy,2014-09-12 21:37:55 -0400
renpy,2014-09-12 21:05:39 -0400
renpy,2014-09-11 09:06:39 -0400
renpy,2014-09-10 22:30:35 -0400
renpy,2014-09-10 22:25:30 -0400
renpy,2014-09-10 21:20:42 -0400
renpy,2014-09-10 21:10:54 -0400
renpy,2014-09-10 20:56:25 -0400
renpy,2014-09-09 18:20:28 -0400
renpy,2014-09-09 09:15:40 -0400
renpy,2014-09-09 08:46:00 -0400
renpy,2014-09-08 22:59:26 -0400
renpy,2014-09-08 22:31:28 -0400
renpy,2014-09-07 22:51:00 -0400
renpy,2014-09-07 00:11:33 -0400
renpy,2014-09-06 23:44:54 -0400
renpy,2014-09-06 20:47:10 -0400
renpy,2014-09-06 20:19:42 -0400
renpy,2014-09-06 16:04:10 -0400
renpy,2014-09-06 14:26:30 -0400
renpy,2014-09-05 23:27:56 -0400
renpy,2014-09-05 23:18:12 -0400
renpy,2014-09-05 15:21:37 -0400
renpy,2014-09-04 22:58:54 -0400
renpy,2014-09-04 22:28:56 -0400
renpy,2014-09-04 08:31:42 -0500
renpy,2014-09-03 18:36:44 -0400
renpy,2014-09-03 13:54:18 +0200
renpy,2014-09-02 22:59:30 -0400
renpy,2014-09-02 21:17:12 -0400
renpy,2014-09-02 23:01:13 +0900
renpy,2014-09-02 22:59:57 +0900
renpy,2014-09-01 21:27:19 -0400
renpy,2014-09-01 21:24:52 -0400
renpy,2014-09-01 18:20:20 -0400
renpy,2014-09-01 15:05:40 -0400
renpy,2014-09-01 09:43:08 -0400
renpy,2014-08-31 23:15:17 -0400
renpy,2014-08-31 22:41:43 -0400
renpy,2014-08-31 22:09:06 -0400
renpy,2014-08-31 19:34:19 -0400
renpy,2014-08-31 01:42:31 -0400
renpy,2014-08-31 00:05:29 -0400
renpy,2014-08-31 00:04:12 -0400
renpy,2014-08-30 16:04:14 -0400
renpy,2014-08-30 15:57:01 -0400
renpy,2014-08-30 14:28:54 -0400
renpy,2014-08-30 14:16:43 -0400
renpy,2014-08-30 12:17:30 -0400
renpy,2014-08-29 21:50:26 -0400
renpy,2014-08-28 22:07:06 -0400
renpy,2014-08-28 22:01:49 -0400
renpy,2014-08-28 17:50:53 -0400
renpy,2014-08-28 17:08:21 -0400
renpy,2014-08-27 23:23:56 -0400
renpy,2014-08-27 22:44:32 -0400
renpy,2014-08-27 21:36:22 -0400
renpy,2014-08-27 18:01:26 +0900
renpy,2014-08-27 18:00:42 +0900
renpy,2014-08-27 16:56:56 +0900
renpy,2014-08-27 16:54:22 +0900
renpy,2014-08-26 21:27:57 -0400
renpy,2014-08-26 20:11:53 -0400
renpy,2014-08-25 08:05:19 -0400
renpy,2014-08-24 17:51:37 -0400
renpy,2014-08-24 17:51:26 -0400
renpy,2014-08-24 17:19:30 -0400
renpy,2014-08-24 16:33:40 -0400
renpy,2014-08-23 22:33:24 -0400
renpy,2014-08-23 22:28:07 -0400
renpy,2014-08-22 22:34:09 -0400
renpy,2014-08-21 21:36:42 -0400
renpy,2014-08-20 19:02:02 -0400
renpy,2014-08-19 10:17:29 -0500
renpy,2014-08-19 00:05:09 -0500
renpy,2014-08-18 23:57:03 -0500
renpy,2014-08-18 23:36:35 -0500
renpy,2014-08-18 21:52:20 +0800
renpy,2014-08-17 23:02:26 -0500
renpy,2014-08-17 12:29:04 -0500
renpy,2014-08-17 15:56:03 +0900
renpy,2014-08-17 15:55:02 +0900
renpy,2014-08-16 10:18:29 -0500
renpy,2014-08-15 23:23:20 -0500
renpy,2014-08-15 19:18:31 -0700
renpy,2014-08-15 19:17:08 -0700
renpy,2014-08-15 11:11:54 -0500
renpy,2014-08-15 09:34:02 -0500
renpy,2014-08-14 23:13:51 -0500
renpy,2014-08-14 22:56:36 -0500
renpy,2014-08-14 07:25:28 -0400
renpy,2014-08-13 22:01:27 -0400
renpy,2014-08-13 07:40:45 -0400
renpy,2014-08-13 12:36:34 +0200
renpy,2014-08-13 12:30:35 +0200
renpy,2014-08-12 19:16:15 -0400
renpy,2014-08-11 23:28:31 -0400
renpy,2014-08-11 23:21:10 -0400
renpy,2014-08-11 23:18:50 -0400
renpy,2014-08-11 23:03:08 -0400
renpy,2014-08-11 21:14:42 -0400
renpy,2014-08-11 21:03:03 -0400
renpy,2014-08-10 19:59:39 -0400
renpy,2014-08-10 18:23:02 -0400
renpy,2014-08-10 09:55:35 -0400
renpy,2014-08-09 10:43:23 -0400
renpy,2014-08-08 23:11:36 -0400
renpy,2014-08-08 21:07:39 -0400
renpy,2014-08-08 19:37:04 -0400
renpy,2014-08-07 21:34:36 -0400
renpy,2014-08-06 23:23:23 -0400
renpy,2014-08-06 21:47:55 -0400
renpy,2014-08-06 21:28:44 -0400
renpy,2014-08-06 20:04:12 +0800
renpy,2014-08-05 23:35:30 -0400
renpy,2014-08-05 23:26:28 -0400
renpy,2014-08-05 23:20:44 -0400
renpy,2014-08-04 21:20:02 -0400
renpy,2014-08-04 01:01:31 -0400
renpy,2014-08-04 00:56:38 -0400
renpy,2014-08-04 00:40:27 -0400
renpy,2014-08-03 23:23:47 -0400
renpy,2014-08-03 23:14:54 -0400
renpy,2014-08-03 23:04:29 -0400
renpy,2014-08-03 23:03:29 -0400
renpy,2014-08-02 14:35:31 -0400
renpy,2014-08-02 00:06:27 -0400
renpy,2014-08-01 23:53:31 -0400
renpy,2014-08-01 15:47:11 -0400
renpy,2014-07-31 23:05:39 -0400
renpy,2014-07-30 23:18:58 -0400
renpy,2014-07-30 23:18:43 -0400
renpy,2014-07-30 23:18:15 -0400
renpy,2014-07-30 22:42:37 -0400
renpy,2014-07-30 11:08:24 -0400
renpy,2014-07-29 23:23:56 -0400
renpy,2014-07-28 23:53:12 -0400
renpy,2014-07-28 23:26:46 -0400
renpy,2014-07-28 23:23:34 -0400
renpy,2014-07-28 23:04:29 -0400
renpy,2014-07-28 22:57:09 -0400
renpy,2014-07-28 22:55:56 -0400
renpy,2014-07-28 22:54:24 -0400
renpy,2014-07-27 22:53:32 -0400
renpy,2014-07-27 15:00:15 -0400
renpy,2014-07-26 22:34:17 -0400
renpy,2014-07-26 22:17:56 -0400
renpy,2014-07-26 11:15:56 -0400
renpy,2014-07-25 23:02:09 -0400
renpy,2014-07-24 23:08:21 -0400
renpy,2014-07-24 10:39:07 -0400
renpy,2014-07-23 23:02:58 -0400
renpy,2014-07-23 21:01:35 -0400
renpy,2014-07-21 23:27:23 -0400
renpy,2014-07-20 23:14:37 -0400
renpy,2014-07-21 11:57:49 +0900
renpy,2014-07-21 11:56:58 +0900
renpy,2014-07-20 21:49:07 -0400
renpy,2014-07-20 21:38:57 -0400
renpy,2014-07-20 21:36:27 -0400
renpy,2014-07-20 21:34:27 -0400
renpy,2014-07-20 19:23:30 -0400
renpy,2014-07-20 15:36:40 +0800
renpy,2014-07-19 21:28:05 -0400
renpy,2014-07-19 21:03:30 -0400
renpy,2014-07-19 20:30:19 -0400
renpy,2014-07-19 20:25:16 -0400
renpy,2014-07-19 20:24:55 -0400
renpy,2014-07-19 15:49:42 +0800
renpy,2014-07-19 00:05:56 -0400
renpy,2014-07-18 23:23:00 -0400
renpy,2014-07-18 21:24:03 -0400
renpy,2014-07-18 00:07:08 -0400
renpy,2014-07-17 22:57:51 -0400
renpy,2014-07-16 22:02:44 -0400
renpy,2014-07-16 21:48:50 -0400
renpy,2014-07-16 21:46:06 -0400
renpy,2014-07-16 21:17:32 -0400
renpy,2014-07-16 21:09:55 -0400
renpy,2014-07-15 23:34:16 -0400
renpy,2014-07-15 22:53:25 -0400
renpy,2014-07-14 23:36:28 -0400
renpy,2014-07-14 23:34:08 -0400
renpy,2014-07-14 16:36:51 +0800
renpy,2014-07-13 19:56:14 -0400
renpy,2014-07-13 17:03:50 -0400
renpy,2014-07-13 16:10:21 -0400
renpy,2014-07-13 01:10:01 -0400
renpy,2014-07-13 00:17:15 -0400
renpy,2014-07-12 21:07:48 -0400
renpy,2014-07-11 23:59:35 -0400
renpy,2014-07-11 23:42:22 -0400
renpy,2014-07-11 23:29:55 -0400
renpy,2014-07-11 08:54:35 -0400
renpy,2014-07-10 23:50:00 -0400
renpy,2014-07-09 20:35:54 -0400
renpy,2014-07-10 08:17:20 +0900
renpy,2014-07-10 08:08:53 +0900
renpy,2014-07-08 18:18:38 -0400
renpy,2014-07-08 18:18:12 -0400
renpy,2014-07-08 18:10:53 -0400
renpy,2014-07-08 19:32:12 +0900
renpy,2014-07-08 19:29:39 +0900
renpy,2014-07-07 23:10:29 -0400
renpy,2014-07-07 23:08:50 -0400
renpy,2014-07-06 16:45:40 -0400
renpy,2014-07-06 10:37:22 -0400
renpy,2014-07-06 00:24:27 -0400
renpy,2014-07-06 12:25:12 +0900
renpy,2014-07-05 21:31:36 -0400
renpy,2014-07-05 20:26:07 -0400
renpy,2014-07-05 10:19:06 -0400
renpy,2014-07-04 21:16:01 -0400
renpy,2014-07-03 19:15:36 -0400
renpy,2014-07-03 19:15:19 -0400
renpy,2014-07-02 21:53:51 -0400
renpy,2014-07-02 12:08:28 +0200
renpy,2014-07-02 12:03:19 +0200
renpy,2014-07-02 11:59:40 +0200
renpy,2014-07-01 23:31:31 -0400
renpy,2014-07-01 22:44:07 -0400
renpy,2014-07-01 22:36:52 -0400
renpy,2014-07-01 22:33:01 -0400
renpy,2014-07-01 22:32:29 -0400
renpy,2014-07-02 11:28:41 +0900
renpy,2014-07-01 22:22:05 -0400
renpy,2014-07-01 22:21:07 -0400
renpy,2014-07-01 22:17:57 -0400
renpy,2014-07-01 22:01:58 -0400
renpy,2014-07-01 21:49:35 -0400
renpy,2014-07-01 21:47:26 -0400
renpy,2014-07-01 21:32:59 -0400
renpy,2014-06-30 22:30:15 -0400
renpy,2014-06-30 22:25:09 -0400
renpy,2014-06-30 22:22:41 -0400
renpy,2014-06-30 21:50:58 -0400
renpy,2014-06-30 21:49:22 -0400
renpy,2014-06-30 21:47:07 -0400
renpy,2014-06-30 21:46:45 -0400
renpy,2014-07-01 02:06:08 +0900
renpy,2014-06-30 23:58:13 +0900
renpy,2014-06-30 00:13:07 -0400
renpy,2014-06-30 00:03:57 -0400
renpy,2014-06-28 21:55:26 -0400
renpy,2014-06-28 21:43:17 -0400
renpy,2014-06-28 21:12:07 -0400
renpy,2014-06-28 17:19:43 -0400
renpy,2014-06-28 17:18:41 -0400
renpy,2014-06-28 00:09:39 -0400
renpy,2014-06-27 23:07:31 -0400
renpy,2014-06-27 22:58:44 -0400
renpy,2014-06-27 18:15:03 -0400
renpy,2014-06-27 17:40:43 -0400
renpy,2014-06-27 09:44:37 -0400
renpy,2014-06-27 09:23:22 -0400
renpy,2014-06-27 21:48:16 +0900
renpy,2014-06-26 22:50:19 -0400
renpy,2014-06-26 22:49:17 -0400
renpy,2014-06-25 17:29:48 -0400
renpy,2014-06-24 22:07:48 -0400
renpy,2014-06-23 22:19:04 -0400
renpy,2014-06-23 23:22:55 +0900
renpy,2014-06-22 23:38:17 -0400
renpy,2014-06-22 23:32:41 -0400
renpy,2014-06-22 22:02:32 -0400
renpy,2014-06-21 10:57:31 -0400
renpy,2014-06-20 23:03:33 -0400
renpy,2014-06-19 21:45:00 -0400
renpy,2014-06-19 21:14:24 -0400
renpy,2014-06-19 08:40:02 -0400
renpy,2014-06-18 23:08:17 -0400
renpy,2014-06-18 20:23:42 -0400
renpy,2014-06-18 00:19:02 -0400
renpy,2014-06-17 23:45:20 -0400
renpy,2014-06-17 23:35:14 -0400
renpy,2014-06-17 20:29:01 -0400
renpy,2014-06-17 20:28:19 -0400
renpy,2014-06-17 12:58:57 +0900
renpy,2014-06-17 12:56:07 +0900
renpy,2014-06-16 21:36:14 -0400
renpy,2014-06-16 21:31:34 -0400
renpy,2014-06-15 22:52:03 -0400
renpy,2014-06-15 20:18:00 -0400
renpy,2014-06-15 15:56:18 -0400
renpy,2014-06-15 13:23:46 -0400
renpy,2014-06-15 11:34:11 -0400
renpy,2014-06-14 22:38:29 -0400
renpy,2014-06-14 20:56:04 -0400
renpy,2014-06-13 18:21:42 -0400
renpy,2014-06-13 13:08:10 -0400
renpy,2014-06-14 01:43:21 +0900
renpy,2014-06-14 01:21:12 +0900
renpy,2014-06-14 00:41:47 +0900
renpy,2014-06-14 00:11:50 +0900
renpy,2014-06-13 16:27:19 +0300
renpy,2014-06-13 00:35:17 -0400
renpy,2014-06-12 23:30:44 -0400
renpy,2014-06-12 12:27:36 -0400
renpy,2014-06-12 00:56:42 -0400
renpy,2014-06-12 00:41:14 -0400
renpy,2014-06-11 18:37:34 -0400
renpy,2014-06-11 17:42:32 +0900
renpy,2014-06-10 17:48:54 -0400
renpy,2014-06-09 08:29:05 -0400
renpy,2014-06-09 12:29:27 +0200
renpy,2014-06-09 17:54:50 +0900
renpy,2014-06-09 17:26:45 +0900
renpy,2014-06-08 10:37:37 -0400
renpy,2014-06-07 21:02:58 -0700
renpy,2014-06-07 21:24:35 -0400
renpy,2014-06-06 21:51:52 -0700
renpy,2014-06-06 23:08:42 -0400
renpy,2014-06-05 23:21:10 -0400
renpy,2014-06-05 16:50:31 +0900
renpy,2014-06-05 00:28:28 -0400
renpy,2014-06-04 15:32:01 +0200
renpy,2014-06-04 21:16:36 +0900
renpy,2014-06-03 23:11:28 +0200
renpy,2014-06-03 22:39:00 +0400
renpy,2014-06-03 08:42:12 -0400
renpy,2014-06-02 22:33:46 -0400
renpy,2014-06-02 18:16:15 -0400
renpy,2014-06-02 20:06:41 +0200
renpy,2014-06-01 23:42:30 -0400
renpy,2014-06-01 22:49:26 -0400
renpy,2014-06-01 22:28:03 -0400
renpy,2014-06-01 10:39:24 -0400
renpy,2014-05-31 22:59:12 -0400
renpy,2014-05-31 22:56:32 -0400
renpy,2014-05-31 22:07:22 -0400
renpy,2014-05-30 21:29:22 -0400
renpy,2014-05-30 21:28:49 -0400
renpy,2014-05-30 08:31:28 -0400
renpy,2014-05-29 23:17:45 -0400
renpy,2014-05-29 23:17:25 -0400
renpy,2014-05-29 23:09:27 -0400
renpy,2014-05-29 21:19:53 -0400
renpy,2014-05-30 03:18:27 +0200
renpy,2014-05-29 17:40:09 -0400
renpy,2014-05-29 23:37:32 +0200
renpy,2014-05-28 22:47:35 -0400
renpy,2014-05-28 21:45:52 -0400
renpy,2014-05-28 21:34:14 -0400
renpy,2014-05-28 21:33:25 -0400
renpy,2014-05-27 22:42:39 -0400
renpy,2014-05-27 21:13:56 -0400
renpy,2014-05-27 19:14:25 -0400
renpy,2014-05-27 17:43:22 -0400
renpy,2014-05-27 19:05:44 +0800
renpy,2014-05-26 23:50:18 -0400
renpy,2014-05-26 23:34:19 -0400
renpy,2014-05-26 23:11:02 -0400
renpy,2014-05-26 22:27:28 -0400
renpy,2014-05-26 21:58:19 -0400
renpy,2014-05-26 21:15:40 -0400
renpy,2014-05-25 23:42:52 -0400
renpy,2014-05-25 23:42:08 -0400
renpy,2014-05-25 22:02:31 -0400
renpy,2014-05-25 10:09:05 -0400
renpy,2014-05-25 23:07:41 +0900
renpy,2014-05-24 23:35:20 -0400
renpy,2014-05-25 09:52:36 +0800
renpy,2014-05-24 17:48:43 -0400
renpy,2014-05-23 22:00:34 -0400
renpy,2014-05-23 21:59:38 -0400
renpy,2014-05-22 23:00:29 -0400
renpy,2014-05-22 22:18:45 -0400
renpy,2014-05-21 23:52:54 -0400
renpy,2014-05-21 23:49:25 -0400
renpy,2014-05-21 22:13:11 -0400
renpy,2014-05-21 09:22:48 -0400
renpy,2014-05-20 23:18:39 -0400
renpy,2014-05-20 21:28:53 -0400
renpy,2014-05-19 23:42:53 -0400
renpy,2014-05-19 23:34:13 -0400
renpy,2014-05-19 23:32:51 -0400
renpy,2014-05-19 23:32:21 -0400
renpy,2014-05-19 23:31:06 -0400
renpy,2014-05-19 23:30:39 -0400
renpy,2014-05-19 18:49:37 -0400
renpy,2014-05-18 23:11:33 -0400
renpy,2014-05-18 21:08:11 -0400
renpy,2014-05-18 20:06:14 -0400
renpy,2014-05-18 17:41:57 -0400
renpy,2014-05-17 22:21:45 -0400
renpy,2014-05-17 08:57:54 -0400
renpy,2014-05-16 23:43:36 -0400
renpy,2014-05-16 08:46:27 -0400
renpy,2014-05-16 11:44:16 +0200
renpy,2014-05-16 00:05:00 -0400
renpy,2014-05-15 09:10:05 -0400
renpy,2014-05-15 08:41:57 -0400
renpy,2014-05-14 22:56:29 -0400
renpy,2014-05-14 21:57:13 -0400
renpy,2014-05-13 18:42:07 -0400
renpy,2014-05-13 18:11:09 -0400
renpy,2014-05-12 22:49:24 -0400
renpy,2014-05-12 22:11:21 -0400
renpy,2014-05-12 22:11:05 -0400
renpy,2014-05-12 21:17:01 -0400
renpy,2014-05-12 16:13:23 +0900
renpy,2014-05-11 22:04:20 -0400
renpy,2014-05-11 09:15:47 -0400
renpy,2014-05-10 23:28:07 -0400
renpy,2014-05-10 23:15:44 -0400
renpy,2014-05-10 22:47:07 -0400
renpy,2014-05-10 22:04:50 -0400
renpy,2014-05-09 21:25:58 -0400
renpy,2014-05-09 21:18:55 -0400
renpy,2014-05-08 23:56:19 -0400
renpy,2014-05-08 23:50:38 -0400
renpy,2014-05-07 21:59:51 -0400
renpy,2014-05-07 21:50:55 -0400
renpy,2014-05-07 21:38:58 -0400
renpy,2014-05-07 20:30:22 -0400
renpy,2014-05-06 21:53:26 -0400
renpy,2014-05-06 21:13:42 -0400
renpy,2014-05-06 21:12:04 -0400
renpy,2014-05-05 21:43:59 -0400
renpy,2014-05-05 09:30:40 -0400
renpy,2014-05-05 09:25:56 -0400
renpy,2014-05-05 08:31:38 +0200
renpy,2014-05-04 23:19:28 -0400
renpy,2014-05-04 21:55:28 -0400
renpy,2014-05-03 21:09:56 -0400
renpy,2014-05-03 20:19:50 -0400
renpy,2014-05-02 22:39:48 -0400
renpy,2014-05-02 15:29:27 -0400
renpy,2014-05-01 22:46:49 -0400
renpy,2014-05-01 22:45:51 -0400
renpy,2014-05-01 21:22:18 -0400
renpy,2014-05-01 18:14:46 -0400
renpy,2014-04-30 18:19:54 -0700
renpy,2014-04-30 18:03:40 -0700
renpy,2014-04-29 21:42:21 -0700
renpy,2014-04-29 21:40:40 -0700
renpy,2014-04-28 23:26:45 -0400
renpy,2014-04-29 11:52:48 +0900
renpy,2014-04-28 22:13:24 -0400
renpy,2014-04-28 17:47:32 -0400
renpy,2014-04-28 17:46:36 -0400
renpy,2014-04-28 14:30:07 +0200
renpy,2014-04-28 20:03:11 +0900
renpy,2014-04-28 20:01:17 +0900
renpy,2014-04-28 18:58:28 +0900
renpy,2014-04-27 22:44:34 -0400
renpy,2014-04-27 19:52:42 -0400
renpy,2014-04-27 01:40:29 -0400
renpy,2014-04-27 01:28:16 -0400
renpy,2014-04-26 23:13:21 -0400
renpy,2014-04-26 14:16:33 -0400
renpy,2014-04-26 13:53:30 -0400
renpy,2014-04-25 22:04:50 -0400
renpy,2014-04-25 21:41:32 -0400
renpy,2014-04-25 16:57:46 +0900
renpy,2014-04-24 19:19:52 -0400
renpy,2014-04-23 21:48:23 -0400
renpy,2014-04-23 21:46:16 -0400
renpy,2014-04-22 23:44:30 -0400
renpy,2014-04-22 19:25:04 -0400
renpy,2014-04-22 19:20:35 -0400
renpy,2014-04-22 19:08:27 -0400
renpy,2014-04-21 23:54:05 -0400
renpy,2014-04-21 22:18:59 -0400
renpy,2014-04-20 13:38:32 -0400
renpy,2014-04-20 13:13:57 -0400
renpy,2014-04-20 12:38:15 -0400
renpy,2014-04-20 22:13:14 +0900
renpy,2014-04-20 22:03:57 +0900
renpy,2014-04-20 15:02:49 +0300
renpy,2014-04-19 21:40:56 -0400
renpy,2014-04-19 18:48:09 -0400
renpy,2014-04-19 19:41:36 +0300
renpy,2014-04-19 19:31:11 +0300
renpy,2014-04-19 19:30:56 +0300
renpy,2014-04-19 19:30:39 +0300
renpy,2014-04-19 19:30:13 +0300
renpy,2014-04-19 19:29:49 +0300
renpy,2014-04-19 19:29:17 +0300
renpy,2014-04-19 20:16:41 +0900
renpy,2014-04-19 20:09:17 +0900
renpy,2014-04-18 23:53:03 -0400
renpy,2014-04-19 12:15:51 +0900
renpy,2014-04-18 22:55:09 -0400
renpy,2014-04-18 22:34:09 -0400
renpy,2014-04-17 23:11:13 -0400
renpy,2014-04-17 13:45:54 +0300
renpy,2014-04-17 13:45:42 +0300
renpy,2014-04-17 13:45:28 +0300
renpy,2014-04-17 13:45:17 +0300
renpy,2014-04-17 13:45:05 +0300
renpy,2014-04-17 13:44:51 +0300
renpy,2014-04-17 13:44:38 +0300
renpy,2014-04-17 13:44:17 +0300
renpy,2014-04-17 13:43:50 +0300
renpy,2014-04-17 13:43:37 +0300
renpy,2014-04-17 13:43:23 +0300
renpy,2014-04-17 13:20:17 +0300
renpy,2014-04-17 13:20:01 +0300
renpy,2014-04-17 13:19:39 +0300
renpy,2014-04-17 13:19:25 +0300
renpy,2014-04-17 13:19:09 +0300
renpy,2014-04-17 13:18:42 +0300
renpy,2014-04-17 13:18:25 +0300
renpy,2014-04-17 13:17:24 +0300
renpy,2014-04-17 13:17:12 +0300
renpy,2014-04-17 13:16:59 +0300
renpy,2014-04-17 13:16:18 +0300
renpy,2014-04-17 13:16:01 +0300
renpy,2014-04-16 20:20:14 -0700
renpy,2014-04-16 20:17:53 -0700
renpy,2014-04-16 20:17:15 -0700
renpy,2014-04-15 20:41:24 -0400
renpy,2014-04-15 20:38:47 -0400
renpy,2014-04-14 21:31:54 -0400
renpy,2014-04-14 21:23:59 -0400
renpy,2014-04-13 20:29:29 -0700
renpy,2014-04-13 23:04:19 -0400
renpy,2014-04-13 23:02:25 -0400
renpy,2014-04-13 22:45:04 -0400
renpy,2014-04-13 22:40:07 -0400
renpy,2014-04-13 16:01:58 -0400
renpy,2014-04-12 21:48:37 -0700
renpy,2014-04-11 23:38:37 -0400
renpy,2014-04-11 17:11:46 -0400
renpy,2014-04-10 21:11:55 -0400
renpy,2014-04-09 22:06:08 -0400
renpy,2014-04-08 11:46:46 -0400
renpy,2014-04-07 23:11:01 -0400
renpy,2014-04-06 20:48:35 -0400
renpy,2014-04-06 20:47:54 -0400
renpy,2014-04-05 22:50:02 -0700
renpy,2014-04-05 22:44:42 -0700
renpy,2014-04-05 01:17:28 -0400
renpy,2014-04-05 01:16:58 -0400
renpy,2014-04-04 18:06:06 -0400
renpy,2014-04-04 19:41:58 +0900
renpy,2014-04-04 19:31:46 +0900
renpy,2014-04-04 19:23:07 +0900
renpy,2014-04-03 21:54:32 -0400
renpy,2014-04-03 20:59:07 -0400
renpy,2014-04-03 00:21:35 -0400
renpy,2014-04-02 23:47:12 -0400
renpy,2014-04-02 23:22:44 -0400
renpy,2014-04-02 13:43:37 -0700
renpy,2014-04-01 23:11:48 -0400
renpy,2014-04-01 22:51:50 -0400
renpy,2014-04-01 22:17:20 -0400
renpy,2014-03-31 23:05:34 -0400
renpy,2014-03-30 16:13:12 -0400
renpy,2014-03-29 23:52:33 -0400
renpy,2014-03-29 23:51:28 -0400
renpy,2014-03-28 21:46:39 -0400
renpy,2014-03-27 22:29:34 -0700
renpy,2014-03-27 23:51:41 +0100
renpy,2014-03-27 23:48:03 +0100
renpy,2014-03-27 23:43:43 +0100
renpy,2014-03-27 23:40:30 +0100
renpy,2014-03-27 23:39:00 +0100
renpy,2014-03-26 22:41:29 -0400
renpy,2014-03-25 23:51:59 -0400
renpy,2014-03-25 19:04:15 -0400
renpy,2014-03-24 23:31:20 -0400
renpy,2014-03-24 23:15:19 -0400
renpy,2014-03-24 22:19:17 -0400
renpy,2014-03-24 00:03:27 -0400
renpy,2014-03-23 19:12:25 -0400
renpy,2014-03-22 22:12:30 -0400
renpy,2014-03-21 17:52:35 -0400
renpy,2014-03-21 15:40:11 -0400
renpy,2014-03-20 23:50:28 -0400
renpy,2014-03-20 01:26:52 -0400
renpy,2014-03-19 22:27:11 -0400
renpy,2014-03-18 23:17:11 -0400
renpy,2014-03-17 20:47:09 -0700
renpy,2014-03-17 23:21:51 -0400
renpy,2014-03-16 21:03:37 -0700
renpy,2014-03-16 15:35:29 -0400
renpy,2014-03-15 23:14:58 -0400
renpy,2014-03-14 23:19:54 -0400
renpy,2014-03-13 23:10:37 -0400
renpy,2014-03-13 23:07:16 -0400
renpy,2014-03-12 22:18:15 -0400
renpy,2014-03-11 11:09:19 -0400
renpy,2014-03-10 23:14:54 -0400
renpy,2014-03-09 20:59:43 -0400
renpy,2014-03-08 08:53:54 -0500
renpy,2014-03-07 22:10:38 -0500
renpy,2014-03-06 23:20:22 -0500
renpy,2014-03-05 22:16:40 -0500
renpy,2014-03-03 22:35:51 -0500
renpy,2014-03-02 22:03:38 -0500
renpy,2014-03-02 21:53:47 -0500
renpy,2014-03-01 16:43:47 -0500
renpy,2014-03-01 16:40:31 -0500
renpy,2014-03-01 16:36:36 -0500
renpy,2014-03-01 10:51:41 -0500
renpy,2014-02-28 17:36:02 -0500
renpy,2014-02-28 16:31:28 -0500
renpy,2014-02-28 16:25:14 -0500
renpy,2014-02-28 16:20:41 -0500
renpy,2014-02-26 22:12:35 -0500
renpy,2014-02-28 16:17:01 -0500
renpy,2014-02-27 21:22:47 -0500
renpy,2014-02-27 19:52:07 -0500
renpy,2014-02-26 23:10:43 -0500
renpy,2014-02-26 22:43:36 -0500
renpy,2014-02-26 22:13:17 -0500
renpy,2014-02-28 16:17:01 -0500
renpy,2014-02-27 21:22:47 -0500
renpy,2014-02-27 19:52:07 -0500
renpy,2014-02-26 23:10:43 -0500
renpy,2014-02-26 22:43:36 -0500
renpy,2014-02-26 22:13:17 -0500
renpy,2014-02-26 22:12:35 -0500
renpy,2014-02-25 21:58:39 -0500
renpy,2014-02-25 20:31:59 -0500
renpy,2014-02-24 23:13:05 -0500
renpy,2014-02-24 22:30:23 -0500
renpy,2014-02-24 22:23:10 -0500
renpy,2014-02-24 22:22:34 -0500
renpy,2014-02-24 22:21:08 -0500
renpy,2014-02-24 16:40:21 +0900
renpy,2014-02-24 16:40:01 +0900
renpy,2014-02-24 16:39:49 +0900
renpy,2014-02-24 14:28:40 +0900
renpy,2014-02-23 23:52:01 -0500
renpy,2014-02-23 23:41:17 -0500
renpy,2014-02-23 22:47:37 -0500
renpy,2014-02-23 21:57:04 -0500
renpy,2014-02-22 22:36:03 -0500
renpy,2014-02-22 22:35:26 -0500
renpy,2014-02-23 12:16:02 +0900
renpy,2014-02-23 11:55:26 +0900
renpy,2014-02-23 11:53:21 +0900
renpy,2014-02-23 11:59:40 +0900
renpy,2014-02-23 11:55:26 +0900
renpy,2014-02-23 11:53:21 +0900
renpy,2014-02-22 18:33:23 -0500
renpy,2014-02-22 18:33:23 -0500
renpy,2014-02-22 16:00:36 +0900
renpy,2014-02-22 01:18:46 -0500
renpy,2014-02-21 21:56:44 -0500
renpy,2014-02-20 23:41:12 -0500
renpy,2014-02-19 02:02:03 -0500
renpy,2014-02-18 22:58:46 -0500
renpy,2014-02-18 17:15:41 +0900
renpy,2014-02-17 21:29:58 -0500
renpy,2014-02-16 16:06:53 -0500
renpy,2014-02-15 22:38:55 -0500
renpy,2014-02-15 01:11:22 -0500
renpy,2014-02-15 00:22:59 -0500
renpy,2014-02-14 23:41:00 -0500
renpy,2014-02-14 00:49:44 -0500
renpy,2014-02-13 23:08:10 -0500
renpy,2014-02-12 21:52:22 -0500
renpy,2014-02-11 19:14:27 -0500
renpy,2014-02-10 23:29:21 -0500
renpy,2014-02-10 23:24:56 -0500
renpy,2014-02-10 20:14:37 -0500
renpy,2014-02-09 21:21:31 -0500
renpy,2014-02-09 11:12:02 -0500
renpy,2014-02-08 18:21:10 -0500
renpy,2014-02-08 16:43:21 +0900
renpy,2014-02-08 00:08:52 -0500
renpy,2014-02-04 23:38:01 +0900
renpy,2014-02-06 23:31:21 -0500
renpy,2014-02-05 22:16:20 -0500
renpy,2014-02-05 22:12:33 -0500
renpy,2014-02-05 22:09:34 -0500
renpy,2014-02-05 06:08:26 -0500
renpy,2014-02-04 16:56:18 -0800
renpy,2014-02-04 19:53:46 -0500
renpy,2014-02-03 19:49:51 -0500
renpy,2014-02-03 10:09:03 +0100
renpy,2014-02-03 10:06:42 +0100
renpy,2014-02-03 09:57:58 +0100
renpy,2014-02-03 09:49:55 +0100
renpy,2014-02-03 09:49:25 +0100
renpy,2014-02-03 09:48:55 +0100
renpy,2014-02-03 09:48:13 +0100
renpy,2014-02-03 09:46:06 +0100
renpy,2014-02-02 15:11:09 -0500
renpy,2014-02-01 17:33:26 -0500
renpy,2014-01-31 16:50:33 -0500
renpy,2014-01-31 16:37:36 -0500
renpy,2014-01-31 16:33:47 -0500
renpy,2014-01-30 22:22:09 -0500
renpy,2014-01-30 22:03:26 -0500
renpy,2014-01-30 21:53:39 -0500
renpy,2014-01-29 22:06:44 -0500
renpy,2014-01-29 21:42:00 -0500
renpy,2014-01-28 22:22:50 -0500
renpy,2014-01-28 20:26:58 -0500
renpy,2014-01-27 22:58:15 -0500
renpy,2014-01-27 22:58:03 -0500
renpy,2014-01-27 22:35:07 -0500
renpy,2014-01-27 22:17:46 -0500
renpy,2014-01-27 00:19:12 -0500
renpy,2014-01-26 23:09:31 -0500
renpy,2014-01-26 16:38:45 -0500
renpy,2013-11-20 13:21:58 +0100
renpy,2013-11-20 13:06:24 +0100
renpy,2013-11-20 12:51:48 +0100
renpy,2013-11-20 12:47:33 +0100
renpy,2014-01-26 12:47:19 -0500
renpy,2014-01-26 12:11:25 -0500
renpy,2014-01-26 11:42:40 -0500
renpy,2014-01-26 00:09:43 -0500
renpy,2014-01-25 23:32:30 -0500
renpy,2014-01-25 23:24:38 -0500
renpy,2014-01-25 00:17:17 -0500
renpy,2014-01-24 23:31:36 -0500
renpy,2014-01-23 22:46:35 -0500
renpy,2014-01-23 22:32:05 -0500
renpy,2014-01-22 22:15:47 -0500
renpy,2014-01-22 22:06:18 -0500
renpy,2014-01-22 18:41:27 -0800
renpy,2014-01-22 00:58:13 -0500
renpy,2014-01-21 12:28:09 -0500
renpy,2014-01-21 11:56:00 -0500
renpy,2014-01-20 20:59:31 -0800
renpy,2014-01-20 23:50:28 -0500
renpy,2014-01-20 23:43:27 -0500
renpy,2014-01-20 13:54:49 +0100
renpy,2014-01-20 13:10:04 +0100
renpy,2014-01-20 13:03:55 +0100
renpy,2014-01-20 12:48:24 +0100
renpy,2014-01-20 12:35:32 +0100
renpy,2014-01-20 12:34:56 +0100
renpy,2014-01-20 11:53:25 +0100
renpy,2014-01-20 11:37:53 +0100
renpy,2014-01-20 09:49:58 +0100
renpy,2014-01-19 23:41:34 -0500
renpy,2014-01-19 23:29:32 -0500
renpy,2014-01-19 22:29:32 -0500
renpy,2014-01-19 21:24:24 -0500
renpy,2014-01-19 21:24:02 -0500
renpy,2014-01-19 21:13:47 -0500
renpy,2014-01-19 00:51:16 -0500
renpy,2014-01-19 00:26:58 -0500
renpy,2014-01-19 00:25:37 -0500
renpy,2014-01-18 18:32:00 -0500
renpy,2014-01-18 18:15:24 -0500
renpy,2014-01-17 23:20:33 -0500
renpy,2014-01-17 23:03:46 -0500
renpy,2014-01-17 00:02:50 -0500
renpy,2014-01-16 23:10:57 -0500
renpy,2014-01-16 23:10:39 -0500
renpy,2014-01-15 23:51:14 -0500
renpy,2014-01-15 23:47:08 -0500
renpy,2014-01-15 23:46:16 -0500
renpy,2014-01-15 23:45:20 -0500
renpy,2014-01-15 22:06:21 -0500
renpy,2014-01-15 22:06:11 -0500
renpy,2014-01-14 18:32:24 -0500
renpy,2014-01-14 19:22:29 +0100
renpy,2014-01-14 19:22:08 +0100
renpy,2014-01-14 19:21:35 +0100
renpy,2014-01-14 19:20:52 +0100
renpy,2014-01-14 19:19:38 +0100
renpy,2014-01-14 19:18:50 +0100
renpy,2014-01-14 19:18:20 +0100
renpy,2014-01-14 01:04:49 -0500
renpy,2014-01-14 00:54:30 -0500
renpy,2014-01-12 23:20:10 -0500
renpy,2014-01-12 23:18:02 -0500
renpy,2014-01-12 20:30:02 -0500
renpy,2014-01-12 19:39:28 -0500
renpy,2014-01-12 14:57:26 -0500
renpy,2014-01-12 14:35:29 +0100
renpy,2014-01-12 14:34:46 +0100
renpy,2014-01-12 14:34:22 +0100
renpy,2014-01-12 14:33:55 +0100
renpy,2014-01-12 14:33:33 +0100
renpy,2014-01-12 14:33:06 +0100
renpy,2014-01-12 14:32:40 +0100
renpy,2014-01-12 14:32:00 +0100
renpy,2014-01-12 14:31:38 +0100
renpy,2014-01-12 14:30:49 +0100
renpy,2014-01-12 14:30:13 +0100
renpy,2014-01-12 14:29:36 +0100
renpy,2014-01-12 14:29:11 +0100
renpy,2014-01-12 14:28:26 +0100
renpy,2014-01-12 14:27:54 +0100
renpy,2014-01-12 14:27:21 +0100
renpy,2014-01-12 14:20:45 +0100
renpy,2014-01-11 15:27:34 -0500
renpy,2014-01-11 11:59:42 -0500
renpy,2014-01-11 11:49:04 -0500
renpy,2014-01-11 11:39:18 -0500
renpy,2014-01-11 11:21:04 -0500
renpy,2014-01-10 21:00:09 -0800
renpy,2014-01-10 23:51:29 -0500
renpy,2014-01-09 23:49:53 -0500
renpy,2014-01-09 23:49:33 -0500
renpy,2014-01-09 23:48:57 -0500
renpy,2014-01-09 23:47:50 -0500
renpy,2014-01-09 22:45:45 -0500
renpy,2014-01-09 12:59:34 +0300
renpy,2014-01-09 12:40:37 +0300
renpy,2014-01-09 11:49:01 +0400
renpy,2014-01-09 11:47:52 +0400
renpy,2014-01-09 11:47:28 +0400
renpy,2014-01-09 11:44:52 +0400
renpy,2014-01-09 11:44:52 +0400
renpy,2014-01-08 19:46:39 -0800
renpy,2014-01-08 22:45:42 -0500
renpy,2014-01-08 22:22:37 -0500
renpy,2014-01-08 00:54:04 -0500
renpy,2014-01-07 23:54:17 -0500
renpy,2014-01-07 23:36:36 -0500
renpy,2014-01-07 23:36:11 -0500
renpy,2014-01-07 21:58:22 -0500
renpy,2014-01-06 18:52:35 -0800
renpy,2014-01-06 18:52:27 -0800
renpy,2014-01-06 21:45:21 -0500
renpy,2014-01-07 05:31:42 +0400
renpy,2014-01-07 04:27:17 +0400
renpy,2014-01-05 23:16:24 -0500
renpy,2014-01-05 22:42:26 -0500
renpy,2014-01-05 22:33:49 -0500
renpy,2014-01-05 20:21:02 -0500
renpy,2014-01-05 00:54:07 -0500
renpy,2014-01-05 00:24:52 -0500
renpy,2014-01-04 23:41:39 -0500
renpy,2014-01-04 22:37:54 -0500
renpy,2014-01-04 16:35:20 -0800
renpy,2014-01-04 16:33:50 -0800
renpy,2014-01-04 18:56:11 +0900
renpy,2014-01-04 07:01:11 +0100
renpy,2014-01-04 06:48:21 +0100
renpy,2014-01-03 23:41:22 -0500
renpy,2014-01-03 01:09:31 -0500
renpy,2014-01-03 01:09:00 -0500
renpy,2014-01-02 01:27:35 -0500
renpy,2014-01-02 01:27:16 -0500
renpy,2014-01-02 00:42:27 -0500
renpy,2014-01-01 13:50:51 -0500
renpy,2014-01-01 11:23:36 -0500
renpy,2014-01-01 11:23:24 -0500
renpy,2014-01-01 00:38:37 -0500
renpy,2013-12-31 23:42:43 -0500
renpy,2013-12-31 23:41:46 -0500
renpy,2013-12-31 22:24:14 -0500
renpy,2013-12-31 22:00:46 -0500
renpy,2013-12-31 21:43:50 -0500
renpy,2013-12-31 00:26:28 -0500
renpy,2013-12-30 23:34:55 -0500
renpy,2013-12-30 23:24:11 -0500
renpy,2013-12-30 21:50:27 -0500
renpy,2013-12-29 23:00:40 -0500
renpy,2013-12-29 22:58:29 -0500
renpy,2013-12-29 20:54:01 -0500
renpy,2013-12-29 14:48:16 -0500
renpy,2013-12-29 02:00:14 -0500
renpy,2013-12-29 00:07:41 -0500
renpy,2013-12-28 22:22:45 -0500
renpy,2013-12-27 23:19:35 -0500
renpy,2013-12-27 23:04:46 -0500
renpy,2013-12-26 23:48:30 -0500
renpy,2013-12-26 23:47:46 -0500
renpy,2013-12-27 03:22:31 +0100
renpy,2013-12-26 01:18:17 -0500
renpy,2013-12-26 01:17:57 -0500
renpy,2013-12-25 20:52:37 -0500
renpy,2013-12-25 00:16:11 -0500
renpy,2013-12-24 16:35:25 -0500
renpy,2013-12-24 16:16:41 -0500
renpy,2013-12-24 01:02:47 -0500
renpy,2013-12-23 22:24:39 -0500
renpy,2013-12-23 22:02:03 -0500
renpy,2013-12-23 14:31:25 +0900
renpy,2013-12-22 23:00:40 -0500
renpy,2013-12-21 12:27:40 -0500
renpy,2013-12-21 11:10:37 -0500
renpy,2013-12-20 23:59:23 -0500
renpy,2013-12-20 14:44:42 +0900
renpy,2013-12-19 23:12:57 -0500
renpy,2013-12-19 20:01:19 -0800
renpy,2013-12-20 12:55:21 +0900
renpy,2013-12-18 23:27:12 -0500
renpy,2013-12-18 23:14:22 -0500
renpy,2013-12-16 19:44:41 -0800
renpy,2013-12-16 18:51:11 +0900
renpy,2013-12-16 01:34:40 -0500
renpy,2013-12-15 22:02:20 -0500
renpy,2013-12-15 20:22:17 -0500
renpy,2013-12-14 14:51:33 -0500
renpy,2013-12-14 02:23:39 -0500
renpy,2013-12-14 00:48:44 -0500
renpy,2013-12-13 00:27:58 -0500
renpy,2013-12-12 06:08:10 -0800
renpy,2013-12-12 12:33:00 +0100
renpy,2013-12-11 23:09:38 -0500
renpy,2013-12-10 19:04:25 -0500
renpy,2013-12-09 23:17:54 -0500
renpy,2013-12-09 23:07:37 -0500
renpy,2013-12-09 22:23:40 -0500
renpy,2013-12-09 22:16:16 -0500
renpy,2013-12-08 11:42:55 -0500
renpy,2013-12-07 23:55:31 -0500
renpy,2013-12-07 23:54:41 -0500
renpy,2013-12-07 16:38:21 -0500
renpy,2013-12-06 23:23:56 -0500
renpy,2013-12-06 21:14:03 -0500
renpy,2013-12-06 20:40:48 -0500
renpy,2013-12-05 22:41:30 -0500
renpy,2013-12-04 22:50:51 -0500
renpy,2013-12-04 11:24:28 -0500
renpy,2013-12-03 20:31:06 -0500
renpy,2013-12-02 21:39:23 -0500
renpy,2013-12-01 19:22:15 -0500
renpy,2013-12-01 19:21:49 -0500
renpy,2013-12-01 19:18:19 -0500
renpy,2013-12-01 13:44:43 -0800
renpy,2013-11-30 12:28:30 -0500
renpy,2013-11-30 12:13:15 -0500
renpy,2013-11-29 16:19:09 -0500
renpy,2013-11-29 15:45:31 -0500
renpy,2013-11-29 15:43:05 -0500
renpy,2013-11-28 10:04:17 -0500
renpy,2013-11-28 00:29:34 -0500
renpy,2013-11-28 00:26:42 -0500
renpy,2013-11-25 22:32:56 -0500
renpy,2013-11-25 22:32:49 -0500
renpy,2013-11-25 22:24:30 -0500
renpy,2013-11-24 20:33:51 -0500
renpy,2013-11-23 18:20:04 -0500
renpy,2013-11-23 00:19:40 -0500
renpy,2013-11-21 21:54:00 -0500
renpy,2013-11-21 21:38:08 -0500
renpy,2013-11-21 21:30:40 -0500
renpy,2013-11-21 18:16:01 -0800
renpy,2013-11-21 17:03:41 +0100
renpy,2013-11-21 15:38:35 +0100
renpy,2013-11-21 06:29:58 -0800
renpy,2013-11-21 06:04:02 -0800
renpy,2013-11-21 13:37:20 +0100
renpy,2013-11-21 13:21:43 +0100
renpy,2013-11-21 12:52:35 +0100
renpy,2013-11-20 21:02:30 -0800
renpy,2013-11-21 13:58:10 +0900
renpy,2013-11-20 23:47:32 -0500
renpy,2013-11-20 23:31:50 -0500
renpy,2013-11-20 23:25:32 -0500
renpy,2013-11-20 18:10:50 -0800
renpy,2013-11-21 02:19:16 +0100
renpy,2013-11-21 02:14:40 +0100
renpy,2013-11-21 01:14:02 +0100
renpy,2013-11-21 01:08:24 +0100
renpy,2013-11-21 01:04:50 +0100
renpy,2013-11-21 01:00:49 +0100
renpy,2013-11-21 00:49:29 +0100
renpy,2013-11-21 00:09:34 +0100
renpy,2013-11-20 23:42:03 +0100
renpy,2013-11-20 14:35:26 -0800
renpy,2013-11-20 19:04:11 +0100
renpy,2013-11-20 19:03:24 +0100
renpy,2013-11-20 18:53:52 +0100
renpy,2013-11-20 11:03:36 +0100
renpy,2013-11-20 11:01:26 +0100
renpy,2013-11-20 10:59:22 +0100
renpy,2013-11-19 23:13:11 -0500
renpy,2013-11-19 05:31:43 -0800
renpy,2013-11-19 14:19:45 +0100
renpy,2013-11-19 13:55:28 +0100
renpy,2013-11-18 08:40:32 -0800
renpy,2013-11-18 17:39:10 +0100
renpy,2013-11-18 08:01:37 -0800
renpy,2013-11-18 08:01:22 -0800
renpy,2013-11-18 13:14:42 +0100
renpy,2013-11-18 12:20:21 +0100
renpy,2013-11-17 06:07:19 -0800
renpy,2013-11-17 14:12:51 +0100
renpy,2013-11-17 14:01:26 +0100
renpy,2013-11-17 11:22:45 +0900
renpy,2013-11-16 17:37:13 -0800
renpy,2013-11-16 17:29:59 -0800
renpy,2013-11-16 19:39:11 -0500
renpy,2013-11-16 00:43:47 -0500
renpy,2013-11-16 00:40:42 -0500
renpy,2013-11-14 14:37:33 +0900
renpy,2013-11-13 20:11:33 -0800
renpy,2013-11-13 23:29:13 +0000
renpy,2013-11-13 18:58:00 +0900
renpy,2013-11-13 18:11:34 +0900
renpy,2013-11-12 18:49:31 -0500
renpy,2013-11-13 02:15:25 +0900
renpy,2013-11-12 13:11:37 +0100
renpy,2013-11-12 13:08:19 +0100
renpy,2013-11-12 12:55:13 +0100
renpy,2013-11-12 12:49:36 +0100
renpy,2013-11-12 12:47:13 +0100
renpy,2013-11-12 12:41:43 +0100
renpy,2013-11-12 12:39:01 +0100
renpy,2013-11-12 12:33:26 +0100
renpy,2013-11-12 12:30:39 +0100
renpy,2013-11-12 12:23:30 +0100
renpy,2013-11-12 12:14:28 +0100
renpy,2013-11-12 12:07:48 +0100
renpy,2013-11-12 12:03:08 +0100
renpy,2013-11-12 11:31:55 +0100
renpy,2013-11-11 22:56:15 -0500
renpy,2013-11-11 22:50:22 -0500
renpy,2013-11-11 21:37:21 -0500
renpy,2013-11-11 15:18:22 +0100
renpy,2013-11-11 15:17:46 +0100
renpy,2013-11-11 15:17:11 +0100
renpy,2013-11-11 15:16:30 +0100
renpy,2013-11-11 15:15:56 +0100
renpy,2013-11-11 15:14:54 +0100
renpy,2013-11-11 15:13:47 +0100
renpy,2013-11-11 15:08:32 +0100
renpy,2013-11-10 23:57:33 -0500
renpy,2013-11-09 22:10:23 -0500
renpy,2013-11-09 14:53:53 -0500
renpy,2013-11-09 12:36:39 -0500
renpy,2013-11-09 06:36:28 -0800
renpy,2013-11-09 10:47:39 +0530
renpy,2013-11-08 20:51:36 -0500
renpy,2013-11-08 20:49:22 -0500
renpy,2013-11-08 20:42:46 -0500
renpy,2013-11-08 13:39:31 +0000
renpy,2013-11-08 13:27:13 +0000
renpy,2013-11-08 13:22:29 +0000
renpy,2013-11-08 13:18:46 +0000
renpy,2013-11-08 13:10:47 +0000
renpy,2013-11-07 18:01:11 -0500
renpy,2013-11-07 17:41:45 -0500
renpy,2013-11-06 21:50:10 -0500
renpy,2013-11-06 21:30:22 -0500
renpy,2013-11-05 23:04:55 -0500
renpy,2013-11-05 23:04:24 -0500
renpy,2013-11-04 22:33:56 -0500
renpy,2013-11-04 22:13:12 -0500
renpy,2013-11-03 21:04:26 -0500
renpy,2013-11-03 16:23:38 -0800
renpy,2013-11-04 08:55:01 +0900
renpy,2013-11-04 08:46:33 +0900
renpy,2013-11-03 15:41:20 -0800
renpy,2013-11-04 08:37:20 +0900
renpy,2013-11-03 10:19:59 -0500
renpy,2013-11-03 07:11:15 -0800
renpy,2013-11-03 23:53:33 +0900
renpy,2013-11-03 09:12:51 -0500
renpy,2013-11-02 23:45:19 -0400
renpy,2013-11-02 22:46:10 -0400
renpy,2013-11-02 21:59:24 -0400
renpy,2013-11-01 18:11:08 -0400
renpy,2013-11-01 11:33:12 -0700
renpy,2013-11-01 14:10:29 +0900
renpy,2013-10-31 23:22:57 -0400
renpy,2013-10-31 20:16:39 -0700
renpy,2013-11-01 12:11:10 +0900
renpy,2013-10-31 23:05:34 -0400
renpy,2013-10-31 22:51:03 -0400
renpy,2013-10-31 22:32:22 -0400
renpy,2013-10-31 22:17:58 -0400
renpy,2013-10-31 22:15:17 -0400
renpy,2013-10-31 22:14:59 -0400
renpy,2013-10-31 22:10:15 -0400
renpy,2013-10-31 22:07:48 -0400
renpy,2013-10-31 22:03:40 -0400
renpy,2013-10-31 17:56:32 -0700
renpy,2013-10-31 17:56:15 -0700
renpy,2013-11-01 09:27:43 +0900
renpy,2013-11-01 08:24:37 +0900
renpy,2013-11-01 08:22:07 +0900
renpy,2013-10-31 23:29:58 +0900
renpy,2013-10-31 23:23:17 +0900
renpy,2013-10-31 22:08:59 +0900
renpy,2013-10-31 21:50:03 +0900
renpy,2013-10-31 07:54:44 -0400
renpy,2013-10-31 07:42:16 -0400
renpy,2013-10-31 04:39:41 -0700
renpy,2013-10-31 17:04:19 +0900
renpy,2013-10-31 16:56:04 +0900
renpy,2013-10-31 13:10:01 +0900
renpy,2013-10-30 23:04:11 -0400
renpy,2013-10-30 21:53:32 -0400
renpy,2013-10-30 17:44:51 -0700
renpy,2013-10-30 16:43:07 -0700
renpy,2013-10-29 19:51:36 -0700
renpy,2013-10-29 22:37:42 -0400
renpy,2013-10-29 20:56:59 +0900
renpy,2013-10-29 20:39:59 +0900
renpy,2013-10-29 20:33:46 +0900
renpy,2013-10-29 19:11:05 +0900
renpy,2013-10-29 18:14:59 +0900
renpy,2013-10-28 23:52:33 -0400
renpy,2013-10-28 10:58:27 -0400
renpy,2013-10-27 22:19:01 -0400
renpy,2013-10-27 22:07:39 -0400
renpy,2013-10-27 21:56:48 -0400
renpy,2013-10-27 21:48:05 -0400
renpy,2013-10-27 21:35:18 -0400
renpy,2013-10-27 21:09:43 -0400
renpy,2013-10-27 21:03:52 -0400
renpy,2013-10-27 20:22:59 -0400
renpy,2013-10-27 20:22:21 -0400
renpy,2013-10-27 19:01:45 -0400
renpy,2013-10-27 18:45:10 -0400
renpy,2013-10-27 18:03:36 -0400
renpy,2013-10-27 18:00:12 -0400
renpy,2013-10-27 17:48:06 -0400
renpy,2013-10-27 17:24:46 -0400
renpy,2013-10-27 17:18:29 -0400
renpy,2013-10-27 08:22:23 -0700
renpy,2013-10-26 17:01:39 -0700
renpy,2013-10-26 19:59:53 -0400
renpy,2013-10-26 09:50:22 -0700
renpy,2013-10-26 09:49:06 -0700
renpy,2013-10-26 09:47:55 -0700
renpy,2013-10-26 22:21:01 +0900
renpy,2013-10-25 22:51:48 -0700
renpy,2013-10-26 13:19:45 +0900
renpy,2013-10-25 22:53:23 -0400
renpy,2013-10-25 21:15:41 -0400
renpy,2013-10-25 20:54:45 -0400
renpy,2013-10-24 22:05:16 -0400
renpy,2013-10-24 21:39:08 -0400
renpy,2013-10-25 08:24:44 +0900
renpy,2013-10-24 22:01:23 +0900
renpy,2013-10-24 20:25:19 +0900
renpy,2013-10-24 15:16:53 +0900
renpy,2013-10-23 23:10:19 -0400
renpy,2013-10-23 22:55:55 -0400
renpy,2013-10-23 22:42:40 -0400
renpy,2013-10-23 22:42:17 -0400
renpy,2013-10-23 22:37:24 -0400
renpy,2013-10-23 22:03:08 -0400
renpy,2013-10-24 01:13:02 +0900
renpy,2013-10-24 01:12:37 +0900
renpy,2013-10-24 01:12:11 +0900
renpy,2013-10-24 01:10:10 +0900
renpy,2013-10-24 01:09:10 +0900
renpy,2013-10-24 01:08:40 +0900
renpy,2013-10-24 00:55:22 +0900
renpy,2013-10-24 00:54:56 +0900
renpy,2013-10-22 22:47:35 -0400
renpy,2013-10-22 22:45:44 -0400
renpy,2013-10-22 22:29:48 -0400
renpy,2013-10-22 22:27:53 -0400
renpy,2013-10-22 22:11:13 -0400
renpy,2013-10-22 19:58:39 -0400
renpy,2013-10-22 16:31:37 -0700
renpy,2013-10-23 01:12:22 +0900
renpy,2013-10-23 01:07:26 +0900
renpy,2013-10-23 00:04:30 +0900
renpy,2013-10-22 23:22:04 +0900
renpy,2013-10-22 23:14:33 +0900
renpy,2013-10-22 22:59:01 +0900
renpy,2013-10-22 22:52:12 +0900
renpy,2013-10-22 22:49:15 +0900
renpy,2013-10-22 22:47:27 +0900
renpy,2013-10-22 06:41:39 -0700
renpy,2013-10-22 22:36:54 +0900
renpy,2013-10-22 21:51:43 +0900
renpy,2013-10-22 20:45:51 +0900
renpy,2013-10-22 20:15:58 +0900
renpy,2013-10-22 20:12:26 +0900
renpy,2013-10-22 18:25:41 +0900
renpy,2013-10-22 00:50:13 -0400
renpy,2013-10-22 00:47:12 -0400
renpy,2013-10-22 00:12:35 -0400
renpy,2013-10-22 00:12:22 -0400
renpy,2013-10-21 20:22:17 -0700
renpy,2013-10-21 23:09:42 -0400
renpy,2013-10-21 18:34:35 -0700
renpy,2013-10-21 21:09:25 -0400
renpy,2013-10-21 23:26:11 +0900
renpy,2013-10-21 23:23:10 +0900
renpy,2013-10-21 21:53:01 +0900
renpy,2013-10-21 21:49:42 +0900
renpy,2013-10-20 20:20:26 -0400
renpy,2013-10-20 13:38:37 -0700
renpy,2013-10-20 16:38:11 -0400
renpy,2013-10-20 16:22:23 -0400
renpy,2013-10-20 16:15:36 -0400
renpy,2013-10-20 13:12:05 -0700
renpy,2013-10-20 13:11:34 -0700
renpy,2013-10-19 22:42:40 -0700
renpy,2013-10-20 14:38:00 +0900
renpy,2013-10-20 00:51:46 -0400
renpy,2013-10-19 23:50:51 -0400
renpy,2013-10-20 03:03:31 +0900
renpy,2013-10-20 02:44:44 +0900
renpy,2013-10-20 02:32:53 +0900
renpy,2013-10-20 02:14:55 +0900
renpy,2013-10-20 02:13:18 +0900
renpy,2013-10-19 11:04:38 +0900
renpy,2013-10-18 21:27:23 -0400
renpy,2013-10-19 10:22:08 +0900
renpy,2013-10-18 17:27:37 -0700
renpy,2013-10-17 23:35:12 -0400
renpy,2013-10-17 23:23:21 -0400
renpy,2013-10-17 16:37:17 +0900
renpy,2013-10-16 22:54:34 -0400
renpy,2013-10-16 07:59:35 -0700
renpy,2013-10-16 16:42:54 +0900
renpy,2013-10-15 22:51:51 -0400
renpy,2013-10-15 19:48:32 -0700
renpy,2013-10-15 22:45:40 -0400
renpy,2013-10-15 22:36:54 -0400
renpy,2013-10-15 22:36:23 -0400
renpy,2013-10-15 22:24:30 -0400
renpy,2013-10-15 22:22:16 -0400
renpy,2013-10-15 22:16:19 -0400
renpy,2013-10-15 20:29:42 -0400
renpy,2013-10-15 20:05:03 -0400
renpy,2013-10-15 21:25:22 +0900
renpy,2013-10-15 19:47:57 +0900
renpy,2013-10-14 21:55:38 -0400
renpy,2013-10-14 00:14:31 -0400
renpy,2013-10-14 00:08:02 -0400
renpy,2013-10-13 23:54:07 -0400
renpy,2013-10-13 20:25:08 -0400
renpy,2013-10-13 20:20:02 -0400
renpy,2013-10-13 15:47:55 -0400
renpy,2013-10-13 01:43:39 -0400
renpy,2013-10-13 01:38:21 -0400
renpy,2013-10-13 01:33:27 -0400
renpy,2013-10-13 01:20:29 -0400
renpy,2013-10-12 08:45:57 -0700
renpy,2013-10-11 23:04:13 -0400
renpy,2013-10-11 00:43:08 -0400
renpy,2013-10-11 00:42:53 -0400
renpy,2013-10-11 00:42:14 -0400
renpy,2013-10-11 00:41:25 -0400
renpy,2013-10-10 23:14:50 -0400
renpy,2013-10-10 10:42:09 -0400
renpy,2013-10-10 00:37:55 -0400
renpy,2013-10-08 15:08:30 -0700
renpy,2013-10-08 17:57:10 -0400
renpy,2013-10-08 18:57:57 +0900
renpy,2013-10-07 23:59:50 -0400
renpy,2013-10-07 21:55:07 -0400
renpy,2013-10-08 00:01:17 +0900
renpy,2013-10-07 23:56:28 +0900
renpy,2013-10-07 22:06:00 +0900
renpy,2013-10-07 01:27:18 -0400
renpy,2013-10-07 01:16:20 -0400
renpy,2013-10-06 22:12:51 -0400
renpy,2013-10-06 10:55:57 -0400
renpy,2013-10-06 12:13:24 +0900
renpy,2013-10-05 22:59:41 -0400
renpy,2013-10-06 11:49:59 +0900
renpy,2013-10-05 19:49:29 -0700
renpy,2013-10-05 21:44:59 -0400
renpy,2013-10-05 21:02:53 -0400
renpy,2013-10-05 20:54:29 -0400
renpy,2013-10-05 20:37:24 -0400
renpy,2013-10-05 14:23:42 -0700
renpy,2013-10-06 03:03:38 +0900
renpy,2013-10-02 20:38:02 -0400
renpy,2013-10-02 20:31:11 -0400
renpy,2013-10-01 23:19:03 -0400
renpy,2013-10-01 23:15:17 -0400
renpy,2013-10-02 10:20:41 +0900
renpy,2013-10-01 19:59:04 -0400
renpy,2013-10-01 16:41:07 -0700
renpy,2013-10-01 16:36:55 -0700
renpy,2013-10-01 19:29:09 +0900
renpy,2013-10-01 00:32:31 -0400
renpy,2013-09-30 01:20:21 -0400
renpy,2013-09-29 14:30:34 +0900
renpy,2013-09-29 13:57:54 +0900
renpy,2013-09-28 23:43:58 -0400
renpy,2013-09-27 19:42:31 -0700
renpy,2013-09-28 10:16:06 +0900
renpy,2013-09-27 18:05:58 -0400
renpy,2013-09-27 18:00:14 -0400
renpy,2013-09-26 23:57:45 -0400
renpy,2013-09-27 00:00:40 +0900
renpy,2013-09-26 00:27:29 -0400
renpy,2013-09-24 23:20:53 -0400
renpy,2013-09-24 22:07:01 -0400
renpy,2013-09-25 10:53:36 +0900
renpy,2013-09-25 10:41:57 +0900
renpy,2013-09-23 23:50:02 -0400
renpy,2013-09-23 23:48:43 -0400
renpy,2013-09-23 21:24:47 -0400
renpy,2013-09-23 19:43:43 -0400
renpy,2013-09-23 19:36:20 -0400
renpy,2013-09-23 11:56:00 +0900
renpy,2013-09-23 11:53:56 +0900
renpy,2013-09-22 20:51:59 -0400
renpy,2013-09-22 19:46:19 -0400
renpy,2013-09-22 19:44:15 -0400
renpy,2013-09-22 16:43:05 -0700
renpy,2013-09-22 16:20:30 -0700
renpy,2013-09-22 16:19:34 -0700
renpy,2013-09-21 23:32:03 -0400
renpy,2013-09-21 15:27:31 -0400
renpy,2013-09-21 14:35:53 -0400
renpy,2013-09-21 13:34:57 -0400
renpy,2013-09-20 23:20:43 -0400
renpy,2013-09-20 20:18:38 -0700
renpy,2013-09-20 18:17:48 +0900
renpy,2013-08-28 13:28:54 +0900
renpy,2013-08-28 12:26:13 +0900
renpy,2013-07-26 20:58:02 +0900
renpy,2013-07-31 15:06:23 +0900
renpy,2013-07-26 22:47:48 +0900
renpy,2013-07-26 22:44:11 +0900
renpy,2013-07-31 17:45:45 +0900
renpy,2013-09-19 21:35:36 -0400
renpy,2013-09-19 18:34:07 -0700
renpy,2013-09-18 23:12:12 -0400
renpy,2013-09-18 23:06:01 -0400
renpy,2013-09-18 00:08:15 -0400
renpy,2013-09-17 23:45:07 -0400
renpy,2013-09-17 23:42:30 -0400
renpy,2013-09-17 23:22:56 -0400
renpy,2013-09-16 23:34:49 -0400
renpy,2013-09-16 23:23:53 -0400
renpy,2013-09-16 22:32:33 -0400
renpy,2013-09-16 22:15:54 -0400
renpy,2013-09-16 00:11:45 -0400
renpy,2013-09-15 19:22:29 -0400
renpy,2013-09-15 01:03:11 -0400
renpy,2013-09-15 00:09:24 -0400
renpy,2013-09-14 23:45:22 -0400
renpy,2013-09-13 23:27:58 -0400
renpy,2013-09-12 23:51:30 -0400
renpy,2013-09-12 18:11:09 +0200
renpy,2013-09-11 23:28:11 -0400
renpy,2013-09-11 21:02:13 -0400
renpy,2013-09-11 19:20:29 -0400
renpy,2013-09-10 21:14:32 -0400
renpy,2013-09-10 18:24:42 -0400
renpy,2013-09-10 01:19:21 -0400
renpy,2013-09-08 23:13:19 -0400
renpy,2013-09-08 23:11:40 -0400
renpy,2013-09-08 02:46:50 -0400
renpy,2013-09-08 01:50:25 -0400
renpy,2013-09-08 01:25:14 -0400
renpy,2013-09-08 01:11:27 -0400
renpy,2013-09-08 01:07:46 -0400
renpy,2013-09-07 23:48:48 -0400
renpy,2013-09-07 23:12:37 -0400
renpy,2013-09-06 06:36:35 -0700
renpy,2013-09-05 22:21:22 -0700
renpy,2013-09-06 00:10:11 -0400
renpy,2013-09-04 21:39:48 -0400
renpy,2013-09-04 14:49:11 +0900
renpy,2013-09-04 14:39:26 +0900
renpy,2013-08-28 21:32:19 +0900
renpy,2013-08-28 15:08:29 +0900
renpy,2013-08-29 20:42:49 -0700
renpy,2013-08-29 20:41:58 -0700
renpy,2013-08-29 20:40:32 -0700
renpy,2013-08-30 00:40:29 +0900
renpy,2013-08-28 23:34:22 -0400
renpy,2013-08-28 23:06:47 -0400
renpy,2013-08-28 19:18:43 +0900
renpy,2013-08-27 22:28:34 +0900
renpy,2013-08-27 22:23:46 +0900
renpy,2013-08-27 21:56:25 +0900
renpy,2013-08-27 01:39:05 -0400
renpy,2013-08-27 01:33:27 -0400
renpy,2013-08-26 23:51:38 -0400
renpy,2013-08-26 23:15:27 -0400
renpy,2013-08-24 10:35:32 -0400
renpy,2013-08-24 00:51:41 -0400
renpy,2013-08-23 00:02:10 -0400
renpy,2013-08-22 01:07:17 -0400
renpy,2013-08-22 00:59:39 -0400
renpy,2013-08-21 17:59:11 +0900
renpy,2013-08-21 00:12:32 -0400
renpy,2013-08-20 23:55:36 -0400
renpy,2013-08-20 00:54:06 -0400
renpy,2013-08-19 23:50:14 -0400
renpy,2013-08-19 22:58:16 -0400
renpy,2013-08-19 00:15:37 -0400
renpy,2013-08-19 00:15:24 -0400
renpy,2013-08-19 00:14:59 -0400
renpy,2013-08-09 20:43:31 +0900
renpy,2013-08-09 20:36:48 +0900
renpy,2013-08-09 07:43:37 +0900
renpy,2013-08-06 23:45:21 -0400
renpy,2013-08-04 20:44:23 -0400
renpy,2013-07-29 10:56:52 -0400
renpy,2013-07-28 23:25:39 -0400
renpy,2013-07-23 23:39:15 -0400
renpy,2013-07-22 09:06:40 -0400
renpy,2013-07-21 23:56:54 -0400
renpy,2013-07-21 14:55:19 -0400
renpy,2013-07-21 14:41:44 -0400
renpy,2013-07-20 12:40:10 -0400
renpy,2013-07-18 18:56:00 -0700
renpy,2013-07-17 17:22:37 +0900
renpy,2013-07-05 23:42:00 +0900
renpy,2013-06-29 08:58:24 +0900
renpy,2013-06-28 20:26:15 +0900
renpy,2013-07-16 18:21:05 -0700
renpy,2013-07-16 18:20:36 -0700
renpy,2013-07-14 21:52:47 -0400
renpy,2013-06-28 22:24:16 +0900
renpy,2013-07-14 20:27:06 -0400
renpy,2013-07-14 19:55:28 -0400
renpy,2013-07-14 19:03:33 -0400
renpy,2013-07-14 02:45:46 +0900
renpy,2013-07-14 12:00:15 -0400
renpy,2013-07-14 11:36:16 -0400
renpy,2013-07-14 08:32:57 -0700
renpy,2013-07-14 09:57:26 +0200
renpy,2013-07-14 01:29:58 -0400
renpy,2013-07-14 01:06:29 -0400
renpy,2013-07-12 22:59:26 -0400
renpy,2013-07-12 19:54:27 -0700
renpy,2013-07-12 22:50:23 -0400
renpy,2013-07-12 19:35:03 -0700
renpy,2013-07-07 19:47:49 -0400
renpy,2013-07-07 15:49:50 -0400
renpy,2013-06-29 12:43:48 +0900
renpy,2013-06-29 12:42:23 +0900
renpy,2013-06-29 10:52:57 +0900
renpy,2013-06-26 08:05:53 -0400
renpy,2013-06-26 07:57:29 -0400
renpy,2013-06-26 07:53:04 -0400
renpy,2013-06-24 22:37:49 -0400
renpy,2013-06-24 22:24:10 -0400
renpy,2013-06-20 17:58:15 -0400
renpy,2013-06-17 20:22:49 -0400
renpy,2013-06-17 20:22:38 -0400
renpy,2013-06-17 01:58:14 -0400
renpy,2013-06-17 01:51:19 -0400
renpy,2013-06-17 01:36:27 -0400
renpy,2013-06-17 00:07:54 -0400
renpy,2013-06-17 00:07:44 -0400
renpy,2013-06-16 22:25:46 -0400
renpy,2013-06-10 01:45:13 -0400
renpy,2013-06-10 01:36:52 -0400
renpy,2013-06-07 20:26:29 -0700
renpy,2013-06-07 23:02:15 -0400
renpy,2013-06-07 22:29:34 +0800
renpy,2013-06-07 20:04:31 +0800
renpy,2013-06-05 10:11:27 -0400
renpy,2013-06-04 23:43:42 -0400
renpy,2013-06-03 23:26:46 -0400
renpy,2013-06-03 23:24:53 -0400
renpy,2013-06-03 23:04:13 -0400
renpy,2013-06-03 23:00:25 -0400
renpy,2013-06-03 22:55:28 -0400
renpy,2013-06-03 22:30:05 -0400
renpy,2013-06-03 22:11:29 -0400
renpy,2013-06-02 23:32:06 -0400
renpy,2013-06-02 20:46:19 -0400
renpy,2013-06-02 16:57:16 -0400
renpy,2013-06-02 13:41:14 -0400
renpy,2013-05-27 23:39:07 -0400
renpy,2013-05-26 00:10:08 -0400
renpy,2013-05-23 00:37:26 -0400
renpy,2013-05-21 00:25:09 -0400
renpy,2013-05-21 00:00:45 -0400
renpy,2013-05-20 23:54:37 -0400
renpy,2013-05-20 23:28:14 -0400
renpy,2013-05-06 22:58:34 -0400
renpy,2013-05-04 12:24:30 -0400
renpy,2013-04-21 18:31:44 +0900
renpy,2013-04-21 18:15:26 +0900
renpy,2013-04-14 22:51:55 -0400
renpy,2013-04-13 23:06:26 -0400
renpy,2013-04-07 20:00:47 -0400
renpy,2013-04-07 19:43:58 -0400
renpy,2013-04-07 11:13:00 -0400
renpy,2013-04-06 23:11:51 -0400
renpy,2013-04-06 23:00:10 -0400
renpy,2013-04-06 22:55:30 -0400
renpy,2013-04-06 21:13:47 -0400
renpy,2013-04-06 20:58:10 -0400
renpy,2013-04-06 18:31:25 -0400
renpy,2013-04-06 17:52:12 -0400
renpy,2013-04-06 13:53:20 -0400
renpy,2013-04-06 13:19:48 -0400
renpy,2013-04-04 19:06:55 -0400
renpy,2013-04-04 12:13:56 -0400
renpy,2013-04-04 03:22:36 -0400
renpy,2013-04-02 23:42:21 -0400
renpy,2013-04-02 23:40:32 -0400
renpy,2013-04-02 20:05:55 -0400
renpy,2013-04-02 20:05:34 -0400
renpy,2013-03-31 21:42:49 -0400
renpy,2013-03-31 17:56:16 -0400
renpy,2013-03-30 12:51:03 -0400
renpy,2013-03-30 11:50:21 -0400
renpy,2013-03-29 23:40:41 -0400
renpy,2013-03-29 23:34:11 -0400
renpy,2013-03-29 23:18:00 -0400
renpy,2013-03-29 20:32:51 -0400
renpy,2013-03-29 00:28:13 -0400
renpy,2013-03-29 00:15:14 -0400
renpy,2013-03-28 23:46:14 -0400
renpy,2013-03-28 22:57:12 -0400
renpy,2013-03-27 21:04:29 -0400
renpy,2013-03-27 10:11:45 -0400
renpy,2013-03-27 00:06:48 -0400
renpy,2013-03-26 00:58:33 -0400
renpy,2013-03-25 23:36:46 -0400
renpy,2013-03-24 23:51:13 -0400
renpy,2013-03-24 23:49:02 -0400
renpy,2013-03-24 23:48:39 -0400
renpy,2013-03-23 20:13:04 -0400
renpy,2013-03-20 23:26:36 -0400
renpy,2013-03-19 23:30:51 -0400
renpy,2013-03-19 00:04:18 -0400
renpy,2013-03-17 18:42:19 -0400
renpy,2013-03-16 22:37:55 -0400
renpy,2013-03-10 23:32:44 -0400
renpy,2013-03-09 23:11:51 -0500
renpy,2013-03-09 23:02:21 -0500
renpy,2013-03-08 23:44:10 -0500
renpy,2013-03-08 21:31:50 -0500
renpy,2013-03-08 20:05:53 +0900
renpy,2013-03-08 20:02:42 +0900
renpy,2013-03-08 00:57:07 -0500
renpy,2013-03-07 11:38:32 -0500
renpy,2013-03-06 22:44:28 -0500
renpy,2013-03-04 10:09:20 -0500
renpy,2013-03-04 01:15:56 -0500
renpy,2013-03-04 00:00:08 -0500
renpy,2013-03-03 01:08:10 -0500
renpy,2013-03-03 00:48:29 -0500
renpy,2013-03-02 21:27:35 -0500
renpy,2013-03-02 12:28:53 -0500
renpy,2013-02-28 22:30:29 -0500
renpy,2013-02-28 22:41:41 +0900
renpy,2013-02-28 22:40:44 +0900
renpy,2013-02-28 00:01:44 -0500
renpy,2013-02-27 23:59:49 -0500
renpy,2013-02-27 23:55:41 -0500
renpy,2013-02-27 23:54:57 -0500
renpy,2013-02-25 09:42:49 -0500
renpy,2013-02-25 09:26:35 -0500
renpy,2013-02-24 22:51:49 -0500
renpy,2013-02-24 22:32:28 -0500
renpy,2013-02-25 09:07:56 +0900
renpy,2013-02-25 09:05:30 +0900
renpy,2013-02-23 22:04:14 -0500
renpy,2013-02-23 21:42:36 -0500
renpy,2013-02-23 21:26:05 -0500
renpy,2013-02-22 23:53:59 -0500
renpy,2013-02-21 23:57:05 -0500
renpy,2013-02-21 23:05:30 -0500
renpy,2013-02-21 22:23:45 -0500
renpy,2013-02-21 21:01:18 -0500
renpy,2013-02-20 23:01:59 -0500
renpy,2013-02-20 22:43:05 -0500
renpy,2013-02-20 22:40:31 -0500
renpy,2013-02-21 10:01:56 +0900
renpy,2013-02-21 09:56:19 +0900
renpy,2013-02-19 23:54:32 -0500
renpy,2013-02-19 23:50:28 -0500
renpy,2013-02-19 23:40:43 -0500
renpy,2013-02-19 22:29:36 -0500
renpy,2013-02-18 23:00:51 -0500
renpy,2013-02-18 16:23:06 +0900
renpy,2013-02-18 22:01:23 -0500
renpy,2013-02-18 21:25:45 -0500
renpy,2013-02-18 21:07:03 -0500
renpy,2013-02-18 19:32:19 -0500
renpy,2013-02-17 22:11:13 -0500
renpy,2013-02-17 18:55:11 -0500
renpy,2013-02-17 17:51:10 -0500
renpy,2013-02-17 17:50:47 -0500
renpy,2013-02-17 14:24:51 -0500
renpy,2013-02-17 13:50:10 -0500
renpy,2013-02-17 11:44:50 -0500
renpy,2013-02-17 01:28:49 -0500
renpy,2013-02-17 00:20:19 -0500
renpy,2013-02-16 22:48:27 -0500
renpy,2013-02-16 21:11:07 -0500
renpy,2013-02-16 12:39:30 -0500
renpy,2013-02-15 21:47:10 -0500
renpy,2013-02-15 21:42:53 -0500
renpy,2013-02-15 01:02:20 -0500
renpy,2013-02-15 00:55:06 -0500
renpy,2013-02-15 00:28:51 -0500
renpy,2013-02-15 13:40:00 +0900
renpy,2013-02-14 23:28:53 -0500
renpy,2013-02-14 23:28:37 -0500
renpy,2013-02-14 22:55:17 -0500
renpy,2013-02-13 23:34:35 -0500
renpy,2013-02-13 22:00:09 -0500
renpy,2013-02-13 15:51:56 -0500
renpy,2013-02-13 15:08:06 -0500
renpy,2013-02-13 10:59:52 -0800
renpy,2013-02-13 17:25:25 +0900
renpy,2013-02-13 16:55:53 +0900
renpy,2013-02-13 16:35:11 +0900
renpy,2013-02-13 13:38:00 +0900
renpy,2013-02-13 13:32:54 +0900
renpy,2013-02-12 17:59:18 -0500
renpy,2013-02-12 17:51:15 -0500
renpy,2013-02-12 17:37:57 -0500
renpy,2013-02-12 16:59:10 -0500
renpy,2013-02-12 12:35:00 -0500
renpy,2013-02-12 12:34:45 -0500
renpy,2013-02-12 06:50:22 -0800
renpy,2013-02-12 09:48:46 -0500
renpy,2013-02-12 09:34:56 -0500
renpy,2013-02-12 00:41:05 -0500
renpy,2013-02-12 00:24:40 -0500
renpy,2013-02-12 00:20:34 -0500
renpy,2013-02-12 00:03:28 -0500
renpy,2013-02-11 23:36:18 -0500
renpy,2013-02-11 23:59:46 +0900
renpy,2013-02-11 22:53:55 +0900
renpy,2013-02-10 21:41:51 -0500
renpy,2013-02-10 21:15:40 -0500
renpy,2013-02-10 07:41:36 -0500
renpy,2013-02-09 23:57:16 -0500
renpy,2013-02-09 23:45:10 -0500
renpy,2013-02-08 22:38:40 -0500
renpy,2013-02-08 22:32:26 -0500
renpy,2013-02-06 22:56:30 -0500
renpy,2013-02-03 23:25:12 -0500
renpy,2013-02-02 23:41:58 -0500
renpy,2013-02-02 00:46:31 -0500
renpy,2013-02-01 23:28:41 -0500
renpy,2013-02-01 01:55:43 -0500
renpy,2013-01-30 23:56:50 -0500
renpy,2013-01-29 23:26:36 -0500
renpy,2013-01-29 17:38:00 -0500
renpy,2013-01-29 17:22:23 -0500
renpy,2013-01-27 11:07:16 -0500
renpy,2013-01-26 23:34:25 -0500
renpy,2013-01-26 00:22:04 -0500
renpy,2013-01-25 23:43:44 -0500
renpy,2013-01-24 11:18:40 -0500
renpy,2013-01-24 00:49:00 -0500
renpy,2013-01-23 19:39:15 -0500
renpy,2013-01-23 19:24:57 -0500
renpy,2013-01-23 19:17:03 -0500
renpy,2013-01-22 13:44:03 -0500
renpy,2013-01-21 14:59:51 -0500
renpy,2013-01-20 23:47:25 -0500
renpy,2013-01-20 23:11:33 +0900
renpy,2013-01-20 22:58:37 +0900
renpy,2013-01-20 22:12:21 +0900
renpy,2013-01-20 21:44:17 +0900
renpy,2013-01-20 21:08:58 +0900
renpy,2013-01-20 17:30:06 +0900
renpy,2013-01-18 11:25:04 -0500
renpy,2013-01-17 23:54:13 -0500
renpy,2013-01-17 23:31:47 -0500
renpy,2013-01-16 22:53:27 -0500
renpy,2013-01-16 11:13:04 -0500
renpy,2013-01-16 11:12:42 -0500
renpy,2013-01-16 01:25:24 -0500
renpy,2013-01-16 01:23:33 -0500
renpy,2013-01-16 01:21:47 -0500
renpy,2013-01-16 00:47:55 -0500
renpy,2013-01-14 20:45:33 -0500
renpy,2013-01-14 18:18:54 -0500
renpy,2013-01-13 23:58:08 -0500
renpy,2013-01-13 23:39:05 -0500
renpy,2013-01-13 22:03:03 -0500
renpy,2013-01-13 21:03:47 -0500
renpy,2013-01-13 14:33:43 -0500
renpy,2013-01-13 14:32:56 -0500
renpy,2013-01-13 14:25:37 -0500
renpy,2013-01-13 14:22:11 -0500
renpy,2013-01-13 13:38:11 -0500
renpy,2013-01-12 22:32:42 -0500
renpy,2013-01-12 22:09:06 -0500
renpy,2013-01-12 20:55:39 -0500
renpy,2013-01-12 12:41:51 -0500
renpy,2013-01-11 12:47:54 -0500
renpy,2013-01-10 22:17:56 -0500
renpy,2013-01-10 21:57:45 -0500
renpy,2013-01-10 20:27:44 -0500
renpy,2013-01-10 20:14:38 -0500
renpy,2013-01-10 00:31:57 -0500
renpy,2013-01-10 00:24:07 -0500
renpy,2013-01-10 00:00:39 -0500
renpy,2013-01-09 23:57:55 -0500
renpy,2013-01-08 10:28:40 -0500
renpy,2013-01-07 23:57:20 -0500
renpy,2013-01-07 23:56:45 -0500
renpy,2013-01-06 23:08:49 -0500
renpy,2013-01-06 22:11:05 -0500
renpy,2013-01-06 21:54:50 -0500
renpy,2013-01-06 18:41:08 -0500
renpy,2013-01-06 13:55:15 -0500
renpy,2013-01-05 22:46:48 -0500
renpy,2013-01-05 22:43:24 -0500
renpy,2013-01-05 22:21:00 -0500
renpy,2013-01-05 22:02:09 -0500
renpy,2013-01-05 21:21:00 -0500
renpy,2013-01-05 14:15:38 -0500
renpy,2013-01-05 11:10:14 -0500
renpy,2013-01-05 00:10:30 -0500
renpy,2013-01-04 22:24:32 -0500
renpy,2013-01-03 23:50:25 -0500
renpy,2013-01-03 23:45:01 -0500
renpy,2013-01-02 23:48:58 -0500
renpy,2013-01-02 23:38:02 -0500
renpy,2013-01-02 22:08:34 -0500
renpy,2013-01-01 00:49:11 -0500
renpy,2013-01-01 00:39:08 -0500
renpy,2012-12-31 22:41:45 -0500
renpy,2012-12-29 22:52:30 -0500
renpy,2012-12-29 22:51:03 -0500
renpy,2012-12-29 22:50:19 -0500
renpy,2012-12-29 22:48:32 -0500
renpy,2012-12-29 22:46:52 -0500
renpy,2012-12-29 12:37:15 -0500
renpy,2012-12-29 12:28:11 -0500
renpy,2012-12-29 10:20:41 -0500
renpy,2012-12-29 00:48:56 -0500
renpy,2012-12-28 23:00:54 -0500
renpy,2012-12-28 01:06:42 -0500
renpy,2012-12-28 00:11:47 -0500
renpy,2012-12-27 23:55:50 -0500
renpy,2012-12-27 23:42:25 -0500
renpy,2012-12-27 18:42:56 +0000
renpy,2012-12-24 01:39:47 -0500
renpy,2012-12-24 01:37:44 -0500
renpy,2012-12-23 23:26:33 -0500
renpy,2012-12-23 23:23:11 -0500
renpy,2012-12-23 21:46:24 -0500
renpy,2012-12-22 23:59:22 -0500
renpy,2012-12-22 23:56:49 -0500
renpy,2012-12-22 17:30:36 -0500
renpy,2012-12-22 14:40:29 -0500
renpy,2012-12-19 15:32:37 -0500
renpy,2012-12-19 15:32:25 -0500
renpy,2012-12-17 23:57:29 -0500
renpy,2012-12-17 23:51:00 -0500
renpy,2012-12-17 23:49:15 -0500
renpy,2012-12-17 23:03:46 -0500
renpy,2012-12-17 09:57:30 -0500
renpy,2012-12-17 00:38:47 -0500
renpy,2012-12-16 21:51:38 -0500
renpy,2012-12-16 21:32:22 -0500
renpy,2012-12-16 18:25:33 -0500
renpy,2012-12-16 18:24:15 -0500
renpy,2012-12-15 14:36:12 -0500
renpy,2012-12-15 14:10:36 -0500
renpy,2012-12-15 14:10:22 -0500
renpy,2012-12-09 22:05:18 -0500
renpy,2012-12-09 13:41:00 -0500
renpy,2012-12-08 15:30:35 -0500
renpy,2012-12-08 14:51:36 -0500
renpy,2012-12-08 11:16:02 -0500
renpy,2012-12-08 10:55:54 -0500
renpy,2012-12-04 22:46:28 -0500
renpy,2012-12-04 22:46:14 -0500
renpy,2012-12-04 22:33:48 -0500
renpy,2012-12-03 00:11:58 -0500
renpy,2012-12-02 23:43:55 -0500
renpy,2012-12-02 14:00:34 -0500
renpy,2012-12-02 13:44:21 -0500
renpy,2012-12-02 13:22:03 -0500
renpy,2012-12-01 15:26:01 -0500
renpy,2012-12-01 15:08:53 -0500
renpy,2012-11-29 23:57:37 -0500
renpy,2012-11-28 00:10:31 -0500
renpy,2012-11-17 15:53:48 -0500
renpy,2012-11-17 15:12:10 -0500
renpy,2012-11-15 23:29:22 -0500
renpy,2012-11-15 00:11:07 -0500
renpy,2012-11-15 00:07:44 -0500
renpy,2012-11-11 20:52:52 -0500
renpy,2012-11-11 20:03:23 -0500
renpy,2012-11-07 22:35:16 -0500
renpy,2012-11-04 22:44:09 -0500
renpy,2012-11-04 17:50:49 -0500
renpy,2012-10-24 23:07:54 -0400
renpy,2012-10-21 23:15:05 -0400
renpy,2012-10-17 23:18:03 -0400
renpy,2012-12-03 00:12:39 -0500
renpy,2012-10-31 22:53:09 +0900
renpy,2012-10-29 19:47:41 -0400
renpy,2012-10-29 18:38:56 -0400
renpy,2012-10-17 22:09:40 -0400
renpy,2012-09-17 19:50:51 -0400
renpy,2012-09-17 09:20:31 -0700
renpy,2012-09-16 22:07:25 -0700
renpy,2012-09-16 22:01:43 -0700
renpy,2012-09-12 22:36:30 -0700
renpy,2012-09-12 23:11:28 -0400
renpy,2012-09-12 22:53:56 -0400
renpy,2012-09-11 22:55:45 -0400
renpy,2012-09-11 22:54:16 -0400
renpy,2012-09-11 22:52:56 -0400
renpy,2012-09-11 22:52:08 -0400
renpy,2012-09-11 19:02:13 -0400
renpy,2012-09-11 01:29:11 -0400
renpy,2012-09-11 01:28:40 -0400
renpy,2012-09-11 01:13:32 -0400
renpy,2012-09-11 00:24:30 -0400
renpy,2012-09-09 22:47:23 -0400
renpy,2012-09-07 00:21:06 -0400
renpy,2012-09-06 23:11:45 -0400
renpy,2012-09-04 22:29:38 -0400
renpy,2012-08-28 20:16:14 -0400
renpy,2012-08-28 19:42:32 -0400
renpy,2012-08-28 19:13:25 -0400
renpy,2012-08-27 19:28:21 +0200
renpy,2012-08-26 15:05:55 -0400
renpy,2012-08-24 17:46:31 -0400
renpy,2012-08-24 16:50:42 +0900
renpy,2012-08-23 23:10:49 -0400
renpy,2012-08-23 22:34:42 -0400
renpy,2012-08-23 22:30:07 -0400
renpy,2012-08-23 22:13:25 -0400
renpy,2012-08-23 21:11:14 -0400
renpy,2012-08-23 20:14:09 -0400
renpy,2012-08-22 22:42:03 -0400
renpy,2012-08-22 21:27:30 -0400
renpy,2012-08-20 21:24:27 -0400
renpy,2012-08-20 21:17:06 -0400
renpy,2012-08-20 21:15:15 -0400
renpy,2012-08-20 17:18:35 +0900
renpy,2012-08-19 09:47:04 -0400
renpy,2012-08-19 08:40:07 -0400
renpy,2012-08-19 21:04:06 +0900
renpy,2012-08-19 15:24:06 +0900
renpy,2012-08-19 13:25:40 +0900
renpy,2012-08-19 13:21:41 +0900
renpy,2012-08-19 10:16:29 +0900
renpy,2012-08-17 11:50:47 -0400
renpy,2012-08-16 20:55:30 -0400
renpy,2012-08-16 20:54:56 -0400
renpy,2012-08-16 17:21:39 -0400
renpy,2012-08-16 09:27:34 -0400
renpy,2012-08-15 22:05:57 -0400
renpy,2012-08-14 23:18:38 -0400
renpy,2012-08-09 23:05:29 -0400
renpy,2012-08-09 22:35:38 -0400
renpy,2012-08-09 22:09:03 -0400
renpy,2012-08-09 21:54:23 -0400
renpy,2012-08-09 21:38:02 -0400
renpy,2012-08-09 21:20:16 -0400
renpy,2012-08-09 21:20:03 -0400
renpy,2012-08-09 00:31:09 -0400
renpy,2012-08-09 00:18:14 -0400
renpy,2012-08-09 00:11:43 -0400
renpy,2012-08-09 00:06:03 -0400
renpy,2012-08-08 23:35:36 -0400
renpy,2012-08-08 17:33:11 -0700
renpy,2012-08-08 20:23:10 +0200
renpy,2012-08-08 00:48:18 -0400
renpy,2012-08-06 22:49:11 -0400
renpy,2012-08-06 22:34:44 -0400
renpy,2012-08-06 00:55:33 -0400
renpy,2012-08-06 00:52:01 -0400
renpy,2012-08-05 20:54:31 -0700
renpy,2012-08-05 23:36:33 -0400
renpy,2012-08-05 10:59:01 -0400
renpy,2012-08-05 02:26:42 -0400
renpy,2012-08-05 02:13:08 -0400
renpy,2012-08-05 01:24:42 -0400
renpy,2012-08-05 01:21:13 -0400
renpy,2012-07-31 23:31:17 -0400
renpy,2012-07-30 23:29:02 -0400
renpy,2012-07-30 12:58:44 -0400
renpy,2012-07-30 00:03:15 -0400
renpy,2012-07-29 22:20:30 -0400
renpy,2012-07-29 22:11:31 -0400
renpy,2012-07-29 19:40:31 -0400
renpy,2012-07-29 19:36:54 -0400
renpy,2012-07-29 19:32:57 -0400
renpy,2012-07-28 22:04:00 -0700
renpy,2012-07-28 21:22:41 -0700
renpy,2012-07-29 00:27:46 -0400
renpy,2012-07-28 23:55:37 -0400
renpy,2012-07-26 23:41:10 -0400
renpy,2012-07-26 00:37:23 -0400
renpy,2012-07-25 22:47:04 -0400
renpy,2012-07-25 19:04:20 -0700
renpy,2012-07-25 18:46:07 -0700
renpy,2012-07-25 22:16:24 +0200
renpy,2012-07-25 20:02:21 +0100
renpy,2012-07-25 00:12:18 -0400
renpy,2012-07-25 00:07:40 -0400
renpy,2012-07-25 00:00:35 -0400
renpy,2012-07-24 23:14:25 -0400
renpy,2012-07-24 22:54:22 -0400
renpy,2012-07-24 20:36:49 -0400
renpy,2012-07-24 17:30:47 -0700
renpy,2012-07-24 20:14:14 -0400
renpy,2012-07-24 20:07:40 -0400
renpy,2012-07-24 20:07:11 -0400
renpy,2012-07-24 00:15:34 +0100
renpy,2012-07-22 22:25:40 -0400
renpy,2012-07-22 22:10:05 -0400
renpy,2012-07-22 18:38:20 -0700
renpy,2012-07-22 21:32:48 -0400
renpy,2012-07-22 21:32:35 -0400
renpy,2012-07-22 21:03:18 -0400
renpy,2012-07-22 21:00:18 -0400
renpy,2012-07-22 20:23:56 -0400
renpy,2012-07-22 20:08:56 -0400
renpy,2012-07-22 19:29:51 -0400
renpy,2012-07-22 23:45:01 +0100
renpy,2012-07-22 18:06:30 -0400
renpy,2012-07-22 14:53:54 -0700
renpy,2012-07-22 17:52:49 -0400
renpy,2012-07-22 17:19:51 -0400
renpy,2012-07-22 15:54:08 -0400
renpy,2012-07-22 15:28:57 -0400
renpy,2012-07-22 15:17:24 -0400
renpy,2012-07-21 22:30:57 -0400
renpy,2012-07-22 00:41:44 +0100
renpy,2012-07-21 09:36:09 -0400
renpy,2012-07-21 09:35:12 -0400
renpy,2012-07-21 09:34:57 -0400
renpy,2012-07-21 08:30:59 -0400
renpy,2012-07-21 08:30:07 -0400
renpy,2012-07-20 23:43:35 -0400
renpy,2012-07-20 23:35:27 -0400
renpy,2012-07-20 23:17:13 -0400
renpy,2012-07-20 23:15:33 -0400
renpy,2012-07-20 00:33:41 -0400
renpy,2012-07-20 00:11:41 -0400
renpy,2012-07-20 00:06:19 -0400
renpy,2012-07-19 23:47:50 -0400
renpy,2012-07-19 23:12:44 -0400
renpy,2012-07-19 20:51:03 -0400
renpy,2012-07-19 17:29:56 -0700
renpy,2012-07-19 17:28:30 -0700
renpy,2012-07-18 23:21:37 -0400
renpy,2012-07-18 23:18:54 -0400
renpy,2012-07-18 23:12:59 -0400
renpy,2012-07-18 23:12:00 -0400
renpy,2012-07-18 23:00:32 -0400
renpy,2012-07-18 22:52:18 -0400
renpy,2012-07-18 22:46:53 -0400
renpy,2012-07-18 21:31:59 +0100
renpy,2012-07-18 00:11:37 -0400
renpy,2012-07-17 22:28:41 -0400
renpy,2012-07-17 02:06:32 -0700
renpy,2012-07-17 01:36:42 -0700
renpy,2012-07-16 00:18:24 -0700
renpy,2012-07-15 23:45:42 -0400
renpy,2012-07-15 21:46:51 -0400
renpy,2012-07-15 21:46:24 -0400
renpy,2012-07-15 21:06:35 -0400
renpy,2012-07-15 20:57:02 -0400
renpy,2012-07-15 20:55:55 -0400
renpy,2012-07-15 18:52:33 -0400
renpy,2012-07-15 18:52:14 -0400
renpy,2012-07-15 18:49:06 -0400
renpy,2012-07-15 18:33:10 -0400
renpy,2012-07-15 16:06:54 -0400
renpy,2012-07-14 22:46:09 -0400
renpy,2012-07-14 22:04:20 -0400
renpy,2012-07-14 21:34:39 -0400
renpy,2012-07-14 21:20:57 -0400
renpy,2012-07-14 21:00:20 -0400
renpy,2012-07-14 20:54:42 -0400
renpy,2012-07-14 20:45:14 -0400
renpy,2012-07-14 20:44:29 -0400
renpy,2012-07-10 18:54:39 -0700
renpy,2012-07-10 00:53:25 +0200
renpy,2012-07-09 00:05:21 -0400
renpy,2012-07-08 23:26:48 -0400
renpy,2012-07-08 22:42:25 -0400
renpy,2012-07-08 21:35:04 -0400
renpy,2012-07-08 20:48:34 -0400
renpy,2012-07-08 20:20:30 -0400
renpy,2012-07-08 17:15:08 -0400
renpy,2012-07-08 16:37:52 -0400
renpy,2012-07-08 16:25:33 -0400
renpy,2012-07-08 16:00:55 -0400
renpy,2012-07-08 15:47:49 -0400
renpy,2012-07-08 00:26:06 -0400
renpy,2012-07-08 00:22:57 -0400
renpy,2012-07-08 00:19:12 -0400
renpy,2012-07-07 21:42:49 -0400
renpy,2012-07-07 21:24:58 -0400
renpy,2012-07-07 00:13:34 -0400
renpy,2012-07-07 00:13:09 -0400
renpy,2012-07-06 23:37:41 -0400
renpy,2012-07-06 23:32:21 -0400
renpy,2012-07-06 23:15:34 -0400
renpy,2012-07-06 23:10:16 -0400
renpy,2012-07-06 23:09:31 -0400
renpy,2012-07-06 23:08:25 -0400
renpy,2012-07-05 01:04:42 -0400
renpy,2012-07-05 00:57:54 -0400
renpy,2012-07-05 00:30:11 -0400
renpy,2012-07-04 14:27:40 -0400
renpy,2012-07-04 01:25:53 -0400
renpy,2012-07-04 00:11:56 -0400
renpy,2012-07-02 00:28:58 -0400
renpy,2012-07-01 22:22:28 -0400
renpy,2012-07-01 22:21:08 -0400
renpy,2012-07-01 21:34:35 -0400
renpy,2012-07-01 20:58:00 -0400
renpy,2012-07-01 19:03:33 -0400
renpy,2012-07-01 16:05:57 -0400
renpy,2012-07-01 13:29:50 -0400
renpy,2012-07-01 13:18:33 -0400
renpy,2012-06-28 08:18:50 -0400
renpy,2012-06-28 00:06:09 -0400
renpy,2012-06-28 00:05:50 -0400
renpy,2012-06-28 00:04:57 -0400
renpy,2012-06-28 00:03:23 -0400
renpy,2012-06-27 22:35:08 -0400
renpy,2012-06-27 22:22:18 -0400
renpy,2012-06-27 20:59:38 -0400
renpy,2012-06-27 20:51:21 -0400
renpy,2012-06-27 01:05:47 -0400
renpy,2012-06-25 00:48:55 -0400
renpy,2012-06-23 20:09:22 -0400
renpy,2012-06-22 19:32:05 -0700
renpy,2012-06-22 17:45:31 -0400
renpy,2012-06-19 23:52:33 -0400
renpy,2012-06-19 00:25:04 -0400
renpy,2012-06-18 19:37:30 -0400
renpy,2012-06-18 18:52:31 -0400
renpy,2012-06-18 17:54:43 -0400
renpy,2012-06-18 09:31:11 -0400
renpy,2012-06-18 09:26:58 -0400
renpy,2012-06-18 00:11:00 -0400
renpy,2012-06-17 23:27:35 -0400
renpy,2012-06-17 21:46:14 -0400
renpy,2012-06-17 21:20:11 -0400
renpy,2012-06-17 18:26:05 -0400
renpy,2012-06-17 09:56:07 -0400
renpy,2012-06-14 01:23:51 -0400
renpy,2012-06-12 00:15:01 -0400
renpy,2012-06-12 00:09:22 -0400
renpy,2012-06-11 22:36:28 -0400
renpy,2012-06-10 16:54:20 -0400
renpy,2012-06-10 01:03:24 -0400
renpy,2012-06-09 23:56:48 -0400
renpy,2012-06-09 23:15:45 -0400
renpy,2012-06-09 21:29:26 -0400
renpy,2012-06-07 00:05:44 -0400
renpy,2012-06-06 23:50:58 -0400
renpy,2012-06-05 03:30:24 -0400
renpy,2012-06-05 03:29:18 -0400
renpy,2012-06-03 19:56:11 -0400
renpy,2012-06-03 19:27:02 -0400
renpy,2012-06-03 18:46:08 -0400
renpy,2012-06-03 16:58:22 -0400
renpy,2012-06-01 23:37:16 -0400
renpy,2012-06-01 01:02:43 -0400
renpy,2012-05-23 00:25:32 -0400
renpy,2012-05-22 00:14:17 -0400
renpy,2012-05-22 00:02:15 -0400
renpy,2012-05-20 16:42:23 -0400
renpy,2012-05-20 15:34:16 -0400
renpy,2012-05-19 23:05:10 -0400
renpy,2012-05-19 23:00:01 -0400
renpy,2012-05-17 10:11:07 -0400
renpy,2012-05-16 23:55:19 -0400
renpy,2012-05-16 23:46:32 -0400
renpy,2012-05-15 00:08:58 -0400
renpy,2012-05-15 00:08:44 -0400
renpy,2012-05-13 12:57:52 -0400
renpy,2012-05-12 23:35:39 -0400
renpy,2012-05-12 22:44:27 -0400
renpy,2012-05-12 00:42:01 -0400
renpy,2012-05-11 00:16:34 -0400
renpy,2012-05-09 00:25:38 -0400
renpy,2012-05-09 00:25:28 -0400
renpy,2012-05-08 19:52:27 -0400
renpy,2012-05-08 00:03:05 -0400
renpy,2012-05-07 23:41:27 -0400
renpy,2012-05-07 21:00:56 -0400
renpy,2012-05-06 17:26:16 -0400
renpy,2012-05-03 23:12:04 -0400
renpy,2012-05-03 23:11:43 -0400
renpy,2012-05-03 21:01:04 -0400
renpy,2012-04-29 23:24:43 -0400
renpy,2012-04-23 22:59:11 -0400
renpy,2012-04-22 19:25:28 -0400
renpy,2012-04-17 22:02:06 -0400
renpy,2012-04-17 20:58:26 -0400
renpy,2012-04-17 20:55:37 -0400
renpy,2012-04-17 20:55:12 -0400
renpy,2012-04-13 00:35:57 -0400
renpy,2012-04-12 20:44:16 -0400
renpy,2012-04-12 19:46:45 -0400
renpy,2012-04-12 18:03:15 -0400
renpy,2012-04-11 23:23:25 -0400
renpy,2012-04-11 23:05:04 -0400
renpy,2012-04-09 17:27:49 -0400
renpy,2012-04-03 22:17:46 -0400
renpy,2012-03-27 22:37:23 -0400
renpy,2012-03-27 22:25:29 -0400
renpy,2012-03-27 21:59:42 -0400
renpy,2012-03-25 10:37:38 -0400
renpy,2012-03-25 10:20:00 -0400
renpy,2012-03-24 23:04:38 -0400
renpy,2012-03-24 23:04:28 -0400
renpy,2012-03-24 22:57:12 -0400
renpy,2012-03-24 22:46:11 -0400
renpy,2012-03-24 21:55:29 -0400
renpy,2012-03-24 18:15:30 -0400
renpy,2012-03-24 16:54:47 -0400
renpy,2012-03-23 23:34:13 -0400
renpy,2012-03-11 10:23:41 -0400
renpy,2012-03-10 17:45:52 -0500
renpy,2012-03-08 16:43:53 -0500
renpy,2012-03-08 00:00:36 -0500
renpy,2012-03-07 23:59:58 -0500
renpy,2012-03-07 19:48:40 -0500
renpy,2012-03-07 17:01:08 -0500
renpy,2012-03-07 01:33:39 -0500
renpy,2012-03-06 22:30:43 -0500
renpy,2012-03-06 21:54:04 -0500
renpy,2012-03-06 12:39:52 -0500
renpy,2012-03-06 11:36:43 -0500
renpy,2012-03-05 22:45:08 -0500
renpy,2012-03-05 22:43:16 -0500
renpy,2012-03-05 22:20:37 -0500
renpy,2012-03-05 21:18:39 -0500
renpy,2012-03-05 14:03:23 -0500
renpy,2012-03-01 23:24:21 -0500
renpy,2012-02-29 22:50:09 -0500
renpy,2012-02-29 01:05:53 -0500
renpy,2012-02-27 23:43:53 -0500
renpy,2012-02-26 23:04:36 -0500
renpy,2012-02-26 22:33:11 -0500
renpy,2012-02-26 19:40:55 -0500
renpy,2012-01-30 17:56:05 -0500
renpy,2012-01-24 23:48:35 -0500
renpy,2012-01-18 21:44:51 -0500
renpy,2012-01-17 22:27:48 -0500
renpy,2012-01-15 09:50:38 -0500
renpy,2012-01-11 22:51:45 -0500
renpy,2012-01-11 22:46:55 -0500
renpy,2012-01-11 22:45:55 -0500
renpy,2012-01-11 22:27:27 -0500
renpy,2012-01-07 19:58:10 -0500
renpy,2012-01-07 19:32:35 -0500
renpy,2012-01-07 19:12:15 -0500
renpy,2012-01-07 17:53:25 -0500
renpy,2012-01-07 17:53:01 -0500
renpy,2012-01-05 22:44:41 -0500
renpy,2012-01-05 21:55:08 -0500
renpy,2012-01-05 20:44:38 -0500
renpy,2012-01-05 20:18:20 -0500
renpy,2012-01-04 22:28:20 -0500
renpy,2012-01-01 00:20:06 -0500
renpy,2012-01-01 00:18:02 -0500
renpy,2011-12-31 23:56:11 -0500
renpy,2011-12-31 23:55:57 -0500
renpy,2011-12-31 23:55:43 -0500
renpy,2011-12-31 23:03:00 -0500
renpy,2011-12-31 19:14:20 -0500
renpy,2011-12-26 23:53:23 -0500
renpy,2011-12-25 12:17:11 -0500
renpy,2011-12-18 21:41:22 -0500
renpy,2011-12-17 23:26:23 -0500
renpy,2011-12-17 23:24:29 -0500
renpy,2011-12-14 22:45:26 -0500
renpy,2011-12-14 22:35:51 -0500
renpy,2011-11-30 21:47:00 -0500
renpy,2011-11-27 15:22:11 -0500
renpy,2011-11-27 14:46:17 -0500
renpy,2011-11-24 12:29:13 -0500
renpy,2011-11-23 22:56:07 -0500
renpy,2011-11-22 23:25:56 -0500
renpy,2011-11-22 22:42:49 -0500
renpy,2011-11-19 22:55:38 -0500
renpy,2011-11-19 16:23:33 -0500
renpy,2011-11-19 00:58:06 -0500
renpy,2011-11-13 22:15:40 -0500
renpy,2011-11-11 23:46:23 -0500
renpy,2011-11-11 22:17:09 -0500
renpy,2011-11-09 22:43:26 -0500
renpy,2011-11-07 21:14:13 -0500
renpy,2011-11-06 23:37:00 -0500
renpy,2011-11-06 23:36:27 -0500
renpy,2011-10-30 19:06:01 -0400
renpy,2011-10-24 23:36:49 -0400
renpy,2011-10-23 22:04:36 -0400
renpy,2011-10-20 19:26:15 -0400
renpy,2011-10-18 22:02:59 -0400
renpy,2011-10-18 21:54:17 -0400
renpy,2011-10-16 22:37:38 -0400
renpy,2011-10-15 14:49:45 -0400
renpy,2011-10-13 01:05:20 -0400
renpy,2011-10-13 00:20:19 -0400
renpy,2011-10-12 22:53:27 -0400
renpy,2011-10-10 23:33:30 -0400
renpy,2011-10-09 10:06:19 -0400
renpy,2011-10-08 12:18:34 -0400
renpy,2011-10-08 10:38:46 -0400
renpy,2011-10-06 17:54:46 -0400
renpy,2011-10-06 17:54:04 -0400
renpy,2011-10-06 08:22:35 -0400
renpy,2011-10-05 18:58:48 -0400
renpy,2011-10-04 23:33:49 -0400
renpy,2011-10-04 23:29:26 -0400
renpy,2011-10-02 20:58:51 -0400
renpy,2011-10-02 15:14:10 -0400
renpy,2011-10-02 10:30:06 -0400
renpy,2011-09-30 17:00:20 -0400
renpy,2011-09-29 23:56:35 -0400
renpy,2011-09-29 17:20:45 -0400
renpy,2011-09-29 00:31:52 -0400
renpy,2011-09-28 22:38:33 -0400
renpy,2011-09-28 22:35:28 -0400
renpy,2011-09-28 18:20:24 -0400
renpy,2011-09-27 21:57:31 -0400
renpy,2011-09-27 20:13:30 -0400
renpy,2011-09-27 20:09:02 -0400
renpy,2011-09-27 20:02:31 -0400
renpy,2011-09-27 19:07:16 -0400
renpy,2011-09-26 22:38:38 -0400
renpy,2011-09-26 22:13:21 -0400
renpy,2011-09-25 22:00:45 -0400
renpy,2011-09-25 21:19:35 -0400
renpy,2011-09-25 18:38:48 -0400
renpy,2011-09-24 23:31:41 -0400
renpy,2011-09-20 22:53:24 -0400
renpy,2011-09-18 14:52:12 -0400
renpy,2011-09-18 14:00:56 -0400
renpy,2011-09-18 13:58:08 -0400
renpy,2011-09-18 13:31:42 -0400
renpy,2011-09-11 12:37:58 -0400
renpy,2011-09-11 12:35:22 -0400
renpy,2011-09-11 11:34:00 -0400
renpy,2011-09-11 09:35:45 -0400
renpy,2011-09-07 23:35:30 -0400
renpy,2011-09-05 09:47:00 -0400
renpy,2011-09-05 09:42:37 -0400
renpy,2011-09-04 14:58:58 -0400
renpy,2011-09-04 14:29:40 -0400
renpy,2011-09-04 13:38:25 -0400
renpy,2011-09-04 13:19:53 -0400
renpy,2011-09-04 11:39:27 -0400
renpy,2011-09-03 22:06:39 -0400
renpy,2011-09-03 21:35:57 -0400
renpy,2011-09-02 18:20:22 -0400
renpy,2011-09-02 08:59:37 -0400
renpy,2011-09-02 07:45:28 -0400
renpy,2011-09-01 21:01:39 -0400
renpy,2011-09-01 20:37:57 -0400
renpy,2011-09-01 19:56:47 -0400
renpy,2011-09-01 16:55:37 -0400
renpy,2011-08-31 20:34:32 -0400
renpy,2011-08-31 17:07:42 -0400
renpy,2011-08-31 15:28:15 -0400
renpy,2011-08-30 22:04:50 -0400
renpy,2011-08-30 19:30:33 -0400
renpy,2011-08-30 17:35:59 -0400
renpy,2011-08-30 16:43:16 -0400
renpy,2011-08-30 16:19:40 -0400
renpy,2011-08-27 23:47:19 -0400
renpy,2011-08-27 22:44:33 -0400
renpy,2011-08-27 21:01:50 -0400
renpy,2011-08-27 20:22:50 -0400
renpy,2011-08-27 16:11:43 -0400
renpy,2011-08-26 21:43:48 -0400
renpy,2011-08-26 21:17:03 -0400
renpy,2011-08-26 14:05:37 -0400
renpy,2011-08-25 22:33:35 -0400
renpy,2011-08-25 00:02:39 -0400
renpy,2011-08-24 12:45:23 -0400
renpy,2011-08-23 23:47:40 -0400
renpy,2011-08-23 22:07:55 -0400
renpy,2011-08-22 21:37:25 -0400
renpy,2011-08-22 20:32:38 -0400
renpy,2011-08-22 20:08:40 -0400
renpy,2011-08-22 19:30:17 -0400
renpy,2011-08-22 19:28:34 -0400
renpy,2011-08-22 19:15:00 -0400
renpy,2011-08-20 21:53:42 -0400
renpy,2011-08-20 21:45:37 -0400
renpy,2011-08-20 17:08:07 -0400
renpy,2011-08-19 23:04:44 -0400
renpy,2011-08-19 22:49:53 -0400
renpy,2011-08-19 22:42:07 -0400
renpy,2011-08-19 22:41:15 -0400
renpy,2011-08-18 12:05:58 -0400
renpy,2011-08-17 22:10:51 -0400
renpy,2011-08-17 21:42:35 -0400
renpy,2011-08-16 21:21:11 -0400
renpy,2011-08-16 20:36:24 -0400
renpy,2011-08-16 19:16:52 -0400
renpy,2011-08-15 21:42:36 -0400
renpy,2011-08-15 21:25:44 -0400
renpy,2011-08-15 21:01:31 -0400
renpy,2011-08-15 13:57:06 -0400
renpy,2011-08-15 13:49:09 -0400
renpy,2011-08-14 09:46:45 -0400
renpy,2011-08-14 09:31:53 -0400
renpy,2011-08-13 22:05:18 -0400
renpy,2011-08-11 23:50:44 -0400
renpy,2011-08-11 20:18:41 -0400
renpy,2011-08-11 17:48:49 -0400
renpy,2011-08-11 15:41:17 -0400
renpy,2011-08-11 15:21:00 -0400
renpy,2011-08-10 00:04:15 -0400
renpy,2011-08-08 21:57:42 -0400
renpy,2011-08-08 21:57:05 -0400
renpy,2011-08-08 21:56:51 -0400
renpy,2011-08-08 20:47:39 -0400
renpy,2011-08-08 13:44:28 -0400
renpy,2011-08-08 08:21:15 -0400
renpy,2011-08-07 23:09:37 -0400
renpy,2011-08-07 20:46:29 -0400
renpy,2011-08-07 16:46:35 -0400
renpy,2011-08-07 14:30:04 -0400
renpy,2011-08-06 23:28:50 -0400
renpy,2011-08-06 23:22:43 -0400
renpy,2011-08-06 23:19:05 -0400
renpy,2011-08-06 22:59:31 -0400
renpy,2011-08-06 22:36:39 -0400
renpy,2011-08-06 22:31:05 -0400
renpy,2011-08-06 14:57:05 -0400
renpy,2011-08-06 14:20:02 -0400
renpy,2011-08-06 12:42:17 -0400
renpy,2011-08-05 08:41:59 -0400
renpy,2011-08-05 08:37:53 -0400
renpy,2011-08-05 07:13:03 -0400
renpy,2011-08-04 22:41:43 -0400
renpy,2011-08-03 21:12:57 -0400
renpy,2011-08-03 07:34:39 -0400
renpy,2011-08-02 23:08:23 -0400
renpy,2011-08-02 12:39:20 -0400
renpy,2011-08-02 07:41:30 -0400
renpy,2011-08-01 23:58:33 -0400
renpy,2011-08-01 23:41:30 -0400
renpy,2011-08-01 22:11:50 -0400
renpy,2011-07-31 14:07:49 -0400
renpy,2011-07-30 22:09:27 -0400
renpy,2011-07-30 21:32:02 -0400
renpy,2011-07-29 20:44:59 -0400
renpy,2011-07-29 20:37:28 -0400
renpy,2011-07-29 19:48:06 -0400
renpy,2011-07-28 22:04:14 -0400
renpy,2011-07-28 21:59:26 -0400
renpy,2011-07-28 19:52:27 -0400
renpy,2011-07-28 19:13:29 -0400
renpy,2011-07-27 22:23:00 -0400
renpy,2011-07-27 16:06:55 -0400
renpy,2011-07-27 15:58:52 -0400
renpy,2011-07-26 21:38:49 -0400
renpy,2011-07-25 21:48:25 -0400
renpy,2011-07-24 17:40:44 -0400
renpy,2011-07-23 20:00:34 -0400
renpy,2011-07-23 19:43:53 -0400
renpy,2011-07-23 18:58:51 -0400
renpy,2011-07-23 18:39:48 -0400
renpy,2011-07-23 18:37:36 -0400
renpy,2011-07-22 13:33:05 -0400
renpy,2011-07-22 13:27:28 -0400
renpy,2011-07-21 21:13:27 -0400
renpy,2011-07-21 16:10:11 -0400
renpy,2011-07-21 15:40:46 -0400
renpy,2011-07-21 13:32:10 -0400
renpy,2011-07-21 13:10:07 -0400
renpy,2011-07-21 12:08:44 -0400
renpy,2011-07-20 23:05:38 -0400
renpy,2011-07-20 22:29:14 -0400
renpy,2011-07-20 06:47:28 -0400
renpy,2011-07-18 22:36:29 -0400
renpy,2011-07-17 21:22:59 -0400
renpy,2011-07-17 14:39:10 -0400
renpy,2011-07-17 12:15:09 -0400
renpy,2011-07-16 21:21:39 -0400
renpy,2011-07-16 10:55:00 -0400
renpy,2011-07-15 22:29:23 -0400
renpy,2011-07-15 21:44:30 -0400
renpy,2011-07-14 21:54:25 -0400
renpy,2011-07-14 21:37:13 -0400
renpy,2011-07-14 21:12:30 -0400
renpy,2011-07-14 11:28:51 -0400
renpy,2011-07-13 00:49:14 -0400
renpy,2011-07-12 23:49:19 -0400
renpy,2011-07-10 21:41:44 -0400
renpy,2011-07-02 21:53:29 -0400
renpy,2011-07-02 20:34:55 -0400
renpy,2011-06-23 22:09:28 -0400
renpy,2011-06-22 23:23:14 -0400
renpy,2011-06-22 22:24:21 -0400
renpy,2011-06-22 17:52:31 -0400
renpy,2011-06-22 16:13:17 -0400
renpy,2011-06-22 13:54:50 -0400
renpy,2011-06-22 00:23:15 -0400
renpy,2011-06-21 23:19:27 -0400
renpy,2011-06-21 22:53:47 -0400
renpy,2011-06-20 22:32:33 -0400
renpy,2011-06-20 00:17:51 -0400
renpy,2011-06-19 23:25:33 -0400
renpy,2011-06-19 22:55:21 -0400
renpy,2011-06-19 14:45:29 -0400
renpy,2011-06-19 13:56:40 -0400
renpy,2011-06-19 12:32:36 -0400
renpy,2011-06-19 08:45:05 -0400
renpy,2011-06-19 08:35:37 -0400
renpy,2011-06-18 22:48:13 -0400
renpy,2011-06-18 09:50:26 -0400
renpy,2011-06-16 22:58:28 -0400
renpy,2011-06-16 21:53:11 -0400
renpy,2011-06-16 16:04:59 -0400
renpy,2011-06-16 08:52:35 -0400
renpy,2011-06-16 01:36:47 -0400
renpy,2011-06-15 23:52:21 -0400
renpy,2011-06-15 12:57:14 -0400
renpy,2011-06-15 09:51:31 -0400
renpy,2011-06-14 23:30:50 -0400
renpy,2011-06-13 10:14:11 -0400
renpy,2011-06-12 22:16:33 -0400
renpy,2011-06-11 23:54:22 -0400
renpy,2011-06-11 15:24:14 -0400
renpy,2011-06-11 12:17:23 -0400
renpy,2011-06-11 00:44:43 -0400
renpy,2011-06-10 20:26:00 -0400
renpy,2011-06-10 07:28:21 -0400
renpy,2011-06-09 00:44:08 -0400
renpy,2011-06-08 15:58:01 -0400
renpy,2011-06-08 11:24:50 -0400
renpy,2011-06-08 00:22:02 -0400
renpy,2011-06-07 23:55:04 -0400
renpy,2011-06-07 11:34:52 -0400
renpy,2011-06-07 01:19:55 -0400
renpy,2011-06-06 15:30:27 -0400
renpy,2011-06-06 13:10:50 -0400
renpy,2011-06-06 01:13:10 -0400
renpy,2011-06-05 23:55:16 -0400
renpy,2011-06-01 14:00:39 -0400
renpy,2011-06-01 13:59:39 -0400
renpy,2011-06-01 00:43:14 -0400
renpy,2011-05-31 01:37:27 -0400
renpy,2011-05-30 12:33:13 -0400
renpy,2011-05-29 16:49:58 -0400
renpy,2011-05-28 11:14:32 -0400
renpy,2011-05-28 00:24:43 -0400
renpy,2011-05-28 00:22:52 -0400
renpy,2011-05-22 14:34:44 -0400
renpy,2011-05-22 00:26:48 -0400
renpy,2011-05-21 22:04:24 -0400
renpy,2011-05-16 22:57:25 -0400
renpy,2011-05-16 21:23:02 -0400
renpy,2011-05-15 16:28:16 -0400
renpy,2011-05-11 14:29:44 -0400
renpy,2011-05-04 21:56:31 -0400
renpy,2011-05-04 18:46:21 -0400
renpy,2011-05-04 17:36:18 -0400
renpy,2011-05-03 13:07:15 -0400
renpy,2011-05-02 21:14:38 -0400
renpy,2011-05-01 12:06:58 -0400
renpy,2011-04-30 18:15:04 -0400
renpy,2011-04-30 12:17:00 -0400
renpy,2011-04-29 00:06:37 -0400
renpy,2011-04-28 21:19:02 -0400
renpy,2011-04-26 18:53:31 -0400
renpy,2011-04-24 19:31:27 -0400
renpy,2011-04-24 18:58:05 -0400
renpy,2011-04-24 18:27:27 -0400
renpy,2011-04-24 18:17:28 -0400
renpy,2011-04-24 16:57:59 -0400
renpy,2011-04-24 16:48:03 -0400
renpy,2011-04-24 09:53:07 -0400
renpy,2011-04-24 01:21:34 -0400
renpy,2011-04-24 01:16:34 -0400
renpy,2011-04-23 17:52:43 -0400
renpy,2011-04-23 17:51:39 -0400
renpy,2011-04-23 17:29:46 -0400
renpy,2011-04-23 17:03:33 -0400
renpy,2011-04-23 12:52:29 -0400
renpy,2011-04-23 00:31:25 -0400
renpy,2011-04-22 01:06:48 -0400
renpy,2011-04-22 00:18:30 -0400
renpy,2011-04-18 22:21:12 -0400
renpy,2011-04-18 22:14:29 -0400
renpy,2011-04-18 20:58:34 -0400
renpy,2011-04-18 20:57:50 -0400
renpy,2011-04-18 00:38:41 -0400
renpy,2011-04-17 15:06:42 -0400
renpy,2011-04-17 00:20:42 -0400
renpy,2011-04-16 23:53:51 -0400
renpy,2011-04-16 23:47:36 -0400
renpy,2011-04-16 17:53:57 -0400
renpy,2011-04-16 17:43:14 -0400
renpy,2011-04-16 17:38:44 -0400
renpy,2011-04-16 16:38:10 -0400
renpy,2011-04-16 15:38:48 -0400
renpy,2011-04-14 23:13:54 -0400
renpy,2011-04-14 21:31:22 -0400
renpy,2011-04-08 22:40:11 -0400
renpy,2011-04-08 22:31:21 -0400
renpy,2011-04-07 21:54:15 -0400
renpy,2011-04-07 21:44:06 -0400
renpy,2011-04-07 12:20:07 -0400
renpy,2011-04-05 23:10:20 -0400
renpy,2011-04-05 22:13:22 -0400
renpy,2011-04-05 21:47:06 -0400
renpy,2011-04-05 00:32:55 -0400
renpy,2011-04-04 22:16:52 -0400
renpy,2011-04-04 00:15:51 -0400
renpy,2011-04-03 12:06:49 -0400
renpy,2011-04-03 11:32:39 -0400
renpy,2011-04-02 23:38:15 -0400
renpy,2011-04-02 16:13:15 -0400
renpy,2011-04-02 10:55:44 -0400
renpy,2011-04-01 22:26:20 -0400
renpy,2011-03-31 11:54:33 -0400
renpy,2011-03-31 00:56:38 -0400
renpy,2011-03-31 00:25:29 -0400
renpy,2011-03-30 21:46:05 -0400
renpy,2011-03-30 00:42:03 -0400
renpy,2011-03-29 23:55:02 -0400
renpy,2011-03-29 00:07:09 -0400
renpy,2011-03-28 00:59:11 -0400
renpy,2011-03-26 10:20:11 -0400
renpy,2011-03-26 09:40:36 -0400
renpy,2011-03-26 00:21:50 -0400
renpy,2011-03-26 00:06:44 -0400
renpy,2011-03-25 16:00:16 -0400
renpy,2011-03-25 11:03:25 -0400
renpy,2011-03-25 09:41:05 -0400
renpy,2011-03-31 18:47:17 -0400
renpy,2011-03-31 18:46:01 -0400
renpy,2011-03-31 17:52:10 -0400
renpy,2011-03-24 22:32:39 -0400
renpy,2011-03-24 22:31:55 -0400
renpy,2011-03-24 22:27:26 -0400
renpy,2011-03-22 00:59:30 -0400
renpy,2011-03-22 00:59:30 -0400
renpy,2011-03-21 00:11:56 -0400
renpy,2011-03-21 00:07:28 -0400
renpy,2011-03-20 23:52:59 -0400
renpy,2011-03-20 20:31:37 -0400
renpy,2011-03-20 14:17:39 -0400
renpy,2011-03-20 12:25:56 -0400
renpy,2011-03-19 21:29:38 -0400
renpy,2011-03-15 00:48:14 -0400
renpy,2011-03-06 15:18:55 -0500
renpy,2011-03-05 11:32:57 -0500
renpy,2011-03-01 23:23:00 -0500
renpy,2011-02-23 23:42:33 -0500
renpy,2011-02-21 23:26:14 -0500
renpy,2011-02-15 22:19:46 -0500
renpy,2011-02-15 22:13:58 -0500
renpy,2011-02-15 21:43:19 -0500
renpy,2011-02-08 20:32:39 -0500
renpy,2011-02-07 09:54:54 -0500
renpy,2011-02-06 17:38:30 -0500
renpy,2011-02-06 16:09:40 -0500
renpy,2011-02-06 10:51:20 -0500
renpy,2011-02-06 09:48:03 -0500
renpy,2011-02-05 21:28:37 -0500
renpy,2011-02-05 21:06:39 -0500
renpy,2011-02-05 20:17:00 -0500
renpy,2011-02-05 16:53:14 -0500
renpy,2011-02-05 13:58:15 -0500
renpy,2011-02-03 23:53:57 -0500
renpy,2011-02-03 22:14:29 -0500
renpy,2011-02-03 21:39:57 -0500
renpy,2011-02-03 00:20:03 -0500
renpy,2011-02-02 00:30:44 -0500
renpy,2011-02-02 00:24:48 -0500
renpy,2011-01-30 21:50:36 -0500
renpy,2011-01-30 20:46:41 -0500
renpy,2011-01-30 20:38:14 -0500
renpy,2011-01-30 19:47:49 -0500
renpy,2011-01-30 09:19:21 -0500
renpy,2011-01-30 09:03:36 -0500
renpy,2011-01-30 08:35:54 -0500
renpy,2011-01-29 18:26:49 -0500
renpy,2011-01-29 12:16:36 -0500
renpy,2011-01-29 10:44:33 -0500
renpy,2011-01-29 09:27:48 -0500
renpy,2011-01-29 00:23:53 -0500
renpy,2011-01-28 00:29:48 -0500
renpy,2011-01-28 00:26:24 -0500
renpy,2011-01-28 00:10:38 -0500
renpy,2011-01-27 21:51:14 -0500
renpy,2011-01-27 19:07:19 -0500
renpy,2011-01-27 18:36:10 -0500
renpy,2011-01-27 01:58:18 -0500
renpy,2011-01-27 01:17:27 -0500
renpy,2011-01-27 00:07:16 -0500
renpy,2011-01-26 23:24:54 -0500
renpy,2011-01-26 16:30:44 -0500
renpy,2011-01-25 21:36:11 -0500
renpy,2011-01-24 23:33:36 -0500
renpy,2011-01-24 23:33:31 -0500
renpy,2011-01-24 22:28:58 -0500
renpy,2011-01-24 21:12:33 -0500
renpy,2011-01-24 19:28:43 -0500
renpy,2011-01-23 23:57:49 -0500
renpy,2011-01-22 21:02:57 -0500
renpy,2011-01-22 13:35:26 -0500
renpy,2011-01-22 10:55:47 -0500
renpy,2011-01-21 23:13:22 -0500
renpy,2011-01-21 22:42:34 -0500
renpy,2011-01-21 22:36:40 -0500
renpy,2011-01-21 00:20:33 -0500
renpy,2011-01-19 23:45:07 -0500
renpy,2011-01-19 00:19:21 -0500
renpy,2011-01-18 23:04:14 -0500
renpy,2011-01-18 21:01:21 -0500
renpy,2011-01-17 23:04:27 -0500
renpy,2011-01-17 23:03:18 -0500
renpy,2011-01-17 22:01:44 -0500
renpy,2011-01-16 14:03:17 -0500
renpy,2011-01-16 13:59:42 -0500
renpy,2011-01-16 11:13:35 -0500
renpy,2011-01-15 23:21:28 -0500
renpy,2011-01-15 21:35:03 -0500
renpy,2011-01-15 20:13:56 -0500
renpy,2011-01-15 19:24:24 -0500
renpy,2011-01-15 19:05:58 -0500
renpy,2011-01-15 18:54:38 -0500
renpy,2011-01-15 18:19:04 -0500
renpy,2011-01-15 16:59:47 -0500
renpy,2011-01-15 13:53:58 -0500
renpy,2011-01-15 00:10:53 -0500
renpy,2011-01-14 09:39:07 -0500
renpy,2011-01-13 01:09:51 -0500
renpy,2011-01-13 01:06:09 -0500
renpy,2011-01-13 00:20:23 -0500
renpy,2011-01-12 23:59:25 -0500
renpy,2011-01-10 02:06:00 -0500
renpy,2011-01-09 22:44:14 -0500
renpy,2011-01-09 18:14:52 -0500
renpy,2011-01-09 00:25:44 -0500
renpy,2011-01-08 23:42:13 -0500
renpy,2011-01-08 01:41:29 -0500
renpy,2011-01-08 01:15:39 -0500
renpy,2011-01-08 00:16:16 -0500
renpy,2011-01-07 23:39:14 -0500
renpy,2011-01-04 01:57:10 -0500
renpy,2011-01-04 01:37:33 -0500
renpy,2011-01-01 01:03:43 -0500
renpy,2011-01-01 00:47:13 -0500
renpy,2011-01-01 00:46:29 -0500
renpy,2010-12-29 23:54:46 -0500
renpy,2010-12-29 23:54:22 -0500
renpy,2010-12-29 23:52:37 -0500
renpy,2010-12-29 00:57:54 -0500
renpy,2010-12-29 00:34:33 -0500
renpy,2010-12-28 00:09:13 -0500
renpy,2010-12-26 21:10:31 -0500
renpy,2010-12-25 10:13:22 -0500
renpy,2010-12-25 02:34:23 -0500
renpy,2010-12-24 16:19:26 -0500
renpy,2010-12-24 01:25:31 -0500
renpy,2010-12-23 11:21:53 -0500
renpy,2010-12-23 01:29:23 -0500
renpy,2010-12-23 00:40:25 -0500
renpy,2010-12-22 01:12:57 -0500
renpy,2010-12-21 00:01:59 -0500
renpy,2010-12-20 22:39:55 -0500
renpy,2010-12-16 21:56:50 -0500
renpy,2010-12-16 11:29:23 -0500
renpy,2010-12-15 23:20:00 -0500
renpy,2010-12-15 23:12:08 -0500
renpy,2010-12-14 21:43:48 -0500
renpy,2010-12-14 21:39:51 -0500
renpy,2010-12-14 11:51:54 -0500
renpy,2010-12-12 16:26:05 -0500
renpy,2010-12-05 16:46:21 -0500
renpy,2010-12-05 16:43:56 -0500
renpy,2010-12-05 13:04:22 -0500
renpy,2010-12-05 00:17:48 -0500
renpy,2010-12-04 00:49:02 -0500
renpy,2010-11-29 22:28:42 -0500
renpy,2010-11-28 16:29:47 -0500
renpy,2010-11-23 12:00:47 -0500
renpy,2010-11-16 23:08:49 -0500
renpy,2010-11-14 23:02:07 -0500
renpy,2010-11-08 19:39:32 -0500
renpy,2010-11-07 22:15:15 -0500
renpy,2010-11-06 23:54:56 -0400
renpy,2010-11-05 22:34:38 -0400
renpy,2010-11-04 00:06:55 -0400
renpy,2010-11-01 08:01:12 -0400
renpy,2010-10-31 23:18:29 -0400
renpy,2010-10-31 23:10:48 -0400
renpy,2010-10-26 22:12:50 -0400
renpy,2010-10-24 18:06:36 -0400
renpy,2010-10-24 14:59:33 -0400
renpy,2010-10-23 14:14:27 -0400
renpy,2010-10-23 00:13:53 -0400
renpy,2010-10-22 01:15:41 -0400
renpy,2010-10-21 23:26:41 -0400
renpy,2010-10-21 22:56:54 -0400
renpy,2010-10-21 22:34:44 -0400
renpy,2010-10-21 20:15:49 -0400
renpy,2010-10-21 19:47:21 -0400
renpy,2010-10-20 01:09:56 -0400
renpy,2010-10-20 00:57:07 -0400
renpy,2010-10-20 00:47:10 -0400
renpy,2010-10-20 00:38:32 -0400
renpy,2010-10-17 02:02:33 -0400
renpy,2010-10-16 23:33:14 -0400
renpy,2010-10-16 19:06:28 -0400
renpy,2010-10-11 18:20:48 -0400
renpy,2010-10-09 18:13:11 -0400
renpy,2010-10-09 13:50:34 -0400
renpy,2010-10-09 13:22:10 -0400
renpy,2010-10-09 12:41:55 -0400
renpy,2010-10-09 11:26:41 -0400
renpy,2010-10-09 10:52:11 -0400
renpy,2010-10-09 02:37:12 -0400
renpy,2010-10-09 00:25:58 -0400
renpy,2010-10-08 18:48:39 -0400
renpy,2010-10-08 01:04:20 -0400
renpy,2010-10-06 00:25:07 -0400
renpy,2010-10-05 23:09:11 -0400
renpy,2010-10-05 22:58:53 -0400
renpy,2010-10-03 23:57:21 -0400
renpy,2010-10-03 23:09:32 -0400
renpy,2010-10-03 23:09:18 -0400
renpy,2010-10-03 18:21:37 -0400
renpy,2010-10-03 18:04:18 -0400
renpy,2010-10-03 17:06:23 -0400
renpy,2010-10-02 20:52:43 -0400
renpy,2010-10-02 20:52:23 -0400
renpy,2010-10-02 15:30:24 -0400
renpy,2010-10-02 14:40:43 -0400
renpy,2010-09-27 23:03:17 -0400
renpy,2010-09-27 22:38:12 -0400
renpy,2010-09-16 08:31:39 -0400
renpy,2010-09-15 23:37:44 -0400
renpy,2010-09-15 23:34:14 -0400
renpy,2010-09-15 22:34:29 -0400
renpy,2010-09-14 23:18:08 -0400
renpy,2010-09-13 23:22:58 -0400
renpy,2010-09-13 21:04:48 -0400
renpy,2010-09-12 23:52:08 -0400
renpy,2010-09-12 23:48:39 -0400
renpy,2010-09-09 11:37:34 -0400
renpy,2010-09-09 11:23:42 -0400
renpy,2010-09-09 11:23:24 -0400
renpy,2010-09-09 10:06:40 -0400
renpy,2010-09-09 09:58:30 -0400
renpy,2010-09-08 22:17:48 -0400
renpy,2010-09-08 09:36:56 -0400
renpy,2010-09-07 22:17:31 -0400
renpy,2010-09-07 21:52:45 -0400
renpy,2010-09-07 21:41:02 -0400
renpy,2010-09-07 21:19:54 -0400
renpy,2010-09-07 08:13:30 -0400
renpy,2010-09-07 00:05:11 -0400
renpy,2010-09-06 23:45:41 -0400
renpy,2010-09-06 14:19:07 -0400
renpy,2010-09-06 12:52:29 -0400
renpy,2010-09-05 23:48:52 -0400
renpy,2010-09-05 23:26:24 -0400
renpy,2010-09-05 22:54:00 -0400
renpy,2010-09-05 18:32:49 -0400
renpy,2010-09-04 17:25:59 -0400
renpy,2010-09-04 15:59:30 -0400
renpy,2010-09-04 15:46:30 -0400
renpy,2010-09-04 12:30:21 -0400
renpy,2010-09-03 22:52:10 -0400
renpy,2010-09-03 18:17:48 -0400
renpy,2010-09-03 17:42:46 -0400
renpy,2010-09-02 01:08:18 -0400
renpy,2010-09-02 00:48:57 -0400
renpy,2010-09-02 00:02:46 -0400
renpy,2010-08-31 16:36:00 -0400
renpy,2010-08-28 18:47:15 -0400
renpy,2010-08-24 21:55:20 -0400
renpy,2010-08-24 21:51:42 -0400
renpy,2010-08-24 21:46:58 -0400
renpy,2010-08-24 21:17:52 -0400
renpy,2010-08-24 02:33:29 -0400
renpy,2010-08-24 02:20:38 -0400
renpy,2010-08-22 16:11:15 -0400
renpy,2010-08-22 16:08:03 -0400
renpy,2010-08-22 15:53:55 -0400
renpy,2010-08-21 11:58:32 -0400
renpy,2010-08-19 13:23:27 -0400
renpy,2010-08-19 13:01:20 -0400
renpy,2010-08-19 08:48:58 -0400
renpy,2010-08-18 19:54:59 -0400
renpy,2010-08-18 18:11:09 -0400
renpy,2010-08-18 12:30:05 -0400
renpy,2010-08-17 21:19:01 -0400
renpy,2010-08-17 01:08:10 -0400
renpy,2010-08-16 02:22:54 -0400
renpy,2010-08-16 01:53:51 -0400
renpy,2010-08-15 21:46:21 -0400
renpy,2010-08-15 19:15:32 -0400
renpy,2010-08-15 02:53:41 -0400
renpy,2010-08-15 01:50:46 -0400
renpy,2010-08-15 00:39:01 -0400
renpy,2010-08-15 00:32:53 -0400
renpy,2010-08-14 20:10:10 -0400
renpy,2010-08-14 19:12:56 -0400
renpy,2010-08-14 17:17:11 -0400
renpy,2010-08-14 13:29:41 -0400
renpy,2010-08-13 00:50:48 -0400
renpy,2010-08-13 00:38:43 -0400
renpy,2010-08-11 16:30:43 -0400
renpy,2010-08-11 16:25:31 -0400
renpy,2010-08-10 22:08:14 -0400
renpy,2010-08-10 00:35:50 -0400
renpy,2010-08-09 23:19:55 -0400
renpy,2010-08-09 21:42:49 -0400
renpy,2010-08-09 18:57:12 -0400
renpy,2010-08-09 16:29:10 -0400
renpy,2010-08-08 22:46:59 -0400
renpy,2010-08-08 22:33:27 -0400
renpy,2010-08-08 20:20:20 -0400
renpy,2010-08-07 14:53:50 -0400
renpy,2010-08-07 14:43:13 -0400
renpy,2010-08-07 10:59:18 -0400
renpy,2010-08-07 10:47:22 -0400
renpy,2010-08-07 09:06:41 -0400
renpy,2010-08-07 08:52:31 -0400
renpy,2010-08-07 07:59:41 -0400
renpy,2010-08-07 07:52:49 -0400
renpy,2010-08-07 00:30:52 -0400
renpy,2010-08-06 12:27:54 -0400
renpy,2010-08-06 02:08:03 -0400
renpy,2010-08-04 01:15:20 -0400
renpy,2010-08-04 00:59:09 -0400
renpy,2010-08-03 22:59:53 -0400
renpy,2010-08-03 22:22:01 -0400
renpy,2010-08-03 22:17:09 -0400
renpy,2010-08-02 23:36:10 -0400
renpy,2010-08-02 18:22:13 -0400
renpy,2010-08-02 17:59:40 -0400
renpy,2010-08-02 17:58:01 -0400
renpy,2010-08-02 12:29:58 -0400
renpy,2010-08-02 12:19:31 -0400
renpy,2010-08-01 21:33:29 -0400
renpy,2010-08-01 13:47:05 -0400
renpy,2010-07-31 23:19:39 -0400
renpy,2010-07-31 21:08:58 -0400
renpy,2010-07-31 13:30:23 -0400
renpy,2010-07-30 13:16:50 -0400
renpy,2010-07-28 23:27:52 -0400
renpy,2010-07-28 22:45:00 -0400
renpy,2010-07-28 22:40:48 -0400
renpy,2010-07-28 22:34:39 -0400
renpy,2010-07-28 22:32:51 -0400
renpy,2010-07-28 21:55:16 -0400
renpy,2010-07-25 23:15:40 -0400
renpy,2010-07-25 20:10:01 -0400
renpy,2010-07-25 20:07:22 -0400
renpy,2010-07-25 19:58:48 -0400
renpy,2010-07-25 13:55:44 -0400
renpy,2010-07-25 13:40:04 -0400
renpy,2010-07-25 01:15:20 -0400
renpy,2010-07-24 16:44:39 -0400
renpy,2010-07-24 13:24:49 -0400
renpy,2010-07-24 11:41:22 -0400
renpy,2010-07-23 02:32:31 -0400
renpy,2010-07-23 01:53:39 -0400
renpy,2010-07-23 01:14:06 -0400
renpy,2010-07-18 10:39:09 -0400
renpy,2010-07-17 22:44:53 -0400
renpy,2010-07-17 22:37:01 -0400
renpy,2010-07-17 22:35:11 -0400
renpy,2010-07-17 22:00:21 -0400
renpy,2010-07-17 17:38:44 -0400
renpy,2010-07-17 16:17:26 -0400
renpy,2010-07-17 14:02:00 -0400
renpy,2010-07-17 12:59:18 -0400
renpy,2010-07-15 23:28:37 -0400
renpy,2010-07-15 22:36:05 -0400
renpy,2010-07-15 17:15:54 -0400
renpy,2010-07-14 21:47:46 -0400
renpy,2010-07-14 20:39:30 -0400
renpy,2010-07-14 19:00:33 -0400
renpy,2010-07-14 01:22:40 -0400
renpy,2010-07-13 22:28:41 -0400
renpy,2010-07-13 01:09:14 -0400
renpy,2010-07-13 00:27:48 -0400
renpy,2010-07-12 21:13:32 -0400
renpy,2010-07-12 20:42:32 -0400
renpy,2010-07-12 20:40:41 -0400
renpy,2010-07-11 22:46:19 -0400
renpy,2010-07-11 17:25:46 -0400
renpy,2010-07-11 15:14:44 -0400
renpy,2010-07-11 13:04:44 -0400
renpy,2010-07-11 11:57:06 -0400
renpy,2010-07-10 16:06:22 -0400
renpy,2010-07-10 16:03:54 -0400
renpy,2010-07-10 13:44:00 -0400
renpy,2010-07-10 13:42:38 -0400
renpy,2010-07-10 11:45:41 -0400
renpy,2010-07-09 01:35:40 -0400
renpy,2010-07-09 01:02:10 -0400
renpy,2010-07-09 00:36:41 -0400
renpy,2010-07-09 00:06:30 -0400
renpy,2010-07-08 23:22:27 -0400
renpy,2010-07-07 19:40:03 -0400
renpy,2010-07-07 14:19:53 -0400
renpy,2010-07-07 14:01:20 -0400
renpy,2010-07-07 02:42:40 -0400
renpy,2010-07-07 02:05:48 -0400
renpy,2010-07-07 01:26:40 -0400
renpy,2010-07-06 22:32:14 -0400
renpy,2010-07-06 22:19:49 -0400
renpy,2010-07-06 21:35:40 -0400
renpy,2010-07-06 12:11:03 -0400
renpy,2010-07-06 11:07:20 -0400
renpy,2010-07-05 22:25:48 -0400
renpy,2010-07-04 23:40:38 -0400
renpy,2010-07-04 16:44:20 -0400
renpy,2010-07-04 02:25:31 -0400
renpy,2010-07-03 13:58:25 -0400
renpy,2010-06-30 01:14:13 -0400
renpy,2010-06-30 00:30:20 -0400
renpy,2010-06-29 02:23:13 -0400
renpy,2010-06-28 23:48:46 -0400
renpy,2010-06-27 23:15:58 -0400
renpy,2010-06-27 22:44:45 -0400
renpy,2010-06-27 22:04:46 -0400
renpy,2010-06-27 21:01:47 -0400
renpy,2010-06-27 18:40:25 -0400
renpy,2010-06-27 18:11:44 -0400
renpy,2010-06-27 16:55:28 -0400
renpy,2010-06-27 12:38:48 -0400
renpy,2010-06-27 11:16:45 -0400
renpy,2010-06-27 10:28:09 -0400
renpy,2010-06-27 02:23:36 -0400
renpy,2010-06-27 02:04:56 -0400
renpy,2010-06-25 01:56:09 -0400
renpy,2010-06-25 00:32:50 -0400
renpy,2010-06-24 23:31:36 -0400
renpy,2010-06-24 22:09:13 -0400
renpy,2010-06-24 21:05:32 -0400
renpy,2010-06-24 11:01:10 -0400
renpy,2010-06-24 08:46:51 -0400
renpy,2010-06-24 01:26:59 -0400
renpy,2010-06-23 23:49:36 -0400
renpy,2010-06-23 22:05:05 -0400
renpy,2010-06-23 21:05:33 -0400
renpy,2010-06-23 19:02:36 -0400
renpy,2010-06-23 18:52:38 -0400
renpy,2010-06-23 15:49:35 -0400
renpy,2010-06-21 20:34:13 -0400
renpy,2010-06-20 22:55:54 -0400
renpy,2010-06-20 21:19:25 -0400
renpy,2010-06-20 20:51:35 -0400
renpy,2010-06-20 20:47:10 -0400
renpy,2010-06-20 01:00:28 -0400
renpy,2010-06-18 00:49:57 -0400
renpy,2010-06-17 22:44:28 -0400
renpy,2010-06-17 14:13:05 -0400
renpy,2010-06-17 12:56:04 -0400
renpy,2010-06-15 23:32:03 -0400
renpy,2010-06-15 13:40:37 -0400
renpy,2010-06-15 11:54:36 -0400
renpy,2010-06-15 00:42:10 -0400
renpy,2010-06-15 00:09:47 -0400
renpy,2010-06-14 23:48:45 -0400
renpy,2010-06-14 11:08:31 -0400
renpy,2010-06-14 09:47:37 -0400
renpy,2010-06-13 22:46:28 -0400
renpy,2010-06-13 21:24:02 -0400
renpy,2010-06-13 19:51:02 -0400
renpy,2010-06-13 17:44:13 -0400
renpy,2010-06-13 16:47:13 -0400
renpy,2010-06-13 15:19:53 -0400
renpy,2010-06-13 11:54:10 -0400
renpy,2010-06-11 22:46:55 -0400
renpy,2010-06-10 22:21:23 -0400
renpy,2010-06-10 22:16:19 -0400
renpy,2010-06-10 22:01:41 -0400
renpy,2010-06-10 20:54:35 -0400
renpy,2010-06-10 20:45:18 -0400
renpy,2010-06-10 09:22:47 -0400
renpy,2010-06-09 08:56:54 -0400
renpy,2010-06-09 08:32:22 -0400
renpy,2010-06-09 00:27:54 -0400
renpy,2010-06-08 01:35:04 -0400
renpy,2010-06-08 01:04:05 -0400
renpy,2010-06-08 00:20:17 -0400
renpy,2010-06-07 23:37:01 -0400
renpy,2010-06-07 02:08:18 -0400
renpy,2010-06-07 00:55:19 -0400
renpy,2010-06-07 00:09:54 -0400
renpy,2010-06-05 23:32:54 -0400
renpy,2010-06-05 23:02:46 -0400
renpy,2010-06-05 16:16:13 -0400
renpy,2010-06-05 01:15:59 -0400
renpy,2010-06-04 01:22:32 -0400
renpy,2010-06-03 01:25:38 -0400
renpy,2010-05-29 23:24:55 -0400
renpy,2010-05-28 23:03:16 -0400
renpy,2010-05-28 08:59:08 -0400
renpy,2010-05-27 23:03:33 -0400
renpy,2010-05-27 21:56:02 -0400
renpy,2010-05-25 23:42:54 -0400
renpy,2010-05-25 23:02:29 -0400
renpy,2010-05-25 22:47:58 -0400
renpy,2010-05-23 22:50:22 -0400
renpy,2010-05-23 21:58:00 -0400
renpy,2010-05-23 20:43:37 -0400
renpy,2010-05-22 22:07:58 -0400
renpy,2010-05-22 19:16:08 -0400
renpy,2010-05-16 01:06:13 -0400
renpy,2010-05-15 20:24:28 -0400
renpy,2010-05-11 23:42:51 -0400
renpy,2010-05-04 01:58:10 -0400
renpy,2010-05-04 01:30:19 -0400
renpy,2010-05-04 01:27:59 -0400
renpy,2010-05-04 01:26:01 -0400
renpy,2010-05-02 00:27:58 -0400
renpy,2010-05-01 22:55:51 -0400
renpy,2010-04-30 01:29:57 -0400
renpy,2010-04-30 01:28:37 -0400
renpy,2010-04-29 01:08:10 -0400
renpy,2010-04-28 01:19:45 -0400
renpy,2010-04-28 00:31:02 -0400
renpy,2010-04-27 00:24:33 -0400
renpy,2010-04-23 23:12:11 -0400
renpy,2010-04-23 22:06:24 -0400
renpy,2010-04-18 01:51:17 -0400
renpy,2010-04-17 12:15:27 -0400
renpy,2010-04-17 00:44:06 -0400
renpy,2010-04-13 23:57:37 -0400
renpy,2010-03-30 02:06:25 -0400
renpy,2010-03-23 00:03:15 -0400
renpy,2010-03-17 11:34:44 -0400
renpy,2010-03-17 11:16:23 -0400
renpy,2010-03-17 11:12:11 -0400
renpy,2010-03-16 22:08:45 -0400
renpy,2010-03-16 10:13:49 -0400
renpy,2010-03-16 01:54:05 -0400
renpy,2010-03-15 13:24:48 -0400
renpy,2010-03-15 00:45:51 -0400
renpy,2010-03-15 00:42:55 -0400
renpy,2010-03-15 00:21:45 -0400
renpy,2010-03-14 16:49:11 -0400
renpy,2010-03-13 21:20:13 -0500
renpy,2010-03-13 19:01:46 -0500
renpy,2010-03-13 12:42:43 -0500
renpy,2010-03-13 12:34:30 -0500
renpy,2010-03-13 02:06:25 -0500
renpy,2010-03-12 01:17:21 -0500
renpy,2010-03-12 00:46:53 -0500
renpy,2010-03-12 00:30:15 -0500
renpy,2010-03-11 21:47:27 -0500
renpy,2010-03-11 01:50:59 -0500
renpy,2010-03-11 01:49:33 -0500
renpy,2010-03-10 22:19:48 -0500
renpy,2010-03-09 23:50:55 -0500
renpy,2010-03-09 17:02:12 -0500
renpy,2010-03-09 02:27:41 -0500
renpy,2010-03-09 01:24:52 -0500
renpy,2010-03-08 18:49:19 -0500
renpy,2010-03-08 02:03:42 -0500
renpy,2010-03-08 01:36:36 -0500
renpy,2010-03-07 18:46:00 -0500
renpy,2010-03-06 20:16:55 -0500
renpy,2010-02-28 23:01:58 -0500
renpy,2010-02-26 14:47:33 -0500
renpy,2010-02-26 01:33:10 -0500
renpy,2010-02-24 21:47:32 -0500
renpy,2010-02-24 01:28:27 -0500
renpy,2010-02-24 01:04:11 -0500
renpy,2010-02-24 01:03:10 -0500
renpy,2010-02-23 16:31:25 -0500
renpy,2010-02-23 15:12:44 -0500
renpy,2010-02-23 01:52:33 -0500
renpy,2010-02-23 01:13:02 -0500
renpy,2010-02-22 22:05:35 -0500
renpy,2010-02-22 22:02:11 -0500
renpy,2010-02-22 21:55:57 -0500
renpy,2010-02-21 20:02:31 -0500
renpy,2010-02-21 02:35:30 -0500
renpy,2010-02-20 23:25:58 -0500
renpy,2010-02-20 13:50:49 -0500
renpy,2010-02-20 11:04:20 -0500
renpy,2010-02-20 02:41:26 -0500
renpy,2010-02-19 19:56:11 -0500
renpy,2010-02-18 10:41:22 -0500
renpy,2010-02-17 22:54:43 -0500
renpy,2010-02-16 00:20:02 -0500
renpy,2010-02-14 21:14:29 -0500
renpy,2010-02-14 19:17:32 -0500
renpy,2010-02-13 23:53:27 -0500
renpy,2010-02-13 20:05:12 -0500
renpy,2010-02-11 20:00:32 -0500
renpy,2010-02-11 19:35:19 -0500
renpy,2010-02-11 09:01:42 -0500
renpy,2010-02-11 08:58:36 -0500
renpy,2010-02-10 00:38:44 -0500
renpy,2010-02-09 00:32:01 -0500
renpy,2010-02-07 13:06:58 -0500
renpy,2010-02-04 20:58:57 -0500
renpy,2010-02-04 20:50:51 -0500
renpy,2010-02-04 16:53:57 -0500
renpy,2010-02-04 15:43:21 -0500
renpy,2010-01-26 20:42:17 -0500
renpy,2010-01-22 11:00:07 -0500
renpy,2010-01-22 10:56:36 -0500
renpy,2010-01-21 18:53:32 -0500
renpy,2010-01-21 18:04:22 -0500
renpy,2010-01-21 16:54:10 -0500
renpy,2010-01-20 13:03:58 -0500
renpy,2010-01-20 11:16:55 -0500
renpy,2010-01-20 01:01:24 -0500
renpy,2010-01-20 00:10:20 -0500
renpy,2010-01-18 22:46:56 -0500
renpy,2010-01-18 03:04:02 -0500
renpy,2010-01-17 17:07:38 -0500
renpy,2010-01-14 22:03:14 -0500
renpy,2010-01-14 12:48:54 -0500
renpy,2010-01-14 11:37:59 -0500
renpy,2010-01-14 00:12:46 -0500
renpy,2010-01-13 23:20:15 -0500
renpy,2010-01-12 23:48:57 -0500
renpy,2010-01-10 15:42:11 -0500
renpy,2010-01-10 15:37:57 -0500
renpy,2010-01-10 15:34:31 -0500
renpy,2010-01-10 01:52:00 -0500
renpy,2010-01-09 13:25:18 -0500
renpy,2010-01-09 13:14:42 -0500
renpy,2010-01-05 18:07:28 -0500
renpy,2010-01-05 02:30:39 -0500
renpy,2010-01-03 16:32:21 -0500
renpy,2010-01-03 16:25:20 -0500
renpy,2010-01-02 02:38:07 -0500
renpy,2010-01-01 16:30:38 -0500
renpy,2010-01-01 15:09:36 -0500
renpy,2010-01-01 14:27:20 -0500
renpy,2010-01-01 13:30:39 -0500
renpy,2009-12-31 16:16:20 -0500
renpy,2009-12-31 15:44:40 -0500
renpy,2009-12-30 16:24:18 -0500
renpy,2009-12-30 15:41:29 -0500
renpy,2009-12-30 00:24:27 -0500
renpy,2009-12-17 09:36:36 -0500
renpy,2009-12-17 09:35:34 -0500
renpy,2009-12-16 19:17:18 -0500
renpy,2009-12-14 22:06:00 -0500
renpy,2009-12-14 19:06:43 -0500
renpy,2009-12-14 19:04:10 -0500
renpy,2009-12-14 16:51:43 -0500
renpy,2009-12-13 11:26:44 -0500
renpy,2009-12-13 11:05:58 -0500
renpy,2009-12-12 23:16:59 -0500
renpy,2009-12-12 15:45:12 -0500
renpy,2009-12-12 15:28:16 -0500
renpy,2009-12-12 03:11:18 -0500
renpy,2009-12-12 01:28:41 -0500
renpy,2009-12-12 00:22:04 -0500
renpy,2009-12-11 01:38:28 -0500
renpy,2009-12-11 01:20:33 -0500
renpy,2009-12-11 00:39:17 -0500
renpy,2009-12-10 11:31:46 -0500
renpy,2009-12-10 01:01:59 -0500
renpy,2009-12-09 02:49:00 -0500
renpy,2009-12-09 02:24:02 -0500
renpy,2009-12-07 09:58:04 -0500
renpy,2009-12-06 15:30:36 -0500
renpy,2009-12-05 17:05:14 -0500
renpy,2009-12-05 15:42:31 -0500
renpy,2009-12-05 13:32:26 -0500
renpy,2009-12-05 03:09:56 -0500
renpy,2009-12-05 00:38:30 -0500
renpy,2009-12-05 00:15:07 -0500
renpy,2009-12-02 18:14:11 -0500
renpy,2009-12-02 17:51:08 -0500
renpy,2009-11-30 02:54:16 -0500
renpy,2009-11-30 02:01:45 -0500
renpy,2009-11-29 16:01:42 -0500
renpy,2009-11-16 23:20:12 -0500
renpy,2009-11-16 02:22:37 -0500
renpy,2009-11-16 02:04:41 -0500
renpy,2009-11-15 19:29:17 -0500
renpy,2009-11-15 19:24:17 -0500
renpy,2009-11-15 15:44:49 -0500
renpy,2009-11-15 15:31:09 -0500
renpy,2009-11-15 00:51:53 -0500
renpy,2009-11-14 22:14:48 -0500
renpy,2009-11-14 22:10:12 -0500
renpy,2009-11-14 22:03:51 -0500
renpy,2009-11-13 18:18:47 -0500
renpy,2009-11-13 15:12:08 -0500
renpy,2009-11-13 14:24:19 -0500
renpy,2009-11-10 23:05:07 -0500
renpy,2009-11-10 22:55:12 -0500
renpy,2009-11-10 01:58:41 -0500
renpy,2009-11-09 21:04:11 -0500
renpy,2009-11-09 21:01:04 -0500
renpy,2009-11-09 16:48:43 -0500
renpy,2009-11-09 16:42:15 -0500
renpy,2009-11-08 13:55:19 -0500
renpy,2009-11-08 13:22:02 -0500
renpy,2009-11-07 19:43:01 -0500
renpy,2009-11-07 19:41:46 -0500
renpy,2009-11-07 17:55:27 -0500
renpy,2009-11-07 02:49:07 -0500
renpy,2009-11-07 00:54:53 -0500
renpy,2009-11-06 02:12:20 -0500
renpy,2009-11-05 21:30:39 -0500
renpy,2009-11-05 02:50:39 -0500
renpy,2009-11-04 23:09:07 -0500
renpy,2009-11-04 19:25:12 -0500
renpy,2009-11-03 21:11:50 -0500
renpy,2009-11-03 11:10:26 -0500
renpy,2009-11-02 01:53:17 -0500
renpy,2009-11-02 01:28:47 -0500
renpy,2009-10-31 20:10:52 -0400
renpy,2009-10-31 14:47:20 -0400
renpy,2009-10-31 14:31:19 -0400
renpy,2009-10-31 02:19:29 -0400
renpy,2009-10-28 00:50:20 -0400
renpy,2009-10-26 18:46:21 -0400
renpy,2009-10-25 02:13:50 -0400
renpy,2009-10-25 00:06:22 -0400
renpy,2009-10-24 23:26:31 -0400
renpy,2009-10-24 04:19:35 -0400
renpy,2009-10-22 09:57:41 -0400
renpy,2009-10-22 09:43:38 -0400
renpy,2009-10-22 08:59:29 -0400
renpy,2009-10-22 01:37:19 -0400
renpy,2009-10-20 21:51:42 -0400
renpy,2009-10-20 21:14:31 -0400
renpy,2009-10-18 21:49:54 -0400
renpy,2009-10-17 23:30:26 -0400
renpy,2009-10-17 15:12:23 -0400
renpy,2009-10-17 15:07:15 -0400
renpy,2009-10-17 13:40:34 -0400
renpy,2009-10-17 00:25:09 -0400
renpy,2009-10-16 23:41:40 -0400
renpy,2009-10-16 23:30:52 -0400
renpy,2009-10-16 23:22:55 -0400
renpy,2009-10-16 22:40:23 -0400
renpy,2009-10-16 22:17:03 -0400
renpy,2009-10-16 03:41:42 -0400
renpy,2009-10-16 01:19:13 -0400
renpy,2009-10-15 11:35:48 -0400
renpy,2009-10-14 01:33:44 -0400
renpy,2009-10-12 15:21:53 -0400
renpy,2009-10-12 02:57:17 -0400
renpy,2009-10-12 02:56:36 -0400
renpy,2009-10-12 02:38:17 -0400
renpy,2009-10-11 15:38:25 -0400
renpy,2009-10-11 00:27:25 -0400
renpy,2009-10-08 19:58:03 -0400
renpy,2009-10-08 01:15:34 -0400
renpy,2009-10-08 01:09:22 -0400
renpy,2009-10-08 00:32:11 -0400
renpy,2009-10-08 00:17:04 -0400
renpy,2009-10-07 23:41:53 -0400
renpy,2009-10-07 02:07:12 -0400
renpy,2009-10-07 01:35:55 -0400
renpy,2009-10-07 00:43:08 -0400
renpy,2009-10-07 00:22:39 -0400
renpy,2009-10-05 14:09:12 -0400
renpy,2009-10-04 22:45:03 -0400
renpy,2009-10-04 16:38:38 -0400
renpy,2009-10-04 12:02:06 -0400
renpy,2009-10-04 11:48:22 -0400
renpy,2009-10-04 03:36:09 -0400
renpy,2009-10-04 02:59:28 -0400
renpy,2009-10-04 01:54:25 -0400
renpy,2009-10-04 00:05:16 -0400
renpy,2009-10-03 22:59:55 -0400
renpy,2009-10-03 15:36:35 -0400
renpy,2009-10-01 03:21:37 -0400
renpy,2009-09-30 15:44:19 -0400
renpy,2009-09-29 03:03:46 -0400
renpy,2009-09-27 01:07:22 -0400
renpy,2009-09-01 10:06:42 -0400
renpy,2009-08-31 01:36:55 -0400
renpy,2009-08-13 20:19:58 -0400
renpy,2009-08-03 21:33:34 -0400
renpy,2009-08-03 21:28:45 -0400
renpy,2009-08-03 19:26:26 -0400
renpy,2009-07-30 21:24:55 -0400
renpy,2009-07-30 21:13:34 -0400
renpy,2009-07-30 21:04:06 -0400
renpy,2009-07-29 23:36:02 -0400
renpy,2009-07-29 23:33:06 -0400
renpy,2009-07-28 22:23:33 -0400
renpy,2009-07-14 09:59:00 -0400
renpy,2009-07-14 02:47:05 -0400
renpy,2009-07-14 01:59:03 -0400
renpy,2009-07-13 01:47:55 -0400
renpy,2009-07-12 16:49:45 -0400
renpy,2009-07-12 15:48:23 -0400
renpy,2009-07-12 15:39:15 -0400
renpy,2009-07-12 13:38:07 -0400
renpy,2009-07-12 12:16:09 -0400
renpy,2009-07-11 15:43:17 -0400
renpy,2009-07-11 15:27:51 -0400
renpy,2009-07-09 01:48:36 -0400
renpy,2009-07-06 23:51:40 -0400
renpy,2009-07-05 18:23:59 -0400
renpy,2009-07-05 14:24:36 -0400
renpy,2009-07-05 14:23:09 -0400
renpy,2009-06-30 01:47:36 -0400
renpy,2009-06-27 23:10:19 -0400
renpy,2009-06-27 22:41:25 -0400
renpy,2009-06-27 22:05:21 -0400
renpy,2009-06-27 20:50:16 -0400
renpy,2009-06-27 19:48:09 -0400
renpy,2009-06-27 18:42:57 -0400
renpy,2009-06-27 14:31:03 -0400
renpy,2009-06-27 00:11:03 -0400
renpy,2009-06-26 04:17:08 -0400
renpy,2009-06-26 02:08:11 -0400
renpy,2009-06-26 01:59:14 -0400
renpy,2009-06-12 16:36:16 -0400
renpy,2009-06-11 21:50:44 -0400
renpy,2009-06-11 21:09:56 -0400
renpy,2009-06-09 21:27:31 -0400
renpy,2009-05-27 23:39:42 -0400
renpy,2009-05-05 02:09:59 -0400
renpy,2009-05-02 23:31:13 -0400
renpy,2009-05-02 23:05:27 -0400
renpy,2009-05-02 22:41:04 -0400
renpy,2009-05-02 21:32:24 -0400
renpy,2009-05-02 20:21:18 -0400
renpy,2009-05-01 22:16:29 -0400
renpy,2009-04-27 07:50:09 -0400
renpy,2009-04-24 19:22:04 -0400
renpy,2009-04-23 00:53:14 -0400
renpy,2009-04-23 00:52:04 -0400
renpy,2009-04-22 23:16:49 -0400
renpy,2009-04-20 23:05:00 -0400
renpy,2009-04-20 23:01:10 -0400
renpy,2009-04-19 16:03:42 -0400
renpy,2009-04-19 16:01:55 -0400
renpy,2009-04-19 02:00:53 -0400
renpy,2009-04-19 01:31:26 -0400
renpy,2009-04-18 23:24:22 -0400
renpy,2009-04-17 19:44:00 -0400
renpy,2009-04-16 21:03:48 -0400
renpy,2009-04-16 19:31:50 -0400
renpy,2009-04-16 18:04:10 -0400
renpy,2009-04-15 12:12:40 -0400
renpy,2009-04-15 01:10:13 -0400
renpy,2009-04-13 23:49:39 -0400
renpy,2009-04-13 23:40:13 -0400
renpy,2009-04-13 23:11:39 -0400
renpy,2009-04-13 19:31:11 -0400
renpy,2009-04-13 11:54:40 -0400
renpy,2009-04-13 01:27:34 -0400
renpy,2009-04-12 23:53:22 -0400
renpy,2009-04-12 23:47:42 -0400
renpy,2009-04-12 15:14:19 -0400
renpy,2009-04-12 14:48:26 -0400
renpy,2009-04-11 14:16:14 -0400
renpy,2009-04-11 14:04:54 -0400
renpy,2009-04-11 13:47:35 -0400
renpy,2009-04-11 01:41:29 -0400
renpy,2009-04-11 00:47:51 -0400
renpy,2009-04-10 11:01:12 -0400
renpy,2009-04-10 10:15:06 -0400
renpy,2009-04-10 02:40:15 -0400
renpy,2009-04-10 00:03:42 -0400
renpy,2009-04-09 22:52:09 -0400
renpy,2009-04-09 18:41:25 -0400
renpy,2009-04-09 14:44:48 -0400
renpy,2009-04-08 00:41:10 -0400
renpy,2009-04-07 11:59:32 -0400
renpy,2009-04-07 02:13:36 -0400
renpy,2009-04-06 23:43:38 -0400
renpy,2009-04-05 21:25:50 -0400
renpy,2009-04-05 16:21:06 -0400
renpy,2009-04-05 16:10:35 -0400
renpy,2009-04-05 15:59:00 -0400
renpy,2009-04-05 14:53:02 -0400
renpy,2009-04-05 12:07:59 -0400
renpy,2009-04-04 22:13:20 -0400
renpy,2009-04-04 19:08:08 -0400
renpy,2009-04-04 18:08:43 -0400
renpy,2009-04-04 14:42:56 -0400
renpy,2009-04-04 14:02:00 -0400
renpy,2009-04-04 03:58:21 -0400
renpy,2009-04-04 03:32:44 -0400
renpy,2009-04-04 03:00:31 -0400
renpy,2009-04-03 22:36:44 -0400
renpy,2009-04-03 17:50:45 -0400
renpy,2009-04-03 14:05:08 -0400
renpy,2009-04-03 02:29:11 -0400
renpy,2009-04-03 02:08:03 -0400
renpy,2009-04-03 01:58:36 -0400
renpy,2009-04-02 22:34:07 -0400
renpy,2009-04-02 18:15:59 -0400
renpy,2009-04-01 22:21:11 -0400
renpy,2009-04-01 04:28:50 -0400
renpy,2009-04-01 04:22:01 -0400
renpy,2009-04-01 04:00:53 -0400
renpy,2009-04-01 03:05:34 -0400
renpy,2009-03-30 02:26:09 -0400
renpy,2009-03-30 01:03:23 -0400
renpy,2009-03-30 01:00:23 -0400
renpy,2009-03-29 18:54:20 -0400
renpy,2009-03-29 16:19:49 -0400
renpy,2009-03-29 04:19:15 -0400
renpy,2009-03-28 11:07:50 -0400
renpy,2009-03-28 01:18:10 -0400
renpy,2009-03-28 00:22:10 -0400
renpy,2009-03-27 23:08:34 -0400
renpy,2009-03-27 04:58:40 -0400
renpy,2009-03-27 04:39:30 -0400
renpy,2009-03-27 03:53:55 -0400
renpy,2009-03-26 03:18:39 -0400
renpy,2009-03-26 02:23:01 -0400
renpy,2009-03-24 06:36:21 -0400
renpy,2009-03-24 04:58:46 -0400
renpy,2009-03-24 01:16:43 -0400
renpy,2009-03-22 21:16:17 -0400
renpy,2009-03-21 17:36:00 -0400
renpy,2009-03-21 02:35:01 -0400
renpy,2009-03-19 23:51:46 -0400
renpy,2009-03-19 01:41:25 -0400
renpy,2009-03-18 02:12:21 -0400
renpy,2009-03-17 23:46:55 -0400
renpy,2009-03-17 23:12:31 -0400
renpy,2009-03-17 23:06:22 -0400
renpy,2009-03-16 01:42:27 -0400
renpy,2009-03-16 00:45:43 -0400
renpy,2009-03-12 22:39:56 -0400
renpy,2009-03-11 21:08:31 -0400
renpy,2009-03-10 20:07:08 -0400
renpy,2009-03-09 23:12:04 -0400
renpy,2009-03-08 20:49:12 -0400
renpy,2009-03-08 10:09:43 -0400
renpy,2009-03-08 01:58:50 -0500
renpy,2009-03-07 21:23:01 -0500
renpy,2009-03-06 18:32:31 -0500
renpy,2009-03-02 22:40:15 -0500
renpy,2009-03-02 21:50:50 -0500
renpy,2009-03-02 15:29:55 -0500
renpy,2009-03-01 20:06:19 -0500
renpy,2009-03-01 14:23:58 -0500
renpy,2009-03-01 13:37:06 -0500
renpy,2009-03-01 13:35:36 -0500
renpy,2009-03-01 03:10:42 -0500
renpy,2009-02-28 12:20:32 -0500
renpy,2009-02-28 12:09:06 -0500
renpy,2009-02-27 00:45:55 -0500
renpy,2009-02-24 23:31:42 -0500
renpy,2009-02-24 23:11:18 -0500
renpy,2009-02-24 03:49:55 -0500
renpy,2009-02-23 01:35:07 -0500
renpy,2009-02-22 02:31:56 -0500
renpy,2009-02-21 15:34:16 -0500
renpy,2009-02-19 03:43:03 -0500
renpy,2009-02-19 03:38:25 -0500
renpy,2009-02-16 03:14:38 -0500
renpy,2009-02-16 02:41:18 -0500
renpy,2009-02-14 17:44:08 -0500
renpy,2009-02-10 00:32:51 -0500
renpy,2009-01-29 02:58:48 -0500
renpy,2009-01-11 20:46:01 -0500
renpy,2009-01-05 01:28:06 -0500
renpy,2008-12-30 15:00:18 -0500
renpy,2008-12-30 12:37:52 -0500
renpy,2008-12-30 12:27:03 -0500
renpy,2008-12-29 12:25:29 -0500
renpy,2008-12-24 13:45:43 -0500
renpy,2008-12-23 00:41:15 -0500
renpy,2008-12-16 03:29:43 -0500
renpy,2008-12-15 21:57:27 -0500
renpy,2008-12-06 01:52:12 -0500
renpy,2008-11-23 13:05:47 -0500
renpy,2008-11-23 11:15:26 -0500
renpy,2008-11-21 02:59:49 -0500
renpy,2008-11-21 02:09:54 -0500
renpy,2008-11-20 01:32:40 -0500
renpy,2008-11-18 01:35:29 -0500
renpy,2008-11-17 02:40:55 -0500
renpy,2008-11-17 00:05:31 -0500
renpy,2008-11-10 01:30:01 -0500
renpy,2008-11-09 15:50:22 -0500
renpy,2008-11-09 15:36:16 -0500
renpy,2008-11-02 16:14:16 -0500
renpy,2008-11-02 08:43:53 -0500
renpy,2008-10-25 14:52:49 -0400
renpy,2008-10-25 01:45:03 -0400
renpy,2008-10-17 22:57:18 -0400
renpy,2008-10-17 20:21:21 -0400
renpy,2008-10-17 10:06:57 -0400
renpy,2008-10-15 15:43:29 -0400
renpy,2008-10-15 15:36:05 -0400
renpy,2008-10-15 12:40:26 -0400
renpy,2008-10-14 21:20:14 -0400
renpy,2008-10-14 19:35:02 -0400
renpy,2008-10-14 17:43:31 -0400
renpy,2008-10-14 17:36:51 -0400
renpy,2008-10-14 17:30:56 -0400
renpy,2008-10-14 16:29:45 -0400
renpy,2008-10-14 16:07:29 -0400
renpy,2008-10-13 23:19:04 -0400
renpy,2008-10-13 22:49:23 -0400
renpy,2008-10-13 17:59:53 -0400
renpy,2008-10-13 17:56:13 -0400
renpy,2008-10-13 16:02:53 -0400
renpy,2008-10-13 13:32:27 -0400
renpy,2008-10-13 10:53:04 -0400
renpy,2008-10-13 02:17:15 -0400
renpy,2008-10-13 01:43:30 -0400
renpy,2008-10-12 22:57:21 -0400
renpy,2008-10-13 00:08:29 +0000
renpy,2008-10-12 22:15:28 +0000
renpy,2008-10-12 17:31:00 +0000
renpy,2008-10-11 18:52:37 +0000
renpy,2008-10-10 19:51:53 +0000
renpy,2008-10-10 15:15:42 +0000
renpy,2008-10-10 15:09:44 +0000
renpy,2008-10-10 13:52:45 +0000
renpy,2008-10-10 13:51:55 +0000
renpy,2008-10-10 12:59:27 +0000
renpy,2008-10-08 16:05:07 +0000
renpy,2008-10-05 21:31:00 +0000
renpy,2008-10-04 16:09:13 +0000
renpy,2008-10-04 02:00:42 +0000
renpy,2008-10-04 00:52:04 +0000
renpy,2008-10-03 21:20:12 +0000
renpy,2008-10-03 19:42:16 +0000
renpy,2008-10-01 20:23:40 +0000
renpy,2008-10-01 20:21:55 +0000
renpy,2008-09-28 15:12:31 +0000
renpy,2008-09-28 14:45:00 +0000
renpy,2008-09-27 03:06:04 +0000
renpy,2008-09-26 03:38:16 +0000
renpy,2008-09-26 03:32:13 +0000
renpy,2008-09-26 03:21:17 +0000
renpy,2008-09-24 14:05:06 +0000
renpy,2008-09-22 02:39:42 +0000
renpy,2008-09-22 02:35:38 +0000
renpy,2008-09-22 00:36:47 +0000
renpy,2008-09-21 20:20:23 +0000
renpy,2008-09-20 18:38:00 +0000
renpy,2008-09-19 18:27:06 +0000
renpy,2008-09-19 18:26:59 +0000
renpy,2008-09-17 00:13:28 +0000
renpy,2008-09-16 03:56:52 +0000
renpy,2008-09-16 03:32:00 +0000
renpy,2008-09-16 01:53:20 +0000
renpy,2008-09-16 01:52:29 +0000
renpy,2008-09-16 01:43:34 +0000
renpy,2008-09-16 01:42:41 +0000
renpy,2008-09-12 05:50:30 +0000
renpy,2008-09-12 05:44:11 +0000
renpy,2008-09-12 04:50:29 +0000
renpy,2008-09-10 04:58:08 +0000
renpy,2008-09-09 17:13:48 +0000
renpy,2008-09-08 00:06:42 +0000
renpy,2008-09-07 19:45:08 +0000
renpy,2008-09-07 18:22:19 +0000
renpy,2008-09-07 04:49:20 +0000
renpy,2008-09-06 15:46:36 +0000
renpy,2008-09-06 14:49:17 +0000
renpy,2008-09-06 06:30:26 +0000
renpy,2008-09-06 03:32:30 +0000
renpy,2008-09-06 03:13:52 +0000
renpy,2008-09-06 01:36:20 +0000
renpy,2008-09-05 23:34:13 +0000
renpy,2008-09-05 20:19:39 +0000
renpy,2008-09-02 05:08:40 +0000
renpy,2008-09-02 04:57:15 +0000
renpy,2008-09-02 04:46:49 +0000
renpy,2008-09-01 23:27:18 +0000
renpy,2008-08-29 03:11:13 +0000
renpy,2008-08-29 03:10:56 +0000
renpy,2008-08-28 12:54:16 +0000
renpy,2008-08-24 23:38:51 +0000
renpy,2008-08-21 04:00:05 +0000
renpy,2008-08-19 00:58:37 +0000
renpy,2008-08-19 00:42:33 +0000
renpy,2008-07-27 21:08:48 +0000
renpy,2008-07-21 02:53:48 +0000
renpy,2008-07-19 18:59:47 +0000
renpy,2008-07-19 05:14:51 +0000
renpy,2008-07-17 02:32:07 +0000
renpy,2008-06-07 20:43:15 +0000
renpy,2008-06-04 19:20:46 +0000
renpy,2008-05-26 16:24:37 +0000
renpy,2008-05-11 15:06:52 +0000
renpy,2008-05-11 14:56:59 +0000
renpy,2008-05-11 02:29:44 +0000
renpy,2008-05-11 02:00:42 +0000
renpy,2008-05-10 17:52:59 +0000
renpy,2008-05-08 06:18:01 +0000
renpy,2008-05-08 06:16:47 +0000
renpy,2008-04-27 19:31:45 +0000
renpy,2008-04-27 17:57:01 +0000
renpy,2008-03-29 10:27:27 +0000
renpy,2008-03-26 22:03:10 +0000
renpy,2008-03-24 00:14:42 +0000
renpy,2008-03-23 23:59:59 +0000
renpy,2008-03-15 16:00:08 +0000
renpy,2008-03-15 15:59:55 +0000
renpy,2008-03-12 03:19:49 +0000
renpy,2008-03-10 03:40:58 +0000
renpy,2008-03-10 01:43:32 +0000
renpy,2008-03-09 23:23:05 +0000
renpy,2008-03-07 05:18:41 +0000
renpy,2008-03-05 21:46:18 +0000
renpy,2008-03-05 03:31:03 +0000
renpy,2008-02-28 04:09:56 +0000
renpy,2008-02-27 22:43:09 +0000
renpy,2008-02-19 17:56:09 +0000
renpy,2008-02-11 02:37:55 +0000
renpy,2008-02-11 02:28:56 +0000
renpy,2008-02-11 02:01:43 +0000
renpy,2008-02-10 15:22:53 +0000
renpy,2008-02-08 22:58:59 +0000
renpy,2008-02-08 22:20:43 +0000
renpy,2008-02-07 10:39:43 +0000
renpy,2008-02-07 09:53:29 +0000
renpy,2008-02-06 06:22:48 +0000
renpy,2008-02-05 13:13:07 +0000
renpy,2008-02-04 21:17:23 +0000
renpy,2008-02-04 19:39:38 +0000
renpy,2008-02-04 18:15:48 +0000
renpy,2008-02-04 17:52:06 +0000
renpy,2008-02-03 06:14:49 +0000
renpy,2008-02-03 06:14:01 +0000
renpy,2008-02-02 06:27:56 +0000
renpy,2008-02-02 06:25:57 +0000
renpy,2008-02-02 04:29:39 +0000
renpy,2008-01-31 11:24:13 +0000
renpy,2008-01-31 11:13:26 +0000
renpy,2008-01-31 10:31:30 +0000
renpy,2008-01-31 05:34:42 +0000
renpy,2008-01-28 07:12:21 +0000
renpy,2008-01-28 07:12:06 +0000
renpy,2008-01-25 04:34:38 +0000
renpy,2008-01-23 10:23:13 +0000
renpy,2008-01-21 17:49:28 +0000
renpy,2008-01-21 17:44:44 +0000
renpy,2008-01-21 08:06:43 +0000
renpy,2008-01-19 18:58:48 +0000
renpy,2008-01-18 16:05:02 +0000
renpy,2008-01-18 14:51:12 +0000
renpy,2008-01-18 10:14:49 +0000
renpy,2008-01-18 06:18:19 +0000
renpy,2008-01-17 08:20:15 +0000
renpy,2008-01-17 07:59:35 +0000
renpy,2008-01-16 09:05:34 +0000
renpy,2008-01-16 08:43:41 +0000
renpy,2008-01-16 08:43:22 +0000
renpy,2008-01-13 20:59:07 +0000
renpy,2008-01-13 18:59:34 +0000
renpy,2008-01-08 22:54:53 +0000
renpy,2008-01-03 07:05:14 +0000
renpy,2008-01-03 07:00:29 +0000
renpy,2008-01-03 06:47:06 +0000
renpy,2007-12-29 07:14:36 +0000
renpy,2007-12-29 06:29:42 +0000
renpy,2007-12-29 05:18:23 +0000
renpy,2007-12-29 04:46:48 +0000
renpy,2007-12-29 04:40:26 +0000
renpy,2007-12-29 04:01:31 +0000
renpy,2007-12-29 00:33:18 +0000
renpy,2007-12-28 22:39:30 +0000
renpy,2007-12-28 06:41:16 +0000
renpy,2007-12-27 05:32:30 +0000
renpy,2007-12-27 05:26:37 +0000
renpy,2007-12-24 17:05:34 +0000
renpy,2007-12-24 16:36:41 +0000
renpy,2007-12-24 08:00:45 +0000
renpy,2007-12-24 07:22:27 +0000
renpy,2007-12-24 06:28:51 +0000
renpy,2007-12-24 05:37:06 +0000
renpy,2007-12-23 22:08:16 +0000
renpy,2007-12-23 21:29:25 +0000
renpy,2007-12-21 05:56:34 +0000
renpy,2007-12-21 05:49:48 +0000
renpy,2007-12-21 05:49:42 +0000
renpy,2007-12-21 05:12:50 +0000
renpy,2007-12-19 06:10:28 +0000
renpy,2007-12-19 06:05:12 +0000
renpy,2007-12-19 05:54:53 +0000
renpy,2007-12-17 17:23:21 +0000
renpy,2007-12-16 20:58:47 +0000
renpy,2007-12-16 14:05:57 +0000
renpy,2007-12-11 01:21:52 +0000
renpy,2007-12-08 06:05:12 +0000
renpy,2007-12-08 05:30:46 +0000
renpy,2007-12-03 08:34:50 +0000
renpy,2007-12-03 08:19:08 +0000
renpy,2007-12-03 06:28:42 +0000
renpy,2007-11-25 02:05:31 +0000
renpy,2007-11-25 01:54:48 +0000
renpy,2007-11-22 07:06:33 +0000
renpy,2007-11-11 17:56:19 +0000
renpy,2007-11-11 05:46:40 +0000
renpy,2007-11-09 08:38:12 +0000
renpy,2007-11-08 06:15:42 +0000
renpy,2007-11-07 04:37:34 +0000
renpy,2007-11-02 02:55:18 +0000
renpy,2007-10-03 01:52:34 +0000
renpy,2007-10-01 00:51:14 +0000
renpy,2007-09-26 05:28:22 +0000
renpy,2007-09-25 04:29:32 +0000
renpy,2007-09-11 14:19:23 +0000
renpy,2007-08-27 02:22:57 +0000
renpy,2007-08-13 14:41:32 +0000
renpy,2007-08-12 16:38:02 +0000
renpy,2007-08-11 03:54:49 +0000
renpy,2007-08-11 00:56:59 +0000
renpy,2007-08-10 03:52:23 +0000
renpy,2007-08-08 22:43:55 +0000
renpy,2007-08-07 01:06:08 +0000
renpy,2007-07-31 12:24:19 +0000
renpy,2007-07-31 12:23:55 +0000
renpy,2007-07-31 12:23:25 +0000
renpy,2007-07-31 12:23:13 +0000
renpy,2007-07-31 12:22:03 +0000
renpy,2007-07-28 23:29:12 +0000
renpy,2007-07-28 20:18:04 +0000
renpy,2007-07-24 02:42:39 +0000
renpy,2007-07-14 00:18:49 +0000
renpy,2007-07-13 05:29:43 +0000
renpy,2007-07-09 23:13:20 +0000
renpy,2007-07-09 22:31:43 +0000
renpy,2007-07-09 16:47:37 +0000
renpy,2007-07-07 04:59:47 +0000
renpy,2007-06-30 18:42:12 +0000
renpy,2007-06-23 04:52:20 +0000
renpy,2007-06-21 01:46:52 +0000
renpy,2007-06-18 16:10:45 +0000
renpy,2007-06-18 16:07:14 +0000
renpy,2007-06-17 03:38:35 +0000
renpy,2007-06-12 21:49:17 +0000
renpy,2007-06-11 17:30:48 +0000
renpy,2007-06-11 17:30:21 +0000
renpy,2007-06-11 17:27:17 +0000
renpy,2007-06-10 14:13:29 +0000
renpy,2007-06-10 13:43:59 +0000
renpy,2007-06-10 03:22:02 +0000
renpy,2007-06-10 02:46:18 +0000
renpy,2007-06-07 21:27:02 +0000
renpy,2007-06-07 05:23:11 +0000
renpy,2007-06-06 04:27:17 +0000
renpy,2007-06-05 04:00:53 +0000
renpy,2007-06-02 15:51:38 +0000
renpy,2007-06-01 05:09:26 +0000
renpy,2007-05-31 05:51:23 +0000
renpy,2007-05-27 16:18:58 +0000
renpy,2007-05-27 15:40:54 +0000
renpy,2007-05-21 15:43:05 +0000
renpy,2007-05-19 17:56:23 +0000
renpy,2007-05-12 02:58:33 +0000
renpy,2007-05-09 04:29:36 +0000
renpy,2007-05-04 23:43:51 +0000
renpy,2007-05-04 13:31:59 +0000
renpy,2007-05-03 19:03:18 +0000
renpy,2007-04-25 18:54:40 +0000
renpy,2007-04-22 16:08:58 +0000
renpy,2007-04-22 16:07:37 +0000
renpy,2007-04-22 16:06:38 +0000
renpy,2007-04-22 15:14:56 +0000
renpy,2007-04-21 16:41:52 +0000
renpy,2007-04-21 04:14:17 +0000
renpy,2007-04-21 02:02:06 +0000
renpy,2007-04-19 04:52:15 +0000
renpy,2007-04-16 01:20:51 +0000
renpy,2007-04-14 20:22:09 +0000
renpy,2007-04-14 14:55:33 +0000
renpy,2007-04-12 03:33:54 +0000
renpy,2007-04-12 03:06:55 +0000
renpy,2007-04-11 17:14:20 +0000
renpy,2007-04-10 20:17:58 +0000
renpy,2007-04-09 15:17:24 +0000
renpy,2007-04-08 16:03:51 +0000
renpy,2007-04-08 14:51:04 +0000
renpy,2007-04-07 05:00:50 +0000
renpy,2007-04-04 18:49:30 +0000
renpy,2007-04-03 15:33:21 +0000
renpy,2007-04-03 14:40:59 +0000
renpy,2007-04-03 14:40:42 +0000
renpy,2007-04-03 14:34:34 +0000
renpy,2007-03-22 04:21:08 +0000
renpy,2007-03-21 02:53:04 +0000
renpy,2007-03-21 02:52:10 +0000
renpy,2007-03-21 02:51:45 +0000
renpy,2007-03-21 02:47:32 +0000
renpy,2007-03-18 02:16:06 +0000
renpy,2007-03-18 01:10:50 +0000
renpy,2007-03-17 02:10:13 +0000
renpy,2007-03-17 01:42:11 +0000
renpy,2007-03-15 00:19:40 +0000
renpy,2007-03-13 20:54:08 +0000
renpy,2007-03-10 16:38:37 +0000
renpy,2007-03-10 07:48:08 +0000
renpy,2007-03-10 07:40:26 +0000
renpy,2007-03-10 07:18:54 +0000
renpy,2007-03-10 07:12:33 +0000
renpy,2007-03-08 19:13:00 +0000
renpy,2007-03-07 18:21:56 +0000
renpy,2007-03-05 02:33:16 +0000
renpy,2007-03-05 02:08:24 +0000
renpy,2007-03-04 15:56:45 +0000
renpy,2007-03-04 14:22:07 +0000
renpy,2007-03-04 00:56:43 +0000
renpy,2007-03-04 00:42:30 +0000
renpy,2007-03-02 04:42:21 +0000
renpy,2007-02-28 07:30:47 +0000
renpy,2007-02-28 05:48:58 +0000
renpy,2007-02-27 06:01:33 +0000
renpy,2007-02-21 19:55:34 +0000
renpy,2007-02-20 20:38:27 +0000
renpy,2007-02-20 13:05:55 +0000
renpy,2007-02-20 06:30:39 +0000
renpy,2007-02-20 06:16:11 +0000
renpy,2007-02-18 04:52:18 +0000
renpy,2007-02-17 22:22:50 +0000
renpy,2007-02-14 19:28:35 +0000
renpy,2007-02-14 18:13:23 +0000
renpy,2007-02-08 05:21:10 +0000
renpy,2007-02-08 04:07:33 +0000
renpy,2007-02-06 16:02:04 +0000
renpy,2007-02-06 15:34:09 +0000
renpy,2007-02-06 15:00:26 +0000
renpy,2007-02-05 14:56:48 +0000
renpy,2007-02-04 20:15:39 +0000
renpy,2007-02-04 15:24:17 +0000
renpy,2007-02-04 15:23:18 +0000
renpy,2007-02-04 06:43:47 +0000
renpy,2007-02-03 16:38:38 +0000
renpy,2007-02-01 23:02:56 +0000
renpy,2007-02-01 05:35:30 +0000
renpy,2007-01-29 19:22:21 +0000
renpy,2007-01-29 14:31:10 +0000
renpy,2007-01-28 23:23:23 +0000
renpy,2007-01-28 19:49:38 +0000
renpy,2007-01-28 19:34:48 +0000
renpy,2007-01-28 16:55:13 +0000
renpy,2007-01-26 01:19:55 +0000
renpy,2007-01-26 00:29:44 +0000
renpy,2007-01-26 00:28:19 +0000
renpy,2007-01-24 13:58:40 +0000
renpy,2007-01-24 13:57:07 +0000
renpy,2007-01-24 13:54:45 +0000
renpy,2007-01-24 13:45:36 +0000
renpy,2007-01-19 09:26:49 +0000
renpy,2007-01-13 02:35:27 +0000
renpy,2007-01-08 20:44:41 +0000
renpy,2007-01-08 15:44:22 +0000
renpy,2007-01-08 15:07:43 +0000
renpy,2007-01-08 00:19:07 +0000
renpy,2007-01-02 20:19:29 +0000
renpy,2007-01-02 20:03:02 +0000
renpy,2007-01-02 17:44:01 +0000
renpy,2007-01-02 07:47:17 +0000
renpy,2007-01-01 19:34:31 +0000
renpy,2006-12-31 22:18:49 +0000
renpy,2006-12-31 11:51:24 +0000
renpy,2006-12-31 08:45:14 +0000
renpy,2006-12-23 08:19:05 +0000
renpy,2006-12-20 04:12:18 +0000
renpy,2006-12-16 18:19:19 +0000
renpy,2006-12-15 04:23:05 +0000
renpy,2006-12-15 03:09:02 +0000
renpy,2006-12-15 03:06:43 +0000
renpy,2006-12-15 03:05:55 +0000
renpy,2006-12-14 23:59:18 +0000
renpy,2006-12-12 16:29:47 +0000
renpy,2006-12-03 21:03:54 +0000
renpy,2006-11-24 18:49:46 +0000
renpy,2006-11-20 18:53:55 +0000
renpy,2006-11-20 05:20:45 +0000
renpy,2006-11-15 23:56:42 +0000
renpy,2006-11-15 03:15:55 +0000
renpy,2006-11-15 03:15:43 +0000
renpy,2006-11-10 04:31:05 +0000
renpy,2006-11-10 04:12:57 +0000
renpy,2006-11-10 03:26:20 +0000
renpy,2006-11-10 03:02:11 +0000
renpy,2006-11-10 02:10:02 +0000
renpy,2006-11-10 01:59:50 +0000
renpy,2006-11-10 01:58:57 +0000
renpy,2006-11-10 01:57:04 +0000
renpy,2006-11-09 05:00:40 +0000
renpy,2006-11-09 04:33:01 +0000
renpy,2006-11-08 06:29:34 +0000
renpy,2006-11-07 05:54:14 +0000
renpy,2006-11-02 14:53:37 +0000
renpy,2006-10-29 06:33:41 +0000
renpy,2006-10-29 05:45:56 +0000
renpy,2006-10-18 12:52:17 +0000
renpy,2006-10-14 20:44:30 +0000
renpy,2006-10-14 11:25:44 +0000
renpy,2006-10-14 03:41:33 +0000
renpy,2006-10-08 14:47:50 +0000
renpy,2006-10-08 14:28:50 +0000
renpy,2006-10-04 02:36:00 +0000
renpy,2006-10-04 02:06:24 +0000
renpy,2006-10-02 18:01:49 +0000
renpy,2006-10-01 15:34:01 +0000
renpy,2006-10-01 14:09:56 +0000
renpy,2006-10-01 14:00:42 +0000
renpy,2006-10-01 13:59:55 +0000
renpy,2006-09-30 02:50:39 +0000
renpy,2006-09-29 23:56:45 +0000
renpy,2006-09-29 03:40:18 +0000
renpy,2006-09-27 02:32:57 +0000
renpy,2006-09-27 01:02:45 +0000
renpy,2006-09-25 02:24:39 +0000
renpy,2006-09-15 12:50:38 +0000
renpy,2006-09-14 02:06:34 +0000
renpy,2006-09-13 23:23:39 +0000
renpy,2006-09-13 23:23:04 +0000
renpy,2006-09-13 13:08:32 +0000
renpy,2006-09-12 12:45:26 +0000
renpy,2006-09-12 04:18:27 +0000
renpy,2006-09-11 18:56:02 +0000
renpy,2006-09-11 14:48:56 +0000
renpy,2006-09-11 12:18:34 +0000
renpy,2006-09-11 12:09:39 +0000
renpy,2006-09-08 03:30:25 +0000
renpy,2006-09-07 17:52:12 +0000
renpy,2006-09-07 12:41:03 +0000
renpy,2006-09-06 20:07:55 +0000
renpy,2006-09-06 01:56:58 +0000
renpy,2006-09-06 01:49:06 +0000
renpy,2006-09-06 00:35:37 +0000
renpy,2006-09-04 20:55:21 +0000
renpy,2006-09-04 19:49:46 +0000
renpy,2006-09-04 06:22:17 +0000
renpy,2006-09-04 05:02:13 +0000
renpy,2006-09-04 04:55:19 +0000
renpy,2006-09-03 14:55:49 +0000
renpy,2006-09-03 04:41:23 +0000
renpy,2006-09-01 16:05:59 +0000
renpy,2006-08-31 02:22:25 +0000
renpy,2006-08-30 13:09:55 +0000
renpy,2006-08-30 00:53:28 +0000
renpy,2006-08-29 01:58:49 +0000
renpy,2006-08-28 23:25:36 +0000
renpy,2006-08-28 21:20:42 +0000
renpy,2006-08-27 16:03:54 +0000
renpy,2006-08-25 01:07:22 +0000
renpy,2006-08-24 02:00:04 +0000
renpy,2006-08-23 01:40:06 +0000
renpy,2006-08-23 01:39:12 +0000
renpy,2006-08-23 01:02:45 +0000
renpy,2006-08-23 00:40:47 +0000
renpy,2006-08-22 23:33:40 +0000
renpy,2006-08-20 19:40:26 +0000
renpy,2006-08-20 19:26:31 +0000
renpy,2006-08-20 02:43:32 +0000
renpy,2006-08-17 19:40:23 +0000
renpy,2006-08-15 12:54:16 +0000
renpy,2006-08-13 21:50:50 +0000
renpy,2006-08-10 00:00:45 +0000
renpy,2006-08-09 23:16:46 +0000
renpy,2006-08-09 02:35:32 +0000
renpy,2006-08-08 11:39:59 +0000
renpy,2006-08-08 02:45:59 +0000
renpy,2006-08-08 01:22:44 +0000
renpy,2006-08-08 01:22:19 +0000
renpy,2006-08-08 01:00:50 +0000
renpy,2006-08-03 19:56:55 +0000
renpy,2006-08-02 00:09:27 +0000
renpy,2006-07-28 19:33:55 +0000
renpy,2006-07-28 18:06:48 +0000
renpy,2006-07-26 11:01:02 +0000
renpy,2006-07-24 23:42:07 +0000
renpy,2006-07-24 23:21:43 +0000
renpy,2006-07-23 13:11:54 +0000
renpy,2006-07-19 23:01:37 +0000
renpy,2006-07-15 23:53:40 +0000
renpy,2006-07-15 23:52:27 +0000
renpy,2006-07-15 20:41:10 +0000
renpy,2006-07-15 20:39:32 +0000
renpy,2006-07-12 01:29:16 +0000
renpy,2006-07-08 14:28:03 +0000
renpy,2006-07-05 13:51:40 +0000
renpy,2006-07-04 15:24:24 +0000
renpy,2006-07-04 14:08:25 +0000
renpy,2006-06-28 21:46:27 +0000
renpy,2006-06-27 23:15:30 +0000
renpy,2006-06-27 15:28:22 +0000
renpy,2006-06-27 02:50:13 +0000
renpy,2006-06-10 16:56:30 +0000
renpy,2006-06-01 20:43:15 +0000
renpy,2006-06-01 14:02:48 +0000
renpy,2006-06-01 13:20:44 +0000
renpy,2006-05-31 19:46:58 +0000
renpy,2006-05-30 03:30:17 +0000
renpy,2006-05-29 15:15:37 +0000
renpy,2006-05-28 13:38:16 +0000
renpy,2006-05-22 16:44:28 +0000
renpy,2006-05-20 17:02:51 +0000
renpy,2006-05-11 16:12:20 +0000
renpy,2006-05-05 03:58:38 +0000
renpy,2006-05-02 01:47:13 +0000
renpy,2006-04-30 00:42:31 +0000
renpy,2006-04-28 22:10:30 +0000
renpy,2006-04-28 21:44:23 +0000
renpy,2006-04-28 12:47:23 +0000
renpy,2006-04-22 18:35:40 +0000
renpy,2006-04-19 20:18:45 +0000
renpy,2006-04-18 04:21:07 +0000
renpy,2006-04-14 13:18:34 +0000
renpy,2006-04-14 03:01:16 +0000
renpy,2006-04-13 20:47:49 +0000
renpy,2006-04-13 20:47:19 +0000
renpy,2006-04-10 19:13:54 +0000
renpy,2006-04-09 18:36:09 +0000
renpy,2006-04-09 17:21:41 +0000
renpy,2006-04-07 00:07:39 +0000
renpy,2006-04-06 20:55:05 +0000
renpy,2006-04-05 20:08:10 +0000
renpy,2006-04-03 15:45:34 +0000
renpy,2006-03-31 16:00:18 +0000
renpy,2006-03-24 22:13:50 +0000
renpy,2006-03-13 01:34:02 +0000
renpy,2006-03-12 15:14:33 +0000
renpy,2006-03-10 14:42:31 +0000
renpy,2006-03-08 21:37:01 +0000
renpy,2006-03-05 16:13:13 +0000
renpy,2006-03-05 06:57:46 +0000
renpy,2006-03-01 20:49:58 +0000
renpy,2006-02-21 02:36:20 +0000
renpy,2006-02-18 03:56:18 +0000
renpy,2006-02-18 03:25:18 +0000
renpy,2006-02-17 18:07:53 +0000
renpy,2006-02-17 18:00:52 +0000
